v -0.113896084 -0.196475993 -0.038500022
v -0.113896083 -0.196475994 -0.023500019
v -0.112098081 -0.181422206 -0.023500018
v -0.112098081 -0.181422204 -0.03850002
v -0.111257217 -0.195414669 -0.023500019
v -0.111257217 -0.195414668 -0.027500019
v -0.109140521 -0.181468745 -0.027500018
v -0.109140521 -0.181468745 -0.023500018
v -0.108103795 -0.210486643 -0.038500023
v -0.108103794 -0.210486645 -0.023500021
v -0.108027279 -0.195054103 -0.027500019
v -0.108027279 -0.195054102 -0.038500022
v -0.106489415 -0.16714521 -0.038500019
v -0.106489414 -0.167145212 -0.023500016
v -0.106163036 -0.182771462 -0.038500021
v -0.106163035 -0.182771463 -0.027500018
v -0.106117367 -0.208550533 -0.027500021
v -0.106117367 -0.208550533 -0.023500021
v -0.103500439 -0.206623317 -0.027500021
v -0.103500439 -0.206623316 -0.038500023
v -0.1022935 -0.16039277 -0.023500016
v -0.1022935 -0.160392768 -0.038500019
v -0.10033445 -0.170449578 -0.027500017
v -0.100334449 -0.170449579 -0.023500017
v -0.09840723 -0.173066506 -0.027500018
v -0.09840723 -0.173066505 -0.03850002
v -0.096200496 -0.219876016 -0.038500025
v -0.096200495 -0.219876018 -0.023500022
v -0.095971639 -0.155572487 -0.023500016
v -0.095971639 -0.155572485 -0.038500018
v -0.095098197 -0.217356608 -0.027500022
v -0.095098196 -0.217356608 -0.023500022
v -0.093795482 -0.214379114 -0.027500022
v -0.093795482 -0.214379113 -0.038500024
v -0.088349351 -0.153313789 -0.023500016
v -0.088349351 -0.153313787 -0.038500018
v -0.087525552 -0.153234565 -0.023500016
v -0.087525552 -0.153234563 -0.038500018
v -0.087198585 -0.16530973 -0.027500017
v -0.087198585 -0.16530973 -0.023500017
v -0.086838024 -0.168539663 -0.03850002
v -0.086838023 -0.168539665 -0.027500018
v -0.086700269 -0.153172706 -0.023500016
v -0.086700269 -0.153172704 -0.038500018
v -0.085873865 -0.153128225 -0.038500018
v -0.085873864 -0.153128226 -0.023500016
v -0.08350686 -0.152528508 -0.038500019
v -0.083506859 -0.15252851 -0.023500016
v -0.08157483 -0.151035315 -0.023500016
v -0.08157483 -0.151035313 -0.038500018
v -0.081512839 -0.21624337 -0.038500025
v -0.081512838 -0.216243371 -0.027500022
v -0.081226141 -0.222246193 -0.038500026
v -0.08122614 -0.222246195 -0.023500023
v -0.081152277 -0.219473306 -0.027500023
v -0.081152277 -0.219473306 -0.023500023
v -0.080397756 -0.148895956 -0.023500016
v -0.080397756 -0.148895955 -0.038500018
v -0.074846951 -0.15964272 -0.03850002
v -0.07484695 -0.159642721 -0.023500017
v -0.074740597 -0.157722752 -0.038500019
v -0.074740596 -0.157722753 -0.023500017
v -0.074555385 -0.17040392 -0.038500021
v -0.074555384 -0.170403921 -0.027500018
v -0.074045093 -0.161390478 -0.023500017
v -0.074045093 -0.161390477 -0.03850002
v -0.073252665 -0.167426428 -0.027500018
v -0.073252665 -0.167426428 -0.023500018
v -0.072520328 -0.162562094 -0.023500017
v -0.072520328 -0.162562092 -0.03850002
v -0.069943633 -0.211716528 -0.038500025
v -0.069943632 -0.21171653 -0.027500022
v -0.06955863 -0.140856265 -0.038500018
v -0.069558629 -0.140856267 -0.023500015
v -0.068345388 -0.139000172 -0.023500015
v -0.068345388 -0.139000171 -0.038500018
v -0.068016409 -0.214333458 -0.027500023
v -0.068016408 -0.214333458 -0.023500023
v -0.067004995 -0.216991844 -0.023500023
v -0.067004995 -0.216991843 -0.038500026
v -0.066329946 -0.138075489 -0.023500015
v -0.066329946 -0.138075488 -0.038500018
v -0.06485042 -0.178159718 -0.038500022
v -0.064850419 -0.178159719 -0.027500019
v -0.064131681 -0.138366413 -0.023500015
v -0.064131681 -0.138366412 -0.038500018
v -0.063615347 -0.138638811 -0.038500018
v -0.063615346 -0.138638813 -0.023500015
v -0.06314417 -0.138983463 -0.023500015
v -0.06314417 -0.138983462 -0.038500018
v -0.063011267 -0.133469439 -0.038500017
v -0.063011267 -0.133469439 -0.032500015
v -0.06272817 -0.139393038 -0.038500018
v -0.062728169 -0.13939304 -0.023500015
v -0.062603461 -0.13078261 -0.038500017
v -0.062603461 -0.13078261 -0.032500015
v -0.062233491 -0.176232503 -0.027500019
v -0.062233491 -0.176232503 -0.023500019
v -0.062187827 -0.202011572 -0.027500022
v -0.062187827 -0.202011571 -0.038500024
v -0.062021017 -0.136000201 -0.032500016
v -0.062021017 -0.1360002 -0.038500018
v -0.061670761 -0.115279421 -0.023500013
v -0.061670761 -0.11527942 -0.038500016
v -0.061455132 -0.112647034 -0.038500015
v -0.061455131 -0.112647036 -0.023500013
v -0.060906882 -0.128659655 -0.032500015
v -0.060906882 -0.128659654 -0.038500017
v -0.060775152 -0.133219821 -0.023500015
v -0.060775152 -0.13321982 -0.032500015
v -0.06054212 -0.131684497 -0.023500015
v -0.06054212 -0.131684496 -0.032500015
v -0.060515152 -0.117654389 -0.038500016
v -0.060515151 -0.117654391 -0.023500013
v -0.060323586 -0.189728917 -0.038500023
v -0.060323585 -0.189728918 -0.027500021
v -0.060209303 -0.134665972 -0.032500015
v -0.060209302 -0.134665973 -0.023500015
v -0.059928437 -0.110491784 -0.038500015
v -0.059928436 -0.110491785 -0.023500013
v -0.059898061 -0.13769678 -0.032500016
v -0.059898061 -0.137696779 -0.038500018
v -0.059572645 -0.130471377 -0.023500015
v -0.059572645 -0.130471376 -0.032500015
v -0.059210341 -0.203314276 -0.027500022
v -0.059210341 -0.203314276 -0.023500022
v -0.058996183 -0.135635455 -0.023500015
v -0.058996183 -0.135635454 -0.032500016
v -0.058376113 -0.127669404 -0.038500017
v -0.058376112 -0.127669405 -0.032500015
v -0.058126501 -0.12990552 -0.023500015
v -0.058126501 -0.129905519 -0.032500015
v -0.057460851 -0.135868487 -0.032500016
v -0.057460851 -0.135868487 -0.023500015
v -0.057211233 -0.138104585 -0.038500018
v -0.057211232 -0.138104586 -0.032500016
v -0.057168974 -0.205454886 -0.023500022
v -0.057168974 -0.205454884 -0.038500025
v -0.057093643 -0.189368368 -0.023500021
v -0.057093643 -0.189368367 -0.027500021
v -0.056591169 -0.130138552 -0.023500015
v -0.056591169 -0.130138551 -0.032500015
v -0.056550776 -0.169549121 -0.038500021
v -0.056550775 -0.169549122 -0.023500019
v -0.056014699 -0.13530263 -0.023500015
v -0.056014699 -0.135302629 -0.032500016
v -0.055689284 -0.128077211 -0.032500015
v -0.055689284 -0.12807721 -0.038500017
v -0.05537805 -0.131108019 -0.032500015
v -0.055378049 -0.131108019 -0.023500015
v -0.055045225 -0.13408951 -0.032500016
v -0.055045224 -0.134089511 -0.023500015
v -0.054812193 -0.13255417 -0.032500015
v -0.054812192 -0.132554171 -0.023500015
v -0.054680471 -0.137114351 -0.038500018
v -0.054680471 -0.137114351 -0.032500016
v -0.053566328 -0.12977379 -0.032500015
v -0.053566328 -0.129773789 -0.038500017
v -0.052983884 -0.13499138 -0.038500018
v -0.052983884 -0.13499138 -0.032500016
v -0.05268973 -0.087256607 -0.023500011
v -0.05268973 -0.087256606 -0.038500013
v -0.052625323 -0.085740981 -0.038500013
v -0.052625322 -0.085740982 -0.02350001
v -0.052576078 -0.132304552 -0.032500016
v -0.052576078 -0.132304551 -0.038500018
v -0.05238435 0.006143349 -0.033500002
v -0.05238435 0.00614335 -0.038500004
v -0.05232094 -0.170154223 -0.038500021
v -0.052320939 -0.170154225 -0.023500019
v -0.052004412 -0.088609976 -0.038500013
v -0.052004411 -0.088609978 -0.023500011
v -0.051360134 0.001810611 -0.033500002
v -0.051360134 0.001810612 -0.038500004
v -0.050933941 0.010352618 -0.033500001
v -0.050933941 0.010352619 -0.038500004
v -0.050744593 -0.089455039 -0.038500014
v -0.050744592 -0.08945504 -0.023500011
v -0.050133335 -0.148148165 -0.032500017
v -0.050133335 -0.148148164 -0.038500019
v -0.049725537 -0.145461335 -0.038500019
v -0.049725536 -0.145461336 -0.032500017
v -0.049232401 -0.089575705 -0.038500014
v -0.0492324 -0.089575706 -0.023500011
v -0.049143093 -0.150678942 -0.032500017
v -0.049143093 -0.150678941 -0.03850002
v -0.04838299 -0.168495867 -0.038500021
v -0.048382989 -0.168495868 -0.023500019
v -0.048178508 -0.001303691 -0.033500003
v -0.048178508 -0.00130369 -0.038500005
v -0.04802895 -0.14333838 -0.038500019
v -0.04802895 -0.14333838 -0.032500017
v -0.047897228 -0.147898547 -0.023500017
v -0.047897228 -0.147898546 -0.032500017
v -0.047854509 -0.088941131 -0.023500011
v -0.047854509 -0.08894113 -0.038500014
v -0.047664196 -0.146363223 -0.023500017
v -0.047664196 -0.146363222 -0.032500017
v -0.047458119 0.013134752 -0.038500003
v -0.047458119 0.013134752 -0.033500001
v -0.047375774 0.005411868 -0.033500002
v -0.047375774 0.005411869 -0.038500004
v -0.047333689 -0.088177595 -0.038500014
v -0.047333688 -0.088177597 -0.023500011
v -0.047331371 -0.149344699 -0.023500017
v -0.047331371 -0.149344698 -0.032500017
v -0.047330394 -0.156943986 -0.03850002
v -0.047330393 -0.156943988 -0.023500018
v -0.047142742 0.006947199 -0.038500004
v -0.047142742 0.006947199 -0.033500002
v -0.04702013 -0.15237552 -0.03850002
v -0.047020129 -0.152375521 -0.032500018
v -0.047002016 -0.08731491 -0.023500011
v -0.047002016 -0.087314909 -0.038500013
v -0.0468772 -0.08639913 -0.038500013
v -0.046877199 -0.086399131 -0.023500011
v -0.046809917 0.003965718 -0.038500004
v -0.046809917 0.003965718 -0.033500002
v -0.046694721 -0.145150103 -0.023500017
v -0.046694721 -0.145150102 -0.032500017
v -0.046173268 0.008160319 -0.038500004
v -0.046173267 0.008160319 -0.033500002
v -0.046118251 -0.150314181 -0.023500017
v -0.046118251 -0.15031418 -0.032500018
v -0.045860315 -0.165047138 -0.023500019
v -0.045860315 -0.165047136 -0.038500021
v -0.045596798 0.002996242 -0.038500005
v -0.045596797 0.002996242 -0.033500002
v -0.045589724 -0.081934646 -0.02350001
v -0.045589724 -0.081934644 -0.038500013
v -0.045498188 -0.14234813 -0.038500019
v -0.045498188 -0.14234813 -0.032500017
v -0.045472582 -0.160791873 -0.023500018
v -0.045472582 -0.160791872 -0.038500021
v -0.045248569 -0.144584246 -0.023500017
v -0.045248569 -0.144584245 -0.032500017
v -0.044727116 0.008726173 -0.038500004
v -0.044727116 0.008726173 -0.033500002
v -0.044587275 -0.087325033 -0.038500014
v -0.044587274 -0.087325034 -0.032500011
v -0.044582919 -0.150547213 -0.023500017
v -0.044582919 -0.150547212 -0.032500018
v -0.04451558 -0.097843613 -0.023500012
v -0.04451558 -0.097843611 -0.038500015
v -0.044333301 -0.152783327 -0.032500018
v -0.044333301 -0.152783326 -0.03850002
v -0.044062952 -0.083870535 -0.032500011
v -0.044062952 -0.083870534 -0.038500013
v -0.044061466 0.002763211 -0.033500003
v -0.044061466 0.002763212 -0.038500005
v -0.043713238 -0.144817277 -0.032500017
v -0.043713237 -0.144817278 -0.023500017
v -0.043314096 -0.090578871 -0.038500014
v -0.043314096 -0.090578871 -0.032500012
v -0.043191784 0.008493143 -0.038500004
v -0.043191784 0.008493143 -0.033500002
v -0.043136768 -0.149981355 -0.032500018
v -0.043136767 -0.149981356 -0.023500017
v -0.04281136 -0.142755936 -0.038500019
v -0.042811359 -0.142755937 -0.032500017
v -0.042615314 0.003329066 -0.033500003
v -0.042615314 0.003329067 -0.038500005
v -0.042548432 -0.096582481 -0.023500012
v -0.042548432 -0.096582479 -0.038500015
v -0.042500118 -0.14578676 -0.023500017
v -0.042500118 -0.145786759 -0.032500017
v -0.042247073 -0.078707289 -0.02350001
v -0.042247073 -0.078707288 -0.038500013
v -0.042167293 -0.148768236 -0.023500017
v -0.042167293 -0.148768235 -0.032500018
v -0.041978664 0.007523667 -0.033500002
v -0.041978664 0.007523668 -0.038500004
v -0.041934268 -0.147232912 -0.023500017
v -0.041934268 -0.147232911 -0.032500017
v -0.041881632 -0.08114102 -0.032500011
v -0.041881632 -0.081141019 -0.038500013
v -0.04185425 -0.087019941 -0.032500011
v -0.041854249 -0.087019942 -0.023500011
v -0.041802539 -0.151793077 -0.032500018
v -0.041802539 -0.151793076 -0.03850002
v -0.041645839 0.004542186 -0.038500005
v -0.041645839 0.004542186 -0.033500002
v -0.041543543 -0.084972837 -0.032500011
v -0.041543542 -0.084972838 -0.023500011
v -0.041412807 0.006077517 -0.038500004
v -0.041412807 0.006077517 -0.033500002
v -0.041099771 -0.088948142 -0.023500011
v -0.041099771 -0.088948141 -0.032500012
v -0.040690266 -0.140251526 -0.038500019
v -0.040690265 -0.140251527 -0.023500016
v -0.040688404 -0.144452531 -0.032500017
v -0.040688404 -0.14445253 -0.038500019
v -0.040584581 -0.092760191 -0.038500014
v -0.040584581 -0.092760191 -0.032500012
v -0.040532526 -0.005408756 -0.033500003
v -0.040532526 -0.005408755 -0.038500006
v -0.040342324 -0.095812301 -0.023500012
v -0.040342324 -0.095812299 -0.038500015
v -0.040250902 -0.083355345 -0.032500011
v -0.040250902 -0.083355345 -0.023500011
v -0.04010596 -0.149670121 -0.03850002
v -0.04010596 -0.149670121 -0.032500018
v -0.039698154 -0.146983292 -0.03850002
v -0.039698154 -0.146983292 -0.032500018
v -0.039482278 -0.090240775 -0.023500011
v -0.039482278 -0.090240774 -0.032500012
v -0.039084744 -0.141360062 -0.038500019
v -0.039084743 -0.141360063 -0.023500017
v -0.038826395 -0.006911444 -0.038500006
v -0.038826395 -0.006911444 -0.033500004
v -0.038627795 -0.079867841 -0.038500013
v -0.038627795 -0.079867841 -0.032500011
v -0.038322702 -0.082600867 -0.023500011
v -0.038322702 -0.082600866 -0.032500011
v -0.03811815 -0.011282425 -0.033500004
v -0.03811815 -0.011282424 -0.038500006
v -0.038017709 -0.095575109 -0.038500015
v -0.038017708 -0.09557511 -0.023500012
v -0.03796203 -0.009014259 -0.038500006
v -0.03796203 -0.009014259 -0.033500004
v -0.037740168 -0.077577246 -0.02350001
v -0.037740168 -0.077577244 -0.038500013
v -0.037435174 -0.090551482 -0.023500012
v -0.037435174 -0.090551481 -0.032500012
v -0.037231025 -0.035634959 -0.038500009
v -0.037231024 -0.03563496 -0.023500006
v -0.037145832 -0.141577272 -0.023500017
v -0.037145832 -0.14157727 -0.038500019
v -0.037130082 -0.093284506 -0.032500012
v -0.037130082 -0.093284505 -0.038500014
v -0.036275598 -0.082911574 -0.023500011
v -0.036275598 -0.082911573 -0.032500011
v -0.035714477 -0.033314844 -0.038500009
v -0.035714476 -0.033314846 -0.023500006
v -0.035506974 -0.089797011 -0.023500012
v -0.035506974 -0.08979701 -0.032500012
v -0.035415553 -0.077340054 -0.038500013
v -0.035415552 -0.077340055 -0.02350001
v -0.03533482 -0.14085147 -0.038500019
v -0.035334819 -0.140851472 -0.023500017
v -0.035209789 0.013770523 -0.023500001
v -0.035209789 0.013770524 -0.033500002
v -0.035173296 -0.080392163 -0.038500013
v -0.035173296 -0.080392163 -0.032500011
v -0.035155063 0.012282004 -0.023500001
v -0.035155063 0.012282005 -0.033500002
v -0.034823597 0.015209112 -0.023500001
v -0.034823597 0.015209113 -0.033500002
v -0.034664272 0.010875657 -0.023500002
v -0.034664272 0.010875658 -0.033500002
v -0.034658106 -0.084204213 -0.032500011
v -0.034658105 -0.084204214 -0.023500011
v -0.034565793 0.018479744 -0.038500003
v -0.034565793 0.018479744 -0.033500001
v -0.034214341 -0.088179518 -0.023500011
v -0.034214341 -0.088179517 -0.032500012
v -0.034082562 -0.139355331 -0.038500019
v -0.034082561 -0.139355332 -0.023500017
v -0.033940057 -0.094668469 -0.038500015
v -0.033940056 -0.094668471 -0.023500012
v -0.033930538 0.017109015 -0.033500001
v -0.033903635 -0.086132413 -0.032500012
v -0.033903634 -0.086132414 -0.023500011
v -0.033879367 0.002514147 -0.033500003
v -0.033879366 0.002514146 -0.023500002
v -0.033876245 -0.092011334 -0.038500014
v -0.033876244 -0.092011335 -0.032500012
v -0.03366949 0.008189814 -0.023500002
v -0.03366949 0.008189815 -0.033500002
v -0.033526826 -0.012076262 -0.027500004
v -0.033526826 -0.012076262 -0.023500004
v -0.03351006 0.019047014 -0.033500001
v -0.03351006 0.019047015 -0.038500003
v -0.033401805 0.005338201 -0.023500002
v -0.033401805 0.005338202 -0.033500003
v -0.033235536 -0.010157098 -0.027500004
v -0.033235536 -0.010157098 -0.023500004
v -0.033209445 -0.076569874 -0.038500013
v -0.033209444 -0.076569875 -0.02350001
v -0.033195175 -0.032159002 -0.038500009
v -0.033195174 -0.032159004 -0.023500006
v -0.033043643 0.012410713 -0.027500002
v -0.033043643 0.012410713 -0.023500002
v -0.032933926 0.018956698 -0.033500001
v -0.032819504 -0.01388395 -0.023500004
v -0.032819504 -0.013883949 -0.027500004
v -0.032752361 0.014329876 -0.027500002
v -0.032752361 0.014329876 -0.023500001
v -0.032588139 0.019812792 -0.033500001
v -0.032588139 0.019812793 -0.038500003
v -0.032443781 -0.082573483 -0.038500014
v -0.032443781 -0.082573483 -0.032500011
v -0.03233633 0.010603024 -0.023500002
v -0.03233633 0.010603025 -0.027500002
v -0.03202369 -0.008640699 -0.023500004
v -0.03202369 -0.008640698 -0.027500004
v -0.03188701 -0.011893207 -0.027500004
v -0.03188701 -0.011893206 -0.038500007
v -0.031836797 0.020746526 -0.038500003
v -0.031836796 0.020746525 -0.033500001
v -0.031723886 -0.010818476 -0.027500004
v -0.031723886 -0.010818475 -0.038500006
v -0.031694925 -0.089281819 -0.038500014
v -0.031694924 -0.089281819 -0.032500012
v -0.031540516 0.015846276 -0.027500001
v -0.031540516 0.015846276 -0.023500001
v -0.031490915 -0.012905512 -0.038500007
v -0.031490914 -0.012905514 -0.027500004
v -0.031403835 0.012593767 -0.027500002
v -0.031403835 0.012593768 -0.038500004
v -0.031303109 -0.015095794 -0.027500004
v -0.031303109 -0.015095794 -0.023500004
v -0.031242297 -0.075308742 -0.038500013
v -0.031242296 -0.075308744 -0.02350001
v -0.031240711 0.013668498 -0.027500002
v -0.031240711 0.013668499 -0.038500004
v -0.03117061 -0.085827321 -0.032500012
v -0.03117061 -0.08582732 -0.038500014
v -0.031045251 -0.009969292 -0.027500004
v -0.031045251 -0.009969291 -0.038500006
v -0.031007732 0.011581461 -0.027500002
v -0.031007732 0.011581462 -0.038500004
v -0.030819926 0.00939118 -0.027500002
v -0.030819926 0.00939118 -0.023500002
v -0.030710931 -0.092018567 -0.038500015
v -0.03071093 -0.092018568 -0.023500012
v -0.030641725 -0.013584145 -0.038500007
v -0.030641724 -0.013584146 -0.027500004
v -0.030562077 0.014517683 -0.038500004
v -0.030562076 0.014517682 -0.027500002
v -0.030447341 -0.032522639 -0.023500006
v -0.030447341 -0.032522638 -0.038500009
v -0.030216005 -0.00793338 -0.027500004
v -0.030216004 -0.00793338 -0.023500004
v -0.03015855 0.010902829 -0.038500004
v -0.030158549 0.010902828 -0.027500002
v -0.030032953 -0.009573193 -0.038500006
v -0.030032952 -0.009573194 -0.027500004
v -0.029732822 0.016553594 -0.027500001
v -0.029732822 0.016553594 -0.023500001
v -0.029566995 -0.013747266 -0.038500007
v -0.029566994 -0.013747267 -0.027500004
v -0.02954977 0.01491378 -0.027500002
v -0.02954977 0.014913781 -0.038500004
v -0.029383942 -0.015387082 -0.027500005
v -0.029383942 -0.015387082 -0.023500004
v -0.02908382 0.010739707 -0.027500002
v -0.02908382 0.010739708 -0.038500004
v -0.029025956 -0.088196249 -0.023500012
v -0.029025956 -0.088196247 -0.038500014
v -0.028958215 -0.009736315 -0.027500004
v -0.028958215 -0.009736314 -0.038500006
v -0.028900767 0.009099892 -0.027500002
v -0.028900767 0.009099892 -0.023500002
v -0.028554689 -0.013351168 -0.038500007
v -0.028554688 -0.013351169 -0.027500004
v -0.02847504 0.014750659 -0.027500002
v -0.02847504 0.01475066 -0.038500004
v -0.028339662 -0.08596262 -0.038500014
v -0.028339661 -0.085962621 -0.023500011
v -0.028296838 -0.008224668 -0.027500004
v -0.028296838 -0.008224668 -0.023500004
v -0.028109033 -0.010414949 -0.027500004
v -0.028109033 -0.010414948 -0.038500007
v -0.028071514 0.011135806 -0.038500004
v -0.028071513 0.011135805 -0.027500002
v -0.027876054 -0.012501984 -0.038500007
v -0.027876053 -0.012501985 -0.027500004
v -0.02782715 -0.00310635 -0.023500003
v -0.02782715 -0.003106348 -0.038500006
v -0.027813663 0.016262306 -0.027500002
v -0.027813663 0.016262306 -0.023500001
v -0.027712938 -0.011427253 -0.038500007
v -0.027712937 -0.011427254 -0.027500004
v -0.027625858 0.014072025 -0.027500002
v -0.027625858 0.014072026 -0.038500004
v -0.027576256 -0.014679764 -0.023500004
v -0.027576256 -0.014679763 -0.027500005
v -0.027392879 0.011984989 -0.027500002
v -0.027392879 0.01198499 -0.038500004
v -0.027229755 0.01305972 -0.027500002
v -0.027229755 0.013059721 -0.038500004
v -0.027153757 -0.08394923 -0.038500014
v -0.027153756 -0.083949231 -0.023500011
v -0.027093074 0.00980721 -0.023500002
v -0.027093074 0.009807211 -0.027500002
v -0.026780442 -0.009436513 -0.023500004
v -0.026780442 -0.009436512 -0.027500004
v -0.026364411 -0.013163364 -0.027500005
v -0.026364411 -0.013163364 -0.023500004
v -0.02629726 0.015050461 -0.023500002
v -0.02629726 0.015050462 -0.027500002
v -0.026073121 -0.011244201 -0.027500004
v -0.026073121 -0.011244201 -0.023500004
v -0.025881228 0.01132361 -0.027500002
v -0.025881228 0.01132361 -0.023500002
v -0.025652194 0.011223402 -0.023500002
v -0.025652194 0.011223403 -0.038500005
v -0.025589946 0.013242774 -0.027500002
v -0.025589946 0.013242774 -0.023500002
v -0.025532984 -0.082266025 -0.038500014
v -0.025532983 -0.082266027 -0.023500011
v -0.022546933 0.030588168 -0.0235
v -0.022545838 -0.016603754 -0.038500007
v -0.022545837 -0.016603755 -0.023500005
v -0.019036146 0.03288808 -0.038500003
v -0.016603756 0.022545854 -0.023500001
v -0.016603756 0.022545855 -0.038500004
v -0.016553572 -0.029732826 -0.023500006
v -0.016553572 -0.029732825 -0.027500007
v -0.016262289 -0.027813661 -0.027500006
v -0.016262289 -0.027813661 -0.023500006
v -0.015846258 -0.031540514 -0.023500007
v -0.015846258 -0.031540513 -0.027500007
v -0.015387082 0.029383961 -0.027500001
v -0.015387081 0.02938396 -0.023500001
v -0.015095791 0.031303123 -0.0235
v -0.015095791 0.031303124 -0.027500001
v -0.015050444 -0.026297261 -0.027500006
v -0.015050444 -0.026297261 -0.023500006
v -0.014913764 -0.02954977 -0.038500009
v -0.014913763 -0.029549771 -0.027500007
v -0.01475064 -0.028475038 -0.038500009
v -0.014750639 -0.028475039 -0.027500006
v -0.014679768 0.027576273 -0.027500001
v -0.014679768 0.027576273 -0.023500001
v -0.014517661 -0.030562076 -0.038500009
v -0.01451766 -0.030562077 -0.027500007
v -0.014329855 -0.032752359 -0.023500007
v -0.014329855 -0.032752358 -0.027500007
v -0.014072005 -0.027625855 -0.027500006
v -0.014072005 -0.027625854 -0.038500009
v -0.013883946 0.032819525 -0.0275
v -0.013883946 0.032819525 -0.0235
v -0.013747266 0.029567016 -0.038500003
v -0.013747265 0.029567015 -0.027500001
v -0.013668478 -0.03124071 -0.027500007
v -0.013668478 -0.031240709 -0.038500009
v -0.013584149 0.030641745 -0.027500001
v -0.013584149 0.030641746 -0.038500003
v -0.01335117 0.028554709 -0.027500001
v -0.01335117 0.02855471 -0.038500003
v -0.013242758 -0.025589944 -0.023500006
v -0.013242758 -0.025589943 -0.027500006
v -0.013163364 0.026364427 -0.023500001
v -0.013163364 0.026364428 -0.027500001
v -0.013059699 -0.027229757 -0.038500009
v -0.013059698 -0.027229758 -0.027500006
v -0.012905515 0.03149093 -0.038500003
v -0.012905514 0.031490929 -0.027500001
v -0.012593748 -0.03140383 -0.027500007
v -0.012593748 -0.031403829 -0.038500009
v -0.012501988 0.027876076 -0.027500001
v -0.012501988 0.027876077 -0.038500003
v -0.012410696 -0.033043645 -0.027500007
v -0.012410696 -0.033043645 -0.023500007
v -0.01207626 0.033526842 -0.0235
v -0.01207626 0.033526843 -0.0275
v -0.011984969 -0.027392879 -0.038500009
v -0.011984968 -0.02739288 -0.027500006
v -0.011893208 0.031887028 -0.027500001
v -0.011893208 0.031887029 -0.038500003
v -0.011581442 -0.031007733 -0.027500007
v -0.011581442 -0.031007732 -0.038500009
v -0.011427258 0.027712954 -0.027500001
v -0.011427258 0.027712955 -0.038500003
v -0.011323592 -0.025881232 -0.027500006
v -0.011323591 -0.025881232 -0.023500006
v -0.011244198 0.026073139 -0.027500001
v -0.011244198 0.026073139 -0.023500001
v -0.01122338 -0.025652192 -0.038500009
v -0.011223379 -0.025652194 -0.023500006
v -0.011135779 -0.028071513 -0.027500007
v -0.011135779 -0.028071512 -0.038500009
v -0.010902808 -0.030158548 -0.038500009
v -0.010902807 -0.030158549 -0.027500007
v -0.010818478 0.031723906 -0.027500001
v -0.010818478 0.031723907 -0.038500003
v -0.010739691 -0.029083817 -0.027500007
v -0.010739691 -0.029083816 -0.038500009
v -0.010603002 -0.032336328 -0.023500007
v -0.010603002 -0.032336327 -0.027500007
v -0.010414944 0.028109053 -0.027500001
v -0.010414944 0.028109054 -0.038500003
v -0.010157101 0.033235552 -0.0235
v -0.010157101 0.033235553 -0.027500001
v -0.009969296 0.031045273 -0.027500001
v -0.009969296 0.031045275 -0.038500003
v -0.009807196 -0.027093077 -0.027500007
v -0.009807196 -0.027093077 -0.023500006
v -0.00973631 0.028958238 -0.038500003
v -0.009736309 0.028958237 -0.027500001
v -0.009573193 0.030032967 -0.027500001
v -0.009573193 0.030032968 -0.038500003
v -0.009436519 0.026780458 -0.023500001
v -0.009436519 0.026780459 -0.027500001
v -0.009391165 -0.030819928 -0.027500007
v -0.009391164 -0.030819928 -0.023500007
v -0.009099874 -0.028900765 -0.027500007
v -0.009099874 -0.028900765 -0.023500007
v -0.008640698 0.032023711 -0.027500001
v -0.008640698 0.032023711 -0.023500001
v -0.008224667 0.028296858 -0.027500001
v -0.008224666 0.028296858 -0.023500001
v -0.00797452 -0.067857118 -0.038500013
v -0.007974519 -0.067857119 -0.02350001
v -0.007933376 0.030216021 -0.027500001
v -0.007933376 0.030216021 -0.023500001
v -0.006697787 -0.067153115 -0.038500013
v -0.006697786 -0.067153117 -0.02350001
v -0.00592809 -0.043250335 -0.038500011
v -0.005928089 -0.043250337 -0.023500008
v -0.005253557 -0.066953455 -0.02350001
v -0.005253557 -0.066953454 -0.038500013
v -0.004526889 -0.053385423 -0.023500009
v -0.004526889 -0.053385422 -0.038500012
v -0.00422395 0.037764522 -0.0235
v -0.003833712 -0.067284638 -0.038500013
v -0.003833711 -0.067284639 -0.023500011
v -0.003548893 -0.045126279 -0.023500008
v -0.003548893 -0.045126277 -0.038500011
v -0.00310635 0.027827166 -0.038500004
v -0.003106349 0.027827164 -0.023500001
v -0.002745914 -0.050934327 -0.023500009
v -0.002745914 -0.050934326 -0.038500012
v -0.002389637 -0.047925542 -0.023500009
v -0.002389637 -0.04792554 -0.038500011
v -0.002186342 -0.068618372 -0.023500011
v -0.002186342 -0.06861837 -0.038500013
v -0.002131986 0.037940156 -0.038500003
v -0.001836183 -0.072691019 -0.023500011
v -0.001836183 -0.072691018 -0.038500014
v -0.001451753 -0.070606592 -0.023500011
v -0.001451753 -0.070606591 -0.038500014
v 0.003106363 -0.027827144 -0.03850001
v 0.003106364 -0.027827146 -0.023500007
v 0.007933406 -0.030216002 -0.027500008
v 0.007933406 -0.030216002 -0.023500007
v 0.008224681 -0.02829684 -0.023500007
v 0.008224681 -0.028296839 -0.027500007
v 0.008640712 -0.032023692 -0.027500008
v 0.008640712 -0.032023692 -0.023500008
v 0.009099889 0.028900784 -0.027500002
v 0.009099889 0.028900784 -0.023500002
v 0.009391179 0.030819946 -0.023500001
v 0.009391179 0.030819947 -0.027500002
v 0.009436534 -0.02678044 -0.027500007
v 0.009436534 -0.02678044 -0.023500007
v 0.009573207 -0.030032948 -0.027500008
v 0.009573207 -0.030032947 -0.03850001
v 0.009736338 -0.028958217 -0.03850001
v 0.009736339 -0.028958218 -0.027500008
v 0.00980721 0.027093096 -0.027500002
v 0.00980721 0.027093096 -0.023500002
v 0.00996931 -0.031045254 -0.027500008
v 0.00996931 -0.031045253 -0.03850001
v 0.010157115 -0.033235533 -0.027500008
v 0.010157116 -0.033235534 -0.023500008
v 0.010414973 -0.028109034 -0.027500007
v 0.010414973 -0.028109033 -0.03850001
v 0.010603032 0.032336346 -0.027500001
v 0.010603032 0.032336346 -0.023500001
v 0.010739705 0.029083836 -0.027500002
v 0.010739705 0.029083837 -0.038500004
v 0.010818492 -0.031723887 -0.027500008
v 0.010818492 -0.031723886 -0.03850001
v 0.010902821 0.030158568 -0.027500002
v 0.010902821 0.030158569 -0.038500004
v 0.011135808 0.028071532 -0.027500002
v 0.011135808 0.028071533 -0.038500004
v 0.011223393 0.025652214 -0.038500005
v 0.011223394 0.025652212 -0.023500002
v 0.011244227 -0.026073121 -0.023500007
v 0.011244227 -0.02607312 -0.027500007
v 0.011323613 0.025881251 -0.027500002
v 0.011323614 0.025881251 -0.023500002
v 0.011427271 -0.027712933 -0.03850001
v 0.011427272 -0.027712935 -0.027500007
v 0.011581456 0.031007752 -0.027500002
v 0.011581456 0.031007753 -0.038500004
v 0.011893229 -0.031887008 -0.03850001
v 0.01189323 -0.031887009 -0.027500008
v 0.01198499 0.027392899 -0.027500002
v 0.01198499 0.0273929 -0.038500004
v 0.012076274 -0.033526823 -0.027500008
v 0.012076275 -0.033526824 -0.023500008
v 0.01241071 0.033043664 -0.027500001
v 0.01241071 0.033043664 -0.023500001
v 0.012502009 -0.027876057 -0.027500008
v 0.012502009 -0.027876056 -0.03850001
v 0.012593769 0.031403851 -0.038500004
v 0.01259377 0.03140385 -0.027500002
v 0.012905528 -0.03149091 -0.027500008
v 0.012905528 -0.031490909 -0.03850001
v 0.013059712 0.027229778 -0.038500004
v 0.013059713 0.027229777 -0.027500002
v 0.013163386 -0.026364409 -0.023500007
v 0.013163386 -0.026364408 -0.027500007
v 0.013242773 0.025589962 -0.023500002
v 0.013242773 0.025589963 -0.027500002
v 0.013351191 -0.028554688 -0.03850001
v 0.013351192 -0.028554689 -0.027500008
v 0.013584163 -0.030641726 -0.027500008
v 0.013584163 -0.030641724 -0.03850001
v 0.013668492 0.031240729 -0.027500002
v 0.013668492 0.031240731 -0.038500004
v 0.013747279 -0.029566996 -0.027500008
v 0.013747279 -0.029566994 -0.03850001
v 0.013883968 -0.032819506 -0.027500008
v 0.013883968 -0.032819506 -0.023500008
v 0.014072026 0.027625876 -0.038500004
v 0.014072027 0.027625874 -0.027500002
v 0.014329869 0.032752377 -0.023500001
v 0.014329869 0.032752378 -0.027500002
v 0.014517674 0.030562097 -0.027500002
v 0.014517674 0.030562098 -0.038500004
v 0.01467979 -0.027576254 -0.027500008
v 0.01467979 -0.027576254 -0.023500007
v 0.014750661 0.028475059 -0.027500002
v 0.014750661 0.02847506 -0.038500004
v 0.014913777 0.029549791 -0.027500002
v 0.014913777 0.029549792 -0.038500004
v 0.015050466 0.02629728 -0.027500002
v 0.015050466 0.02629728 -0.023500002
v 0.015095806 -0.031303105 -0.023500008
v 0.015095806 -0.031303104 -0.027500008
v 0.015231754 0.034813716 -0.038500004
v 0.015231755 0.034813714 -0.023500001
v 0.015387096 -0.029383942 -0.023500008
v 0.015387096 -0.029383941 -0.027500008
v 0.015846272 0.031540532 -0.027500002
v 0.015846273 0.031540532 -0.023500002
v 0.016262304 0.027813679 -0.023500002
v 0.016262304 0.02781368 -0.027500002
v 0.016553594 0.029732844 -0.023500002
v 0.016553594 0.029732845 -0.027500002
v 0.016603769 -0.022545834 -0.03850001
v 0.01660377 -0.022545835 -0.023500007
v 0.022545859 0.016603774 -0.023500003
v 0.022545859 0.016603775 -0.038500006
v 0.02558996 -0.013242755 -0.027500007
v 0.02558996 -0.013242755 -0.023500006
v 0.025652215 -0.011223382 -0.038500009
v 0.025652216 -0.011223383 -0.023500006
v 0.02588125 -0.011323591 -0.027500006
v 0.02588125 -0.011323591 -0.023500006
v 0.026073143 0.01124422 -0.027500004
v 0.026073143 0.01124422 -0.023500004
v 0.026297282 -0.015050443 -0.027500007
v 0.026297282 -0.015050443 -0.023500007
v 0.026364433 0.013163383 -0.027500004
v 0.026364433 0.013163383 -0.023500004
v 0.026780464 0.009436531 -0.027500004
v 0.026780464 0.009436531 -0.023500004
v 0.027093088 -0.009807192 -0.023500006
v 0.027093088 -0.009807191 -0.027500006
v 0.027229776 -0.0130597 -0.038500009
v 0.027229777 -0.013059701 -0.027500007
v 0.027392892 -0.011984969 -0.038500009
v 0.027392893 -0.01198497 -0.027500007
v 0.02757627 0.014679783 -0.027500004
v 0.027576271 0.014679782 -0.023500004
v 0.027625879 -0.014072005 -0.038500009
v 0.02762588 -0.014072006 -0.027500007
v 0.027644552 0.026072584 -0.023500003
v 0.027644552 0.026072586 -0.038500005
v 0.027712958 0.011427274 -0.038500007
v 0.027712959 0.011427273 -0.027500004
v 0.027813685 -0.016262287 -0.027500007
v 0.027813685 -0.016262287 -0.023500007
v 0.027827171 0.00310637 -0.038500007
v 0.027827172 0.003106368 -0.023500005
v 0.027876075 0.012502004 -0.027500004
v 0.027876075 0.012502005 -0.038500007
v 0.028071527 -0.011135786 -0.027500006
v 0.028071527 -0.011135785 -0.038500009
v 0.028109046 0.010414969 -0.038500007
v 0.028109047 0.010414968 -0.027500004
v 0.028296852 0.008224687 -0.027500005
v 0.028296852 0.008224687 -0.023500004
v 0.028475061 -0.014750639 -0.038500009
v 0.028475062 -0.01475064 -0.027500007
v 0.028554709 0.01335119 -0.038500006
v 0.02855471 0.013351188 -0.027500004
v 0.028900781 -0.009099873 -0.027500006
v 0.028900782 -0.009099873 -0.023500006
v 0.028958229 0.009736334 -0.027500004
v 0.028958229 0.009736336 -0.038500007
v 0.029083841 -0.010739687 -0.027500006
v 0.029083841 -0.010739686 -0.038500009
v 0.029383964 0.015387101 -0.027500004
v 0.029383964 0.015387101 -0.023500004
v 0.029549784 -0.014913761 -0.027500007
v 0.029549784 -0.01491376 -0.038500009
v 0.029567008 0.013747287 -0.027500004
v 0.029567008 0.013747288 -0.038500006
v 0.029732844 -0.016553576 -0.023500007
v 0.029732844 -0.016553575 -0.027500007
v 0.030032966 0.009573214 -0.038500007
v 0.030032967 0.009573213 -0.027500004
v 0.030158563 -0.010902807 -0.038500009
v 0.030158564 -0.010902808 -0.027500007
v 0.030216026 0.007933399 -0.027500005
v 0.030216027 0.007933398 -0.023500004
v 0.030562098 -0.014517662 -0.027500007
v 0.030562098 -0.014517661 -0.038500009
v 0.030641746 0.013584166 -0.027500004
v 0.030641746 0.013584167 -0.038500007
v 0.030819941 -0.009391162 -0.023500006
v 0.030819941 -0.009391161 -0.027500006
v 0.031007745 -0.011581441 -0.038500009
v 0.031007746 -0.011581442 -0.027500007
v 0.03104528 0.009969312 -0.027500004
v 0.03104528 0.009969313 -0.038500007
v 0.031240732 -0.013668477 -0.038500009
v 0.031240733 -0.013668478 -0.027500007
v 0.031303123 0.015095813 -0.027500004
v 0.031303123 0.015095813 -0.023500004
v 0.031403849 -0.012593747 -0.027500007
v 0.031403849 -0.012593746 -0.038500009
v 0.031490928 0.012905533 -0.027500004
v 0.031490928 0.012905534 -0.038500007
v 0.031540538 -0.015846257 -0.027500007
v 0.031540538 -0.015846257 -0.023500007
v 0.031723899 0.010818497 -0.038500007
v 0.0317239 0.010818496 -0.027500004
v 0.031887031 0.011893227 -0.027500004
v 0.031887031 0.011893228 -0.038500007
v 0.032023705 0.008640717 -0.027500005
v 0.032023705 0.008640717 -0.023500004
v 0.032336344 -0.010603006 -0.023500006
v 0.032336344 -0.010603005 -0.027500007
v 0.032752375 -0.014329857 -0.027500007
v 0.032752375 -0.014329857 -0.023500007
v 0.032819526 0.013883968 -0.023500004
v 0.032819526 0.013883969 -0.027500004
v 0.033043665 -0.012410695 -0.023500007
v 0.033043665 -0.012410694 -0.027500007
v 0.033235558 0.010157117 -0.027500005
v 0.033235558 0.010157117 -0.023500004
v 0.033526848 0.01207628 -0.023500004
v 0.033526848 0.012076281 -0.027500004
v 0.034208186 -0.016546917 -0.023500007
v 0.034208186 -0.016546915 -0.03850001
v 0.035644859 0.013169862 -0.023500004
v 0.035644859 0.013169863 -0.038500007
v 0.037955682 -0.001834973 -0.023500006
v 0.037955682 -0.001834972 -0.038500008
v -0.031452486 -0.001729296 -0.021000003
v -0.031452486 -0.001729295 -0.023500003
v -0.031359789 0.002968727 -0.023500003
v -0.031359789 0.002968727 -0.021000002
v -0.030845292 -0.006388837 -0.023500003
v -0.030845292 -0.006388837 -0.021000003
v -0.030620233 -0.006980912 -0.023500004
v -0.030620233 -0.006980912 -0.021000003
v -0.030569255 0.007600688 -0.023500002
v -0.030569254 0.007600688 -0.021000002
v -0.030225276 0.008322191 -0.023500002
v -0.030225276 0.008322191 -0.021000002
v -0.030221307 -0.007472915 -0.023500004
v -0.030221307 -0.007472915 -0.021000003
v -0.029688531 -0.007815496 -0.023500004
v -0.029688531 -0.007815496 -0.021000004
v -0.029626231 0.008851375 -0.021000002
v -0.029626231 0.008851376 -0.023500002
v -0.029531373 -0.007876501 -0.023500004
v -0.029531373 -0.007876501 -0.021000004
v -0.029369638 -0.007924054 -0.023500004
v -0.029369637 -0.007924054 -0.021000004
v -0.029204469 -0.007957817 -0.023500004
v -0.029204469 -0.007957817 -0.021000004
v -0.028894776 -0.008021122 -0.023500004
v -0.028894776 -0.008021122 -0.021000004
v -0.028867808 0.009103719 -0.023500002
v -0.028867808 0.009103719 -0.021000002
v -0.028591516 -0.008110284 -0.023500004
v -0.028591515 -0.008110284 -0.021000004
v -0.028296838 -0.008224668 -0.023500004
v -0.028296838 -0.008224668 -0.021000004
v -0.02782715 -0.00310635 -0.023500003
v -0.02782715 -0.003106349 -0.029500004
v -0.027257164 -0.015487824 -0.021000004
v -0.027257164 -0.015487823 -0.023500005
v -0.027207772 -0.014690047 -0.023500004
v -0.027207771 -0.014690047 -0.021000004
v -0.027079737 0.009817077 -0.023500002
v -0.027079737 0.009817077 -0.021000002
v -0.026990212 -0.016241232 -0.023500005
v -0.026990211 -0.016241232 -0.021000004
v -0.026937691 -0.00923745 -0.023500004
v -0.026937691 -0.00923745 -0.021000004
v -0.026849915 -0.013975326 -0.021000004
v -0.026849915 -0.013975325 -0.023500004
v -0.026833322 -0.002995408 -0.030500004
v -0.026624973 0.016551044 -0.023500001
v -0.026624973 0.016551044 -0.021000001
v -0.026607089 0.015751941 -0.023500001
v -0.026607089 0.015751941 -0.021000001
v -0.026435792 -0.002951032 -0.021000003
v -0.02632851 0.017293336 -0.021000001
v -0.02632851 0.017293337 -0.023500001
v -0.026277705 0.015023658 -0.023500002
v -0.026277705 0.015023658 -0.021000001
v -0.026163323 -0.010745211 -0.023500004
v -0.026163323 -0.010745211 -0.021000004
v -0.02613192 -0.012439914 -0.021000004
v -0.02613192 -0.012439913 -0.023500004
v -0.025881228 0.01132361 -0.023500002
v -0.025881228 0.01132361 -0.021000002
v -0.025839494 -0.002884467 -0.027000003
v -0.025839494 -0.002884467 -0.021600006
v -0.025652194 0.011223402 -0.029500002
v -0.025652194 0.011223402 -0.023500002
v -0.025588138 0.013226282 -0.023500002
v -0.025588138 0.013226282 -0.021000002
v -0.024845666 -0.002773525 -0.028000004
v -0.024736041 0.010822566 -0.030500002
v -0.024369586 0.010662232 -0.021000002
v -0.024273918 -0.020075516 -0.023500005
v -0.024273918 -0.020075516 -0.021000005
v -0.023819896 0.010421731 -0.027000002
v -0.023819895 0.010421731 -0.021600004
v -0.02346307 0.021017481 -0.023500001
v -0.02346307 0.021017481 -0.021000001
v -0.023354929 -0.002607113 -0.030500004
v -0.023354928 -0.002607113 -0.028000004
v -0.022903743 0.010020895 -0.028000002
v -0.022545837 -0.016603755 -0.029500005
v -0.022545837 -0.016603755 -0.023500005
v -0.021740624 -0.016010762 -0.030500005
v -0.021529521 0.009419642 -0.030500003
v -0.021529521 0.009419642 -0.028000002
v -0.021418541 -0.015773567 -0.021000005
v -0.021017463 -0.023463068 -0.023500006
v -0.021017463 -0.023463068 -0.021000005
v -0.020935417 -0.015417772 -0.021600007
v -0.020935417 -0.015417771 -0.027000005
v -0.020130211 -0.014824779 -0.028000005
v -0.020075512 0.024273934 -0.023500001
v -0.020075512 0.024273934 -0.021000001
v -0.018922394 -0.013935292 -0.030500005
v -0.018922394 -0.013935292 -0.028000005
v -0.017293318 -0.02632851 -0.023500006
v -0.017293318 -0.02632851 -0.021000006
v -0.017197608 -0.02638759 -0.023500006
v -0.017197607 -0.02638759 -0.021000006
v -0.017098731 -0.026441196 -0.023500006
v -0.01709873 -0.026441196 -0.021000006
v -0.016997 -0.026489158 -0.023500006
v -0.016997 -0.026489158 -0.021000006
v -0.016603756 0.022545854 -0.029500001
v -0.016603756 0.022545854 -0.023500001
v -0.016327856 -0.026652464 -0.021000006
v -0.016327856 -0.026652463 -0.023500006
v -0.01624123 0.026990233 -0.021000001
v -0.01624123 0.026990234 -0.023500001
v -0.016010761 0.021740646 -0.030500002
v -0.015773563 0.021418561 -0.021000001
v -0.015653637 0.027226752 -0.021000001
v -0.015653637 0.027226753 -0.023500001
v -0.015642996 -0.026579078 -0.023500006
v -0.015642996 -0.026579078 -0.021000006
v -0.015417774 0.020935436 -0.027000002
v -0.015417773 0.020935435 -0.021600004
v -0.015023642 -0.026277706 -0.021000006
v -0.015023642 -0.026277705 -0.023500006
v -0.015021549 0.027267667 -0.023500001
v -0.015021549 0.027267667 -0.021000001
v -0.014824779 0.020130228 -0.028000002
v -0.014408367 0.027108869 -0.023500001
v -0.014408367 0.027108869 -0.021000001
v -0.014256908 0.027034845 -0.023500001
v -0.014256908 0.027034845 -0.021000001
v -0.014112217 0.026948327 -0.021000001
v -0.014112217 0.026948328 -0.023500001
v -0.013975323 0.026849933 -0.023500001
v -0.013975323 0.026849933 -0.021000001
v -0.013935291 0.018922414 -0.028000002
v -0.013935291 0.018922415 -0.030500002
v -0.013862357 -0.025712634 -0.023500006
v -0.013862356 -0.025712634 -0.021000006
v -0.012578238 -0.025575036 -0.023500006
v -0.012578238 -0.025575036 -0.021000006
v -0.012206547 0.02609 -0.023500001
v -0.012206546 0.02609 -0.021000001
v -0.011323591 -0.025881232 -0.023500006
v -0.011323591 -0.025881232 -0.021000006
v -0.01122338 -0.025652193 -0.029500006
v -0.011223379 -0.025652194 -0.023500006
v -0.010822547 -0.024736044 -0.030500006
v -0.010662207 -0.024369584 -0.021000006
v -0.010421713 -0.023819894 -0.021600008
v -0.010421713 -0.023819893 -0.027000006
v -0.010293804 0.026307806 -0.023500001
v -0.010293804 0.026307806 -0.021000001
v -0.010247229 -0.026594905 -0.023500006
v -0.010247229 -0.026594905 -0.021000006
v -0.01002088 -0.022903744 -0.028000006
v -0.009476797 -0.027631408 -0.021000006
v -0.009476797 -0.027631407 -0.023500006
v -0.009419623 -0.021529518 -0.030500006
v -0.009419623 -0.021529518 -0.028000006
v -0.009103704 -0.028867808 -0.023500007
v -0.009103704 -0.028867808 -0.021000006
v -0.008851354 -0.029626233 -0.023500007
v -0.008851354 -0.029626233 -0.021000007
v -0.008741161 0.027445949 -0.021000001
v -0.008741161 0.02744595 -0.023500001
v -0.008322179 -0.030225276 -0.023500007
v -0.008322179 -0.030225276 -0.021000007
v -0.007957821 0.029204483 -0.023500001
v -0.007957821 0.029204483 -0.021000001
v -0.007675747 0.029952364 -0.023500001
v -0.007675747 0.029952364 -0.021000001
v -0.007600668 -0.030569253 -0.023500007
v -0.007600667 -0.030569253 -0.021000007
v -0.007123348 0.030530064 -0.023500001
v -0.007123348 0.030530064 -0.021000001
v -0.006388836 0.030845312 -0.021000001
v -0.006388836 0.030845313 -0.023500001
v -0.00310635 0.027827165 -0.029500001
v -0.003106349 0.027827164 -0.023500001
v -0.002995403 0.026833339 -0.030500002
v -0.002968709 -0.031359787 -0.023500007
v -0.002968709 -0.031359787 -0.021000007
v -0.00295103 0.026435807 -0.021000001
v -0.002884471 0.02583951 -0.021600004
v -0.002884471 0.025839511 -0.027000002
v -0.002773525 0.024845685 -0.028000002
v -0.002607112 0.023354943 -0.028000002
v -0.002607112 0.023354944 -0.030500002
v -0.00172929 0.031452506 -0.023500001
v -0.00172929 0.031452506 -0.021000001
v 0.00172932 -0.031452488 -0.023500007
v 0.00172932 -0.031452488 -0.021000007
v 0.002607126 -0.023354924 -0.030500007
v 0.002607126 -0.023354924 -0.028000007
v 0.002773539 -0.024845666 -0.028000007
v 0.002884486 -0.025839492 -0.027000007
v 0.002884486 -0.025839492 -0.021600009
v 0.002951045 -0.026435789 -0.021000007
v 0.002968724 0.031359805 -0.021000001
v 0.002968724 0.031359806 -0.023500001
v 0.002995432 -0.026833319 -0.030500007
v 0.003106364 -0.027827146 -0.023500007
v 0.003106364 -0.027827145 -0.029500007
v 0.00638885 -0.030845294 -0.023500007
v 0.00638885 -0.030845294 -0.021000007
v 0.007123363 -0.030530046 -0.023500007
v 0.007123363 -0.030530046 -0.021000007
v 0.007600682 0.030569271 -0.023500001
v 0.007600682 0.030569271 -0.021000001
v 0.007675777 -0.029952346 -0.023500007
v 0.007675777 -0.029952346 -0.021000007
v 0.007709035 0.030539074 -0.023500001
v 0.007709035 0.030539074 -0.021000001
v 0.007815511 0.030502834 -0.023500001
v 0.007815511 0.030502834 -0.021000001
v 0.007919774 0.030460666 -0.021000001
v 0.007919774 0.030460667 -0.023500001
v 0.007957835 -0.029204465 -0.023500007
v 0.007957835 -0.029204465 -0.021000007
v 0.00849384 0.03008004 -0.023500001
v 0.00849384 0.03008004 -0.021000001
v 0.008598246 -0.02763511 -0.023500007
v 0.008598247 -0.02763511 -0.021000007
v 0.008904729 0.029527239 -0.023500001
v 0.008904729 0.029527239 -0.021000001
v 0.009103719 0.028867826 -0.021000001
v 0.009103719 0.028867827 -0.023500002
v 0.009419637 0.021529537 -0.028000003
v 0.009419637 0.021529538 -0.030500003
v 0.009817083 0.027079759 -0.021000002
v 0.009817083 0.02707976 -0.023500002
v 0.009864222 -0.02650804 -0.023500007
v 0.009864222 -0.02650804 -0.021000007
v 0.010020895 0.022903763 -0.028000002
v 0.010421728 0.023819912 -0.027000002
v 0.010421728 0.023819912 -0.021600004
v 0.010662237 0.024369602 -0.021000002
v 0.010822561 0.024736064 -0.030500002
v 0.011223394 0.025652212 -0.023500002
v 0.011223394 0.025652213 -0.029500002
v 0.011323614 0.02588125 -0.021000002
v 0.011323614 0.025881251 -0.023500002
v 0.011497142 -0.026053521 -0.023500007
v 0.011497142 -0.026053521 -0.021000007
v 0.013163386 -0.026364409 -0.023500007
v 0.013163386 -0.026364409 -0.021000007
v 0.013226278 0.025588158 -0.023500002
v 0.013226278 0.025588158 -0.021000002
v 0.013447383 -0.026503205 -0.023500007
v 0.013447383 -0.026503205 -0.021000007
v 0.013718669 -0.026665423 -0.023500007
v 0.013718669 -0.026665423 -0.021000007
v 0.013935312 -0.018922395 -0.030500007
v 0.013935312 -0.018922395 -0.028000007
v 0.013975337 -0.026849915 -0.023500007
v 0.013975337 -0.026849915 -0.021000007
v 0.014690059 -0.027207768 -0.023500007
v 0.014690059 -0.027207768 -0.021000007
v 0.014824793 -0.020130208 -0.028000007
v 0.015023656 0.026277724 -0.023500002
v 0.015023657 0.026277724 -0.021000002
v 0.015417796 -0.020935417 -0.027000007
v 0.015417796 -0.020935417 -0.021600009
v 0.015487834 -0.027257166 -0.023500007
v 0.015487834 -0.027257166 -0.021000007
v 0.015751943 0.026607106 -0.023500002
v 0.015751943 0.026607106 -0.021000002
v 0.015773585 -0.021418543 -0.021000007
v 0.016010783 -0.021740626 -0.030500007
v 0.016241252 -0.026990216 -0.021000007
v 0.016241252 -0.026990215 -0.023500007
v 0.016551046 0.026624993 -0.023500002
v 0.016551046 0.026624993 -0.021000002
v 0.01660377 -0.022545835 -0.029500007
v 0.01660377 -0.022545835 -0.023500007
v 0.01729334 0.026328528 -0.023500002
v 0.017293341 0.026328528 -0.021000002
v 0.018922416 0.013935311 -0.030500004
v 0.018922416 0.013935311 -0.028000004
v 0.020075526 -0.024273916 -0.023500007
v 0.020075526 -0.024273916 -0.021000007
v 0.020130225 0.014824799 -0.028000004
v 0.020935431 0.01541779 -0.027000004
v 0.020935432 0.01541779 -0.021600006
v 0.021017477 0.023463086 -0.023500003
v 0.021017477 0.023463086 -0.021000002
v 0.021418555 0.015773585 -0.021000003
v 0.021529535 -0.009419622 -0.030500006
v 0.021529535 -0.009419622 -0.028000006
v 0.021740638 0.016010782 -0.030500004
v 0.022545859 0.016603774 -0.023500003
v 0.022545859 0.016603775 -0.029500004
v 0.022903757 -0.010020876 -0.028000006
v 0.023354943 0.002607133 -0.030500005
v 0.023354943 0.002607133 -0.028000005
v 0.023463084 -0.021017463 -0.023500007
v 0.023463084 -0.021017463 -0.021000007
v 0.02381991 -0.010421712 -0.027000006
v 0.02381991 -0.010421712 -0.021600008
v 0.024273932 0.020075534 -0.023500003
v 0.024273932 0.020075534 -0.021000003
v 0.024369608 -0.010662214 -0.021000006
v 0.024736063 -0.010822547 -0.030500006
v 0.024845681 0.002773545 -0.028000005
v 0.02558816 -0.013226264 -0.021000006
v 0.02558816 -0.013226263 -0.023500006
v 0.025652216 -0.011223383 -0.029500006
v 0.025652216 -0.011223383 -0.023500006
v 0.025839516 0.002884485 -0.021600007
v 0.025839516 0.002884486 -0.027000005
v 0.02588125 -0.011323591 -0.023500006
v 0.025881251 -0.011323592 -0.021000006
v 0.026090004 0.012206568 -0.021000004
v 0.026090004 0.012206569 -0.023500004
v 0.02627772 -0.01502364 -0.023500007
v 0.02627772 -0.01502364 -0.021000006
v 0.026307808 0.010293815 -0.021000004
v 0.026307808 0.010293816 -0.023500004
v 0.026328532 -0.017293318 -0.023500007
v 0.026328532 -0.017293318 -0.021000007
v 0.026435815 0.00295105 -0.021000005
v 0.026607112 -0.015751923 -0.023500007
v 0.026607112 -0.015751923 -0.021000007
v 0.026624995 -0.016551026 -0.023500007
v 0.026624995 -0.016551026 -0.021000007
v 0.026833336 0.002995428 -0.030500005
v 0.026849937 0.013975344 -0.023500004
v 0.026849937 0.013975344 -0.021000004
v 0.026990226 0.01624125 -0.023500004
v 0.026990226 0.01624125 -0.021000003
v 0.027079752 -0.009817059 -0.023500006
v 0.027079752 -0.009817059 -0.021000006
v 0.027207786 0.014690065 -0.021000004
v 0.027207786 0.014690066 -0.023500004
v 0.027257179 0.015487842 -0.023500004
v 0.027257179 0.015487842 -0.021000003
v 0.027445946 0.008741175 -0.021000004
v 0.027445946 0.008741176 -0.023500004
v 0.027827172 0.003106368 -0.023500005
v 0.027827172 0.003106369 -0.029500005
v 0.028867823 -0.009103701 -0.021000006
v 0.028867823 -0.0091037 -0.023500006
v 0.029204491 0.007957835 -0.023500004
v 0.029204491 0.007957835 -0.021000004
v 0.029626246 -0.008851357 -0.023500006
v 0.029626246 -0.008851357 -0.021000006
v 0.02995237 0.007675769 -0.021000004
v 0.02995237 0.00767577 -0.023500004
v 0.03022529 -0.008322173 -0.023500006
v 0.03022529 -0.008322173 -0.021000006
v 0.030530068 0.007123365 -0.021000004
v 0.030530068 0.007123366 -0.023500005
v 0.030569269 -0.00760067 -0.023500006
v 0.030569269 -0.00760067 -0.021000006
v 0.030845314 0.006388855 -0.023500005
v 0.030845315 0.006388855 -0.021000005
v 0.031359811 -0.002968709 -0.021000005
v 0.031359811 -0.002968708 -0.023500006
v 0.031452508 0.001729314 -0.023500005
v 0.031452508 0.001729314 -0.021000005
v -0.043086284 -0.000706051 -0.045400007
v -0.043086284 -0.000706051 -0.044600002
v -0.043049091 -0.001924221 -0.045400007
v -0.043049091 -0.001924221 -0.044600002
v -0.042977458 -0.003140851 -0.045400007
v -0.042977458 -0.003140851 -0.044600002
v -0.042871448 -0.004354968 -0.045400007
v -0.042871448 -0.004354968 -0.044600002
v -0.042118931 0.009106187 -0.045400006
v -0.042118931 0.009106187 -0.044600001
v -0.041844571 0.01029364 -0.045400006
v -0.041844571 0.01029364 -0.044600001
v -0.041536732 0.01147286 -0.044600001
v -0.041536732 0.011472861 -0.045400006
v -0.041195676 0.012642904 -0.045400006
v -0.041195676 0.012642904 -0.044600001
v -0.04075931 -0.013985891 -0.045400008
v -0.04075931 -0.013985891 -0.044600003
v -0.040347498 -0.015132944 -0.045400008
v -0.040347498 -0.015132944 -0.044600003
v -0.040160961 -1.3357e-05 -0.045766397
v -0.04016096 -1.3357e-05 -0.044233614
v -0.039903406 -0.016267892 -0.045400009
v -0.039903406 -0.016267892 -0.044600004
v -0.039885043 -0.004699591 -0.045766398
v -0.039885043 -0.004699591 -0.044233614
v -0.0394274 -0.017389829 -0.045400009
v -0.0394274 -0.017389829 -0.044600004
v -0.039385189 0.007855583 -0.045766396
v -0.039385189 0.007855583 -0.044233613
v -0.03879176 0.007649737 -0.045844163
v -0.038791759 0.007649737 -0.044155846
v -0.0382877 0.000580094 -0.046000005
v -0.0382877 0.000580094 -0.044000005
v -0.038269755 -0.001307681 -0.046000006
v -0.038269755 -0.001307681 -0.044000006
v -0.038199475 0.01239772 -0.045766396
v -0.038199475 0.01239772 -0.044233612
v -0.03819121 -0.012423125 -0.045766398
v -0.03819121 -0.012423125 -0.044233615
v -0.038158793 -0.003192278 -0.046000006
v -0.038158793 -0.003192278 -0.044000006
v -0.038045298 -0.005028307 -0.045989498
v -0.038045298 -0.005028307 -0.044010512
v -0.037955081 -0.005069115 -0.046000006
v -0.037955081 -0.005069115 -0.044000006
v -0.037663876 0.006907754 -0.046000005
v -0.037663875 0.006907754 -0.044000005
v -0.037277645 0.008755683 -0.044000005
v -0.037277645 0.008755684 -0.046000005
v -0.03724352 0.021675967 -0.045400005
v -0.03724352 0.021675967 -0.0446
v -0.036998752 0.001866012 -0.046000005
v -0.036998752 0.001866012 -0.044000005
v -0.036800801 0.01058233 -0.046000005
v -0.0368008 0.01058233 -0.044000004
v -0.036650852 0.005394892 -0.044000005
v -0.036650852 0.005394893 -0.046000005
v -0.036615644 0.022720519 -0.045400005
v -0.036615644 0.022720519 -0.0446
v -0.036593019 -0.01127985 -0.044000007
v -0.036593019 -0.011279849 -0.046000007
v -0.036524142 -0.00619489 -0.046000006
v -0.036524142 -0.00619489 -0.044000006
v -0.036480676 -0.016794736 -0.045766399
v -0.036480676 -0.016794736 -0.044233615
v -0.036412723 0.003589826 -0.044000005
v -0.036412723 0.003589827 -0.046000005
v -0.036234509 0.012383256 -0.046000004
v -0.036234509 0.012383256 -0.044000004
v -0.035992601 -0.013069686 -0.046000007
v -0.035992601 -0.013069686 -0.044000007
v -0.035958479 0.023746898 -0.045400005
v -0.035958478 0.023746898 -0.0446
v -0.035764528 -0.009658562 -0.046000007
v -0.035764528 -0.009658562 -0.044000006
v -0.03573987 -0.007838023 -0.046000006
v -0.03573987 -0.007838023 -0.044000006
v -0.035304697 -0.014827755 -0.044000007
v -0.035304697 -0.014827754 -0.046000007
v -0.03527255 0.024754283 -0.045400005
v -0.03527255 0.024754283 -0.0446
v -0.035030034 0.019641799 -0.045766395
v -0.035030034 0.019641799 -0.044233612
v -0.034611279 0.013207929 -0.046000004
v -0.034611279 0.013207929 -0.044000004
v -0.034530984 -0.016549782 -0.046000007
v -0.034530984 -0.016549782 -0.044000007
v -0.03444252 -0.025896695 -0.04540001
v -0.03444252 -0.025896695 -0.044600005
v -0.034150613 -0.016615563 -0.046000007
v -0.034150613 -0.016615563 -0.044000007
v -0.034120539 -0.008946287 -0.038500006
v -0.034120539 -0.008946286 -0.049000007
v -0.034120539 -0.008946286 -0.046000007
v -0.034120539 -0.008946286 -0.044000006
v -0.034084925 -0.009923055 -0.046000007
v -0.034084925 -0.009923055 -0.044000007
v -0.034084925 -0.009923054 -0.049000007
v -0.034084924 -0.009923055 -0.038500006
v -0.033778344 -0.016717677 -0.044000007
v -0.033778344 -0.016717676 -0.046000007
v -0.033741062 0.010285355 -0.044000005
v -0.033741062 0.010285355 -0.038500004
v -0.033741062 0.010285356 -0.049000005
v -0.033741062 0.010285356 -0.046000005
v -0.033702291 0.024238672 -0.045597347
v -0.033702291 0.024238672 -0.044402658
v -0.033696404 -0.026860349 -0.04540001
v -0.033696404 -0.026860349 -0.044600005
v -0.033689013 -0.008069285 -0.044000006
v -0.033689013 -0.008069284 -0.049000007
v -0.033689013 -0.008069284 -0.046000006
v -0.033689012 -0.008069285 -0.038500006
v -0.033685864 0.018208446 -0.046000004
v -0.033685864 0.018208446 -0.044000004
v -0.033666943 0.011259959 -0.046000005
v -0.033666943 0.011259959 -0.044000004
v -0.033666943 0.01125996 -0.049000005
v -0.033666942 0.011259959 -0.038500004
v -0.033521237 0.01466628 -0.046000004
v -0.033521237 0.01466628 -0.044000004
v -0.033431177 -0.011941768 -0.038500007
v -0.033431177 -0.011941767 -0.046000007
v -0.033431177 -0.011941767 -0.044000007
v -0.033431177 -0.011941766 -0.049000007
v -0.033417642 -0.016855175 -0.046000007
v -0.033417642 -0.016855175 -0.044000007
v -0.033344471 0.009392013 -0.044000005
v -0.033344471 0.009392013 -0.038500004
v -0.033344471 0.009392014 -0.049000005
v -0.033344471 0.009392014 -0.046000005
v -0.033189923 0.016456586 -0.046000004
v -0.033189923 0.016456586 -0.044000004
v -0.032934063 0.013251309 -0.044000004
v -0.032934063 0.013251309 -0.038500004
v -0.032934063 0.01325131 -0.049000005
v -0.032934063 0.01325131 -0.046000004
v -0.03292334 -0.027802518 -0.04540001
v -0.03292334 -0.027802518 -0.044600005
v -0.032893412 -0.007501511 -0.044000006
v -0.032893412 -0.007501511 -0.038500006
v -0.032893412 -0.00750151 -0.049000007
v -0.032893412 -0.00750151 -0.046000006
v -0.032747495 0.019846578 -0.046000004
v -0.032747495 0.019846578 -0.044000004
v -0.032657983 -0.013917813 -0.044000007
v -0.032657983 -0.013917813 -0.038500007
v -0.032657983 -0.013917812 -0.049000007
v -0.032657983 -0.013917812 -0.046000007
v -0.032571888 0.008793295 -0.038500005
v -0.032571888 0.008793296 -0.049000005
v -0.032571888 0.008793296 -0.046000005
v -0.032571888 0.008793296 -0.044000005
v -0.032498754 0.023595222 -0.045766395
v -0.032498754 0.023595222 -0.044233612
v -0.03248304 -0.02361683 -0.044233616
v -0.03248304 -0.023616829 -0.0457664
v -0.032123932 -0.028722449 -0.04540001
v -0.032123932 -0.028722449 -0.044600005
v -0.032083523 0.015195315 -0.038500004
v -0.032083523 0.015195316 -0.049000004
v -0.032083523 0.015195316 -0.046000004
v -0.032083523 0.015195316 -0.044000004
v -0.031818688 -0.018122227 -0.046000008
v -0.031818688 -0.018122227 -0.044000007
v -0.031768106 -0.015844134 -0.044000007
v -0.031768106 -0.015844133 -0.049000007
v -0.031768106 -0.015844133 -0.046000007
v -0.031768105 -0.015844134 -0.038500007
v -0.031729528 0.02143647 -0.046000004
v -0.031729528 0.02143647 -0.044000004
v -0.031515039 -0.016231587 -0.044000007
v -0.031515038 -0.016231587 -0.038500007
v -0.031439791 -0.011843282 -0.049000007
v -0.03143979 -0.011843283 -0.038500007
v -0.031316361 -0.022035641 -0.046000008
v -0.031316361 -0.022035641 -0.044000008
v -0.031311624 -0.010998851 -0.038500007
v -0.031311624 -0.01099885 -0.049000007
v -0.031179689 -0.016550503 -0.044000007
v -0.031179688 -0.016550504 -0.038500007
v -0.031131364 -0.016585691 -0.049000008
v -0.031131364 -0.016585691 -0.046000007
v -0.031128565 -0.012638665 -0.049000007
v -0.031128564 -0.012638666 -0.038500007
v -0.031118352 0.017085033 -0.049000004
v -0.031118352 0.017085033 -0.046000004
v -0.031118352 0.017085033 -0.044000004
v -0.031118351 0.017085032 -0.038500004
v -0.031051865 -0.020012743 -0.046000008
v -0.031051865 -0.020012743 -0.044000008
v -0.030956608 0.012643691 -0.038500004
v -0.030956608 0.012643692 -0.049000005
v -0.030828442 0.013488123 -0.038500004
v -0.030828442 0.013488124 -0.049000005
v -0.030780023 -0.016783806 -0.044000007
v -0.030780022 -0.016783807 -0.038500007
v -0.030778406 -0.010331635 -0.038500006
v -0.030778406 -0.010331634 -0.049000007
v -0.03064539 0.011848309 -0.049000005
v -0.030645389 0.011848308 -0.038500004
v -0.030634435 0.022974258 -0.046000004
v -0.030634435 0.022974258 -0.044000003
v -0.030461351 -0.013171877 -0.038500007
v -0.030461351 -0.013171876 -0.049000007
v -0.030452847 0.017800895 -0.046000004
v -0.030452847 0.017800895 -0.044000004
v -0.030452847 0.017800895 -0.038500004
v -0.030452847 0.017800896 -0.049000004
v -0.030295231 0.014155339 -0.038500004
v -0.030295231 0.01415534 -0.049000005
v -0.030278474 -0.01692886 -0.044000007
v -0.030278474 -0.01692886 -0.038500007
v -0.030219247 -0.016936945 -0.049000008
v -0.030219247 -0.016936945 -0.046000008
v -0.030192238 -0.023552338 -0.046000008
v -0.030192238 -0.023552338 -0.044000008
v -0.029983026 -0.010020416 -0.038500006
v -0.029983026 -0.010020415 -0.049000007
v -0.029978176 0.011315097 -0.038500004
v -0.029978176 0.011315098 -0.049000005
v -0.029756471 -0.01693916 -0.044000007
v -0.02975647 -0.01693916 -0.038500007
v -0.029712786 -0.006256983 -0.046000006
v -0.029712786 -0.006256983 -0.044000006
v -0.029712786 -0.006256983 -0.038500006
v -0.029712786 -0.006256982 -0.049000007
v -0.029616922 -0.013300045 -0.038500007
v -0.029616922 -0.013300043 -0.049000007
v -0.029527585 0.018115894 -0.049000004
v -0.029527585 0.018115894 -0.046000004
v -0.029527585 0.018115894 -0.044000004
v -0.029527584 0.018115893 -0.038500004
v -0.029505318 -0.027245892 -0.0457664
v -0.029505318 -0.027245892 -0.044233617
v -0.029499852 0.01446656 -0.049000005
v -0.029499851 0.014466559 -0.038500004
v -0.029442829 0.007424265 -0.046000005
v -0.029442829 0.007424265 -0.044000005
v -0.029442829 0.007424266 -0.049000005
v -0.029442828 0.007424264 -0.038500005
v -0.029249589 -0.016814006 -0.038500007
v -0.029249589 -0.016814005 -0.046000008
v -0.029249589 -0.016814005 -0.044000007
v -0.029249589 -0.016814004 -0.049000008
v -0.029138597 -0.010148582 -0.038500007
v -0.029138597 -0.010148581 -0.049000007
v -0.02913374 0.011186931 -0.049000005
v -0.029133739 0.011186929 -0.038500004
v -0.028994736 -0.025011788 -0.046000008
v -0.028994736 -0.025011788 -0.044000008
v -0.028835813 0.023256964 -0.046000004
v -0.028835813 0.023256964 -0.044000003
v -0.028821535 -0.012988823 -0.049000007
v -0.028821534 -0.012988824 -0.038500007
v -0.028722448 0.032123953 -0.045400004
v -0.028722448 0.032123953 -0.044599999
v -0.028655415 0.014338392 -0.038500004
v -0.028655415 0.014338393 -0.049000005
v -0.028633974 -0.005532681 -0.046000006
v -0.028633974 -0.005532681 -0.044000006
v -0.028633974 -0.005532681 -0.038500006
v -0.028633974 -0.00553268 -0.049000007
v -0.028563534 0.017954797 -0.044000004
v -0.028563534 0.017954797 -0.038500004
v -0.028563534 0.017954798 -0.049000004
v -0.028563534 0.017954798 -0.046000004
v -0.028471376 -0.010681793 -0.038500007
v -0.028471376 -0.010681792 -0.049000007
v -0.028393428 0.006657969 -0.046000005
v -0.028393428 0.006657969 -0.044000005
v -0.028393428 0.006657969 -0.038500005
v -0.028393428 0.00665797 -0.049000005
v -0.02833836 0.011498151 -0.049000005
v -0.028338359 0.01149815 -0.038500004
v -0.028288324 -0.012321608 -0.038500007
v -0.028288324 -0.012321607 -0.049000007
v -0.028160158 -0.011477176 -0.049000007
v -0.028160157 -0.011477177 -0.038500007
v -0.027991816 -0.000676519 -0.044000006
v -0.027991816 -0.000676518 -0.049000006
v -0.027991816 -0.000676518 -0.046000006
v -0.027988201 0.013805181 -0.038500004
v -0.027988201 0.013805182 -0.049000005
v -0.027962634 -0.004420141 -0.049000006
v -0.027962633 -0.004420142 -0.044000006
v -0.027962633 -0.004420142 -0.038500006
v -0.027962633 -0.004420141 -0.046000006
v -0.027943339 0.001780255 -0.049000006
v -0.027943339 0.001780255 -0.046000006
v -0.027943339 0.001780255 -0.044000006
v -0.02782715 -0.003106349 -0.034500004
v -0.027824709 -0.003128082 -0.046000006
v -0.027824709 -0.003128082 -0.044000006
v -0.027824709 -0.003128082 -0.038500006
v -0.027824709 -0.003128081 -0.049000006
v -0.027805149 0.012165366 -0.038500004
v -0.027805149 0.012165367 -0.049000005
v -0.027802519 0.032923358 -0.045400004
v -0.027802519 0.032923358 -0.044599999
v -0.027766506 0.005519812 -0.046000005
v -0.027766506 0.005519813 -0.049000006
v -0.027766505 0.005519812 -0.044000005
v -0.027766505 0.005519812 -0.038500005
v -0.027726746 -0.026410441 -0.046000009
v -0.027726745 -0.026410441 -0.044000008
v -0.027679652 0.004223317 -0.038500005
v -0.027679652 0.004223318 -0.049000006
v -0.027679652 0.004223318 -0.046000006
v -0.027679652 0.004223318 -0.044000005
v -0.027676983 0.013009798 -0.038500004
v -0.027676983 0.013009799 -0.049000005
v -0.02734847 0.024307097 -0.046000004
v -0.02734847 0.024307097 -0.044000003
v -0.027245893 0.029505339 -0.045766395
v -0.027245893 0.029505339 -0.044233611
v -0.026926056 -0.026337735 -0.044000008
v -0.026926056 -0.026337734 -0.046000009
v -0.026862924 -0.007898285 -0.038500006
v -0.02686035 0.033696425 -0.045400004
v -0.02686035 0.033696425 -0.044599999
v -0.026833322 -0.002995408 -0.033500004
v -0.026530437 0.008951865 -0.038500005
v -0.026480131 0.025907397 -0.046000003
v -0.02648013 0.025907397 -0.044000003
v -0.026410444 0.027726769 -0.046000003
v -0.026410444 0.027726769 -0.044000003
v -0.026336405 -0.002939936 -0.043000006
v -0.026336405 -0.002939935 -0.049000006
v -0.026126984 -0.026426504 -0.046000009
v -0.026126983 -0.026426504 -0.044000009
v -0.026068963 -0.015569477 -0.046000008
v -0.026068963 -0.015569477 -0.044000007
v -0.026068963 -0.015569477 -0.038500007
v -0.026068963 -0.015569476 -0.049000008
v -0.025896696 0.034442542 -0.045400004
v -0.025896696 0.034442542 -0.044599999
v -0.025839495 -0.002884466 -0.037000004
v -0.025839495 -0.002884465 -0.043000006
v -0.025652194 0.011223403 -0.034500002
v -0.025434475 0.016585765 -0.038500004
v -0.025434475 0.016585766 -0.049000005
v -0.025434475 0.016585766 -0.046000004
v -0.025434475 0.016585766 -0.044000004
v -0.02536177 -0.02667317 -0.046000009
v -0.02536177 -0.02667317 -0.044000009
v -0.025308641 -0.015381743 -0.049000008
v -0.02530864 -0.015381744 -0.046000008
v -0.025089761 -0.012429928 -0.038500007
v -0.025011793 0.028994752 -0.046000003
v -0.025011793 0.028994752 -0.044000003
v -0.024845667 -0.002773525 -0.036000004
v -0.024785073 -0.015369295 -0.044000007
v -0.024785073 -0.015369295 -0.038500007
v -0.024754264 -0.035272545 -0.045400011
v -0.024754264 -0.035272545 -0.044600006
v -0.024736041 0.010822567 -0.033500002
v -0.024579891 0.013410033 -0.038500004
v -0.024525636 -0.015397194 -0.049000008
v -0.024525636 -0.015397194 -0.046000008
v -0.024277973 0.01062215 -0.043000005
v -0.024277973 0.010622151 -0.049000005
v -0.024159481 0.016335092 -0.038500004
v -0.024159481 0.016335093 -0.049000005
v -0.024159481 0.016335093 -0.046000004
v -0.024159481 0.016335093 -0.044000004
v -0.02403125 -0.027618521 -0.046000009
v -0.02403125 -0.027618521 -0.044000009
v -0.023819896 0.010421732 -0.037000003
v -0.023819896 0.010421733 -0.043000005
v -0.023773309 -0.015614775 -0.049000008
v -0.023773309 -0.015614775 -0.046000008
v -0.023746878 -0.035958474 -0.044600006
v -0.023746878 -0.035958473 -0.045400011
v -0.023616835 0.032483062 -0.045766395
v -0.023616834 0.032483062 -0.044233611
v -0.023595199 -0.032498753 -0.045766401
v -0.023595199 -0.032498753 -0.044233617
v -0.023552343 0.03019226 -0.046000003
v -0.023552343 0.03019226 -0.044000003
v -0.023536965 -0.015730788 -0.044000008
v -0.023536965 -0.015730788 -0.038500007
v -0.023354929 -0.002607113 -0.033500004
v -0.023354929 -0.002607112 -0.036000004
v -0.023313661 -0.015865775 -0.049000008
v -0.02331366 -0.015865775 -0.046000008
v -0.023188713 -0.029016413 -0.046000009
v -0.023188712 -0.029016413 -0.044000009
v -0.022974235 -0.03063443 -0.046000009
v -0.022974235 -0.03063443 -0.044000009
v -0.022904672 -0.016192885 -0.049000008
v -0.022904671 -0.016192886 -0.046000008
v -0.022903743 0.010020896 -0.036000003
v -0.022898091 0.016647068 -0.046000004
v -0.022898091 0.016647069 -0.049000005
v -0.02289809 0.016647068 -0.044000004
v -0.02289809 0.016647068 -0.038500004
v -0.022720503 -0.036615639 -0.045400011
v -0.022720503 -0.036615639 -0.044600006
v -0.022558801 -0.016586137 -0.049000008
v -0.0225588 -0.016586138 -0.038500007
v -0.0225588 -0.016586137 -0.046000008
v -0.0225588 -0.016586137 -0.044000008
v -0.022545838 -0.016603754 -0.034500005
v -0.022035642 0.031316382 -0.044000003
v -0.022035642 0.031316383 -0.046000003
v -0.021886937 0.017463164 -0.049000005
v -0.021886936 0.017463163 -0.038500004
v -0.021886936 0.017463164 -0.046000004
v -0.021886936 0.017463164 -0.044000004
v -0.021740624 -0.016010762 -0.033500005
v -0.021675948 -0.037243515 -0.045400011
v -0.021675948 -0.037243515 -0.044600006
v -0.021529521 0.009419642 -0.033500003
v -0.021529521 0.009419643 -0.036000003
v -0.021436454 -0.031729523 -0.044000009
v -0.021436454 -0.031729522 -0.046000009
v -0.021338021 -0.015714265 -0.049000008
v -0.021338021 -0.015714265 -0.043000008
v -0.021017747 -0.018500098 -0.049000008
v -0.021017746 -0.018500099 -0.044000008
v -0.021017746 -0.018500098 -0.046000008
v -0.020935418 -0.01541777 -0.043000008
v -0.020935418 -0.01541777 -0.037000005
v -0.02027158 0.019314843 -0.049000004
v -0.02027158 0.019314843 -0.046000004
v -0.02027158 0.019314843 -0.044000004
v -0.020237691 0.031029445 -0.046000003
v -0.020237691 0.031029445 -0.044000003
v -0.020130211 -0.014824778 -0.036000005
v -0.019846557 -0.03274749 -0.046000009
v -0.019846556 -0.03274749 -0.044000009
v -0.019641776 -0.035030029 -0.045766401
v -0.019641776 -0.035030029 -0.044233618
v -0.01931482 -0.020271579 -0.046000008
v -0.01931482 -0.020271578 -0.049000008
v -0.019314819 -0.020271579 -0.044000008
v -0.018922394 -0.013935291 -0.036000005
v -0.018922394 -0.013935291 -0.033500005
v -0.018500104 0.021017766 -0.049000004
v -0.018500103 0.021017766 -0.046000004
v -0.018500103 0.021017766 -0.044000004
v -0.018498632 0.031568567 -0.046000003
v -0.018498632 0.031568567 -0.044000003
v -0.018208426 -0.033685859 -0.04600001
v -0.018208426 -0.033685859 -0.04400001
v -0.018115875 -0.029527579 -0.049000009
v -0.018115874 -0.02952758 -0.046000009
v -0.018115874 -0.02952758 -0.044000009
v -0.018115874 -0.02952758 -0.038500009
v -0.01795478 -0.028563528 -0.044000009
v -0.01795478 -0.028563528 -0.038500009
v -0.01795478 -0.028563527 -0.049000009
v -0.01795478 -0.028563527 -0.046000009
v -0.017800872 -0.030452849 -0.038500009
v -0.017800872 -0.030452848 -0.049000009
v -0.017800872 -0.030452848 -0.046000009
v -0.017800872 -0.030452848 -0.044000009
v -0.017463142 -0.021886934 -0.038500008
v -0.017463142 -0.021886933 -0.049000009
v -0.017463142 -0.021886933 -0.046000009
v -0.017463142 -0.021886933 -0.044000008
v -0.01738983 0.039427425 -0.045400004
v -0.01738983 0.039427425 -0.044599999
v -0.017178274 0.032822212 -0.046000003
v -0.017178274 0.032822212 -0.044000003
v -0.017085013 -0.031118347 -0.046000009
v -0.017085013 -0.031118347 -0.044000009
v -0.017085013 -0.031118347 -0.038500009
v -0.017085013 -0.031118346 -0.04900001
v -0.017063613 -0.033264915 -0.04600001
v -0.017063613 -0.033264915 -0.04400001
v -0.016936948 0.030219264 -0.038500003
v -0.016936948 0.030219265 -0.049000003
v -0.016936948 0.030219265 -0.046000003
v -0.016936948 0.030219265 -0.044000003
v -0.016814008 0.029249608 -0.038500003
v -0.016814008 0.029249609 -0.049000004
v -0.016814008 0.029249609 -0.046000003
v -0.016814008 0.029249609 -0.044000003
v -0.016794737 0.036480694 -0.045766394
v -0.016794737 0.036480694 -0.044233611
v -0.016647049 -0.022898086 -0.044000009
v -0.016647049 -0.022898085 -0.049000009
v -0.016647049 -0.022898085 -0.046000009
v -0.016647048 -0.022898086 -0.038500008
v -0.016603756 0.022545855 -0.034500002
v -0.01658614 0.022558818 -0.046000004
v -0.01658614 0.022558818 -0.044000004
v -0.01658614 0.022558818 -0.038500004
v -0.01658614 0.022558819 -0.049000004
v -0.016585746 -0.025434471 -0.038500009
v -0.016585746 -0.02543447 -0.049000009
v -0.016585746 -0.02543447 -0.046000009
v -0.016585746 -0.02543447 -0.044000009
v -0.016585691 0.031131387 -0.044000003
v -0.016585691 0.031131387 -0.038500003
v -0.016585691 0.031131388 -0.049000003
v -0.016585691 0.031131388 -0.046000003
v -0.016549787 0.034531002 -0.046000003
v -0.016549787 0.034531002 -0.044000003
v -0.016335075 -0.024159479 -0.038500008
v -0.016335075 -0.024159478 -0.049000009
v -0.016335075 -0.024159478 -0.046000009
v -0.016335075 -0.024159478 -0.044000009
v -0.016267897 0.039903427 -0.045400004
v -0.016267897 0.039903427 -0.044599999
v -0.016147368 -0.031615055 -0.044000009
v -0.016147368 -0.031615055 -0.038500009
v -0.016010761 0.021740646 -0.033500002
v -0.015845183 -0.033208286 -0.04600001
v -0.015845183 -0.033208286 -0.04400001
v -0.015844137 0.031768127 -0.046000003
v -0.015844137 0.031768127 -0.044000003
v -0.015844137 0.031768128 -0.049000003
v -0.015844136 0.031768127 -0.038500003
v -0.015730794 0.023536989 -0.049000004
v -0.015730794 0.023536989 -0.046000004
v -0.015730793 0.023536988 -0.038500004
v -0.015730793 0.023536989 -0.044000004
v -0.015714268 0.021338042 -0.043000004
v -0.015714268 0.021338043 -0.049000004
v -0.015569478 0.02606898 -0.038500003
v -0.015569478 0.026068981 -0.049000004
v -0.015569478 0.026068981 -0.046000004
v -0.015569478 0.026068981 -0.044000004
v -0.015495193 -0.023321628 -0.038500008
v -0.015417774 0.020935437 -0.043000004
v -0.015417774 0.020935437 -0.037000002
v -0.015369298 0.024785093 -0.049000004
v -0.015369298 0.024785093 -0.046000004
v -0.015369298 0.024785093 -0.044000004
v -0.015369297 0.024785092 -0.038500004
v -0.015195296 -0.032083519 -0.038500009
v -0.015195296 -0.032083518 -0.04900001
v -0.015195296 -0.032083518 -0.04600001
v -0.015195296 -0.032083518 -0.04400001
v -0.015132948 0.040347515 -0.045400004
v -0.015132948 0.040347515 -0.044599999
v -0.014827757 0.035304718 -0.046000003
v -0.014827757 0.035304718 -0.044000003
v -0.014824779 0.020130228 -0.036000002
v -0.014666258 -0.033521236 -0.04600001
v -0.014666258 -0.033521236 -0.04400001
v -0.014466537 -0.029499846 -0.04900001
v -0.014466536 -0.029499847 -0.038500009
v -0.01433837 -0.028655414 -0.038500009
v -0.01433837 -0.028655413 -0.049000009
v -0.014229651 -0.032523319 -0.04400001
v -0.014229651 -0.032523319 -0.038500009
v -0.014155318 -0.030295229 -0.038500009
v -0.014155318 -0.030295228 -0.04900001
v -0.013985892 0.040759327 -0.045400004
v -0.013985892 0.040759327 -0.044599999
v -0.013935291 0.018922415 -0.036000002
v -0.013935291 0.018922415 -0.033500002
v -0.013917814 0.032658001 -0.049000003
v -0.013917814 0.032658001 -0.046000003
v -0.013917814 0.032658001 -0.044000003
v -0.013917813 0.032658 -0.038500003
v -0.01380516 -0.027988198 -0.049000009
v -0.013805159 -0.027988199 -0.038500009
v -0.013636328 -0.034174709 -0.04400001
v -0.013636328 -0.034174708 -0.04600001
v -0.013488105 -0.03082844 -0.04900001
v -0.013488104 -0.030828441 -0.038500009
v -0.01341001 -0.024579887 -0.038500009
v -0.013300046 0.029616939 -0.038500003
v -0.013300046 0.02961694 -0.049000004
v -0.013251288 -0.032934063 -0.038500009
v -0.013251288 -0.032934062 -0.04900001
v -0.013251288 -0.032934062 -0.04600001
v -0.013251288 -0.032934062 -0.04400001
v -0.01317188 0.03046137 -0.038500003
v -0.01317188 0.030461371 -0.049000004
v -0.013069692 0.035992623 -0.046000003
v -0.013069692 0.035992623 -0.044000003
v -0.01300978 -0.027676979 -0.038500009
v -0.01300978 -0.027676978 -0.049000009
v -0.012988828 0.028821556 -0.049000004
v -0.012988827 0.028821555 -0.038500003
v -0.012851012 -0.03510802 -0.04600001
v -0.012851011 -0.03510802 -0.04400001
v -0.012643676 -0.030956606 -0.04900001
v -0.012643675 -0.030956607 -0.038500009
v -0.012642881 -0.041195674 -0.045400012
v -0.012642881 -0.041195674 -0.044600007
v -0.012638669 0.031128587 -0.038500003
v -0.012638669 0.031128588 -0.049000004
v -0.012429928 0.025089784 -0.038500004
v -0.012423124 0.038191231 -0.045766394
v -0.012423124 0.038191231 -0.044233611
v -0.012397703 -0.03819947 -0.045766402
v -0.012397703 -0.03819947 -0.044233618
v -0.012383238 -0.036234508 -0.04600001
v -0.012383238 -0.036234508 -0.04400001
v -0.012321614 0.028288345 -0.038500003
v -0.012321614 0.028288346 -0.049000004
v -0.012261092 -0.033315383 -0.04400001
v -0.012261091 -0.033315384 -0.038500009
v -0.012165343 -0.027805145 -0.038500009
v -0.012165343 -0.027805144 -0.049000009
v -0.01194177 0.033431194 -0.038500003
v -0.01194177 0.033431195 -0.049000003
v -0.01194177 0.033431195 -0.046000003
v -0.01194177 0.033431195 -0.044000003
v -0.011848288 -0.030645387 -0.038500009
v -0.011848288 -0.030645386 -0.04900001
v -0.011843282 0.031439807 -0.038500003
v -0.011843282 0.031439809 -0.049000004
v -0.01149813 -0.028338357 -0.038500009
v -0.01149813 -0.028338356 -0.04900001
v -0.011477178 0.028160178 -0.049000004
v -0.011477177 0.028160177 -0.038500003
v -0.011472837 -0.041536731 -0.045400012
v -0.011472837 -0.041536731 -0.044600007
v -0.011315078 -0.029978171 -0.04900001
v -0.011315077 -0.029978172 -0.038500009
v -0.011279852 0.036593041 -0.046000003
v -0.011279852 0.036593041 -0.044000003
v -0.01125994 -0.033666941 -0.04900001
v -0.01125994 -0.033666941 -0.04600001
v -0.011259939 -0.033666942 -0.04400001
v -0.011259939 -0.033666942 -0.03850001
v -0.01122338 -0.025652193 -0.034500007
v -0.01122338 -0.025652192 -0.038500009
v -0.011186912 -0.02913374 -0.04900001
v -0.011186911 -0.029133741 -0.038500009
v -0.010998853 0.031311639 -0.038500003
v -0.010998853 0.031311641 -0.049000004
v -0.010822547 -0.024736044 -0.033500007
v -0.01068179 0.028471397 -0.038500003
v -0.01068179 0.028471398 -0.049000004
v -0.010622123 -0.024277968 -0.043000009
v -0.010622123 -0.024277967 -0.049000009
v -0.010582312 -0.036800799 -0.04600001
v -0.010582312 -0.036800799 -0.04400001
v -0.010421714 -0.023819892 -0.043000009
v -0.010421714 -0.023819892 -0.037000007
v -0.010331632 0.03077843 -0.049000004
v -0.010331631 0.030778429 -0.038500003
v -0.010293615 -0.041844566 -0.045400012
v -0.010293615 -0.041844566 -0.044600007
v -0.01028533 -0.033741058 -0.03850001
v -0.01028533 -0.033741057 -0.04900001
v -0.01028533 -0.033741057 -0.04600001
v -0.01028533 -0.033741057 -0.04400001
v -0.010148587 0.029138614 -0.038500003
v -0.010148587 0.029138615 -0.049000004
v -0.010020881 -0.022903743 -0.036000007
v -0.010020413 0.029983045 -0.038500003
v -0.010020413 0.029983046 -0.049000004
v -0.009923063 0.034084946 -0.046000003
v -0.009923063 0.034084946 -0.044000003
v -0.009923063 0.034084947 -0.049000003
v -0.009923062 0.034084946 -0.038500003
v -0.009658567 0.03576455 -0.046000003
v -0.009658567 0.03576455 -0.044000003
v -0.009466749 0.03416203 -0.049000003
v -0.009466749 0.03416203 -0.046000003
v -0.009419624 -0.021529517 -0.036000006
v -0.009419623 -0.021529517 -0.033500006
v -0.009391989 -0.033344467 -0.03850001
v -0.009391989 -0.033344466 -0.04900001
v -0.009391989 -0.033344466 -0.04600001
v -0.009391989 -0.033344466 -0.04400001
v -0.009106161 -0.042118926 -0.045400012
v -0.00910616 -0.042118926 -0.044600007
v -0.009004926 0.034132172 -0.046000003
v -0.009004926 0.034132173 -0.049000003
v -0.00895185 -0.026530431 -0.038500009
v -0.008946286 0.03412056 -0.044000003
v -0.008946286 0.03412056 -0.038500003
v -0.00879328 -0.032571883 -0.04600001
v -0.00879328 -0.032571883 -0.04400001
v -0.00879328 -0.032571883 -0.03850001
v -0.00879328 -0.032571882 -0.04900001
v -0.008755667 -0.03727764 -0.04600001
v -0.008755667 -0.03727764 -0.04400001
v -0.008562345 0.033996968 -0.049000003
v -0.008562345 0.033996968 -0.046000003
v -0.00811543 0.033727048 -0.049000003
v -0.00811543 0.033727048 -0.046000003
v -0.008069287 0.033689034 -0.044000003
v -0.008069287 0.033689034 -0.038500003
v -0.007898281 0.026862942 -0.038500004
v -0.007855566 -0.039385184 -0.045766402
v -0.007855566 -0.039385184 -0.044233619
v -0.007838026 0.035739888 -0.046000003
v -0.007838025 0.035739888 -0.044000003
v -0.007753599 0.033350652 -0.049000004
v -0.007753598 0.033350652 -0.046000003
v -0.007501508 0.032893433 -0.046000003
v -0.007501508 0.032893433 -0.044000003
v -0.007501508 0.032893433 -0.038500003
v -0.007501508 0.032893434 -0.049000004
v -0.007424247 -0.029442823 -0.04900001
v -0.007424246 -0.029442824 -0.04600001
v -0.007424246 -0.029442824 -0.04400001
v -0.007424246 -0.029442824 -0.038500009
v -0.006907736 -0.037663874 -0.04600001
v -0.006907736 -0.037663874 -0.04400001
v -0.00665795 -0.028393428 -0.038500009
v -0.00665795 -0.028393427 -0.04900001
v -0.00665795 -0.028393427 -0.04600001
v -0.00665795 -0.028393427 -0.044000009
v -0.006612586 -0.027207961 -0.038500009
v -0.006256986 0.029712806 -0.049000004
v -0.006256985 0.029712805 -0.044000004
v -0.006256985 0.029712805 -0.038500003
v -0.006256985 0.029712806 -0.046000004
v -0.006194898 0.036524159 -0.044000003
v -0.006194898 0.03652416 -0.046000003
v -0.005878857 0.029026978 -0.044000004
v -0.005878857 0.029026978 -0.038500004
v -0.005573828 -0.036723303 -0.04600001
v -0.005573827 -0.036723303 -0.04400001
v -0.005532681 0.028633996 -0.049000004
v -0.005532681 0.028633996 -0.046000004
v -0.005519797 -0.027766499 -0.044000009
v -0.005519797 -0.027766499 -0.038500009
v -0.005519797 -0.027766498 -0.04900001
v -0.005519797 -0.027766498 -0.04600001
v -0.005336117 0.028462385 -0.038500004
v -0.005336117 0.028462386 -0.044000004
v -0.00506912 0.037955102 -0.046000003
v -0.00506912 0.037955102 -0.044000003
v -0.004699598 0.039885064 -0.044233611
v -0.004699598 0.039885065 -0.045766395
v -0.004665738 0.028057502 -0.044000004
v -0.004665737 0.028057501 -0.038500004
v -0.004420148 0.027962657 -0.049000004
v -0.004420147 0.027962657 -0.046000004
v -0.004354979 0.042871465 -0.045400004
v -0.004354979 0.042871465 -0.044599999
v -0.004223304 -0.027679651 -0.04900001
v -0.004223303 -0.027679652 -0.038500009
v -0.004223303 -0.027679651 -0.04600001
v -0.004223303 -0.027679651 -0.04400001
v -0.004169445 0.027890259 -0.038500004
v -0.004169445 0.02789026 -0.044000004
v -0.003975347 -0.036393412 -0.04600001
v -0.003975347 -0.036393412 -0.04400001
v -0.003651638 0.027811873 -0.044000004
v -0.003651638 0.027811873 -0.038500004
v -0.003192274 0.038158815 -0.046000003
v -0.003192274 0.038158815 -0.044000003
v -0.003140852 0.042977476 -0.045400004
v -0.003140852 0.042977476 -0.044599999
v -0.003128079 0.027824732 -0.038500004
v -0.003128079 0.027824733 -0.049000004
v -0.003128079 0.027824733 -0.046000004
v -0.003128079 0.027824733 -0.044000004
v -0.00310635 0.027827166 -0.034500002
v -0.002995403 0.026833339 -0.033500002
v -0.002939938 0.026336426 -0.043000004
v -0.002939938 0.026336427 -0.049000004
v -0.002884472 0.025839512 -0.037000002
v -0.002884472 0.025839513 -0.043000004
v -0.002773525 0.024845686 -0.036000002
v -0.002607112 0.023354944 -0.036000002
v -0.002607112 0.023354944 -0.033500002
v -0.002378057 -0.03672904 -0.046000011
v -0.002378057 -0.03672904 -0.04400001
v -0.001924223 0.043049108 -0.045400004
v -0.001924223 0.043049108 -0.044599999
v -0.001780234 -0.027943338 -0.04900001
v -0.001780234 -0.027943338 -0.04600001
v -0.001780234 -0.027943338 -0.04400001
v -0.001677572 -0.037123652 -0.044000011
v -0.001677572 -0.037123651 -0.046000011
v -0.001307691 0.038269777 -0.046000003
v -0.001307691 0.038269777 -0.044000003
v -0.001070074 -0.037650286 -0.046000011
v -0.001070073 -0.037650286 -0.044000011
v -0.000706053 0.043086306 -0.045400004
v -0.000706053 0.043086306 -0.044599999
v -0.000676526 0.027991838 -0.049000004
v -0.000676525 0.027991838 -0.046000004
v -0.000676525 0.027991838 -0.044000004
v -0.000580068 -0.038287695 -0.046000011
v -0.000580068 -0.038287695 -0.044000011
v -1.3364e-05 0.040160982 -0.045766395
v -1.3364e-05 0.040160982 -0.044233611
v 1.3377e-05 -0.040160959 -0.045766403
v 1.3377e-05 -0.040160959 -0.044233619
v 0.000580096 0.038287718 -0.046000003
v 0.000580096 0.038287718 -0.044000003
v 0.000676538 -0.027991815 -0.04900001
v 0.000676538 -0.027991815 -0.04600001
v 0.000676538 -0.027991815 -0.04400001
v 0.000706065 -0.043086283 -0.045400013
v 0.000706065 -0.043086283 -0.044600008
v 0.001307704 -0.038269754 -0.046000011
v 0.001307704 -0.038269754 -0.044000011
v 0.001780246 0.027943361 -0.049000004
v 0.001780247 0.027943361 -0.046000004
v 0.001780247 0.027943361 -0.044000004
v 0.001866015 0.03699877 -0.046000003
v 0.001866015 0.03699877 -0.044000003
v 0.001924236 -0.043049086 -0.045400013
v 0.001924236 -0.043049086 -0.044600008
v 0.002607126 -0.023354923 -0.036000007
v 0.002607126 -0.023354923 -0.033500007
v 0.002773538 -0.024845665 -0.036000007
v 0.002884485 -0.025839491 -0.037000007
v 0.002884485 -0.02583949 -0.04300001
v 0.00293995 -0.026336404 -0.04900001
v 0.002939951 -0.026336404 -0.04300001
v 0.002995432 -0.026833319 -0.033500007
v 0.003106363 -0.027827145 -0.034500007
v 0.003128107 -0.027824711 -0.03850001
v 0.003128107 -0.02782471 -0.04900001
v 0.003128107 -0.02782471 -0.04600001
v 0.003128107 -0.02782471 -0.04400001
v 0.003140865 -0.042977453 -0.045400013
v 0.003140865 -0.042977453 -0.044600008
v 0.003192302 -0.038158792 -0.046000011
v 0.003192302 -0.038158792 -0.044000011
v 0.003589816 0.036412741 -0.046000004
v 0.003589816 0.036412741 -0.044000003
v 0.003651651 -0.027811851 -0.04600001
v 0.003651651 -0.02781185 -0.04900001
v 0.004169473 -0.027890237 -0.04600001
v 0.004169473 -0.027890236 -0.04900001
v 0.004223316 0.027679673 -0.038500004
v 0.004223316 0.027679674 -0.049000005
v 0.004223316 0.027679674 -0.046000004
v 0.004223316 0.027679674 -0.044000004
v 0.004354991 -0.042871443 -0.045400013
v 0.004354991 -0.042871443 -0.044600008
v 0.00442016 -0.027962635 -0.03850001
v 0.00442016 -0.027962634 -0.04400001
v 0.004665765 -0.028057478 -0.04900001
v 0.004665766 -0.028057479 -0.04600001
v 0.004699611 -0.039885042 -0.045766403
v 0.004699611 -0.039885042 -0.044233619
v 0.005069133 -0.03795508 -0.044000011
v 0.005069133 -0.037955079 -0.046000011
v 0.00533613 -0.028462363 -0.04900001
v 0.00533613 -0.028462363 -0.04600001
v 0.005394885 0.03665087 -0.046000004
v 0.005394885 0.03665087 -0.044000004
v 0.00551981 0.027766521 -0.046000004
v 0.00551981 0.027766521 -0.044000004
v 0.00551981 0.027766521 -0.038500004
v 0.00551981 0.027766522 -0.049000005
v 0.005532694 -0.028633974 -0.03850001
v 0.005532694 -0.028633973 -0.04400001
v 0.005878885 -0.029026955 -0.04900001
v 0.005878885 -0.029026955 -0.04600001
v 0.006256998 -0.029712783 -0.04600001
v 0.006256998 -0.029712783 -0.04400001
v 0.006256998 -0.029712783 -0.03850001
v 0.006256998 -0.029712782 -0.04900001
v 0.006375346 -0.036387956 -0.046000011
v 0.006375346 -0.036387956 -0.044000011
v 0.006612599 0.027207982 -0.038500004
v 0.006657963 0.028393449 -0.038500004
v 0.006657963 0.02839345 -0.049000005
v 0.006657963 0.02839345 -0.046000004
v 0.006657963 0.02839345 -0.044000004
v 0.006907748 0.037663897 -0.046000004
v 0.006907748 0.037663897 -0.044000003
v 0.007424259 0.029442846 -0.044000004
v 0.007424259 0.029442846 -0.038500004
v 0.007424259 0.029442847 -0.049000005
v 0.007424259 0.029442847 -0.046000004
v 0.007501536 -0.032893411 -0.046000011
v 0.007501536 -0.032893411 -0.04400001
v 0.007501536 -0.032893411 -0.03850001
v 0.007501536 -0.03289341 -0.049000011
v 0.007753611 -0.033350629 -0.044000011
v 0.007753611 -0.033350629 -0.03850001
v 0.007855578 0.039385207 -0.045766395
v 0.007855578 0.039385207 -0.044233612
v 0.00789831 -0.02686292 -0.03850001
v 0.0080693 -0.033689011 -0.049000011
v 0.0080693 -0.033689011 -0.046000011
v 0.008115443 -0.033727026 -0.03850001
v 0.008115443 -0.033727025 -0.044000011
v 0.008284251 -0.035668126 -0.046000011
v 0.008284251 -0.035668126 -0.044000011
v 0.008562358 -0.033996946 -0.03850001
v 0.008562358 -0.033996945 -0.044000011
v 0.008755679 0.037277663 -0.046000004
v 0.008755679 0.037277663 -0.044000004
v 0.008793293 0.032571905 -0.044000004
v 0.008793293 0.032571905 -0.038500004
v 0.008793293 0.032571906 -0.049000004
v 0.008793293 0.032571906 -0.046000004
v 0.008946299 -0.034120538 -0.046000011
v 0.008946299 -0.034120537 -0.049000011
v 0.008951863 0.026530452 -0.038500004
v 0.009004954 -0.03413215 -0.044000011
v 0.009004954 -0.03413215 -0.03850001
v 0.009106189 0.042118949 -0.045400005
v 0.009106189 0.042118949 -0.0446
v 0.009392017 0.033344488 -0.038500004
v 0.009392017 0.033344489 -0.049000004
v 0.009392017 0.033344489 -0.046000004
v 0.009392017 0.033344489 -0.044000004
v 0.009419637 0.021529538 -0.036000003
v 0.009419637 0.021529538 -0.033500003
v 0.009466761 -0.034162007 -0.044000011
v 0.009466762 -0.034162008 -0.03850001
v 0.009923075 -0.034084924 -0.044000011
v 0.009923075 -0.034084923 -0.049000011
v 0.009923075 -0.034084923 -0.046000011
v 0.009923076 -0.034084924 -0.03850001
v 0.010020441 -0.029983023 -0.049000011
v 0.010020442 -0.029983024 -0.03850001
v 0.010020894 0.022903764 -0.036000003
v 0.0101486 -0.029138593 -0.03850001
v 0.0101486 -0.029138592 -0.04900001
v 0.010285358 0.033741079 -0.038500004
v 0.010285358 0.03374108 -0.049000004
v 0.010285358 0.03374108 -0.046000004
v 0.010285358 0.03374108 -0.044000004
v 0.010293643 0.041844588 -0.045400005
v 0.010293643 0.041844588 -0.0446
v 0.010299983 -0.035982579 -0.046000011
v 0.010299983 -0.035982579 -0.044000011
v 0.01033166 -0.030778407 -0.03850001
v 0.01033166 -0.030778406 -0.049000011
v 0.010421727 0.023819913 -0.037000003
v 0.010421727 0.023819914 -0.043000005
v 0.010582324 0.036800822 -0.046000004
v 0.010582324 0.036800822 -0.044000004
v 0.010622151 0.02427799 -0.043000005
v 0.010622151 0.024277991 -0.049000005
v 0.010645762 -0.036154183 -0.046000011
v 0.010645762 -0.036154183 -0.044000011
v 0.010681818 -0.028471376 -0.03850001
v 0.010681818 -0.028471374 -0.04900001
v 0.01082256 0.024736064 -0.033500002
v 0.010973414 -0.036358296 -0.046000011
v 0.010973415 -0.036358296 -0.044000011
v 0.010998865 -0.031311617 -0.049000011
v 0.010998866 -0.031311618 -0.03850001
v 0.011186924 0.029133762 -0.038500004
v 0.011186924 0.029133763 -0.049000005
v 0.011223393 0.025652213 -0.034500002
v 0.011223393 0.025652214 -0.038500005
v 0.011259952 0.033666964 -0.046000004
v 0.011259952 0.033666964 -0.044000004
v 0.011259952 0.033666965 -0.049000004
v 0.011259953 0.033666964 -0.038500004
v 0.011279872 -0.036593018 -0.046000011
v 0.011279872 -0.036593018 -0.044000011
v 0.011315098 0.029978193 -0.038500004
v 0.011315098 0.029978194 -0.049000005
v 0.011472857 0.041536754 -0.045400005
v 0.011472857 0.041536754 -0.0446
v 0.011477198 -0.028160155 -0.03850001
v 0.011477198 -0.028160154 -0.04900001
v 0.011498142 0.02833838 -0.049000005
v 0.011498143 0.028338379 -0.038500004
v 0.011843302 -0.031439785 -0.049000011
v 0.011843303 -0.031439786 -0.03850001
v 0.011848301 0.030645409 -0.038500004
v 0.011848301 0.03064541 -0.049000005
v 0.011941783 -0.033431173 -0.03850001
v 0.011941783 -0.033431172 -0.046000011
v 0.011941783 -0.033431172 -0.044000011
v 0.011941783 -0.033431171 -0.049000011
v 0.012165364 0.027805166 -0.038500004
v 0.012165364 0.027805167 -0.049000005
v 0.012261112 0.033315406 -0.049000004
v 0.012261112 0.033315406 -0.046000004
v 0.012321634 -0.028288322 -0.04900001
v 0.012321635 -0.028288323 -0.03850001
v 0.012383258 0.03623453 -0.044000004
v 0.012383258 0.036234531 -0.046000004
v 0.012397724 0.038199492 -0.044233612
v 0.012397724 0.038199493 -0.045766395
v 0.012423137 -0.038191209 -0.044233619
v 0.012423137 -0.038191208 -0.045766403
v 0.012429941 -0.025089762 -0.03850001
v 0.012638682 -0.031128566 -0.03850001
v 0.012638682 -0.031128565 -0.049000011
v 0.012642901 0.041195697 -0.045400005
v 0.012642901 0.041195697 -0.0446
v 0.012643696 0.030956629 -0.038500004
v 0.012643696 0.03095663 -0.049000005
v 0.01298884 -0.028821533 -0.049000011
v 0.012988841 -0.028821534 -0.03850001
v 0.0130098 0.027677001 -0.049000005
v 0.013009801 0.027677 -0.038500004
v 0.013069713 -0.0359926 -0.046000011
v 0.013069713 -0.0359926 -0.044000011
v 0.0131719 -0.030461347 -0.049000011
v 0.013171901 -0.030461348 -0.03850001
v 0.01320792 0.034611297 -0.046000004
v 0.01320792 0.034611297 -0.044000004
v 0.013251301 0.032934084 -0.038500004
v 0.013251301 0.032934085 -0.049000004
v 0.013251301 0.032934085 -0.046000004
v 0.013251301 0.032934085 -0.044000004
v 0.013300059 -0.029616917 -0.03850001
v 0.013300059 -0.029616916 -0.049000011
v 0.013410024 0.024579908 -0.038500005
v 0.013488117 0.030828464 -0.049000005
v 0.013488118 0.030828463 -0.038500004
v 0.01380518 0.02798822 -0.038500004
v 0.01380518 0.027988221 -0.049000005
v 0.013917826 -0.032657978 -0.049000011
v 0.013917826 -0.032657978 -0.046000011
v 0.013917827 -0.032657979 -0.03850001
v 0.013917827 -0.032657978 -0.044000011
v 0.013935312 -0.018922395 -0.033500007
v 0.013935312 -0.018922394 -0.036000007
v 0.013985912 -0.040759305 -0.045400013
v 0.013985912 -0.040759305 -0.044600008
v 0.014155338 0.030295251 -0.049000005
v 0.014155339 0.03029525 -0.038500004
v 0.014229664 0.032523341 -0.046000004
v 0.014229664 0.032523342 -0.049000005
v 0.014338383 0.028655436 -0.038500004
v 0.014338383 0.028655437 -0.049000005
v 0.014466557 0.029499869 -0.038500004
v 0.014466557 0.02949987 -0.049000005
v 0.014666279 0.033521258 -0.044000004
v 0.014666279 0.033521259 -0.046000004
v 0.014824793 -0.020130208 -0.036000007
v 0.014827769 -0.035304696 -0.044000011
v 0.014827769 -0.035304695 -0.046000011
v 0.015132961 -0.040347493 -0.045400013
v 0.015132961 -0.040347493 -0.044600008
v 0.015195316 0.032083541 -0.049000005
v 0.015195316 0.032083541 -0.046000004
v 0.015195316 0.032083541 -0.044000004
v 0.015195317 0.03208354 -0.038500004
v 0.015369318 -0.024785071 -0.03850001
v 0.015369318 -0.02478507 -0.04900001
v 0.015369318 -0.02478507 -0.04600001
v 0.015369318 -0.02478507 -0.04400001
v 0.015417795 -0.020935416 -0.037000007
v 0.015417795 -0.020935415 -0.04300001
v 0.015495214 0.02332165 -0.038500005
v 0.015569498 -0.026068958 -0.04900001
v 0.015569498 -0.026068958 -0.04600001
v 0.015569498 -0.026068958 -0.04400001
v 0.015569499 -0.026068959 -0.03850001
v 0.015714288 -0.021338019 -0.04900001
v 0.015714289 -0.02133802 -0.04300001
v 0.015730814 -0.023536967 -0.03850001
v 0.015730814 -0.023536966 -0.04900001
v 0.015730814 -0.023536966 -0.04600001
v 0.015730814 -0.023536966 -0.04400001
v 0.015844157 -0.031768105 -0.044000011
v 0.015844157 -0.031768105 -0.03850001
v 0.015844157 -0.031768104 -0.049000011
v 0.015844157 -0.031768104 -0.046000011
v 0.016010782 -0.021740626 -0.033500007
v 0.016147389 0.031615077 -0.046000005
v 0.016147389 0.031615078 -0.049000005
v 0.01626791 -0.039903405 -0.045400013
v 0.01626791 -0.039903405 -0.044600008
v 0.016335088 0.0241595 -0.038500005
v 0.016335088 0.024159501 -0.049000005
v 0.016335088 0.024159501 -0.046000005
v 0.016335088 0.024159501 -0.044000005
v 0.016456577 0.033189941 -0.046000004
v 0.016456577 0.033189941 -0.044000004
v 0.0165498 -0.034530979 -0.046000011
v 0.0165498 -0.034530979 -0.044000011
v 0.016585719 -0.031131365 -0.046000011
v 0.016585719 -0.031131365 -0.044000011
v 0.016585719 -0.031131365 -0.03850001
v 0.016585719 -0.031131364 -0.049000011
v 0.016585759 0.025434492 -0.038500005
v 0.016585759 0.025434493 -0.049000005
v 0.016585759 0.025434493 -0.046000005
v 0.016585759 0.025434493 -0.044000005
v 0.01658616 -0.022558795 -0.04900001
v 0.016586161 -0.022558796 -0.04400001
v 0.016586161 -0.022558796 -0.03850001
v 0.016586161 -0.022558795 -0.04600001
v 0.01660377 -0.022545834 -0.034500007
v 0.016647069 0.022898108 -0.046000005
v 0.016647069 0.022898108 -0.044000005
v 0.016647069 0.022898108 -0.038500005
v 0.016647069 0.022898109 -0.049000006
v 0.01679475 -0.036480671 -0.045766403
v 0.01679475 -0.036480671 -0.044233619
v 0.016814021 -0.029249587 -0.03850001
v 0.016814021 -0.029249586 -0.046000011
v 0.016814021 -0.029249586 -0.044000011
v 0.016814021 -0.029249585 -0.049000011
v 0.016936961 -0.030219243 -0.03850001
v 0.016936961 -0.030219242 -0.049000011
v 0.016936961 -0.030219242 -0.046000011
v 0.016936961 -0.030219242 -0.044000011
v 0.017085026 0.031118369 -0.046000005
v 0.017085026 0.031118369 -0.044000005
v 0.017085026 0.031118369 -0.038500004
v 0.017085026 0.03111837 -0.049000005
v 0.017178294 -0.032822189 -0.046000011
v 0.017178294 -0.032822189 -0.044000011
v 0.017389843 -0.039427403 -0.045400013
v 0.017389843 -0.039427403 -0.044600008
v 0.017463155 0.021886955 -0.038500005
v 0.017463155 0.021886956 -0.049000006
v 0.017463155 0.021886956 -0.046000006
v 0.017463155 0.021886956 -0.044000005
v 0.017800892 0.030452871 -0.049000005
v 0.017800892 0.030452871 -0.046000005
v 0.017800892 0.030452871 -0.044000005
v 0.017800893 0.03045287 -0.038500004
v 0.017954792 0.028563551 -0.049000005
v 0.017954793 0.02856355 -0.046000005
v 0.017954793 0.02856355 -0.044000005
v 0.017954793 0.02856355 -0.038500005
v 0.018115895 0.029527602 -0.044000005
v 0.018115895 0.029527602 -0.038500004
v 0.018115895 0.029527603 -0.049000005
v 0.018115895 0.029527603 -0.046000005
v 0.018208439 0.033685882 -0.046000004
v 0.018208439 0.033685882 -0.044000004
v 0.018498652 -0.031568544 -0.046000011
v 0.018498652 -0.031568544 -0.044000011
v 0.018500116 -0.021017743 -0.04900001
v 0.018500116 -0.021017743 -0.04600001
v 0.018500116 -0.021017743 -0.04400001
v 0.018922415 0.013935312 -0.036000004
v 0.018922415 0.013935312 -0.033500004
v 0.01931484 0.020271602 -0.049000006
v 0.01931484 0.020271602 -0.046000006
v 0.01931484 0.020271602 -0.044000006
v 0.019641788 0.035030052 -0.045766396
v 0.019641789 0.035030052 -0.044233612
v 0.019846577 0.032747512 -0.044000004
v 0.019846577 0.032747513 -0.046000005
v 0.020130225 0.014824799 -0.036000004
v 0.020237712 -0.031029422 -0.046000011
v 0.020237712 -0.031029422 -0.044000011
v 0.0202716 -0.01931482 -0.04900001
v 0.0202716 -0.01931482 -0.04600001
v 0.020271601 -0.01931482 -0.04400001
v 0.020935431 0.015417791 -0.037000004
v 0.020935431 0.015417792 -0.043000006
v 0.021017767 0.018500121 -0.046000006
v 0.021017767 0.018500121 -0.044000006
v 0.021017767 0.018500122 -0.049000006
v 0.021338034 0.015714287 -0.043000006
v 0.021338034 0.015714288 -0.049000006
v 0.021436467 0.031729545 -0.046000005
v 0.021436467 0.031729545 -0.044000005
v 0.021529534 -0.009419622 -0.036000006
v 0.021529535 -0.009419622 -0.033500006
v 0.021675968 0.037243538 -0.045400006
v 0.021675968 0.037243538 -0.044600001
v 0.021740637 0.016010782 -0.033500004
v 0.021886957 -0.017463142 -0.038500009
v 0.021886957 -0.017463141 -0.04900001
v 0.021886957 -0.017463141 -0.04600001
v 0.021886957 -0.017463141 -0.04400001
v 0.022035655 -0.03131636 -0.046000011
v 0.022035655 -0.03131636 -0.044000011
v 0.022126857 -0.031354923 -0.045989503
v 0.022126857 -0.031354923 -0.044010517
v 0.022545859 0.016603775 -0.034500004
v 0.022558813 0.016586159 -0.038500006
v 0.022558813 0.01658616 -0.049000006
v 0.022558813 0.01658616 -0.046000006
v 0.022558813 0.01658616 -0.044000006
v 0.022720524 0.036615662 -0.045400006
v 0.022720524 0.036615662 -0.044600001
v 0.022898111 -0.016647046 -0.04600001
v 0.022898111 -0.016647046 -0.044000009
v 0.022898111 -0.016647046 -0.038500009
v 0.022898111 -0.016647045 -0.04900001
v 0.022903756 -0.010020875 -0.036000007
v 0.022904684 0.016192908 -0.044000006
v 0.022904684 0.016192908 -0.038500006
v 0.022974263 0.030634453 -0.046000005
v 0.022974263 0.030634453 -0.044000005
v 0.023256963 0.028835828 -0.044000005
v 0.023256963 0.028835829 -0.046000005
v 0.023313681 0.015865797 -0.038500006
v 0.023313681 0.015865798 -0.044000006
v 0.023354942 0.002607133 -0.036000005
v 0.023354942 0.002607133 -0.033500005
v 0.023536978 0.01573081 -0.046000006
v 0.023536978 0.015730811 -0.049000007
v 0.023552363 -0.030192237 -0.046000011
v 0.023552363 -0.030192237 -0.044000011
v 0.023595219 0.032498775 -0.044233613
v 0.023595219 0.032498776 -0.045766396
v 0.023616847 -0.032483039 -0.045766403
v 0.023616847 -0.032483039 -0.044233619
v 0.023746891 0.035958496 -0.045400006
v 0.023746891 0.035958496 -0.044600001
v 0.023773321 0.015614798 -0.044000006
v 0.023773322 0.015614797 -0.038500006
v 0.023819909 -0.010421711 -0.037000007
v 0.023819909 -0.01042171 -0.043000009
v 0.024159494 -0.016335071 -0.038500009
v 0.024159494 -0.01633507 -0.04900001
v 0.024159494 -0.01633507 -0.04600001
v 0.024159494 -0.01633507 -0.04400001
v 0.024277993 -0.010622128 -0.043000009
v 0.024277993 -0.010622127 -0.049000009
v 0.024307088 0.027348488 -0.046000005
v 0.024307088 0.027348488 -0.044000005
v 0.024525656 0.015397216 -0.038500006
v 0.024525656 0.015397217 -0.044000006
v 0.024579904 -0.013410011 -0.038500009
v 0.024736063 -0.010822546 -0.033500007
v 0.024754277 0.035272568 -0.045400006
v 0.024754277 0.035272568 -0.044600001
v 0.024785086 0.015369317 -0.046000006
v 0.024785086 0.015369318 -0.049000007
v 0.02484568 0.002773545 -0.036000005
v 0.025011805 -0.028994729 -0.046000011
v 0.025011806 -0.028994729 -0.044000011
v 0.025089774 0.012429949 -0.038500006
v 0.025308661 0.015381766 -0.038500006
v 0.025308661 0.015381767 -0.044000006
v 0.025434488 -0.016585744 -0.038500009
v 0.025434488 -0.016585743 -0.04900001
v 0.025434488 -0.016585743 -0.04600001
v 0.025434488 -0.016585743 -0.04400001
v 0.025652216 -0.011223382 -0.034500007
v 0.025839515 0.002884487 -0.043000008
v 0.025839516 0.002884487 -0.037000005
v 0.025896709 -0.034442519 -0.045400013
v 0.025896709 -0.034442519 -0.044600008
v 0.025907399 0.026480148 -0.046000005
v 0.025907399 0.026480148 -0.044000005
v 0.026068976 0.015569499 -0.044000006
v 0.026068976 0.015569499 -0.038500006
v 0.026068976 0.0155695 -0.049000007
v 0.026068976 0.0155695 -0.046000007
v 0.026336418 0.002939958 -0.043000008
v 0.026336418 0.002939959 -0.049000008
v 0.026410457 -0.027726746 -0.046000011
v 0.026410457 -0.027726746 -0.044000011
v 0.026480143 -0.025907374 -0.046000011
v 0.026480143 -0.025907374 -0.044000011
v 0.02653045 -0.008951844 -0.038500009
v 0.026833336 0.002995428 -0.033500005
v 0.026860363 -0.033696403 -0.044600008
v 0.026860363 -0.033696402 -0.045400013
v 0.026862937 0.007898306 -0.038500007
v 0.027245906 -0.029505317 -0.044233619
v 0.027245906 -0.029505316 -0.045766403
v 0.02734849 -0.024307074 -0.046000011
v 0.02734849 -0.024307074 -0.04400001
v 0.027676996 -0.013009777 -0.038500009
v 0.027676996 -0.013009776 -0.04900001
v 0.027679665 -0.004223296 -0.038500008
v 0.027679665 -0.004223295 -0.049000009
v 0.027679665 -0.004223295 -0.046000009
v 0.027679665 -0.004223295 -0.044000008
v 0.027726766 0.026410463 -0.044000005
v 0.027726766 0.026410464 -0.046000006
v 0.027766518 -0.00551979 -0.046000009
v 0.027766518 -0.00551979 -0.044000009
v 0.027766518 -0.005519789 -0.049000009
v 0.027766519 -0.00551979 -0.038500008
v 0.027802532 -0.032923335 -0.045400013
v 0.027802532 -0.032923335 -0.044600008
v 0.027805169 -0.012165344 -0.049000009
v 0.02780517 -0.012165345 -0.038500009
v 0.02782473 0.003128104 -0.044000008
v 0.02782473 0.003128104 -0.038500007
v 0.02782473 0.003128105 -0.049000008
v 0.02782473 0.003128105 -0.046000008
v 0.027827172 0.003106369 -0.034500005
v 0.027943352 -0.001780232 -0.049000008
v 0.027943352 -0.001780232 -0.046000008
v 0.027943352 -0.001780232 -0.044000008
v 0.027962654 0.004420164 -0.046000008
v 0.027962654 0.004420164 -0.044000008
v 0.027962654 0.004420164 -0.038500007
v 0.027962654 0.004420165 -0.049000008
v 0.027988214 -0.013805159 -0.038500009
v 0.027988214 -0.013805158 -0.04900001
v 0.027991829 0.000676541 -0.046000008
v 0.027991829 0.000676541 -0.044000008
v 0.027991829 0.000676542 -0.049000008
v 0.028160178 0.011477198 -0.038500007
v 0.028160178 0.011477199 -0.049000007
v 0.028288336 0.01232163 -0.049000007
v 0.028288337 0.012321629 -0.038500007
v 0.028338372 -0.011498127 -0.049000009
v 0.028338373 -0.011498128 -0.038500009
v 0.028393441 -0.006657947 -0.044000009
v 0.028393441 -0.006657947 -0.038500008
v 0.028393441 -0.006657946 -0.049000009
v 0.028393441 -0.006657946 -0.046000009
v 0.028471396 0.010681816 -0.049000007
v 0.028471397 0.010681815 -0.038500007
v 0.028563547 -0.017954775 -0.04600001
v 0.028563547 -0.017954775 -0.04400001
v 0.028563547 -0.017954775 -0.03850001
v 0.028563547 -0.017954774 -0.04900001
v 0.028633994 0.005532704 -0.049000008
v 0.028633995 0.005532703 -0.044000008
v 0.028633995 0.005532703 -0.038500007
v 0.028633995 0.005532704 -0.046000008
v 0.028655435 -0.014338371 -0.038500009
v 0.028655435 -0.01433837 -0.04900001
v 0.028722469 -0.032123931 -0.045400013
v 0.028722469 -0.032123931 -0.044600008
v 0.028821555 0.012988846 -0.038500007
v 0.028821555 0.012988847 -0.049000007
v 0.028835825 -0.023256941 -0.04600001
v 0.028835826 -0.023256941 -0.04400001
v 0.028994756 0.02501181 -0.044000006
v 0.028994756 0.025011811 -0.046000006
v 0.029133752 -0.011186908 -0.038500009
v 0.029133752 -0.011186907 -0.049000009
v 0.029138617 0.010148604 -0.049000007
v 0.029138618 0.010148603 -0.038500007
v 0.029249609 0.016814028 -0.049000007
v 0.029249609 0.016814028 -0.046000007
v 0.029249609 0.016814028 -0.044000006
v 0.02924961 0.016814027 -0.038500006
v 0.029442849 -0.007424243 -0.038500009
v 0.029442849 -0.007424242 -0.049000009
v 0.029442849 -0.007424242 -0.046000009
v 0.029442849 -0.007424242 -0.044000009
v 0.029499872 -0.014466538 -0.038500009
v 0.029499872 -0.014466537 -0.04900001
v 0.02950533 0.027245915 -0.045766397
v 0.02950533 0.027245915 -0.044233614
v 0.029527597 -0.018115871 -0.04900001
v 0.029527597 -0.018115871 -0.04600001
v 0.029527598 -0.018115872 -0.03850001
v 0.029527598 -0.018115871 -0.04400001
v 0.029616934 0.013300067 -0.049000007
v 0.029616935 0.013300066 -0.038500007
v 0.029712806 0.006257005 -0.044000007
v 0.029712806 0.006257006 -0.049000008
v 0.029712806 0.006257006 -0.046000008
v 0.029712807 0.006257005 -0.038500007
v 0.029756491 0.016939182 -0.046000007
v 0.029756491 0.016939183 -0.049000007
v 0.029978189 -0.011315075 -0.038500009
v 0.029978189 -0.011315074 -0.049000009
v 0.029983039 0.010020437 -0.038500007
v 0.029983039 0.010020438 -0.049000007
v 0.030192251 0.023552361 -0.046000006
v 0.030192251 0.023552361 -0.044000006
v 0.03021926 0.016936967 -0.038500006
v 0.03021926 0.016936968 -0.044000006
v 0.030278494 0.016928883 -0.049000007
v 0.030278494 0.016928883 -0.046000007
v 0.030295251 -0.014155317 -0.04900001
v 0.030295252 -0.014155318 -0.038500009
v 0.03045286 -0.017800873 -0.04600001
v 0.03045286 -0.017800873 -0.04400001
v 0.03045286 -0.017800873 -0.03850001
v 0.03045286 -0.017800872 -0.04900001
v 0.030461371 0.0131719 -0.049000007
v 0.030461372 0.013171899 -0.038500007
v 0.030634455 -0.022974236 -0.04400001
v 0.030634455 -0.022974235 -0.046000011
v 0.03064541 -0.011848287 -0.038500009
v 0.03064541 -0.011848286 -0.04900001
v 0.030778419 0.010331656 -0.038500007
v 0.030778419 0.010331657 -0.049000007
v 0.030780035 0.016783829 -0.049000007
v 0.030780035 0.016783829 -0.046000007
v 0.030828454 -0.0134881 -0.04900001
v 0.030828455 -0.013488101 -0.038500009
v 0.030956628 -0.012643668 -0.04900001
v 0.030956629 -0.012643669 -0.038500009
v 0.03102944 0.020237711 -0.046000006
v 0.03102944 0.020237711 -0.044000006
v 0.031118372 -0.017085011 -0.03850001
v 0.031118372 -0.01708501 -0.04900001
v 0.031118372 -0.01708501 -0.04600001
v 0.031118372 -0.01708501 -0.04400001
v 0.031128577 0.012638687 -0.038500007
v 0.031128577 0.012638688 -0.049000007
v 0.031131384 0.016585714 -0.044000007
v 0.031131385 0.016585714 -0.038500006
v 0.031179709 0.016550526 -0.049000007
v 0.031179709 0.016550526 -0.046000007
v 0.031311637 0.010998873 -0.038500007
v 0.031311637 0.010998874 -0.049000007
v 0.031316381 0.022035664 -0.046000006
v 0.031316381 0.022035664 -0.044000006
v 0.031439811 0.011843305 -0.038500007
v 0.031439811 0.011843306 -0.049000007
v 0.031515051 0.016231609 -0.046000007
v 0.031515051 0.01623161 -0.049000007
v 0.031568564 0.018498655 -0.044000006
v 0.031568564 0.018498656 -0.046000006
v 0.031729548 -0.021436447 -0.04600001
v 0.031729548 -0.021436447 -0.04400001
v 0.031768118 0.015844156 -0.046000007
v 0.031768118 0.015844157 -0.049000007
v 0.031768119 0.015844156 -0.044000007
v 0.031768119 0.015844156 -0.038500006
v 0.03194485 -0.023299055 -0.045844169
v 0.03194485 -0.023299055 -0.044155852
v 0.032083536 -0.015195294 -0.038500009
v 0.032083536 -0.015195293 -0.04900001
v 0.032083536 -0.015195293 -0.04600001
v 0.032083536 -0.015195293 -0.04400001
v 0.032123952 0.028722472 -0.045400007
v 0.032123952 0.028722472 -0.044600002
v 0.032483053 0.023616852 -0.045766398
v 0.032483053 0.023616852 -0.044233614
v 0.032498774 -0.0235952 -0.044233619
v 0.032498774 -0.023595199 -0.045766402
v 0.032571908 -0.008793274 -0.038500009
v 0.032571908 -0.008793273 -0.049000009
v 0.032571908 -0.008793273 -0.046000009
v 0.032571908 -0.008793273 -0.044000009
v 0.032657996 0.013917835 -0.046000007
v 0.032657996 0.013917835 -0.044000007
v 0.032657996 0.013917835 -0.038500007
v 0.032657996 0.013917836 -0.049000007
v 0.032747507 -0.019846555 -0.04600001
v 0.032747508 -0.019846555 -0.04400001
v 0.032822211 0.017178295 -0.046000007
v 0.032822211 0.017178295 -0.044000007
v 0.032893424 0.007501534 -0.049000008
v 0.032893425 0.007501533 -0.046000008
v 0.032893425 0.007501533 -0.044000007
v 0.032893425 0.007501533 -0.038500007
v 0.03292336 0.02780254 -0.044600002
v 0.03292336 0.027802541 -0.045400007
v 0.032934076 -0.013251287 -0.04600001
v 0.032934076 -0.013251287 -0.04400001
v 0.032934076 -0.013251287 -0.038500009
v 0.032934076 -0.013251286 -0.04900001
v 0.033189936 -0.016456564 -0.04400001
v 0.033189936 -0.016456563 -0.04600001
v 0.033344491 -0.009391991 -0.046000009
v 0.033344491 -0.009391991 -0.044000009
v 0.033344491 -0.00939199 -0.049000009
v 0.033344492 -0.009391991 -0.038500009
v 0.03343119 0.011941789 -0.038500007
v 0.03343119 0.01194179 -0.049000007
v 0.03343119 0.01194179 -0.046000007
v 0.03343119 0.01194179 -0.044000007
v 0.03352125 -0.014666257 -0.04600001
v 0.03352125 -0.014666257 -0.04400001
v 0.033666955 -0.011259936 -0.04900001
v 0.033666955 -0.011259936 -0.046000009
v 0.033666956 -0.011259937 -0.044000009
v 0.033666956 -0.011259937 -0.038500009
v 0.033685877 -0.018208423 -0.04600001
v 0.033685877 -0.018208423 -0.04400001
v 0.033689033 0.008069307 -0.046000008
v 0.033689033 0.008069307 -0.044000007
v 0.033689033 0.008069307 -0.038500007
v 0.033689033 0.008069308 -0.049000008
v 0.033696416 0.026860371 -0.045400007
v 0.033696416 0.026860371 -0.044600002
v 0.033741082 -0.010285332 -0.04900001
v 0.033741083 -0.010285333 -0.046000009
v 0.033741083 -0.010285333 -0.044000009
v 0.033741083 -0.010285333 -0.038500009
v 0.034084937 0.009923077 -0.044000007
v 0.034084937 0.009923078 -0.049000008
v 0.034084937 0.009923078 -0.046000007
v 0.034084938 0.009923077 -0.038500007
v 0.034120551 0.008946309 -0.049000008
v 0.034120552 0.008946308 -0.038500007
v 0.034120552 0.008946309 -0.046000007
v 0.034120552 0.008946309 -0.044000007
v 0.034442541 0.025896718 -0.045400007
v 0.034442541 0.025896718 -0.044600002
v 0.034530997 0.016549805 -0.046000007
v 0.034530997 0.016549805 -0.044000007
v 0.034611292 -0.013207906 -0.04600001
v 0.034611292 -0.013207906 -0.04400001
v 0.035030055 -0.019641777 -0.044233619
v 0.035030055 -0.019641776 -0.045766402
v 0.035272563 -0.024754261 -0.045400012
v 0.035272563 -0.024754261 -0.044600007
v 0.035304709 0.014827777 -0.046000007
v 0.035304709 0.014827777 -0.044000007
v 0.035739891 0.007838046 -0.046000008
v 0.035739891 0.007838046 -0.044000008
v 0.035764549 0.009658585 -0.046000007
v 0.035764549 0.009658585 -0.044000007
v 0.035958491 -0.023746875 -0.045400012
v 0.035958491 -0.023746875 -0.044600007
v 0.035992622 0.013069709 -0.046000007
v 0.035992622 0.013069709 -0.044000007
v 0.036234522 -0.012383233 -0.04600001
v 0.036234522 -0.012383233 -0.04400001
v 0.036412743 -0.003589804 -0.046000009
v 0.036412744 -0.003589804 -0.044000009
v 0.036480689 0.016794758 -0.045766399
v 0.036480689 0.016794758 -0.044233615
v 0.036524162 0.006194912 -0.044000008
v 0.036524162 0.006194913 -0.046000008
v 0.03659304 0.011279872 -0.046000007
v 0.03659304 0.011279872 -0.044000007
v 0.036615657 -0.022720497 -0.045400012
v 0.036615657 -0.022720497 -0.044600007
v 0.036650872 -0.00539487 -0.046000009
v 0.036650872 -0.00539487 -0.044000009
v 0.036800821 -0.010582308 -0.044000009
v 0.036800821 -0.010582307 -0.04600001
v 0.036998772 -0.001865989 -0.046000009
v 0.036998772 -0.001865989 -0.044000009
v 0.037243541 -0.021675945 -0.045400012
v 0.037243541 -0.021675945 -0.044600007
v 0.037277658 -0.008755661 -0.046000009
v 0.037277658 -0.008755661 -0.044000009
v 0.037663888 -0.006907732 -0.044000009
v 0.037663888 -0.006907731 -0.046000009
v 0.037955101 0.005069138 -0.046000008
v 0.037955101 0.005069138 -0.044000008
v 0.038158806 0.0031923 -0.046000008
v 0.038158806 0.0031923 -0.044000008
v 0.03819123 0.012423148 -0.045766399
v 0.03819123 0.012423148 -0.044233615
v 0.038199488 -0.012397697 -0.045766402
v 0.038199488 -0.012397697 -0.044233618
v 0.038269768 0.001307703 -0.044000008
v 0.038269768 0.001307704 -0.046000008
v 0.038287713 -0.000580072 -0.044000009
v 0.038287713 -0.000580071 -0.046000009
v 0.039385202 -0.00785556 -0.045766401
v 0.039385202 -0.00785556 -0.044233618
v 0.03942742 0.017389852 -0.045400008
v 0.039427421 0.017389851 -0.044600003
v 0.039885063 0.004699614 -0.0457664
v 0.039885063 0.004699614 -0.044233616
v 0.039903419 0.016267915 -0.045400008
v 0.039903419 0.016267915 -0.044600003
v 0.040160973 1.3379e-05 -0.0457664
v 0.040160973 1.3379e-05 -0.044233617
v 0.04034751 0.015132967 -0.045400009
v 0.04034751 0.015132967 -0.044600004
v 0.040674585 -0.008302814 -0.045597353
v 0.040674585 -0.008302814 -0.044402664
v 0.04075933 0.013985914 -0.045400009
v 0.04075933 0.013985914 -0.044600004
v 0.041195688 -0.012642881 -0.045400011
v 0.041195688 -0.012642881 -0.044600006
v 0.041536753 -0.011472838 -0.045400011
v 0.041536753 -0.011472838 -0.044600006
v 0.041844583 -0.010293618 -0.044600006
v 0.041844583 -0.010293617 -0.045400011
v 0.042118952 -0.009106164 -0.045400011
v 0.042118952 -0.009106164 -0.044600006
v 0.042871468 0.004354991 -0.04540001
v 0.042871468 0.004354991 -0.044600005
v 0.042977471 0.003140873 -0.044600005
v 0.042977471 0.003140874 -0.04540001
v 0.043049111 0.001924243 -0.04540001
v 0.043049111 0.001924243 -0.044600005
v 0.043086297 0.000706074 -0.04540001
v 0.043086297 0.000706074 -0.044600005
v -0.075704199 -0.130017523 -0.008500013
v -0.075704199 -0.130017522 -0.023500014
v -0.075697676 -0.130537909 -0.008500013
v -0.075697676 -0.130537907 -0.023500014
v -0.075448344 -0.12956432 -0.023500014
v -0.075448343 -0.129564322 -0.008500013
v -0.074999404 -0.129301076 -0.023500014
v -0.074999403 -0.129301077 -0.008500013
v -0.072743673 -0.140976415 -0.023500015
v -0.072743672 -0.140976416 -0.008500014
v -0.072623372 -0.141243735 -0.008500014
v -0.072623372 -0.141243733 -0.023500015
v -0.07243073 -0.141464667 -0.008500015
v -0.07243073 -0.141464665 -0.023500015
v -0.072182294 -0.141620261 -0.008500015
v -0.072182294 -0.141620259 -0.023500015
v -0.071966314 -0.141686879 -0.023500015
v -0.071966313 -0.141686881 -0.008500015
v -0.07174088 -0.141703299 -0.008500015
v -0.07174088 -0.141703297 -0.023500015
v -0.071517522 -0.14166866 -0.023500015
v -0.071517521 -0.141668661 -0.008500015
v -0.070418386 -0.141367879 -0.023500015
v -0.070418385 -0.14136788 -0.008500015
v -0.069971669 -0.14129862 -0.008500015
v -0.069971669 -0.141298619 -0.023500015
v -0.06952081 -0.141331427 -0.008500015
v -0.06952081 -0.141331425 -0.023500015
v -0.069088834 -0.141464665 -0.023500015
v -0.069088833 -0.141464666 -0.008500015
v -0.068821988 -0.141606329 -0.008500015
v -0.068821988 -0.141606328 -0.023500015
v -0.068579518 -0.141786566 -0.008500015
v -0.068579518 -0.141786564 -0.023500015
v -0.068366971 -0.142001271 -0.023500015
v -0.06836697 -0.142001272 -0.008500015
v -0.061023611 -0.133247562 -0.023500015
v -0.06102361 -0.133247563 -0.008500014
v -0.060771162 -0.131584277 -0.023500015
v -0.060771161 -0.131584279 -0.008500014
v -0.060410604 -0.134814227 -0.023500015
v -0.060410603 -0.134814229 -0.008500014
v -0.059720899 -0.13027007 -0.008500014
v -0.059720899 -0.130270068 -0.023500015
v -0.059096387 -0.13586449 -0.023500015
v -0.059096386 -0.135864491 -0.008500014
v -0.058154234 -0.129657061 -0.023500015
v -0.058154233 -0.129657063 -0.008500014
v -0.05743311 -0.136116933 -0.008500015
v -0.05743311 -0.136116931 -0.023500015
v -0.056713458 -0.155704014 -0.023500017
v -0.056713457 -0.155704015 -0.008500017
v -0.056490957 -0.129909518 -0.023500015
v -0.056490956 -0.129909519 -0.008500014
v -0.05613946 -0.163004963 -0.023500018
v -0.056139459 -0.163004965 -0.008500017
v -0.055944445 -0.156932485 -0.008500017
v -0.055944445 -0.156932484 -0.023500017
v -0.055916536 -0.16473937 -0.008500017
v -0.055916536 -0.164739369 -0.023500018
v -0.055866452 -0.135503926 -0.008500015
v -0.055866452 -0.135503924 -0.023500015
v -0.055592623 -0.15977886 -0.008500017
v -0.055592623 -0.159778858 -0.023500018
v -0.055560069 -0.158329899 -0.023500018
v -0.055560068 -0.1583299 -0.008500017
v -0.055176748 -0.13095978 -0.023500015
v -0.055176747 -0.130959782 -0.008500014
v -0.054816182 -0.134189717 -0.008500014
v -0.054816182 -0.134189715 -0.023500015
v -0.054764406 -0.166054829 -0.023500018
v -0.054764405 -0.16605483 -0.008500018
v -0.054563733 -0.132526447 -0.008500014
v -0.054563733 -0.132526446 -0.023500015
v -0.05307451 -0.166504415 -0.008500018
v -0.05307451 -0.166504414 -0.023500018
v -0.051661238 -0.122914804 -0.023500014
v -0.051661237 -0.122914806 -0.008500013
v -0.04987438 -0.122637714 -0.008500014
v -0.04987438 -0.122637712 -0.023500014
v -0.048145687 -0.147926287 -0.023500017
v -0.048145686 -0.147926289 -0.008500016
v -0.048070944 -0.122768991 -0.023500014
v -0.048070943 -0.122768992 -0.008500014
v -0.04789323 -0.146263018 -0.023500017
v -0.047893229 -0.14626302 -0.008500016
v -0.047532672 -0.149492955 -0.008500016
v -0.047532672 -0.149492953 -0.023500017
v -0.046842968 -0.144948809 -0.023500017
v -0.046842967 -0.144948811 -0.008500016
v -0.046343054 -0.123301927 -0.023500014
v -0.046343053 -0.123301928 -0.008500014
v -0.046218463 -0.150543215 -0.023500017
v -0.046218462 -0.150543217 -0.008500016
v -0.045276302 -0.144335787 -0.023500017
v -0.045276301 -0.144335789 -0.008500016
v -0.044555186 -0.150795673 -0.008500017
v -0.044555186 -0.150795672 -0.023500017
v -0.044337995 -0.124561717 -0.008500014
v -0.044337995 -0.124561715 -0.023500015
v -0.043613033 -0.144588244 -0.023500017
v -0.043613032 -0.144588245 -0.008500016
v -0.042988521 -0.150182665 -0.023500017
v -0.04298852 -0.150182667 -0.008500017
v -0.042789564 -0.126353272 -0.023500015
v -0.042789563 -0.126353274 -0.008500014
v -0.042298816 -0.145638506 -0.023500017
v -0.042298815 -0.145638507 -0.008500016
v -0.041938258 -0.148868442 -0.008500016
v -0.041938258 -0.148868441 -0.023500017
v -0.041833417 -0.128519624 -0.023500015
v -0.041833416 -0.128519625 -0.008500014
v -0.041685809 -0.147205173 -0.008500016
v -0.041685809 -0.147205172 -0.023500017
v -0.039453797 -0.166017643 -0.008500018
v -0.039453797 -0.166017642 -0.023500019
v -0.038067727 -0.16562154 -0.008500018
v -0.038067727 -0.165621539 -0.023500019
v -0.037026437 -0.164624651 -0.023500019
v -0.037026436 -0.164624653 -0.008500018
v -0.036570359 -0.163257145 -0.008500018
v -0.036570359 -0.163257143 -0.023500019
v -0.035685061 -0.150988359 -0.023500018
v -0.03568506 -0.150988361 -0.008500017
v -0.035649088 -0.151157672 -0.008500017
v -0.035649088 -0.151157671 -0.023500018
v -0.035636584 -0.151503069 -0.023500018
v -0.035636583 -0.15150307 -0.008500017
v -0.035632853 -0.151330003 -0.023500018
v -0.035632852 -0.151330005 -0.008500017
f 85 86 88
f 88 87 89
f 86 87 88
f 89 90 94
f 87 90 89
f 90 93 94
f 619 618 628
f 628 629 633
f 618 629 628
f 633 634 631
f 629 634 633
f 634 632 631
f 256 238 255
f 255 238 237
f 237 222 221
f 238 222 237
f 221 210 209
f 222 210 221
f 202 201 217
f 209 201 202
f 210 201 209
f 201 218 217
f 217 228 227
f 218 228 217
f 818 792 817
f 817 792 791
f 791 762 761
f 792 762 791
f 761 752 751
f 762 752 761
f 751 748 747
f 752 748 751
f 747 754 753
f 748 754 747
f 753 780 779
f 754 780 753
f 809 786 810
f 810 786 785
f 785 755 756
f 786 755 785
f 756 746 745
f 755 746 756
f 745 742 741
f 746 742 745
f 741 750 749
f 742 750 741
f 749 770 769
f 750 770 749
f 697 673 698
f 698 673 674
f 674 648 647
f 673 648 674
f 647 639 640
f 648 639 647
f 640 638 637
f 639 638 640
f 637 642 641
f 638 642 637
f 641 658 657
f 642 658 641
f 568 543 567
f 567 543 544
f 544 520 519
f 543 520 544
f 519 512 511
f 520 512 519
f 511 509 510
f 512 509 511
f 510 513 514
f 509 513 510
f 514 529 530
f 513 529 514
f 462 434 461
f 461 434 433
f 433 395 396
f 434 395 433
f 396 377 376
f 395 377 396
f 376 371 370
f 377 371 376
f 370 385 386
f 371 385 370
f 386 412 411
f 385 412 386
f 472 440 471
f 471 440 439
f 439 406 405
f 440 406 439
f 405 388 387
f 406 388 405
f 387 383 382
f 388 383 387
f 382 393 394
f 383 393 382
f 394 424 423
f 393 424 394
f 585 557 586
f 586 557 558
f 558 534 533
f 557 534 558
f 533 517 518
f 534 517 533
f 518 516 515
f 517 516 518
f 515 526 525
f 516 526 515
f 525 545 546
f 526 545 525
f 713 688 714
f 714 688 687
f 687 662 661
f 688 662 687
f 661 645 646
f 662 645 661
f 646 644 643
f 645 644 646
f 643 654 653
f 644 654 643
f 653 676 675
f 654 676 653
f 122 102 121
f 121 102 101
f 101 91 92
f 102 91 101
f 96 95 107
f 92 95 96
f 91 95 92
f 95 108 107
f 130 129 147
f 107 129 130
f 108 129 107
f 129 148 147
f 211 186 212
f 212 186 185
f 185 180 179
f 186 180 185
f 182 181 192
f 179 181 182
f 180 181 179
f 181 191 192
f 232 231 260
f 192 231 232
f 191 231 192
f 231 259 260
f 293 253 294
f 294 253 254
f 254 239 240
f 253 239 254
f 247 248 275
f 240 248 247
f 239 248 240
f 248 276 275
f 312 311 344
f 275 311 312
f 276 311 275
f 311 343 344
f 68 40 67
f 67 40 39
f 39 24 23
f 40 24 39
f 7 8 6
f 23 8 7
f 24 8 23
f 8 5 6
f 6 18 17
f 5 18 6
f 17 32 31
f 18 32 17
f 572 571 505
f 505 504 469
f 571 504 505
f 469 470 497
f 504 470 469
f 470 498 497
f 497 508 507
f 498 508 497
f 507 622 623
f 508 622 507
f 623 671 672
f 622 671 623
f 361 348 347
f 384 361 347
f 400 347 503
f 400 384 347
f 506 503 617
f 506 399 400
f 506 400 503
f 630 617 728
f 630 506 617
f 727 630 728
f 64 42 63
f 63 42 41
f 41 25 26
f 42 25 41
f 15 16 12
f 26 16 15
f 25 16 26
f 12 11 20
f 16 11 12
f 20 19 34
f 11 19 20
f 19 33 34
f 332 331 314
f 314 313 299
f 331 313 314
f 299 300 283
f 313 300 299
f 300 284 283
f 277 278 288
f 283 278 277
f 284 278 283
f 278 287 288
f 288 305 306
f 287 305 288
f 251 252 236
f 236 235 220
f 252 235 236
f 220 219 198
f 235 219 220
f 219 197 198
f 194 193 206
f 198 193 194
f 197 193 198
f 193 205 206
f 206 223 224
f 205 223 206
f 142 141 132
f 132 131 124
f 141 131 132
f 124 123 112
f 131 123 124
f 123 111 112
f 110 109 117
f 112 109 110
f 111 109 112
f 109 118 117
f 117 127 128
f 118 127 117
f 705 692 706
f 706 692 691
f 691 679 680
f 692 679 691
f 680 667 668
f 679 667 680
f 668 663 664
f 667 663 668
f 664 669 670
f 663 669 664
f 670 683 684
f 669 683 670
f 577 561 578
f 578 561 562
f 562 550 549
f 561 550 562
f 549 539 540
f 550 539 549
f 535 536 542
f 540 536 535
f 539 536 540
f 542 541 554
f 536 541 542
f 541 553 554
f 457 443 458
f 458 443 444
f 444 430 429
f 443 430 444
f 429 415 416
f 430 415 429
f 416 409 410
f 415 409 416
f 410 421 422
f 409 421 410
f 422 436 435
f 421 436 422
f 451 438 452
f 452 438 437
f 437 419 420
f 438 419 437
f 420 401 402
f 419 401 420
f 398 397 407
f 402 397 398
f 401 397 402
f 397 408 407
f 407 428 427
f 408 428 407
f 560 548 559
f 559 548 547
f 547 531 532
f 548 531 547
f 532 524 523
f 531 524 532
f 523 522 521
f 524 522 523
f 521 528 527
f 522 528 521
f 527 537 538
f 528 537 527
f 689 678 690
f 690 678 677
f 677 659 660
f 678 659 677
f 660 652 651
f 659 652 660
f 651 649 650
f 652 649 651
f 650 655 656
f 649 655 650
f 656 665 666
f 655 665 656
f 802 789 801
f 801 789 790
f 790 775 776
f 789 775 790
f 776 760 759
f 775 760 776
f 759 758 757
f 760 758 759
f 757 764 763
f 758 764 757
f 763 782 781
f 764 782 763
f 807 795 808
f 808 795 796
f 796 784 783
f 795 784 796
f 783 773 774
f 784 773 783
f 774 768 767
f 773 768 774
f 767 778 777
f 768 778 767
f 777 787 788
f 778 787 777
f 173 201 167
f 189 218 173
f 173 218 201
f 167 210 175
f 201 210 167
f 189 228 218
f 210 222 175
f 189 249 228
f 189 295 249
f 222 200 175
f 222 238 200
f 295 261 249
f 238 256 200
f 320 364 310
f 310 364 295
f 261 364 282
f 295 364 261
f 282 375 286
f 364 375 282
f 375 369 286
f 286 350 271
f 369 350 286
f 271 346 256
f 350 346 271
f 346 342 256
f 256 342 200
f 342 348 200
f 348 354 200
f 348 361 354
f 361 372 354
f 361 384 372
f 384 389 372
f 384 400 389
f 315 364 320
f 534 617 503
f 557 617 534
f 517 534 503
f 585 617 557
f 516 517 503
f 602 617 585
f 608 617 602
f 526 516 503
f 623 608 604
f 623 604 595
f 623 595 570
f 623 617 608
f 507 545 526
f 507 570 545
f 507 526 503
f 507 623 570
f 688 728 617
f 662 688 617
f 406 503 347
f 406 440 503
f 713 728 688
f 645 617 623
f 645 662 617
f 388 406 347
f 388 347 341
f 472 507 503
f 472 503 440
f 644 645 623
f 732 728 713
f 383 341 345
f 383 388 341
f 491 507 472
f 349 383 345
f 654 644 623
f 500 507 491
f 393 383 349
f 368 393 349
f 368 424 393
f 497 500 496
f 497 507 500
f 672 676 654
f 672 654 623
f 699 676 672
f 485 497 496
f 374 424 368
f 374 454 424
f 765 728 732
f 765 732 735
f 765 735 733
f 739 699 672
f 739 733 724
f 739 724 699
f 739 765 733
f 469 374 365
f 469 497 485
f 469 454 374
f 469 485 454
f 792 765 739
f 792 739 762
f 395 469 365
f 395 434 469
f 752 762 739
f 818 765 792
f 462 469 434
f 377 395 365
f 748 752 739
f 487 469 462
f 371 377 365
f 845 818 835
f 845 765 818
f 841 845 835
f 754 748 739
f 494 469 487
f 840 845 841
f 772 780 754
f 772 830 804
f 772 804 780
f 772 754 739
f 505 494 490
f 505 490 477
f 505 477 446
f 505 469 494
f 847 840 830
f 847 830 772
f 847 845 840
f 381 412 385
f 381 446 412
f 334 381 385
f 334 385 371
f 755 786 772
f 543 505 520
f 431 446 381
f 431 505 446
f 326 334 371
f 326 371 365
f 744 755 772
f 572 505 543
f 746 755 744
f 809 772 786
f 809 847 772
f 568 572 543
f 512 520 505
f 512 505 431
f 831 847 809
f 509 512 431
f 742 746 744
f 590 572 568
f 513 509 431
f 837 847 831
f 529 513 431
f 738 770 750
f 738 750 742
f 738 742 744
f 636 572 590
f 636 590 600
f 636 600 598
f 843 837 834
f 843 834 824
f 843 824 797
f 843 847 837
f 648 738 636
f 648 673 738
f 697 738 673
f 639 648 636
f 718 738 697
f 638 639 636
f 729 797 770
f 729 770 738
f 729 738 718
f 642 638 636
f 725 843 797
f 725 797 729
f 710 843 725
f 612 636 598
f 612 529 431
f 612 642 636
f 612 598 581
f 612 581 556
f 612 556 529
f 620 642 612
f 620 658 642
f 626 686 658
f 626 658 620
f 624 710 686
f 624 686 626
f 606 610 615
f 606 615 414
f 613 615 610
f 619 615 613
f 300 267 229
f 313 267 300
f 313 321 267
f 628 710 624
f 628 624 615
f 628 615 619
f 284 300 229
f 284 229 216
f 331 321 313
f 331 338 321
f 633 710 628
f 633 843 710
f 352 338 331
f 352 379 338
f 278 284 216
f 278 213 204
f 278 216 213
f 631 843 633
f 502 606 414
f 287 204 195
f 287 278 204
f 484 502 414
f 484 414 379
f 484 379 352
f 460 484 352
f 460 352 363
f 449 363 355
f 449 460 363
f 263 287 195
f 426 449 355
f 426 355 335
f 297 305 287
f 297 287 263
f 243 195 184
f 243 184 178
f 243 263 195
f 318 323 305
f 318 305 297
f 360 335 323
f 360 426 335
f 360 323 318
f 120 178 172
f 120 172 161
f 120 243 178
f 106 120 161
f 106 161 164
f 123 131 114
f 141 114 131
f 111 123 114
f 150 114 141
f 81 109 111
f 75 114 103
f 75 81 111
f 75 111 114
f 85 109 81
f 85 118 109
f 88 118 85
f 89 118 88
f 89 127 118
f 94 127 89
f 94 134 127
f 57 75 103
f 57 74 75
f 290 150 154
f 290 154 152
f 235 290 152
f 219 152 145
f 219 235 152
f 252 308 290
f 252 290 235
f 197 134 94
f 197 145 134
f 197 219 145
f 62 57 49
f 62 49 48
f 62 74 57
f 265 308 252
f 193 197 94
f 60 62 48
f 273 327 308
f 273 308 265
f 40 48 46
f 40 37 35
f 40 43 37
f 40 46 43
f 40 29 21
f 40 35 29
f 40 60 48
f 24 40 21
f 24 21 14
f 269 340 327
f 269 327 273
f 65 60 40
f 208 223 205
f 208 205 193
f 208 258 241
f 208 241 223
f 208 193 94
f 68 69 65
f 68 65 40
f 8 14 3
f 8 24 14
f 233 340 269
f 233 258 208
f 233 269 258
f 225 358 340
f 225 340 233
f 144 69 68
f 98 144 68
f 98 170 144
f 5 8 3
f 2 5 3
f 139 170 98
f 139 188 170
f 18 5 2
f 10 18 2
f 32 18 10
f 28 32 10
f 137 188 139
f 137 225 188
f 137 139 126
f 78 137 126
f 54 32 28
f 54 56 32
f 79 137 78
f 79 56 54
f 79 78 56
f 137 843 225
f 225 843 358
f 358 843 631
f 365 57 106
f 106 57 103
f 365 106 164
f 365 164 326
f 290 114 150
f 630 562 506
f 506 562 549
f 630 578 562
f 549 540 506
f 540 535 506
f 630 588 578
f 588 622 594
f 594 622 591
f 591 622 584
f 630 622 588
f 622 508 584
f 584 508 566
f 506 508 399
f 566 508 554
f 554 508 542
f 542 508 535
f 535 508 506
f 691 680 727
f 727 680 630
f 390 429 373
f 373 429 353
f 399 444 390
f 390 444 429
f 199 221 176
f 237 221 199
f 727 706 691
f 630 668 622
f 680 668 630
f 429 416 353
f 508 458 399
f 399 458 444
f 353 255 199
f 199 255 237
f 176 209 168
f 221 209 176
f 727 716 706
f 668 664 622
f 508 476 458
f 416 410 353
f 353 272 255
f 410 272 353
f 209 202 168
f 727 722 716
f 410 422 272
f 435 285 422
f 422 285 272
f 202 174 168
f 217 174 202
f 711 671 695
f 695 671 684
f 684 671 670
f 670 671 664
f 664 671 622
f 476 498 482
f 482 498 480
f 480 498 465
f 465 498 448
f 508 498 476
f 435 281 285
f 217 190 174
f 250 190 227
f 227 190 217
f 722 766 720
f 727 766 722
f 250 296 190
f 281 296 262
f 262 296 250
f 720 740 711
f 711 740 671
f 766 740 720
f 296 470 309
f 448 470 435
f 435 470 281
f 498 470 448
f 281 470 296
f 766 796 740
f 740 796 783
f 470 420 309
f 309 420 319
f 470 437 420
f 783 774 740
f 766 808 796
f 470 452 437
f 319 402 316
f 420 402 319
f 774 767 740
f 470 464 452
f 402 398 316
f 398 407 316
f 766 846 808
f 808 846 822
f 822 846 828
f 846 825 828
f 407 427 316
f 767 771 740
f 814 771 799
f 799 771 788
f 788 771 777
f 777 771 767
f 464 504 473
f 473 504 467
f 467 504 455
f 455 504 441
f 470 504 464
f 846 848 825
f 825 848 814
f 814 848 771
f 427 380 316
f 441 380 427
f 380 333 316
f 441 432 380
f 504 432 441
f 333 325 316
f 571 532 504
f 771 790 743
f 790 776 743
f 571 547 532
f 848 801 771
f 771 801 790
f 504 523 432
f 532 523 504
f 776 759 743
f 571 559 547
f 848 811 801
f 523 521 432
f 571 574 559
f 759 757 743
f 848 820 811
f 757 763 743
f 571 580 574
f 521 527 432
f 527 538 432
f 571 635 580
f 580 635 575
f 794 737 781
f 781 737 763
f 763 737 743
f 794 844 737
f 848 844 820
f 820 844 815
f 815 844 806
f 806 844 794
f 737 660 635
f 737 677 660
f 737 690 677
f 660 651 635
f 651 650 635
f 737 701 690
f 650 656 635
f 844 708 737
f 737 708 701
f 844 704 708
f 844 694 704
f 538 611 432
f 635 611 575
f 575 611 564
f 564 611 552
f 552 611 538
f 656 621 635
f 635 621 611
f 666 621 656
f 666 627 621
f 681 627 666
f 681 625 627
f 694 625 681
f 616 605 413
f 609 605 616
f 322 311 268
f 268 276 230
f 311 276 268
f 616 614 609
f 616 618 614
f 378 343 337
f 337 343 322
f 322 343 311
f 276 248 230
f 694 629 625
f 625 629 616
f 616 629 618
f 248 215 230
f 248 239 215
f 215 239 214
f 214 239 203
f 413 391 378
f 378 391 343
f 844 634 694
f 694 634 629
f 844 632 634
f 413 501 391
f 605 501 413
f 501 483 391
f 483 418 391
f 239 253 203
f 203 253 196
f 196 253 183
f 483 459 418
f 459 450 418
f 450 403 418
f 293 264 253
f 450 425 403
f 403 425 366
f 293 298 264
f 264 244 253
f 253 244 183
f 183 244 177
f 330 317 293
f 293 317 298
f 366 359 330
f 425 359 366
f 330 359 317
f 244 119 177
f 171 119 162
f 177 119 171
f 119 105 162
f 162 105 163
f 113 129 108
f 113 95 104
f 108 95 113
f 113 148 129
f 113 158 148
f 91 76 95
f 95 76 104
f 82 76 91
f 102 86 91
f 91 86 82
f 102 87 86
f 122 90 102
f 102 90 87
f 122 93 90
f 122 135 93
f 76 58 104
f 73 58 76
f 166 289 159
f 158 289 166
f 159 191 155
f 289 231 159
f 159 231 191
f 191 181 155
f 155 181 135
f 289 259 231
f 289 307 259
f 73 61 58
f 58 61 50
f 50 61 47
f 181 180 135
f 135 180 93
f 328 292 307
f 307 292 259
f 47 59 45
f 61 59 47
f 328 303 292
f 339 303 328
f 339 301 303
f 357 301 339
f 38 41 36
f 44 41 38
f 45 41 44
f 36 41 30
f 30 41 22
f 66 41 59
f 59 41 45
f 22 26 13
f 41 26 22
f 246 207 211
f 211 207 186
f 13 15 4
f 26 15 13
f 66 63 41
f 70 63 66
f 280 234 246
f 301 234 280
f 246 234 207
f 357 226 301
f 301 226 234
f 70 143 63
f 169 83 143
f 143 83 63
f 4 12 1
f 15 12 4
f 187 115 169
f 169 115 83
f 12 20 1
f 20 9 1
f 20 34 9
f 34 27 9
f 115 138 100
f 226 138 187
f 187 138 115
f 138 71 100
f 51 53 34
f 34 53 27
f 138 80 71
f 51 80 53
f 71 80 51
f 58 316 105
f 58 105 104
f 105 316 163
f 163 316 325
f 844 138 226
f 844 226 357
f 844 357 632
f 113 289 158
f 207 93 186
f 186 93 180
f 13 4 3
f 13 3 14
f 788 787 799
f 787 800 799
f 799 813 814
f 800 813 799
f 814 826 825
f 813 826 814
f 825 827 828
f 826 827 825
f 828 821 822
f 827 821 828
f 822 807 808
f 821 807 822
f 781 782 794
f 782 793 794
f 794 805 806
f 793 805 794
f 806 816 815
f 805 816 806
f 815 819 820
f 816 819 815
f 820 812 811
f 819 812 820
f 811 802 801
f 812 802 811
f 666 665 681
f 665 682 681
f 681 693 694
f 682 693 681
f 694 703 704
f 693 703 694
f 704 707 708
f 703 707 704
f 708 702 701
f 707 702 708
f 701 689 690
f 702 689 701
f 538 537 552
f 537 551 552
f 552 563 564
f 551 563 552
f 564 576 575
f 563 576 564
f 575 579 580
f 576 579 575
f 580 573 574
f 579 573 580
f 574 560 559
f 573 560 574
f 427 428 441
f 428 442 441
f 441 456 455
f 442 456 441
f 455 468 467
f 456 468 455
f 467 474 473
f 468 474 467
f 473 463 464
f 474 463 473
f 464 451 452
f 463 451 464
f 435 436 448
f 436 447 448
f 448 466 465
f 447 466 448
f 465 479 480
f 466 479 465
f 480 481 482
f 479 481 480
f 482 475 476
f 481 475 482
f 476 457 458
f 475 457 476
f 554 553 566
f 553 565 566
f 584 583 591
f 566 583 584
f 565 583 566
f 583 592 591
f 591 593 594
f 592 593 591
f 588 587 578
f 594 587 588
f 593 587 594
f 587 577 578
f 684 683 695
f 683 696 695
f 695 712 711
f 696 712 695
f 711 719 720
f 712 719 711
f 720 721 722
f 719 721 720
f 722 715 716
f 721 715 722
f 716 705 706
f 715 705 716
f 127 134 128
f 128 134 133
f 133 145 146
f 134 145 133
f 146 152 151
f 145 152 146
f 151 154 153
f 152 154 151
f 149 150 142
f 153 150 149
f 154 150 153
f 150 141 142
f 223 241 224
f 224 241 242
f 242 258 257
f 241 258 242
f 257 269 270
f 258 269 257
f 270 273 274
f 269 273 270
f 266 265 251
f 274 265 266
f 273 265 274
f 265 252 251
f 305 323 306
f 306 323 324
f 324 335 336
f 323 335 324
f 336 355 356
f 335 355 336
f 356 363 362
f 355 363 356
f 351 352 332
f 362 352 351
f 363 352 362
f 352 331 332
f 34 33 51
f 51 52 71
f 33 52 51
f 52 72 71
f 71 99 100
f 72 99 71
f 100 116 115
f 99 116 100
f 115 84 83
f 116 84 115
f 83 64 63
f 84 64 83
f 138 844 137
f 137 844 843
f 138 137 79
f 80 79 54
f 80 138 79
f 53 54 28
f 53 80 54
f 27 53 28
f 9 28 10
f 9 27 28
f 1 10 2
f 1 9 10
f 4 2 3
f 4 1 2
f 727 728 765
f 766 765 845
f 766 727 765
f 846 766 845
f 848 845 847
f 848 846 845
f 844 847 843
f 844 848 847
f 672 671 739
f 739 740 772
f 671 740 739
f 772 771 744
f 740 771 772
f 771 743 744
f 744 737 738
f 743 737 744
f 738 635 636
f 636 635 572
f 737 635 738
f 635 571 572
f 25 39 23
f 42 39 25
f 67 39 42
f 16 23 7
f 16 25 23
f 64 67 42
f 11 7 6
f 11 16 7
f 84 97 67
f 84 67 64
f 19 11 6
f 140 84 116
f 140 97 84
f 17 19 6
f 33 19 17
f 99 140 116
f 31 33 17
f 125 140 99
f 72 125 99
f 55 52 33
f 55 33 31
f 77 72 52
f 77 52 55
f 77 125 72
f 32 56 31
f 31 56 55
f 55 78 77
f 56 78 55
f 125 126 140
f 77 126 125
f 78 126 77
f 126 139 140
f 140 98 97
f 139 98 140
f 97 68 67
f 98 68 97
f 277 254 240
f 288 294 254
f 288 254 277
f 283 240 247
f 283 277 240
f 306 294 288
f 299 247 275
f 299 283 247
f 324 329 294
f 324 294 306
f 312 314 299
f 312 299 275
f 367 324 336
f 367 329 324
f 332 314 312
f 344 332 312
f 404 336 356
f 404 367 336
f 392 351 332
f 392 362 351
f 392 332 344
f 417 356 362
f 417 362 392
f 417 404 356
f 343 391 344
f 392 391 417
f 344 391 392
f 391 418 417
f 404 403 367
f 417 403 404
f 418 403 417
f 403 366 367
f 367 330 329
f 366 330 367
f 329 293 294
f 330 293 329
f 206 185 179
f 194 206 179
f 224 212 185
f 224 185 206
f 198 179 182
f 198 194 179
f 245 212 224
f 242 245 224
f 220 182 192
f 220 198 182
f 279 242 257
f 279 245 242
f 232 236 220
f 232 220 192
f 251 236 232
f 302 270 274
f 302 257 270
f 302 279 257
f 260 251 232
f 291 266 251
f 291 251 260
f 304 274 266
f 304 302 274
f 304 266 291
f 259 292 260
f 260 292 291
f 291 303 304
f 292 303 291
f 304 301 302
f 303 301 304
f 302 280 279
f 301 280 302
f 279 246 245
f 280 246 279
f 245 211 212
f 246 211 245
f 110 101 92
f 117 121 101
f 117 101 110
f 112 92 96
f 112 110 92
f 128 121 117
f 124 96 107
f 124 112 96
f 133 136 121
f 133 121 128
f 132 124 107
f 130 132 107
f 156 133 146
f 156 136 133
f 151 156 146
f 142 132 130
f 147 149 142
f 147 142 130
f 160 156 151
f 157 149 147
f 165 153 149
f 165 151 153
f 165 160 151
f 165 149 157
f 148 158 147
f 157 158 165
f 147 158 157
f 158 166 165
f 160 159 156
f 165 159 160
f 166 159 165
f 159 155 156
f 156 135 136
f 155 135 156
f 136 122 121
f 135 122 136
f 679 687 661
f 692 714 687
f 692 687 679
f 667 661 646
f 667 679 661
f 705 714 692
f 663 646 643
f 663 667 646
f 715 731 714
f 715 714 705
f 653 669 663
f 653 663 643
f 736 715 721
f 736 731 715
f 675 683 669
f 675 669 653
f 734 721 719
f 734 736 721
f 700 696 683
f 700 712 696
f 700 683 675
f 723 719 712
f 723 734 719
f 723 712 700
f 676 699 675
f 675 699 700
f 700 724 723
f 699 724 700
f 723 733 734
f 724 733 723
f 734 735 736
f 733 735 734
f 736 732 731
f 735 732 736
f 731 713 714
f 732 713 731
f 550 558 533
f 561 586 558
f 561 558 550
f 539 533 518
f 539 550 533
f 577 586 561
f 601 586 577
f 536 518 515
f 536 539 518
f 587 601 577
f 525 541 536
f 525 536 515
f 607 587 593
f 607 601 587
f 546 565 553
f 546 553 541
f 546 541 525
f 603 593 592
f 603 607 593
f 569 583 565
f 569 565 546
f 596 592 583
f 596 603 592
f 596 583 569
f 545 570 546
f 546 570 569
f 569 595 596
f 570 595 569
f 596 604 603
f 595 604 596
f 603 608 607
f 604 608 603
f 607 602 601
f 608 602 607
f 601 585 586
f 602 585 601
f 443 439 405
f 443 471 439
f 443 405 430
f 457 471 443
f 415 405 387
f 415 430 405
f 409 387 382
f 409 415 387
f 475 492 471
f 475 471 457
f 421 409 382
f 499 475 481
f 499 492 475
f 394 421 382
f 436 421 394
f 495 481 479
f 495 499 481
f 423 436 394
f 453 447 436
f 453 436 423
f 486 466 447
f 486 479 466
f 486 495 479
f 486 447 453
f 424 454 423
f 423 454 453
f 453 485 486
f 454 485 453
f 486 496 495
f 485 496 486
f 495 500 499
f 496 500 495
f 499 491 492
f 500 491 499
f 492 472 471
f 491 472 492
f 419 433 396
f 438 461 433
f 438 433 419
f 401 396 376
f 401 419 396
f 451 461 438
f 397 376 370
f 397 401 376
f 463 488 461
f 463 461 451
f 386 408 397
f 386 397 370
f 493 463 474
f 493 488 463
f 411 428 408
f 411 408 386
f 489 474 468
f 489 493 474
f 445 442 428
f 445 428 411
f 478 456 442
f 478 468 456
f 478 489 468
f 478 442 445
f 412 446 411
f 411 446 445
f 445 477 478
f 446 477 445
f 478 490 489
f 477 490 478
f 489 494 493
f 490 494 489
f 493 487 488
f 494 487 493
f 488 462 461
f 487 462 488
f 531 544 519
f 548 567 544
f 548 544 531
f 524 519 511
f 524 531 519
f 560 567 548
f 522 511 510
f 522 524 511
f 573 589 567
f 573 567 560
f 599 573 579
f 599 589 573
f 514 528 522
f 514 522 510
f 530 537 528
f 530 528 514
f 597 576 563
f 597 579 576
f 597 599 579
f 555 551 537
f 555 537 530
f 582 563 551
f 582 597 563
f 582 551 555
f 529 556 530
f 530 556 555
f 555 581 582
f 556 581 555
f 582 598 597
f 581 598 582
f 597 600 599
f 598 600 597
f 599 590 589
f 600 590 599
f 589 568 567
f 590 568 589
f 659 674 647
f 678 698 674
f 678 674 659
f 689 698 678
f 652 647 640
f 652 659 647
f 702 717 698
f 702 698 689
f 649 640 637
f 649 652 640
f 655 649 637
f 730 702 707
f 730 717 702
f 641 655 637
f 726 703 693
f 726 707 703
f 726 730 707
f 657 665 655
f 657 655 641
f 685 682 665
f 685 693 682
f 685 665 657
f 709 726 693
f 709 693 685
f 658 686 657
f 657 686 685
f 685 710 709
f 686 710 685
f 709 725 726
f 710 725 709
f 726 729 730
f 725 729 726
f 730 718 717
f 729 718 730
f 717 697 698
f 718 697 717
f 775 785 756
f 789 810 785
f 789 785 775
f 760 756 745
f 760 775 756
f 802 810 789
f 758 745 741
f 758 760 745
f 812 832 810
f 812 810 802
f 749 764 758
f 749 758 741
f 838 812 819
f 838 832 812
f 769 782 764
f 769 764 749
f 833 819 816
f 833 838 819
f 798 793 782
f 798 805 793
f 798 782 769
f 823 816 805
f 823 805 798
f 823 833 816
f 770 797 769
f 769 797 798
f 798 824 823
f 797 824 798
f 823 834 833
f 824 834 823
f 833 837 838
f 834 837 833
f 838 831 832
f 837 831 838
f 832 809 810
f 831 809 832
f 784 791 761
f 795 817 791
f 795 791 784
f 807 817 795
f 773 761 751
f 773 784 761
f 836 817 807
f 821 836 807
f 768 751 747
f 768 773 751
f 842 821 827
f 842 836 821
f 753 778 768
f 753 768 747
f 839 827 826
f 839 842 827
f 779 787 778
f 779 778 753
f 803 800 787
f 803 787 779
f 829 813 800
f 829 826 813
f 829 839 826
f 829 800 803
f 780 804 779
f 779 804 803
f 803 830 829
f 804 830 803
f 829 840 839
f 830 840 829
f 839 841 842
f 840 841 839
f 842 835 836
f 841 835 842
f 836 818 817
f 835 818 836
f 315 58 57
f 365 315 57
f 316 58 315
f 364 315 365
f 43 46 45
f 43 45 44
f 37 44 38
f 37 43 44
f 35 38 36
f 35 37 38
f 46 48 45
f 45 48 47
f 47 49 50
f 48 49 47
f 50 57 58
f 49 57 50
f 365 374 364
f 375 374 369
f 364 374 375
f 369 368 350
f 374 368 369
f 368 349 350
f 346 350 349
f 346 349 345
f 342 345 341
f 342 346 345
f 348 341 347
f 348 342 341
f 29 36 30
f 29 35 36
f 21 30 22
f 21 22 13
f 21 29 30
f 14 21 13
f 228 249 227
f 227 249 250
f 250 261 262
f 249 261 250
f 262 282 281
f 261 282 262
f 281 286 285
f 282 286 281
f 285 271 272
f 286 271 285
f 272 256 255
f 271 256 272
f 163 325 164
f 164 325 326
f 325 333 326
f 326 333 334
f 334 380 381
f 333 380 334
f 381 432 431
f 380 432 381
f 611 612 432
f 432 612 431
f 611 621 612
f 612 621 620
f 620 627 626
f 621 627 620
f 626 625 624
f 627 625 626
f 624 616 615
f 625 616 624
f 616 413 615
f 615 413 414
f 230 215 216
f 230 216 229
f 268 229 267
f 268 267 321
f 268 230 229
f 322 268 321
f 196 183 195
f 195 183 184
f 184 177 178
f 183 177 184
f 178 171 172
f 177 171 178
f 172 162 161
f 171 162 172
f 161 163 164
f 162 163 161
f 289 113 114
f 289 114 290
f 113 104 114
f 114 104 103
f 103 105 106
f 104 105 103
f 106 119 120
f 105 119 106
f 119 243 120
f 119 244 243
f 450 449 426
f 425 426 360
f 425 450 426
f 359 360 318
f 359 425 360
f 317 359 318
f 501 605 502
f 502 605 606
f 606 605 610
f 610 609 613
f 605 609 610
f 609 614 613
f 613 618 619
f 614 618 613
f 631 357 358
f 632 357 631
f 358 357 340
f 340 339 327
f 357 339 340
f 327 328 308
f 339 328 327
f 328 307 308
f 308 289 290
f 307 289 308
f 73 76 74
f 74 76 75
f 81 82 85
f 75 82 81
f 76 82 75
f 82 86 85
f 93 207 208
f 93 208 94
f 207 234 208
f 208 234 233
f 233 226 225
f 234 226 233
f 225 187 188
f 226 187 225
f 188 169 170
f 187 169 188
f 170 143 144
f 169 143 170
f 144 70 69
f 144 143 70
f 70 66 69
f 69 66 65
f 65 59 60
f 66 59 65
f 60 61 62
f 59 61 60
f 61 73 74
f 61 74 62
f 195 204 196
f 196 204 203
f 203 213 214
f 204 213 203
f 214 216 215
f 213 216 214
f 413 378 414
f 414 378 379
f 379 337 338
f 378 337 379
f 338 322 321
f 337 322 338
f 243 244 263
f 263 264 297
f 244 264 263
f 297 298 318
f 264 298 297
f 298 317 318
f 449 450 460
f 460 459 484
f 450 459 460
f 459 483 484
f 484 501 502
f 483 501 484
f 175 200 199
f 175 199 176
f 167 176 168
f 167 175 176
f 173 168 174
f 173 167 168
f 189 174 190
f 189 173 174
f 190 295 189
f 190 296 295
f 353 199 200
f 353 200 354
f 399 390 400
f 400 390 389
f 389 373 372
f 390 373 389
f 372 353 354
f 373 353 372
f 316 315 319
f 315 320 319
f 319 310 309
f 320 310 319
f 309 295 296
f 310 295 309
f 994 1040 999
f 999 1040 1039
f 1039 1106 1103
f 1040 1106 1039
f 1106 1137 1103
f 1106 1142 1137
f 1137 1154 1148
f 1142 1154 1137
f 1154 1126 1148
f 1154 1127 1126
f 1127 1078 1126
f 1127 1079 1078
f 992 1042 993
f 993 1042 1041
f 1041 1112 1107
f 1042 1112 1041
f 1112 1143 1107
f 1112 1146 1143
f 1146 1153 1143
f 1146 1165 1153
f 1165 1128 1153
f 1165 1131 1128
f 1131 1080 1128
f 1131 1081 1080
f 1024 1084 1082
f 1022 1084 1024
f 958 1022 1024
f 952 1022 958
f 918 952 958
f 913 952 918
f 882 918 895
f 882 913 918
f 929 895 931
f 929 882 895
f 991 929 931
f 989 929 991
f 869 872 870
f 869 871 872
f 867 870 868
f 867 869 870
f 863 868 864
f 863 867 868
f 1069 1071 1068
f 1069 1070 1071
f 1065 1068 1064
f 1065 1069 1068
f 1060 1064 1061
f 1060 1065 1064
f 975 977 976
f 975 978 977
f 974 976 973
f 974 975 976
f 972 973 971
f 972 974 973
f 962 966 963
f 962 967 966
f 955 963 954
f 955 962 963
f 950 954 951
f 950 955 954
f 1090 1088 1089
f 1089 1088 1087
f 1087 1077 1076
f 1088 1077 1087
f 1076 1067 1066
f 1077 1067 1076
f 1066 1063 1062
f 1067 1063 1066
f 988 984 987
f 987 984 983
f 983 982 981
f 984 982 983
f 981 966 967
f 982 966 981
f 880 878 879
f 879 878 877
f 877 874 873
f 878 874 877
f 873 872 871
f 874 872 873
f 1079 1127 1080
f 1080 1127 1128
f 1128 1154 1153
f 1127 1154 1128
f 1153 1142 1143
f 1154 1142 1153
f 1107 1106 1041
f 1143 1106 1107
f 1142 1106 1143
f 1106 1040 1041
f 1041 994 993
f 1040 994 1041
f 929 990 930
f 929 930 881
f 929 989 990
f 882 881 914
f 882 929 881
f 913 882 914
f 952 914 953
f 952 953 1023
f 952 913 914
f 1022 1023 1083
f 1022 952 1023
f 1084 1022 1083
f 1073 1122 1072
f 1072 1122 1123
f 1123 1138 1139
f 1122 1138 1123
f 1139 1132 1133
f 1138 1132 1139
f 1133 1097 1098
f 1132 1097 1133
f 1098 1037 1038
f 1097 1037 1098
f 1038 1002 1003
f 1037 1002 1038
f 924 901 925
f 924 902 901
f 940 925 941
f 940 924 925
f 957 941 956
f 957 940 941
f 1033 1021 1020
f 1033 1020 1034
f 1044 1034 1043
f 1044 1033 1034
f 1052 1043 1053
f 1052 1044 1043
f 1129 1120 1121
f 1129 1121 1130
f 1144 1130 1145
f 1144 1129 1130
f 1173 1145 1174
f 1173 1144 1145
f 1203 1199 1200
f 1203 1200 1204
f 1202 1204 1201
f 1202 1203 1204
f 1197 1201 1198
f 1197 1202 1201
f 1140 1163 1164
f 1140 1164 1141
f 1124 1141 1125
f 1124 1140 1141
f 1115 1125 1114
f 1115 1124 1125
f 1035 1048 1049
f 1035 1049 1036
f 1025 1036 1026
f 1025 1035 1036
f 1016 1026 1017
f 1016 1025 1026
f 935 944 945
f 935 945 936
f 920 936 921
f 920 935 936
f 889 921 890
f 889 920 921
f 1002 942 1003
f 1003 942 943
f 943 926 927
f 942 926 943
f 927 932 933
f 926 932 927
f 933 980 979
f 932 980 933
f 979 1032 1031
f 980 1032 979
f 1031 1073 1072
f 1032 1073 1031
f 1045 1097 1113
f 1045 1037 1097
f 1045 991 1037
f 991 1002 1037
f 1113 1132 1147
f 1097 1132 1113
f 1147 1138 1170
f 1132 1138 1147
f 931 942 991
f 991 942 1002
f 942 895 926
f 931 895 942
f 1122 1134 1138
f 1138 1134 1170
f 895 932 926
f 1073 1082 1122
f 1122 1082 1134
f 895 918 932
f 1073 1032 1082
f 980 1024 1032
f 1032 1024 1082
f 932 958 980
f 980 958 1024
f 918 958 932
f 1136 1084 1083
f 1136 1083 1135
f 1184 1135 1183
f 1184 1183 1152
f 1184 1136 1135
f 1151 1184 1152
f 1118 1152 1119
f 1118 1119 1046
f 1118 1151 1152
f 1047 1046 990
f 1047 1118 1046
f 989 1047 990
f 1050 1062 1054
f 1048 1062 1050
f 1108 1099 1115
f 1101 1099 1108
f 1099 1095 1115
f 1124 1119 1140
f 1115 1119 1124
f 1087 1119 1089
f 1076 1119 1087
f 1093 1119 1095
f 1089 1119 1093
f 1095 1119 1115
f 1035 1046 1048
f 1025 1046 1035
f 1066 1046 1076
f 1062 1046 1066
f 1048 1046 1062
f 1076 1046 1119
f 1010 1006 1016
f 1006 1004 1016
f 1140 1159 1163
f 1168 1159 1166
f 1163 1159 1168
f 1016 1001 1025
f 1025 1001 1046
f 1004 1001 1016
f 1119 1150 1140
f 1140 1150 1159
f 1001 997 1046
f 987 990 997
f 997 990 1046
f 1150 1152 1155
f 1119 1152 1150
f 987 983 990
f 1152 1175 1155
f 1186 1193 1189
f 955 950 962
f 950 948 962
f 962 948 967
f 1186 1197 1193
f 967 944 981
f 948 944 967
f 946 944 948
f 944 935 981
f 1175 1202 1186
f 1186 1202 1197
f 981 930 983
f 983 930 990
f 935 930 981
f 920 930 935
f 1175 1183 1202
f 1202 1183 1203
f 1152 1183 1175
f 920 889 930
f 1183 1199 1203
f 889 894 930
f 884 894 889
f 885 894 884
f 1183 1187 1199
f 1196 1187 1192
f 1199 1187 1196
f 894 908 930
f 1183 1182 1187
f 908 905 930
f 1183 1162 1182
f 867 861 869
f 863 861 867
f 855 853 861
f 861 853 869
f 869 853 871
f 871 853 873
f 1178 1173 1179
f 1171 1173 1178
f 853 881 873
f 905 881 930
f 877 881 879
f 873 881 877
f 891 881 905
f 879 881 891
f 1158 1135 1171
f 1162 1135 1158
f 1183 1135 1162
f 1171 1135 1173
f 853 850 881
f 1135 1144 1173
f 850 851 881
f 1135 1129 1144
f 857 875 851
f 1129 1104 1120
f 1120 1104 1116
f 875 887 851
f 851 887 881
f 1135 1091 1129
f 1129 1091 1104
f 857 866 875
f 859 866 857
f 1104 1110 1116
f 887 914 881
f 1135 1083 1091
f 887 909 914
f 1083 1086 1091
f 909 915 914
f 1083 1075 1086
f 1064 1058 1061
f 1064 1056 1058
f 898 902 903
f 896 902 898
f 1068 1052 1064
f 1071 1052 1068
f 1064 1052 1056
f 915 953 914
f 1083 1023 1075
f 1023 1044 1075
f 1075 1044 1071
f 1071 1044 1052
f 915 924 953
f 902 924 903
f 903 924 915
f 953 995 1023
f 995 1009 1023
f 953 985 995
f 1023 1033 1044
f 924 940 953
f 1009 1012 1023
f 953 977 985
f 976 971 973
f 977 971 976
f 977 968 971
f 940 957 953
f 953 957 977
f 1014 1021 1012
f 1018 1021 1014
f 1023 1021 1033
f 1012 1021 1023
f 977 961 968
f 957 961 977
f 850 853 854
f 850 854 849
f 851 849 852
f 851 850 849
f 857 852 858
f 857 851 852
f 1180 1172 1177
f 1174 1172 1180
f 1195 1188 1200
f 1191 1188 1195
f 1188 1165 1200
f 1161 1165 1181
f 1181 1165 1188
f 1200 1165 1204
f 1204 1165 1201
f 1174 1131 1172
f 1161 1131 1165
f 1130 1131 1145
f 1145 1131 1174
f 1172 1131 1157
f 1157 1131 1161
f 1198 1190 1194
f 1117 1111 1121
f 1198 1185 1190
f 1201 1185 1198
f 1121 1105 1130
f 1111 1105 1121
f 1165 1176 1201
f 1201 1176 1185
f 1130 1092 1131
f 1105 1092 1130
f 1069 1065 1070
f 1156 1146 1149
f 1165 1146 1176
f 1176 1146 1156
f 1092 1081 1131
f 1074 1081 1085
f 1085 1081 1092
f 1160 1169 1167
f 1060 1059 1065
f 1059 1057 1065
f 1065 1057 1070
f 1160 1164 1169
f 1057 1053 1070
f 1053 1043 1070
f 1070 1043 1074
f 1149 1141 1160
f 1160 1141 1164
f 1141 1112 1125
f 1149 1112 1141
f 1146 1112 1149
f 1074 1027 1081
f 1043 1027 1074
f 1034 1027 1043
f 1034 1020 1027
f 1112 1114 1125
f 1019 1015 1020
f 1020 1013 1027
f 1015 1013 1020
f 1109 1100 1102
f 1114 1100 1109
f 1112 1096 1114
f 1114 1096 1100
f 1112 1094 1096
f 1112 1090 1094
f 1013 1008 1027
f 1112 1088 1090
f 1008 996 1027
f 1112 1077 1088
f 975 972 978
f 974 972 975
f 1063 1051 1055
f 969 960 972
f 1063 1049 1051
f 972 956 978
f 960 956 972
f 978 959 986
f 986 959 996
f 996 959 1027
f 956 959 978
f 1067 1042 1063
f 1077 1042 1067
f 1112 1042 1077
f 1063 1042 1049
f 1042 1036 1049
f 956 941 959
f 1042 1026 1036
f 941 925 959
f 1026 1000 1017
f 992 1000 1042
f 1042 1000 1026
f 901 904 925
f 1017 1005 1011
f 1000 1005 1017
f 925 916 959
f 904 916 925
f 959 916 919
f 1005 1007 1011
f 901 899 904
f 897 899 901
f 992 998 1000
f 992 988 998
f 916 910 919
f 992 984 988
f 910 888 919
f 992 982 984
f 954 949 951
f 954 947 949
f 888 900 919
f 992 934 982
f 982 945 966
f 963 945 954
f 966 945 963
f 954 945 947
f 865 858 876
f 860 858 865
f 876 852 888
f 858 852 876
f 888 852 900
f 934 936 982
f 982 936 945
f 900 906 934
f 900 892 906
f 906 907 934
f 900 880 892
f 900 878 880
f 900 874 878
f 934 921 936
f 852 849 900
f 907 893 934
f 886 883 893
f 934 890 921
f 893 890 934
f 883 890 893
f 874 854 872
f 868 854 864
f 870 854 868
f 872 854 870
f 900 854 874
f 849 854 900
f 864 856 862
f 854 856 864
f 993 994 937
f 937 938 912
f 994 938 937
f 912 911 923
f 938 911 912
f 911 922 923
f 965 964 1028
f 923 964 965
f 922 964 923
f 964 1029 1028
f 1028 1079 1080
f 1029 1079 1028
f 1126 1139 1148
f 1126 1123 1139
f 1126 1078 1123
f 1148 1133 1137
f 1139 1133 1148
f 1078 1072 1123
f 1078 1030 1072
f 1137 1098 1103
f 1133 1098 1137
f 1030 1031 1072
f 1031 970 979
f 1030 970 1031
f 1038 1039 1098
f 1098 1039 1103
f 1003 999 1038
f 1038 999 1039
f 979 928 933
f 970 928 979
f 943 939 1003
f 1003 939 999
f 927 917 943
f 933 917 927
f 943 917 939
f 928 917 933
f 894 893 908
f 908 907 905
f 893 907 908
f 905 906 891
f 907 906 905
f 891 892 879
f 906 892 891
f 892 880 879
f 1004 1005 1001
f 1001 1000 997
f 1005 1000 1001
f 997 998 987
f 1000 998 997
f 998 988 987
f 1100 1096 1099
f 1099 1096 1095
f 1095 1094 1093
f 1096 1094 1095
f 1093 1090 1089
f 1094 1090 1093
f 1185 1176 1186
f 1186 1176 1175
f 1175 1156 1155
f 1176 1156 1175
f 1155 1149 1150
f 1150 1149 1159
f 1156 1149 1155
f 1149 1160 1159
f 1172 1157 1171
f 1171 1157 1158
f 1158 1161 1162
f 1157 1161 1158
f 1162 1181 1182
f 1182 1181 1187
f 1161 1181 1162
f 1181 1188 1187
f 1070 1074 1071
f 1071 1074 1075
f 1075 1085 1086
f 1074 1085 1075
f 1086 1092 1091
f 1085 1092 1086
f 1091 1105 1104
f 1092 1105 1091
f 978 986 977
f 977 986 985
f 985 996 995
f 986 996 985
f 995 1008 1009
f 996 1008 995
f 1009 1013 1012
f 1008 1013 1009
f 876 888 875
f 875 888 887
f 887 910 909
f 888 910 887
f 909 916 915
f 910 916 909
f 915 904 903
f 916 904 915
f 1054 1062 1063
f 1054 1063 1055
f 1050 1051 1049
f 1050 1055 1051
f 1050 1054 1055
f 1048 1050 1049
f 1014 1012 1013
f 1014 1013 1015
f 1018 1015 1019
f 1018 1014 1015
f 1021 1019 1020
f 1021 1018 1019
f 1166 1159 1160
f 1166 1160 1167
f 1168 1169 1164
f 1168 1167 1169
f 1168 1166 1167
f 1163 1168 1164
f 948 950 951
f 948 951 949
f 946 947 945
f 946 949 947
f 946 948 949
f 944 946 945
f 969 972 971
f 969 971 968
f 960 961 957
f 960 968 961
f 960 969 968
f 956 960 957
f 1059 1060 1061
f 1059 1061 1058
f 1057 1058 1056
f 1057 1059 1058
f 1053 1056 1052
f 1053 1057 1056
f 1192 1187 1188
f 1192 1188 1191
f 1196 1195 1200
f 1196 1191 1195
f 1196 1192 1191
f 1199 1196 1200
f 1110 1104 1105
f 1110 1105 1111
f 1116 1111 1117
f 1116 1110 1111
f 1120 1117 1121
f 1120 1116 1117
f 1177 1172 1171
f 1177 1171 1178
f 1180 1178 1179
f 1180 1177 1178
f 1174 1179 1173
f 1174 1180 1179
f 1190 1185 1186
f 1190 1189 1193
f 1190 1186 1189
f 1194 1190 1193
f 1198 1193 1197
f 1198 1194 1193
f 1100 1099 1101
f 1102 1101 1108
f 1102 1100 1101
f 1109 1102 1108
f 1114 1108 1115
f 1114 1109 1108
f 1007 1005 1004
f 1007 1004 1006
f 1011 1006 1010
f 1011 1007 1006
f 1017 1010 1016
f 1017 1011 1010
f 886 893 894
f 886 894 885
f 883 885 884
f 883 886 885
f 890 884 889
f 890 883 884
f 861 863 864
f 861 864 862
f 855 862 856
f 855 861 862
f 853 856 854
f 853 855 856
f 865 876 875
f 865 875 866
f 860 866 859
f 860 865 866
f 858 859 857
f 858 860 859
f 898 903 904
f 898 904 899
f 896 897 901
f 896 899 897
f 896 898 899
f 902 896 901
f 1047 989 991
f 1047 991 1045
f 1118 1045 1113
f 1118 1047 1045
f 1151 1113 1147
f 1151 1118 1113
f 1184 1147 1170
f 1184 1151 1147
f 1136 1170 1134
f 1136 1184 1170
f 1082 1136 1134
f 1084 1136 1082
f 1081 1028 1080
f 1081 1027 1028
f 1027 965 1028
f 1027 959 965
f 959 923 965
f 959 919 923
f 923 900 912
f 919 900 923
f 912 934 937
f 900 934 912
f 937 992 993
f 934 992 937
f 1079 1030 1078
f 1079 1029 1030
f 1029 970 1030
f 1029 964 970
f 970 922 928
f 964 922 970
f 922 917 928
f 922 911 917
f 917 938 939
f 911 938 917
f 939 994 999
f 938 994 939
f 2136 2352 2135
f 2135 2352 2351
f 2351 2442 2441
f 2352 2442 2351
f 2441 2409 2408
f 2442 2409 2441
f 2251 2250 2014
f 2408 2250 2251
f 2409 2250 2408
f 2014 2013 1839
f 2250 2013 2014
f 2013 1840 1839
f 2131 2340 2118
f 2131 2346 2340
f 2346 2420 2340
f 2346 2432 2420
f 2432 2379 2420
f 2432 2402 2379
f 2402 2230 2379
f 2402 2243 2230
f 2230 2011 2010
f 2243 2011 2230
f 2010 1844 1855
f 2011 1844 2010
f 2108 2331 2109
f 2109 2331 2332
f 2332 2388 2389
f 2331 2388 2332
f 2389 2355 2356
f 2388 2355 2389
f 2216 2217 2009
f 2356 2217 2216
f 2355 2217 2356
f 2217 2008 2009
f 2009 1866 1867
f 2008 1866 2009
f 1616 1830 1836
f 1609 1830 1616
f 1527 1609 1616
f 1497 1609 1527
f 1562 1497 1527
f 1545 1497 1562
f 1692 1562 1715
f 1692 1545 1562
f 1959 1715 1960
f 1959 1692 1715
f 2148 1960 2141
f 2148 1959 1960
f 2595 2602 2596
f 2595 2601 2602
f 2588 2596 2587
f 2588 2595 2596
f 2572 2587 2571
f 2572 2588 2587
f 2261 2303 2262
f 2261 2300 2303
f 2236 2262 2235
f 2236 2261 2262
f 2222 2235 2223
f 2222 2236 2235
f 1897 1896 1887
f 1897 1901 1896
f 1897 1898 1901
f 1888 1897 1887
f 1886 1887 1885
f 1886 1888 1887
f 1577 1565 1576
f 1576 1565 1564
f 1564 1553 1552
f 1565 1553 1564
f 1552 1537 1540
f 1553 1537 1552
f 2040 2029 2039
f 2039 2029 2030
f 2030 2027 2028
f 2029 2027 2030
f 2028 2019 2018
f 2027 2019 2028
f 2400 2387 2401
f 2401 2387 2386
f 2386 2380 2381
f 2387 2380 2386
f 2381 2372 2369
f 2380 2372 2381
f 1936 1935 1929
f 1935 1930 1929
f 1929 1919 1920
f 1930 1919 1929
f 1920 1914 1915
f 1919 1914 1920
f 1449 1447 1428
f 1427 1428 1418
f 1427 1449 1428
f 1417 1418 1402
f 1417 1427 1418
f 1401 1417 1402
f 2110 2115 2111
f 2110 2112 2115
f 2100 2111 2101
f 2100 2110 2111
f 2090 2101 2089
f 2090 2100 2101
f 1425 1454 1426
f 1426 1454 1453
f 1453 1480 1479
f 1454 1480 1453
f 1503 1502 1517
f 1479 1502 1503
f 1480 1502 1479
f 1502 1516 1517
f 1517 1488 1489
f 1516 1488 1517
f 1489 1463 1464
f 1488 1463 1489
f 1802 1819 1803
f 1803 1819 1818
f 1818 1837 1838
f 1819 1837 1818
f 1854 1853 1857
f 1838 1853 1854
f 1837 1853 1838
f 1853 1856 1857
f 1857 1846 1845
f 1856 1846 1857
f 1845 1834 1835
f 1846 1834 1845
f 2172 2194 2173
f 2173 2194 2193
f 2193 2210 2211
f 2194 2210 2193
f 2225 2224 2227
f 2211 2224 2225
f 2210 2224 2211
f 2224 2226 2227
f 2227 2221 2220
f 2226 2221 2227
f 2220 2209 2208
f 2221 2209 2220
f 2522 2549 2521
f 2521 2549 2550
f 2550 2569 2570
f 2549 2569 2550
f 2590 2589 2594
f 2570 2589 2590
f 2569 2589 2570
f 2589 2593 2594
f 2594 2583 2584
f 2593 2583 2594
f 2584 2564 2563
f 2583 2564 2584
f 2509 2531 2510
f 2510 2531 2532
f 2532 2558 2557
f 2531 2558 2532
f 2573 2574 2575
f 2557 2574 2573
f 2558 2574 2557
f 2574 2576 2575
f 2575 2567 2568
f 2576 2567 2575
f 2568 2547 2548
f 2567 2547 2568
f 2145 2165 2144
f 2144 2165 2164
f 2164 2185 2186
f 2165 2185 2164
f 2197 2198 2206
f 2186 2198 2197
f 2185 2198 2186
f 2198 2205 2206
f 2206 2192 2191
f 2205 2192 2206
f 2191 2177 2176
f 2192 2177 2191
f 1771 1790 1770
f 1770 1790 1789
f 1789 1812 1813
f 1790 1812 1789
f 1822 1823 1832
f 1813 1823 1822
f 1812 1823 1813
f 1823 1833 1832
f 1832 1816 1817
f 1833 1816 1832
f 1817 1806 1807
f 1816 1806 1817
f 1409 1433 1410
f 1410 1433 1434
f 1434 1460 1459
f 1433 1460 1434
f 1482 1481 1483
f 1459 1481 1482
f 1460 1481 1459
f 1481 1484 1483
f 1483 1473 1474
f 1484 1473 1483
f 1474 1451 1452
f 1473 1451 1474
f 1772 1831 1830
f 1732 1772 1830
f 1664 1830 1609
f 1664 1732 1830
f 1606 1664 1609
f 1554 1606 1609
f 1642 1667 1664
f 1524 1609 1497
f 1524 1554 1609
f 1626 1664 1606
f 1626 1642 1664
f 1608 1626 1606
f 1500 1524 1497
f 1512 1497 1545
f 1512 1500 1497
f 1528 1512 1545
f 1485 1499 1500
f 1563 1528 1545
f 1496 1500 1512
f 1496 1485 1500
f 1515 1496 1512
f 1613 1545 1692
f 1613 1563 1545
f 1695 1613 1692
f 1795 1695 1692
f 1632 1615 1613
f 1891 1795 1692
f 1891 1692 1959
f 1647 1632 1613
f 1647 1613 1695
f 1694 1647 1695
f 1955 1891 1959
f 2031 1959 2148
f 2031 1955 1959
f 2063 2031 2148
f 2099 2063 2148
f 2149 2099 2148
f 1985 1958 1955
f 2003 1955 2031
f 2003 1985 1955
f 2034 2003 2031
f 2128 2088 2127
f 2127 2088 2087
f 2087 2062 2061
f 2088 2062 2087
f 2061 2043 2044
f 2062 2043 2061
f 2044 2042 2041
f 2043 2042 2044
f 2364 2365 2341
f 2367 2365 2366
f 2366 2365 2364
f 2365 2342 2341
f 2341 2327 2326
f 2342 2327 2341
f 2326 2305 2304
f 2327 2305 2326
f 2304 2272 2271
f 2305 2272 2304
f 2271 2291 2290
f 2272 2291 2271
f 2566 2565 2515
f 2606 2565 2605
f 2605 2565 2566
f 2515 2516 2454
f 2565 2516 2515
f 2516 2455 2454
f 2454 2446 2445
f 2455 2446 2454
f 2445 2444 2443
f 2446 2444 2445
f 2443 2452 2453
f 2444 2452 2443
f 2744 2753 2743
f 2744 2754 2753
f 1360 1359 1311
f 1312 1360 1311
f 1236 1234 1235
f 1235 1234 1233
f 1248 1230 1247
f 1247 1230 1229
f 1331 1332 1306
f 1332 1305 1306
f 1306 1296 1295
f 1305 1296 1306
f 1295 1292 1291
f 1296 1292 1295
f 1291 1270 1269
f 1292 1270 1291
f 1550 1551 1535
f 1551 1536 1535
f 1535 1522 1523
f 1536 1522 1535
f 1523 1511 1510
f 1522 1511 1523
f 1510 1440 1439
f 1511 1440 1510
f 1969 1948 1968
f 1968 1948 1947
f 1947 1922 1921
f 1948 1922 1947
f 1921 1907 1906
f 1922 1907 1921
f 1906 1893 1892
f 1907 1893 1906
f 1749 1717 1748
f 1748 1717 1716
f 1716 1677 1676
f 1717 1677 1716
f 1676 1651 1650
f 1677 1651 1676
f 1650 1639 1638
f 1651 1639 1650
f 1804 1829 1805
f 1804 1828 1829
f 1778 1805 1775
f 1778 1804 1805
f 1754 1775 1755
f 1754 1778 1775
f 2132 2347 2131
f 2131 2347 2346
f 2346 2431 2432
f 2347 2431 2346
f 2432 2403 2402
f 2431 2403 2432
f 2243 2244 2011
f 2402 2244 2243
f 2403 2244 2402
f 2244 2012 2011
f 2011 1843 1844
f 2012 1843 2011
f 1843 1628 1844
f 1844 1628 1629
f 1629 1544 1543
f 1628 1544 1629
f 1543 1575 1574
f 1544 1575 1543
f 1734 1733 1963
f 1574 1733 1734
f 1575 1733 1574
f 1733 1964 1963
f 1963 2132 2131
f 1964 2132 1963
f 2154 2142 2195
f 2364 2341 2392
f 2023 2061 2044
f 2232 2213 2271
f 2195 2213 2232
f 2142 2169 2195
f 2195 2169 2213
f 2137 2169 2142
f 2213 2259 2271
f 2271 2259 2304
f 2137 2114 2169
f 2127 2114 2137
f 2259 2273 2304
f 2304 2273 2326
f 2127 2097 2114
f 2087 2097 2127
f 1986 1979 1999
f 2087 2084 2097
f 2061 2084 2087
f 2273 2298 2326
f 2326 2298 2341
f 1979 1976 1999
f 2421 2445 2443
f 2341 2293 2392
f 2298 2293 2341
f 2023 2074 2061
f 2061 2074 2084
f 1906 1883 1921
f 2515 2599 2566
f 2293 2247 2392
f 2023 2057 2074
f 2599 2559 2625
f 1841 1851 1883
f 2515 2536 2599
f 2599 2536 2559
f 1851 1870 1883
f 1883 1870 1921
f 2046 2029 2040
f 2625 2581 2655
f 2655 2581 2640
f 2559 2581 2625
f 1841 1827 1851
f 1787 1827 1800
f 1800 1827 1841
f 2057 2027 2056
f 2056 2027 2046
f 2046 2027 2029
f 2454 2501 2515
f 2515 2501 2536
f 1870 1879 1921
f 1921 1879 1947
f 2254 2284 2241
f 2241 2284 2247
f 2057 2019 2027
f 1787 1769 1827
f 2284 2329 2247
f 2247 2329 2392
f 2421 2329 2445
f 2392 2329 2421
f 2023 1995 2057
f 2057 1995 2019
f 1968 1995 1976
f 1999 1995 2023
f 1976 1995 1999
f 1769 1777 1827
f 1748 1777 1769
f 2640 2609 2649
f 2581 2609 2640
f 2445 2344 2454
f 2329 2344 2445
f 1968 1973 1995
f 1947 1973 1968
f 2454 2428 2501
f 1879 1903 1947
f 1716 1741 1748
f 1748 1741 1777
f 2649 2635 2679
f 2609 2635 2649
f 2344 2362 2454
f 2454 2362 2428
f 1947 1943 1973
f 1903 1943 1947
f 1903 1910 1943
f 2428 2375 2406
f 2362 2375 2428
f 1910 1928 1943
f 1636 1672 1650
f 1650 1672 1676
f 1676 1672 1716
f 1716 1672 1741
f 2679 2652 2695
f 2695 2652 2710
f 2635 2652 2679
f 1636 1662 1672
f 2652 2664 2710
f 1636 1622 1662
f 2664 2715 2710
f 1622 1653 1662
f 2664 2641 2715
f 1622 1592 1653
f 1594 1592 1622
f 1653 1592 1659
f 2619 2707 2641
f 2715 2707 2718
f 2641 2707 2715
f 1592 1572 1659
f 1659 1572 1699
f 2619 2697 2707
f 2529 2697 2619
f 1699 1690 1709
f 1572 1666 1699
f 1699 1666 1690
f 2529 2460 2697
f 2464 2460 2498
f 2498 2460 2529
f 1510 1455 1523
f 1523 1455 1535
f 2711 2728 2730
f 1572 1640 1666
f 1550 1640 1572
f 2697 2478 2711
f 2460 2478 2697
f 1421 1627 1455
f 1535 1627 1550
f 1455 1627 1535
f 1550 1627 1640
f 2728 2486 2721
f 2478 2486 2711
f 2711 2486 2728
f 2721 2702 2719
f 1381 1395 1421
f 1607 1591 1597
f 1591 1565 1577
f 1591 1553 1565
f 1591 1537 1553
f 1421 1537 1627
f 1627 1537 1607
f 1607 1537 1591
f 1395 1448 1421
f 1421 1448 1537
f 2486 2543 2721
f 2508 2543 2480
f 2480 2543 2475
f 2475 2543 2486
f 2543 2630 2721
f 2721 2630 2702
f 1395 1420 1448
f 1369 1420 1395
f 2702 2657 2687
f 2630 2657 2702
f 1369 1388 1420
f 2657 2673 2687
f 2673 2689 2687
f 1369 1331 1388
f 1331 1373 1388
f 1306 1373 1331
f 2673 2669 2689
f 2669 2703 2689
f 1306 1354 1373
f 1295 1354 1306
f 2669 2647 2703
f 1291 1284 1295
f 1295 1284 1354
f 2647 2693 2703
f 1284 1275 1354
f 1275 1328 1354
f 2693 2621 2685
f 2647 2621 2693
f 1275 1266 1328
f 2621 2677 2685
f 1266 1301 1328
f 2621 2601 2677
f 1266 1279 1301
f 2595 2627 2601
f 2601 2627 2677
f 2595 2588 2627
f 1279 1299 1301
f 1279 1281 1299
f 1299 1281 1317
f 2588 2598 2627
f 2545 2598 2556
f 2556 2598 2572
f 2572 2598 2588
f 1429 1498 1465
f 1465 1498 1493
f 2390 2371 2418
f 2418 2371 2440
f 1317 1267 1348
f 1281 1267 1317
f 2545 2577 2598
f 2524 2577 2545
f 1429 1487 1498
f 2371 2348 2440
f 1348 1245 1429
f 1429 1245 1487
f 1249 1245 1267
f 1267 1245 1348
f 2524 2551 2577
f 2577 2551 2591
f 2348 2551 2440
f 2440 2551 2524
f 1245 1239 1487
f 2348 2518 2551
f 1487 1257 1495
f 1239 1257 1487
f 1237 1257 1239
f 2518 2435 2463
f 2348 2435 2518
f 2334 2435 2348
f 2286 2267 2310
f 1495 1272 1514
f 1257 1272 1495
f 2334 2410 2435
f 2310 2410 2334
f 1514 1443 1506
f 1506 1443 1475
f 1272 1443 1514
f 2267 2279 2310
f 2310 2279 2410
f 1262 1357 1272
f 1272 1357 1443
f 2410 2317 2385
f 2279 2317 2410
f 1262 1336 1357
f 2317 2323 2385
f 1251 1254 1262
f 1262 1254 1336
f 2385 2353 2382
f 2323 2353 2385
f 1254 1310 1336
f 2323 2313 2353
f 1310 1259 1321
f 1254 1259 1310
f 2300 2339 2313
f 2313 2339 2353
f 1570 1614 1599
f 2049 2033 2066
f 1570 1548 1614
f 2033 2073 2066
f 1259 1273 1321
f 2300 2324 2339
f 1321 1289 1342
f 1273 1289 1321
f 2300 2269 2324
f 2236 2269 2261
f 2261 2269 2300
f 1342 1325 1367
f 1289 1325 1342
f 2236 2229 2269
f 2203 2229 2222
f 2222 2229 2236
f 1325 1337 1367
f 1367 1337 1392
f 2203 2199 2229
f 2150 2199 2175
f 2175 2199 2203
f 1337 1319 1392
f 2150 2179 2199
f 1646 1730 1693
f 1693 1730 1723
f 1723 1730 1736
f 1924 1916 1938
f 1938 1916 1957
f 1957 1916 1984
f 1392 1349 1411
f 1319 1349 1392
f 2123 2133 2150
f 2150 2133 2179
f 1411 1375 1436
f 1349 1375 1411
f 2106 2091 2123
f 2123 2091 2133
f 1436 1457 1472
f 1375 1457 1436
f 2096 2047 2106
f 2106 2047 2091
f 1375 1407 1457
f 2047 2068 2091
f 1548 1518 1614
f 1472 1518 1548
f 1614 1518 1631
f 1457 1518 1472
f 2096 2025 2047
f 2033 2025 2073
f 2002 2025 2033
f 2073 2025 2096
f 1518 1529 1631
f 1631 1529 1646
f 2002 2004 2025
f 1984 2004 2002
f 1529 1555 1646
f 1531 1555 1529
f 2004 1977 1992
f 1984 1977 2004
f 1680 1648 1704
f 1874 1894 1886
f 1886 1894 1888
f 1888 1894 1897
f 1680 1633 1648
f 1684 1633 1680
f 1897 1918 1898
f 1894 1918 1897
f 1730 1584 1684
f 1555 1584 1646
f 1684 1584 1633
f 1646 1584 1730
f 1984 1951 1977
f 1898 1951 1916
f 1918 1951 1898
f 1916 1951 1984
f 1704 1670 1718
f 1648 1670 1704
f 1874 1862 1894
f 1858 1862 1865
f 1865 1862 1874
f 1584 1611 1633
f 1918 1931 1951
f 1718 1705 1763
f 1670 1705 1718
f 1858 1824 1862
f 1810 1824 1858
f 1810 1781 1824
f 1763 1745 1810
f 1705 1745 1763
f 1810 1745 1781
f 1764 1721 1765
f 1764 1719 1721
f 1811 1765 1808
f 1811 1764 1765
f 1859 1808 1861
f 1859 1811 1808
f 2204 2153 2201
f 2204 2151 2153
f 2237 2201 2238
f 2237 2204 2201
f 2301 2238 2302
f 2301 2237 2238
f 2622 2604 2623
f 2622 2603 2604
f 2648 2623 2645
f 2648 2622 2623
f 2667 2645 2670
f 2667 2648 2645
f 2636 2654 2637
f 2636 2653 2654
f 2610 2637 2607
f 2610 2636 2637
f 2582 2607 2579
f 2582 2610 2607
f 2215 2257 2214
f 2215 2256 2257
f 2170 2214 2168
f 2170 2215 2214
f 2112 2168 2115
f 2112 2170 2168
f 1742 1754 1755
f 1742 1755 1739
f 1713 1739 1714
f 1713 1742 1739
f 1673 1714 1674
f 1673 1713 1714
f 1351 1371 1374
f 1351 1374 1352
f 1329 1352 1327
f 1329 1351 1352
f 1302 1327 1304
f 1302 1329 1327
f 1929 1891 1936
f 1920 1891 1929
f 1915 1891 1920
f 1950 1891 1955
f 1945 1891 1950
f 1936 1891 1945
f 1890 1846 1900
f 1878 1846 1890
f 1861 1846 1878
f 1900 1856 1915
f 1846 1856 1900
f 1861 1834 1846
f 1915 1853 1891
f 1856 1853 1915
f 1861 1808 1834
f 1808 1814 1834
f 1853 1837 1891
f 1808 1793 1814
f 1837 1819 1891
f 1808 1765 1793
f 1765 1779 1793
f 1802 1795 1819
f 1819 1795 1891
f 1779 1721 1773
f 1765 1721 1779
f 1721 1702 1773
f 1702 1678 1773
f 1773 1682 1786
f 1678 1682 1773
f 1786 1728 1802
f 1682 1728 1786
f 1802 1728 1795
f 1728 1738 1795
f 1738 1724 1795
f 1724 1695 1795
f 2238 2221 2302
f 2321 2226 2319
f 2315 2226 2321
f 2302 2226 2315
f 2221 2226 2302
f 2319 2224 2277
f 2226 2224 2319
f 2201 2209 2238
f 2238 2209 2221
f 2224 2210 2277
f 2201 2189 2209
f 2288 2245 2308
f 2265 2245 2288
f 2201 2153 2189
f 2153 2166 2189
f 2153 2121 2166
f 2277 2207 2265
f 2194 2207 2210
f 2210 2207 2277
f 2265 2207 2245
f 2121 2104 2166
f 2166 2094 2156
f 2104 2094 2166
f 2172 2149 2194
f 2163 2149 2172
f 2194 2149 2207
f 2146 2099 2163
f 2163 2099 2149
f 2156 2071 2146
f 2094 2071 2156
f 2146 2071 2099
f 2071 2064 2099
f 2064 2063 2099
f 2064 2051 2063
f 2051 2031 2063
f 2623 2583 2645
f 2645 2583 2593
f 2645 2589 2670
f 2593 2589 2645
f 2604 2564 2623
f 2623 2564 2583
f 2659 2569 2632
f 2672 2569 2659
f 2670 2569 2672
f 2589 2569 2670
f 2586 2540 2604
f 2553 2540 2586
f 2526 2540 2553
f 2604 2540 2564
f 2569 2549 2632
f 2526 2513 2540
f 2522 2544 2549
f 2549 2544 2632
f 2513 2438 2492
f 2526 2438 2513
f 2544 2451 2507
f 2489 2451 2500
f 2500 2451 2522
f 2522 2451 2544
f 2424 2423 2438
f 2412 2423 2424
f 2492 2423 2489
f 2438 2423 2492
f 2489 2423 2451
f 2412 2401 2423
f 2451 2482 2507
f 2401 2386 2423
f 2386 2381 2423
f 2451 2473 2482
f 2369 2423 2381
f 2666 2567 2654
f 2644 2567 2666
f 2617 2567 2644
f 2654 2576 2637
f 2567 2576 2654
f 2527 2547 2617
f 2617 2547 2567
f 2637 2574 2607
f 2576 2574 2637
f 2527 2519 2547
f 2574 2558 2607
f 2558 2579 2607
f 2558 2531 2579
f 2531 2561 2579
f 2496 2447 2527
f 2467 2447 2496
f 2458 2447 2467
f 2519 2447 2494
f 2494 2447 2471
f 2527 2447 2519
f 2531 2537 2561
f 2509 2503 2531
f 2531 2503 2537
f 2471 2414 2456
f 2456 2414 2484
f 2447 2414 2471
f 2484 2426 2509
f 2414 2426 2484
f 2509 2426 2503
f 2414 2404 2426
f 2414 2377 2404
f 2414 2360 2377
f 2239 2184 2249
f 2252 2184 2239
f 2283 2184 2252
f 2275 2205 2257
f 2296 2205 2275
f 2292 2205 2296
f 2249 2192 2292
f 2292 2192 2205
f 2205 2198 2257
f 2184 2177 2249
f 2249 2177 2192
f 2198 2214 2257
f 2184 2160 2177
f 2198 2185 2214
f 2184 2139 2160
f 2185 2165 2214
f 2165 2168 2214
f 2165 2145 2168
f 2139 2082 2119
f 2184 2082 2139
f 2129 2115 2145
f 2145 2115 2168
f 2129 2111 2115
f 2129 2101 2111
f 2129 2089 2101
f 2129 2085 2089
f 2129 2079 2085
f 2117 2076 2129
f 2129 2076 2079
f 2119 2059 2117
f 2082 2059 2119
f 2117 2059 2076
f 2082 2053 2059
f 2082 2037 2053
f 2082 2017 2037
f 1942 1912 1926
f 1912 1908 1926
f 1908 1876 1905
f 1912 1876 1908
f 1876 1833 1905
f 1831 1816 1876
f 1876 1816 1833
f 1905 1823 1881
f 1833 1823 1905
f 1831 1806 1816
f 1772 1783 1831
f 1831 1783 1806
f 1868 1812 1849
f 1881 1812 1868
f 1823 1812 1881
f 1812 1829 1849
f 1772 1767 1783
f 1790 1805 1812
f 1812 1805 1829
f 1732 1707 1772
f 1691 1707 1732
f 1732 1664 1691
f 1771 1775 1790
f 1790 1775 1805
f 1767 1697 1752
f 1772 1697 1767
f 1707 1697 1772
f 1771 1755 1775
f 1771 1739 1755
f 1756 1739 1771
f 1756 1714 1739
f 1751 1714 1756
f 1752 1657 1751
f 1697 1657 1752
f 1751 1674 1714
f 1657 1655 1751
f 1655 1660 1751
f 1751 1660 1674
f 1606 1554 1587
f 1492 1524 1500
f 1554 1559 1587
f 1492 1467 1524
f 1554 1539 1559
f 1467 1431 1524
f 1524 1484 1554
f 1524 1473 1484
f 1484 1481 1554
f 1554 1481 1539
f 1431 1451 1524
f 1524 1451 1473
f 1481 1460 1539
f 1431 1423 1451
f 1433 1447 1460
f 1460 1447 1539
f 1423 1346 1403
f 1431 1346 1423
f 1433 1428 1447
f 1346 1318 1403
f 1433 1418 1428
f 1433 1402 1418
f 1318 1297 1403
f 1433 1386 1402
f 1433 1378 1386
f 1409 1374 1433
f 1433 1374 1378
f 1403 1304 1383
f 1297 1304 1403
f 1409 1352 1374
f 1390 1352 1409
f 1390 1327 1352
f 1383 1327 1380
f 1380 1327 1390
f 1304 1327 1383
f 2007 1998 1997
f 2007 1997 2006
f 2022 2021 2035
f 2022 2006 2021
f 2022 2007 2006
f 2036 2022 2035
f 2234 2219 2218
f 2234 2218 2233
f 2264 2263 2306
f 2264 2233 2263
f 2264 2234 2233
f 2307 2264 2306
f 2449 2434 2433
f 2449 2433 2450
f 2469 2468 2511
f 2469 2450 2468
f 2469 2449 2450
f 2512 2469 2511
f 2692 2684 2683
f 2692 2683 2691
f 2706 2705 2713
f 2706 2691 2705
f 2706 2692 2691
f 2714 2706 2713
f 2750 2748 2747
f 2750 2747 2749
f 2751 2752 2753
f 2751 2749 2752
f 2751 2750 2749
f 2754 2751 2753
f 2760 2762 2761
f 2760 2761 2759
f 2757 2758 2755
f 2757 2759 2758
f 2757 2760 2759
f 2756 2757 2755
f 2742 2746 2745
f 2742 2745 2741
f 2738 2741 2737
f 2738 2742 2741
f 2734 2737 2733
f 2734 2738 2737
f 2662 2676 2675
f 2662 2675 2661
f 2633 2634 2611
f 2633 2661 2634
f 2633 2662 2661
f 2612 2633 2611
f 2399 2417 2416
f 2399 2416 2398
f 2374 2373 2357
f 2374 2398 2373
f 2374 2399 2398
f 2358 2374 2357
f 2159 2188 2187
f 2159 2187 2158
f 2126 2125 2102
f 2126 2158 2125
f 2126 2159 2158
f 2103 2126 2102
f 1971 1982 1981
f 1971 1981 1970
f 1954 1953 1939
f 1954 1970 1953
f 1954 1971 1970
f 1940 1954 1939
f 1744 1759 1758
f 1744 1758 1743
f 1712 1711 1668
f 1712 1743 1711
f 1712 1744 1743
f 1669 1712 1668
f 1526 1542 1541
f 1526 1541 1525
f 1505 1504 1461
f 1505 1525 1504
f 1505 1526 1525
f 1462 1505 1461
f 1278 1286 1285
f 1278 1285 1277
f 1264 1263 1255
f 1264 1277 1263
f 1264 1278 1277
f 1256 1264 1255
f 1217 1220 1219
f 1217 1219 1218
f 1216 1215 1213
f 1216 1218 1215
f 1216 1217 1218
f 1214 1216 1213
f 1208 1206 1205
f 1208 1205 1207
f 1210 1209 1211
f 1210 1207 1209
f 1210 1208 1207
f 1212 1210 1211
f 1224 1222 1221
f 1224 1221 1223
f 1228 1227 1231
f 1228 1223 1227
f 1228 1224 1223
f 1232 1228 1231
f 1314 1294 1293
f 1314 1293 1313
f 1344 1343 1363
f 1344 1313 1343
f 1344 1314 1313
f 1364 1344 1363
f 2720 2701 2722
f 2552 2578 2592
f 2694 2648 2704
f 2694 2622 2648
f 2678 2622 2686
f 2686 2622 2694
f 2648 2667 2704
f 2704 2667 2690
f 2678 2603 2622
f 2628 2603 2678
f 2667 2674 2690
f 2690 2674 2688
f 2628 2585 2603
f 2597 2585 2628
f 2674 2658 2688
f 2688 2658 2701
f 2597 2554 2585
f 2578 2554 2597
f 2727 2712 2729
f 2462 2436 2517
f 2701 2631 2722
f 2658 2631 2701
f 2552 2525 2578
f 2578 2525 2554
f 2708 2716 2717
f 2383 2354 2384
f 2631 2541 2722
f 2552 2437 2525
f 2437 2413 2425
f 2437 2400 2413
f 2716 2665 2709
f 2338 2314 2354
f 2708 2642 2716
f 2716 2642 2665
f 2354 2320 2384
f 2314 2320 2354
f 2437 2387 2400
f 2709 2653 2696
f 2696 2653 2680
f 2665 2653 2709
f 2338 2301 2314
f 2270 2301 2325
f 2325 2301 2338
f 2437 2380 2387
f 2708 2620 2642
f 2698 2620 2708
f 2320 2318 2384
f 2384 2318 2411
f 2506 2472 2541
f 2481 2472 2506
f 2437 2372 2380
f 2541 2487 2722
f 2472 2487 2541
f 2727 2487 2712
f 2722 2487 2727
f 2552 2349 2437
f 2437 2349 2372
f 2517 2349 2552
f 2436 2349 2517
f 2680 2636 2650
f 2653 2636 2680
f 2270 2237 2301
f 2228 2237 2270
f 2487 2479 2712
f 2712 2479 2698
f 2436 2335 2349
f 2411 2335 2436
f 2698 2530 2620
f 2318 2280 2411
f 2650 2610 2639
f 2636 2610 2650
f 2228 2204 2237
f 2200 2204 2228
f 2698 2461 2530
f 2479 2461 2698
f 2411 2311 2335
f 2280 2311 2411
f 2530 2465 2495
f 2461 2465 2530
f 2268 2287 2280
f 2280 2287 2311
f 2639 2582 2656
f 2656 2582 2626
f 2610 2582 2639
f 2134 2151 2178
f 2178 2151 2200
f 2200 2151 2204
f 2582 2560 2626
f 2134 2124 2151
f 2560 2600 2626
f 2134 2092 2124
f 2560 2538 2600
f 2092 2107 2124
f 2600 2516 2565
f 2538 2516 2600
f 2502 2516 2538
f 2107 2048 2093
f 2069 2048 2092
f 2092 2048 2107
f 2502 2455 2516
f 2429 2455 2502
f 2093 2026 2070
f 2048 2026 2093
f 2429 2363 2455
f 2407 2363 2429
f 2376 2363 2407
f 2026 2034 2070
f 2067 2034 2050
f 2070 2034 2067
f 2446 2422 2444
f 1993 1978 2005
f 2455 2345 2446
f 2363 2345 2455
f 2026 2003 2034
f 2005 2003 2026
f 2422 2330 2393
f 2345 2330 2446
f 2446 2330 2422
f 1978 1985 2005
f 1952 1985 1978
f 2005 1985 2003
f 2393 2342 2365
f 1932 1917 1952
f 1949 1935 1946
f 1958 1930 1949
f 1949 1930 1935
f 2255 2242 2282
f 2330 2248 2393
f 2282 2248 2330
f 2242 2248 2282
f 2393 2294 2342
f 2248 2294 2393
f 1952 1914 1985
f 1985 1914 1958
f 1930 1914 1919
f 1958 1914 1930
f 1917 1899 1952
f 1952 1899 1914
f 2342 2299 2327
f 2294 2299 2342
f 1917 1889 1899
f 1895 1889 1917
f 2299 2274 2327
f 1895 1877 1889
f 2274 2305 2327
f 1895 1863 1877
f 2274 2256 2305
f 1863 1859 1877
f 2256 2272 2305
f 1863 1825 1859
f 2256 2215 2272
f 1825 1811 1859
f 2215 2231 2272
f 1825 1782 1811
f 2215 2196 2231
f 2215 2170 2196
f 1782 1764 1811
f 1746 1764 1782
f 1746 1706 1764
f 2170 2143 2196
f 2196 2143 2155
f 1706 1719 1764
f 2170 2138 2143
f 2112 2138 2170
f 2112 2128 2138
f 2112 2110 2128
f 1706 1671 1719
f 1671 1701 1719
f 2086 2088 2090
f 2100 2088 2110
f 2090 2088 2100
f 2110 2088 2128
f 1671 1649 1701
f 1701 1649 1681
f 1731 1725 1737
f 2054 2020 2058
f 2038 2020 2054
f 1731 1694 1725
f 2086 2062 2088
f 2078 2062 2086
f 2075 2062 2078
f 1649 1634 1681
f 1681 1634 1685
f 2020 1996 2058
f 1731 1647 1694
f 2062 2024 2043
f 2058 2024 2075
f 1996 2024 2058
f 2075 2024 2062
f 1731 1585 1647
f 1610 1585 1634
f 1634 1585 1685
f 1685 1585 1731
f 1996 2000 2024
f 1585 1556 1647
f 2000 1980 1987
f 1996 1975 2000
f 2000 1975 1980
f 1556 1530 1647
f 1532 1530 1556
f 1647 1530 1632
f 1996 1969 1975
f 1974 1969 1996
f 1925 1911 1944
f 1615 1571 1601
f 1530 1519 1632
f 1632 1519 1615
f 1974 1948 1969
f 1944 1948 1974
f 1911 1904 1944
f 1944 1904 1948
f 1615 1549 1571
f 1519 1549 1615
f 1948 1880 1922
f 1904 1880 1948
f 1458 1469 1519
f 1519 1469 1549
f 1880 1871 1922
f 1458 1437 1469
f 1922 1884 1907
f 1871 1884 1922
f 1408 1376 1458
f 1458 1376 1437
f 1871 1852 1884
f 1376 1412 1437
f 1852 1842 1884
f 1828 1842 1852
f 1376 1350 1412
f 1412 1350 1393
f 1688 1667 1710
f 1667 1700 1710
f 1508 1444 1515
f 1476 1444 1508
f 1828 1801 1842
f 1350 1320 1393
f 1828 1788 1801
f 1804 1788 1828
f 1320 1338 1393
f 1393 1338 1368
f 1804 1768 1788
f 1778 1768 1804
f 1778 1749 1768
f 1742 1749 1754
f 1754 1749 1778
f 1338 1326 1368
f 1368 1326 1339
f 1742 1717 1749
f 1713 1717 1742
f 1326 1290 1339
f 1339 1290 1322
f 1713 1677 1717
f 1673 1677 1713
f 1586 1558 1608
f 1673 1651 1677
f 1290 1274 1322
f 1608 1538 1626
f 1558 1538 1608
f 1485 1430 1499
f 1491 1430 1466
f 1499 1430 1491
f 1663 1637 1673
f 1673 1637 1651
f 1274 1260 1322
f 1322 1260 1307
f 1654 1621 1663
f 1663 1621 1637
f 1260 1253 1307
f 1307 1253 1333
f 1253 1261 1333
f 1333 1261 1358
f 1656 1593 1654
f 1654 1593 1621
f 1667 1573 1700
f 1642 1573 1667
f 1700 1573 1656
f 1656 1573 1593
f 1593 1595 1621
f 1253 1252 1261
f 1444 1271 1515
f 1261 1271 1358
f 1358 1271 1444
f 1515 1271 1496
f 1626 1551 1642
f 1642 1551 1573
f 1496 1258 1485
f 1271 1258 1496
f 1626 1536 1551
f 1536 1456 1522
f 1522 1456 1511
f 1626 1456 1536
f 1258 1240 1485
f 1238 1240 1258
f 1315 1282 1300
f 1427 1396 1449
f 1417 1396 1427
f 1385 1370 1401
f 1377 1370 1385
f 1401 1370 1417
f 1417 1370 1396
f 1345 1268 1315
f 1315 1268 1282
f 1538 1422 1626
f 1449 1422 1538
f 1626 1422 1456
f 1396 1422 1449
f 1240 1246 1485
f 1345 1246 1268
f 1485 1246 1430
f 1430 1246 1345
f 1300 1280 1302
f 1282 1280 1300
f 1396 1382 1422
f 1246 1250 1268
f 1371 1332 1377
f 1377 1332 1370
f 1351 1305 1371
f 1371 1305 1332
f 1351 1296 1305
f 1302 1265 1329
f 1280 1265 1302
f 1296 1283 1292
f 1351 1283 1296
f 1329 1276 1351
f 1351 1276 1283
f 1265 1276 1329
f 1821 1792 1791
f 1821 1791 1820
f 1848 1820 1847
f 1848 1821 1820
f 1873 1847 1872
f 1873 1848 1847
f 1578 1561 1560
f 1578 1560 1579
f 1604 1603 1617
f 1604 1579 1603
f 1604 1578 1579
f 1618 1604 1617
f 1639 1618 1617
f 1639 1617 1638
f 1798 1799 1800
f 1800 1801 1787
f 1799 1801 1800
f 1787 1788 1769
f 1801 1788 1787
f 1769 1768 1748
f 1788 1768 1769
f 1768 1749 1748
f 1799 1798 1791
f 1792 1799 1791
f 1991 1990 1997
f 1998 1991 1997
f 1893 1873 1872
f 1893 1872 1892
f 1990 1991 1986
f 1986 1987 1979
f 1991 1987 1986
f 1979 1980 1976
f 1987 1980 1979
f 1976 1975 1968
f 1980 1975 1976
f 1975 1969 1968
f 1583 1582 1560
f 1561 1583 1560
f 1582 1583 1594
f 1594 1595 1592
f 1583 1595 1594
f 1592 1593 1572
f 1595 1593 1592
f 1572 1573 1550
f 1593 1573 1572
f 1573 1551 1550
f 1440 1364 1363
f 1440 1363 1439
f 1361 1382 1362
f 1362 1382 1381
f 1381 1382 1395
f 1395 1396 1369
f 1382 1396 1395
f 1369 1370 1331
f 1396 1370 1369
f 1370 1332 1331
f 1270 1232 1231
f 1270 1231 1269
f 1361 1362 1293
f 1294 1361 1293
f 1243 1244 1266
f 1266 1265 1279
f 1244 1265 1266
f 1265 1280 1279
f 1279 1282 1281
f 1280 1282 1279
f 1281 1268 1267
f 1282 1268 1281
f 1267 1250 1249
f 1249 1250 1247
f 1268 1250 1267
f 1250 1248 1247
f 1230 1212 1211
f 1230 1211 1229
f 1244 1243 1221
f 1222 1244 1221
f 1225 1226 1237
f 1237 1238 1257
f 1226 1238 1237
f 1257 1258 1272
f 1238 1258 1257
f 1272 1271 1262
f 1258 1271 1272
f 1271 1261 1262
f 1262 1252 1251
f 1251 1252 1235
f 1261 1252 1262
f 1252 1236 1235
f 1234 1214 1213
f 1234 1213 1233
f 1226 1225 1205
f 1206 1226 1205
f 1241 1242 1273
f 1273 1274 1289
f 1242 1274 1273
f 1289 1290 1325
f 1274 1290 1289
f 1290 1326 1325
f 1325 1338 1337
f 1326 1338 1325
f 1337 1320 1319
f 1338 1320 1337
f 1319 1288 1287
f 1320 1288 1319
f 1288 1256 1255
f 1288 1255 1287
f 1242 1241 1219
f 1220 1242 1219
f 1359 1360 1407
f 1407 1408 1457
f 1360 1408 1407
f 1457 1458 1518
f 1408 1458 1457
f 1458 1519 1518
f 1518 1530 1529
f 1519 1530 1518
f 1529 1532 1531
f 1530 1532 1529
f 1531 1521 1520
f 1532 1521 1531
f 1521 1462 1461
f 1521 1461 1520
f 1312 1311 1285
f 1312 1285 1286
f 1581 1610 1580
f 1580 1610 1611
f 1611 1610 1633
f 1633 1634 1648
f 1610 1634 1633
f 1634 1649 1648
f 1648 1671 1670
f 1649 1671 1648
f 1670 1706 1705
f 1671 1706 1670
f 1705 1687 1686
f 1706 1687 1705
f 1687 1669 1668
f 1687 1668 1686
f 1581 1580 1541
f 1542 1581 1541
f 1796 1797 1824
f 1824 1825 1862
f 1797 1825 1824
f 1862 1863 1894
f 1825 1863 1862
f 1894 1895 1918
f 1863 1895 1894
f 1895 1917 1918
f 1918 1932 1931
f 1917 1932 1918
f 1931 1933 1934
f 1932 1933 1931
f 1933 1940 1939
f 1933 1939 1934
f 1797 1796 1758
f 1759 1797 1758
f 1992 1993 2004
f 1989 1993 1988
f 1988 1993 1992
f 2004 2005 2025
f 1993 2005 2004
f 2005 2026 2025
f 2025 2048 2047
f 2026 2048 2025
f 2047 2069 2068
f 2048 2069 2047
f 2068 2081 2080
f 2069 2081 2068
f 2081 2103 2102
f 2081 2102 2080
f 1989 1988 1981
f 1982 1989 1981
f 2181 2180 2179
f 2179 2178 2199
f 2180 2178 2179
f 2178 2200 2199
f 2199 2228 2229
f 2200 2228 2199
f 2229 2270 2269
f 2228 2270 2229
f 2269 2325 2324
f 2270 2325 2269
f 2324 2337 2336
f 2325 2337 2324
f 2337 2358 2357
f 2337 2357 2336
f 2180 2181 2187
f 2188 2180 2187
f 2395 2394 2382
f 2382 2383 2385
f 2394 2383 2382
f 2385 2384 2410
f 2383 2384 2385
f 2384 2411 2410
f 2410 2436 2435
f 2411 2436 2410
f 2435 2462 2463
f 2463 2462 2533
f 2436 2462 2435
f 2462 2534 2533
f 2534 2612 2611
f 2534 2611 2533
f 2394 2395 2416
f 2417 2394 2416
f 2614 2592 2613
f 2613 2592 2591
f 2591 2592 2577
f 2577 2578 2598
f 2592 2578 2577
f 2578 2597 2598
f 2598 2628 2627
f 2597 2628 2598
f 2627 2678 2677
f 2628 2678 2627
f 2677 2700 2699
f 2678 2700 2677
f 2700 2734 2733
f 2700 2733 2699
f 2614 2613 2675
f 2676 2614 2675
f 2723 2724 2703
f 2703 2704 2689
f 2724 2704 2703
f 2689 2690 2687
f 2704 2690 2689
f 2687 2688 2702
f 2690 2688 2687
f 2688 2701 2702
f 2702 2720 2719
f 2701 2720 2702
f 2719 2736 2735
f 2720 2736 2719
f 2736 2756 2755
f 2736 2755 2735
f 2724 2723 2745
f 2746 2724 2745
f 2739 2740 2730
f 2730 2729 2711
f 2740 2729 2730
f 2711 2712 2697
f 2729 2712 2711
f 2712 2698 2697
f 2697 2708 2707
f 2698 2708 2697
f 2707 2717 2718
f 2708 2717 2707
f 2718 2732 2731
f 2717 2732 2718
f 2732 2744 2743
f 2732 2743 2731
f 2740 2739 2761
f 2762 2740 2761
f 2725 2726 2695
f 2695 2696 2679
f 2726 2696 2695
f 2679 2680 2649
f 2696 2680 2679
f 2680 2650 2649
f 2649 2639 2640
f 2650 2639 2649
f 2640 2656 2655
f 2639 2656 2640
f 2655 2681 2682
f 2656 2681 2655
f 2681 2714 2713
f 2681 2713 2682
f 2726 2725 2747
f 2748 2726 2747
f 2615 2606 2616
f 2616 2606 2605
f 2452 2512 2511
f 2452 2511 2453
f 2615 2616 2683
f 2684 2615 2683
f 2397 2367 2396
f 2396 2367 2366
f 2291 2307 2306
f 2291 2306 2290
f 2397 2396 2433
f 2434 2397 2433
f 2182 2183 2218
f 2219 2182 2218
f 2042 2036 2035
f 2042 2035 2041
f 2183 2182 2154
f 2154 2155 2142
f 2182 2155 2154
f 2155 2143 2142
f 2142 2138 2137
f 2143 2138 2142
f 2137 2128 2127
f 2138 2128 2137
f 1339 1324 1340
f 1339 1322 1324
f 1368 1340 1365
f 1368 1339 1340
f 1393 1365 1394
f 1393 1368 1365
f 1602 1563 1613
f 1568 1563 1602
f 1546 1563 1568
f 1546 1488 1563
f 1563 1488 1516
f 1563 1502 1528
f 1516 1502 1563
f 1470 1463 1546
f 1546 1463 1488
f 1502 1480 1528
f 1438 1442 1470
f 1413 1442 1438
f 1470 1442 1463
f 1413 1394 1442
f 1480 1454 1528
f 1394 1415 1442
f 1528 1477 1509
f 1509 1512 1528
f 1415 1365 1399
f 1394 1365 1415
f 1425 1446 1454
f 1454 1446 1528
f 1528 1446 1477
f 1399 1340 1397
f 1365 1340 1399
f 1406 1355 1425
f 1425 1355 1446
f 1397 1324 1406
f 1340 1324 1397
f 1406 1334 1355
f 1324 1308 1406
f 1406 1308 1334
f 2207 2149 2148
f 2245 2207 2148
f 2308 2148 2368
f 2308 2245 2148
f 2369 2308 2368
f 2423 2369 2368
f 2335 2311 2308
f 2451 2368 2476
f 2451 2423 2368
f 2349 2308 2369
f 2349 2335 2308
f 2372 2349 2369
f 2473 2451 2476
f 2458 2476 2430
f 2458 2473 2476
f 2447 2458 2430
f 2487 2472 2473
f 2414 2447 2430
f 2479 2473 2458
f 2479 2487 2473
f 2461 2479 2458
f 2360 2430 2285
f 2360 2414 2430
f 2283 2360 2285
f 2184 2283 2285
f 2345 2363 2360
f 2082 2184 2285
f 2082 2285 2016
f 2330 2345 2360
f 2330 2360 2283
f 2282 2330 2283
f 2017 2082 2016
f 1942 2016 1830
f 1942 2017 2016
f 1912 1942 1830
f 1876 1912 1830
f 1831 1876 1830
f 1996 2020 2017
f 1974 2017 1942
f 1974 1996 2017
f 1944 1974 1942
f 2042 2043 2024
f 2022 2036 2042
f 1991 2024 2000
f 1991 2000 1987
f 1991 2042 2024
f 2007 2022 2042
f 2007 2042 1991
f 1998 2007 1991
f 2291 2272 2231
f 2264 2307 2291
f 2182 2231 2196
f 2182 2196 2155
f 2182 2291 2231
f 2234 2264 2291
f 2234 2291 2182
f 2219 2234 2182
f 1990 1986 1999
f 2006 1997 1990
f 2041 2023 2044
f 2041 1999 2023
f 2041 1990 1999
f 2041 2006 1990
f 2021 2006 2041
f 2035 2021 2041
f 2183 2154 2195
f 2233 2218 2183
f 2290 2232 2271
f 2290 2195 2232
f 2290 2183 2195
f 2290 2233 2183
f 2263 2233 2290
f 2306 2263 2290
f 2452 2444 2422
f 2393 2452 2422
f 2367 2393 2365
f 2469 2512 2452
f 2397 2452 2393
f 2397 2393 2367
f 2449 2452 2397
f 2449 2469 2452
f 2434 2449 2397
f 2392 2366 2364
f 2396 2366 2392
f 2450 2433 2396
f 2453 2421 2443
f 2453 2392 2421
f 2453 2396 2392
f 2453 2450 2396
f 2468 2450 2453
f 2511 2468 2453
f 2681 2656 2626
f 2600 2681 2626
f 2606 2600 2565
f 2706 2714 2681
f 2615 2600 2606
f 2615 2681 2600
f 2692 2706 2681
f 2692 2681 2615
f 2684 2692 2615
f 2599 2605 2566
f 2616 2605 2599
f 2691 2683 2616
f 2682 2625 2655
f 2682 2599 2625
f 2682 2616 2599
f 2705 2691 2616
f 2705 2616 2682
f 2713 2705 2682
f 2732 2717 2716
f 2751 2754 2744
f 2726 2716 2709
f 2726 2709 2696
f 2726 2744 2732
f 2726 2732 2716
f 2750 2744 2726
f 2750 2751 2744
f 2748 2750 2726
f 2725 2695 2710
f 2749 2747 2725
f 2731 2715 2718
f 2731 2710 2715
f 2731 2725 2710
f 2743 2752 2749
f 2743 2749 2725
f 2743 2725 2731
f 2753 2752 2743
f 2736 2720 2722
f 2727 2736 2722
f 2757 2756 2736
f 2740 2727 2729
f 2740 2736 2727
f 2760 2757 2736
f 2760 2736 2740
f 2762 2760 2740
f 2739 2730 2728
f 2759 2761 2739
f 2735 2721 2719
f 2735 2728 2721
f 2735 2739 2728
f 2758 2759 2739
f 2758 2739 2735
f 2755 2758 2735
f 2700 2678 2686
f 2694 2700 2686
f 2738 2734 2700
f 2724 2694 2704
f 2724 2700 2694
f 2742 2738 2700
f 2742 2700 2724
f 2746 2742 2724
f 2723 2703 2693
f 2741 2745 2723
f 2699 2685 2677
f 2699 2693 2685
f 2699 2723 2693
f 2737 2741 2723
f 2737 2723 2699
f 2733 2737 2699
f 2534 2462 2517
f 2552 2534 2517
f 2633 2612 2534
f 2614 2552 2592
f 2614 2534 2552
f 2662 2633 2534
f 2662 2534 2614
f 2676 2662 2614
f 2613 2591 2551
f 2661 2675 2613
f 2533 2518 2463
f 2533 2551 2518
f 2533 2613 2551
f 2533 2661 2613
f 2634 2661 2533
f 2611 2634 2533
f 2337 2325 2338
f 2354 2337 2338
f 2374 2358 2337
f 2394 2354 2383
f 2394 2337 2354
f 2399 2374 2337
f 2399 2337 2394
f 2417 2399 2394
f 2395 2382 2353
f 2339 2395 2353
f 2398 2416 2395
f 2336 2339 2324
f 2336 2395 2339
f 2373 2398 2395
f 2373 2395 2336
f 2357 2373 2336
f 2081 2069 2092
f 2126 2103 2081
f 2180 2092 2134
f 2180 2134 2178
f 2180 2081 2092
f 2159 2126 2081
f 2159 2081 2180
f 2188 2159 2180
f 2181 2179 2133
f 2091 2181 2133
f 2158 2187 2181
f 2080 2091 2068
f 2080 2181 2091
f 2125 2158 2181
f 2125 2181 2080
f 2102 2125 2080
f 1933 1932 1952
f 1954 1940 1933
f 1989 1952 1978
f 1989 1978 1993
f 1989 1933 1952
f 1989 1954 1933
f 1971 1954 1989
f 1982 1971 1989
f 1988 1992 1977
f 1970 1981 1988
f 1934 1951 1931
f 1934 1977 1951
f 1934 1988 1977
f 1953 1970 1988
f 1953 1988 1934
f 1939 1953 1934
f 1687 1706 1746
f 1782 1687 1746
f 1712 1669 1687
f 1797 1782 1825
f 1797 1687 1782
f 1797 1712 1687
f 1744 1712 1797
f 1759 1744 1797
f 1796 1824 1781
f 1743 1758 1796
f 1686 1745 1705
f 1686 1781 1745
f 1686 1796 1781
f 1711 1743 1796
f 1711 1796 1686
f 1668 1711 1686
f 1521 1532 1556
f 1585 1521 1556
f 1505 1462 1521
f 1581 1585 1610
f 1581 1521 1585
f 1581 1505 1521
f 1526 1505 1581
f 1542 1526 1581
f 1580 1611 1584
f 1555 1580 1584
f 1525 1541 1580
f 1520 1555 1531
f 1520 1525 1580
f 1520 1580 1555
f 1504 1525 1520
f 1461 1504 1520
f 1288 1320 1350
f 1376 1288 1350
f 1264 1256 1288
f 1360 1376 1408
f 1360 1288 1376
f 1312 1278 1264
f 1312 1264 1288
f 1312 1288 1360
f 1286 1278 1312
f 1359 1407 1375
f 1349 1359 1375
f 1277 1285 1311
f 1287 1311 1359
f 1287 1349 1319
f 1287 1359 1349
f 1263 1277 1311
f 1263 1311 1287
f 1255 1263 1287
f 1253 1236 1252
f 1234 1236 1253
f 1260 1234 1253
f 1216 1214 1234
f 1242 1260 1274
f 1242 1234 1260
f 1217 1216 1234
f 1217 1234 1242
f 1220 1217 1242
f 1241 1273 1259
f 1254 1241 1259
f 1235 1254 1251
f 1218 1219 1241
f 1233 1218 1241
f 1233 1241 1254
f 1233 1254 1235
f 1215 1218 1233
f 1213 1215 1233
f 1246 1248 1250
f 1230 1248 1246
f 1240 1230 1246
f 1210 1212 1230
f 1226 1240 1238
f 1226 1230 1240
f 1208 1210 1230
f 1208 1230 1226
f 1206 1208 1226
f 1225 1237 1239
f 1245 1225 1239
f 1247 1245 1249
f 1207 1205 1225
f 1229 1225 1245
f 1229 1245 1247
f 1229 1207 1225
f 1209 1207 1229
f 1211 1209 1229
f 1270 1292 1283
f 1276 1270 1283
f 1228 1232 1270
f 1244 1276 1265
f 1244 1270 1276
f 1224 1228 1270
f 1224 1270 1244
f 1222 1224 1244
f 1243 1266 1275
f 1223 1221 1243
f 1269 1284 1291
f 1269 1275 1284
f 1269 1243 1275
f 1227 1223 1243
f 1227 1243 1269
f 1231 1227 1269
f 1440 1511 1456
f 1422 1440 1456
f 1344 1364 1440
f 1361 1422 1382
f 1361 1440 1422
f 1314 1344 1440
f 1314 1440 1361
f 1294 1314 1361
f 1362 1381 1421
f 1313 1293 1362
f 1439 1455 1510
f 1439 1421 1455
f 1439 1362 1421
f 1439 1313 1362
f 1343 1313 1439
f 1363 1343 1439
f 1639 1651 1637
f 1621 1639 1637
f 1604 1618 1639
f 1583 1621 1595
f 1583 1639 1621
f 1578 1604 1639
f 1578 1639 1583
f 1561 1578 1583
f 1582 1594 1622
f 1636 1582 1622
f 1579 1560 1582
f 1638 1636 1650
f 1638 1582 1636
f 1603 1579 1582
f 1603 1582 1638
f 1617 1603 1638
f 1893 1907 1884
f 1848 1873 1893
f 1799 1884 1842
f 1799 1842 1801
f 1799 1893 1884
f 1821 1848 1893
f 1821 1893 1799
f 1792 1821 1799
f 1798 1800 1841
f 1820 1791 1798
f 1892 1883 1906
f 1892 1841 1883
f 1892 1798 1841
f 1847 1820 1798
f 1847 1798 1892
f 1872 1847 1892
f 1451 1423 1452
f 1452 1423 1424
f 1424 1403 1404
f 1423 1403 1424
f 1404 1383 1384
f 1403 1383 1404
f 1384 1380 1379
f 1383 1380 1384
f 1379 1390 1389
f 1380 1390 1379
f 1389 1409 1410
f 1390 1409 1389
f 1806 1783 1807
f 1807 1783 1784
f 1784 1767 1766
f 1783 1767 1784
f 1766 1752 1753
f 1767 1752 1766
f 1753 1751 1750
f 1752 1751 1753
f 1750 1756 1757
f 1751 1756 1750
f 1757 1771 1770
f 1756 1771 1757
f 2177 2160 2176
f 2176 2160 2161
f 2161 2139 2140
f 2160 2139 2161
f 2140 2119 2120
f 2139 2119 2140
f 2120 2117 2116
f 2119 2117 2120
f 2116 2129 2130
f 2117 2129 2116
f 2130 2145 2144
f 2129 2145 2130
f 2547 2519 2548
f 2548 2519 2520
f 2520 2494 2493
f 2519 2494 2520
f 2493 2471 2470
f 2494 2471 2493
f 2470 2456 2457
f 2471 2456 2470
f 2457 2484 2485
f 2456 2484 2457
f 2485 2509 2510
f 2484 2509 2485
f 2564 2540 2563
f 2563 2540 2539
f 2539 2513 2514
f 2540 2513 2539
f 2514 2492 2491
f 2513 2492 2514
f 2491 2489 2490
f 2492 2489 2491
f 2490 2500 2499
f 2489 2500 2490
f 2499 2522 2521
f 2500 2522 2499
f 2209 2189 2208
f 2208 2189 2190
f 2190 2166 2167
f 2189 2166 2190
f 2167 2156 2157
f 2166 2156 2167
f 2157 2146 2147
f 2156 2146 2157
f 2147 2163 2162
f 2146 2163 2147
f 2162 2172 2173
f 2163 2172 2162
f 1834 1814 1835
f 1835 1814 1815
f 1815 1793 1794
f 1814 1793 1815
f 1794 1779 1780
f 1793 1779 1794
f 1780 1773 1774
f 1779 1773 1780
f 1774 1786 1785
f 1773 1786 1774
f 1785 1802 1803
f 1786 1802 1785
f 1463 1442 1464
f 1464 1442 1441
f 1441 1415 1416
f 1442 1415 1441
f 1416 1399 1400
f 1415 1399 1416
f 1400 1397 1398
f 1399 1397 1400
f 1398 1406 1405
f 1397 1406 1398
f 1405 1425 1426
f 1406 1425 1405
f 1346 1431 1345
f 1345 1431 1430
f 1446 1358 1444
f 1446 1355 1358
f 1302 1304 1297
f 1300 1302 1297
f 1315 1297 1318
f 1315 1300 1297
f 1345 1318 1346
f 1345 1315 1318
f 1333 1358 1355
f 1333 1355 1334
f 1307 1334 1308
f 1307 1333 1334
f 1322 1308 1324
f 1322 1307 1308
f 1499 1491 1500
f 1500 1491 1492
f 1492 1466 1467
f 1491 1466 1492
f 1467 1430 1431
f 1466 1430 1467
f 1444 1476 1446
f 1446 1476 1477
f 1477 1476 1509
f 1509 1508 1512
f 1476 1508 1509
f 1508 1515 1512
f 1657 1697 1656
f 1656 1697 1700
f 1539 1449 1538
f 1539 1447 1449
f 2076 2059 2075
f 2075 2059 2058
f 1905 1880 1904
f 1905 1881 1880
f 2503 2426 2502
f 2502 2426 2429
f 2249 2294 2248
f 2249 2292 2294
f 2632 2544 2631
f 2631 2544 2541
f 2527 2620 2530
f 2527 2617 2620
f 2319 2277 2318
f 2318 2277 2280
f 2438 2525 2437
f 2438 2526 2525
f 1900 1915 1899
f 1899 1915 1914
f 2071 2093 2070
f 2071 2094 2093
f 1470 1546 1469
f 1469 1546 1549
f 1728 1685 1731
f 1728 1682 1685
f 1393 1394 1413
f 1412 1393 1413
f 1437 1413 1438
f 1437 1412 1413
f 1469 1438 1470
f 1469 1437 1438
f 1681 1685 1682
f 1681 1682 1678
f 1701 1678 1702
f 1701 1681 1678
f 1719 1702 1721
f 1719 1701 1702
f 1859 1861 1878
f 1877 1878 1890
f 1877 1859 1878
f 1889 1877 1890
f 1899 1890 1900
f 1899 1889 1890
f 2093 2094 2104
f 2107 2093 2104
f 2124 2104 2121
f 2124 2107 2104
f 2151 2121 2153
f 2151 2124 2121
f 2301 2302 2315
f 2314 2315 2321
f 2314 2301 2315
f 2320 2314 2321
f 2318 2321 2319
f 2318 2320 2321
f 2525 2526 2553
f 2554 2553 2586
f 2554 2525 2553
f 2585 2554 2586
f 2603 2586 2604
f 2603 2585 2586
f 2674 2667 2670
f 2674 2670 2672
f 2658 2672 2659
f 2658 2674 2672
f 2631 2659 2632
f 2631 2658 2659
f 2642 2620 2617
f 2642 2617 2644
f 2665 2644 2666
f 2665 2642 2644
f 2653 2666 2654
f 2653 2665 2666
f 2560 2582 2579
f 2560 2579 2561
f 2538 2561 2537
f 2538 2560 2561
f 2502 2537 2503
f 2502 2538 2537
f 2299 2294 2292
f 2299 2292 2296
f 2274 2296 2275
f 2274 2299 2296
f 2256 2275 2257
f 2256 2274 2275
f 2090 2089 2085
f 2086 2085 2079
f 2086 2090 2085
f 2078 2086 2079
f 2075 2079 2076
f 2075 2078 2079
f 1880 1881 1868
f 1871 1880 1868
f 1852 1849 1829
f 1852 1868 1849
f 1852 1871 1868
f 1828 1852 1829
f 1673 1674 1660
f 1663 1660 1655
f 1663 1673 1660
f 1654 1663 1655
f 1656 1655 1657
f 1656 1654 1655
f 1385 1401 1402
f 1385 1402 1386
f 1377 1386 1378
f 1377 1385 1386
f 1371 1378 1374
f 1371 1377 1378
f 1613 1615 1602
f 1602 1601 1568
f 1615 1601 1602
f 1568 1571 1546
f 1601 1571 1568
f 1571 1549 1546
f 1728 1731 1738
f 1738 1737 1724
f 1731 1737 1738
f 1737 1725 1724
f 1724 1694 1695
f 1725 1694 1724
f 1955 1958 1950
f 1958 1949 1950
f 1950 1946 1945
f 1949 1946 1950
f 1945 1935 1936
f 1946 1935 1945
f 2070 2067 2071
f 2071 2067 2064
f 2064 2050 2051
f 2067 2050 2064
f 2051 2034 2031
f 2050 2034 2051
f 2311 2287 2308
f 2308 2287 2288
f 2288 2268 2265
f 2287 2268 2288
f 2265 2280 2277
f 2268 2280 2265
f 2438 2437 2424
f 2437 2425 2424
f 2424 2413 2412
f 2425 2413 2424
f 2412 2400 2401
f 2413 2400 2412
f 2472 2481 2473
f 2473 2481 2482
f 2482 2506 2507
f 2507 2506 2544
f 2481 2506 2482
f 2506 2541 2544
f 2530 2495 2527
f 2527 2495 2496
f 2496 2465 2467
f 2495 2465 2496
f 2467 2461 2458
f 2465 2461 2467
f 2363 2376 2360
f 2360 2376 2377
f 2377 2407 2404
f 2404 2407 2426
f 2376 2407 2377
f 2407 2429 2426
f 2248 2242 2249
f 2249 2242 2239
f 2239 2255 2252
f 2252 2255 2283
f 2242 2255 2239
f 2255 2282 2283
f 2020 2038 2017
f 2017 2038 2037
f 2037 2054 2053
f 2038 2054 2037
f 2053 2058 2059
f 2054 2058 2053
f 1904 1911 1905
f 1905 1911 1908
f 1908 1925 1926
f 1911 1925 1908
f 1926 1944 1942
f 1925 1944 1926
f 1664 1667 1691
f 1667 1688 1691
f 1691 1710 1707
f 1688 1710 1691
f 1707 1700 1697
f 1710 1700 1707
f 1539 1538 1559
f 1538 1558 1559
f 1559 1586 1587
f 1558 1586 1559
f 1587 1608 1606
f 1586 1608 1587
f 2584 2646 2594
f 2584 2624 2646
f 2563 2624 2584
f 2563 2602 2624
f 2590 2594 2646
f 2590 2646 2668
f 2539 2602 2563
f 2539 2523 2546
f 2539 2546 2555
f 2539 2555 2571
f 2539 2571 2587
f 2539 2587 2596
f 2539 2596 2602
f 2570 2590 2668
f 2570 2668 2671
f 2570 2671 2660
f 2570 2660 2629
f 2550 2570 2629
f 2514 2523 2539
f 2542 2550 2629
f 2542 2521 2550
f 2439 2523 2514
f 2439 2514 2491
f 2505 2521 2542
f 2505 2499 2521
f 2419 2439 2491
f 2419 2491 2490
f 2483 2499 2505
f 2391 2419 2490
f 2442 2499 2483
f 2442 2490 2499
f 2442 2483 2474
f 2442 2474 2488
f 2352 2391 2490
f 2352 2350 2370
f 2352 2370 2391
f 2352 2490 2442
f 2477 2442 2488
f 2333 2350 2352
f 2459 2442 2477
f 2309 2333 2352
f 2575 2651 2638
f 2568 2618 2643
f 2568 2643 2663
f 2568 2663 2651
f 2568 2651 2575
f 2227 2262 2303
f 2227 2303 2312
f 2227 2312 2322
f 2227 2322 2316
f 2220 2235 2262
f 2220 2262 2227
f 2548 2528 2618
f 2548 2618 2568
f 2573 2575 2638
f 2573 2638 2608
f 2225 2316 2278
f 2225 2227 2316
f 2208 2235 2220
f 2208 2202 2223
f 2208 2223 2235
f 2557 2573 2608
f 2520 2528 2548
f 2211 2225 2278
f 2190 2174 2202
f 2190 2202 2208
f 2580 2557 2608
f 2532 2557 2580
f 2493 2528 2520
f 2493 2497 2528
f 2193 2278 2266
f 2193 2211 2278
f 2167 2152 2174
f 2167 2174 2190
f 2562 2532 2580
f 2122 2152 2167
f 2535 2532 2562
f 2105 2122 2167
f 2504 2510 2532
f 2504 2532 2535
f 2095 2105 2167
f 2095 2167 2157
f 2409 2470 2457
f 2409 2493 2470
f 2409 2497 2493
f 2409 2459 2466
f 2409 2466 2497
f 2409 2442 2459
f 2136 2193 2266
f 2136 2266 2289
f 2136 2289 2309
f 2136 2173 2193
f 2136 2162 2173
f 2136 2309 2352
f 2427 2485 2510
f 2427 2457 2485
f 2427 2510 2504
f 2072 2095 2157
f 2072 2147 2162
f 2072 2157 2147
f 2405 2457 2427
f 2405 2409 2457
f 2065 2162 2136
f 2065 2072 2162
f 2378 2409 2405
f 2052 2065 2136
f 2361 2409 2378
f 2032 2052 2136
f 2250 2361 2343
f 2250 2343 2328
f 2250 2328 2281
f 2250 2409 2361
f 1962 1956 1983
f 1962 1983 2001
f 1962 2001 2032
f 1962 2032 2136
f 2253 2250 2281
f 1937 1956 1962
f 2206 2295 2297
f 2206 2297 2276
f 2206 2276 2258
f 2191 2295 2206
f 2191 2246 2295
f 1857 1901 1913
f 1845 1901 1857
f 1845 1860 1864
f 1845 1864 1875
f 1845 1875 1885
f 1845 1885 1887
f 1845 1887 1896
f 1845 1896 1901
f 2197 2206 2258
f 2176 2246 2191
f 2176 2240 2246
f 1854 1857 1913
f 1854 1913 1923
f 1835 1860 1845
f 2212 2197 2258
f 1809 1860 1835
f 2161 2250 2253
f 2161 2240 2176
f 2161 2253 2240
f 2186 2197 2212
f 1838 1923 1937
f 1838 1937 1962
f 1838 1854 1923
f 1815 1809 1835
f 1818 1838 1962
f 1794 1809 1815
f 2171 2164 2186
f 2171 2186 2212
f 1762 1809 1794
f 2144 2164 2171
f 1780 1762 1794
f 2113 2130 2144
f 2113 2144 2171
f 1720 1780 1774
f 1720 1762 1780
f 2098 2130 2113
f 1703 1720 1774
f 2083 2130 2098
f 1679 1703 1774
f 2077 2130 2083
f 2077 2116 2130
f 2060 2120 2116
f 2060 2116 2077
f 1683 1679 1774
f 1683 1774 1785
f 1729 1683 1785
f 1729 1785 1803
f 2055 2140 2120
f 2055 2120 2060
f 1735 1803 1818
f 1735 1729 1803
f 2045 2140 2055
f 2039 2140 2045
f 1722 1735 1818
f 2013 2039 2030
f 2013 2030 2028
f 2013 2140 2039
f 2013 2250 2161
f 2013 2161 2140
f 1727 1722 1818
f 1727 1818 1962
f 2018 2013 2028
f 1696 1722 1727
f 1994 2013 2018
f 1645 1696 1727
f 1972 2013 1994
f 1630 1645 1727
f 1941 2013 1972
f 1612 1630 1727
f 1840 1941 1927
f 1840 1927 1909
f 1840 2013 1941
f 1567 1612 1727
f 1567 1569 1600
f 1567 1600 1612
f 1817 1909 1902
f 1817 1840 1909
f 1832 1817 1902
f 1517 1569 1567
f 1517 1547 1569
f 1489 1547 1517
f 1822 1902 1882
f 1822 1832 1902
f 1807 1840 1817
f 1503 1517 1567
f 1464 1471 1547
f 1464 1547 1489
f 1784 1840 1807
f 1813 1882 1869
f 1813 1869 1850
f 1813 1822 1882
f 1441 1414 1435
f 1441 1435 1471
f 1441 1471 1464
f 1479 1503 1567
f 1826 1813 1850
f 1391 1414 1441
f 1789 1813 1826
f 1416 1391 1441
f 1708 1689 1840
f 1708 1840 1784
f 1478 1567 1507
f 1478 1479 1567
f 1665 1840 1689
f 1513 1507 1567
f 1776 1770 1789
f 1776 1789 1826
f 1366 1391 1416
f 1366 1416 1400
f 1698 1708 1784
f 1698 1766 1753
f 1698 1784 1766
f 1445 1479 1478
f 1445 1453 1479
f 1445 1426 1453
f 1623 1840 1665
f 1623 1665 1641
f 1534 1513 1567
f 1534 1494 1513
f 1740 1757 1770
f 1740 1770 1776
f 1341 1366 1400
f 1341 1400 1398
f 1625 1623 1641
f 1486 1494 1534
f 1605 1623 1625
f 1501 1486 1534
f 1658 1753 1750
f 1658 1698 1753
f 1356 1426 1445
f 1356 1405 1426
f 1596 1623 1605
f 1675 1750 1757
f 1675 1757 1740
f 1323 1341 1398
f 1323 1398 1405
f 1590 1623 1596
f 1652 1658 1750
f 1335 1405 1356
f 1490 1501 1534
f 1661 1652 1750
f 1661 1750 1675
f 1309 1323 1405
f 1309 1405 1335
f 1576 1623 1590
f 1483 1576 1564
f 1483 1564 1552
f 1483 1623 1576
f 1474 1623 1483
f 1474 1468 1490
f 1474 1490 1534
f 1474 1534 1623
f 1482 1552 1540
f 1482 1483 1552
f 1452 1468 1474
f 1452 1432 1468
f 1424 1432 1452
f 1459 1482 1540
f 1450 1459 1540
f 1450 1434 1459
f 1347 1432 1424
f 1347 1424 1404
f 1419 1434 1450
f 1316 1347 1404
f 1387 1434 1419
f 1298 1316 1404
f 1372 1434 1387
f 1372 1410 1434
f 1303 1298 1404
f 1303 1404 1384
f 1330 1303 1384
f 1330 1384 1379
f 1353 1410 1372
f 1353 1330 1379
f 1353 1389 1410
f 1353 1379 1389
f 2273 2259 2258
f 2273 2258 2276
f 2298 2276 2297
f 2298 2273 2276
f 2293 2297 2295
f 2293 2298 2297
f 2169 2114 2113
f 2169 2113 2171
f 2213 2171 2212
f 2213 2169 2171
f 2259 2212 2258
f 2259 2213 2212
f 2084 2074 2077
f 2084 2077 2083
f 2097 2083 2098
f 2097 2084 2083
f 2114 2098 2113
f 2114 2097 2098
f 2074 2060 2077
f 2074 2057 2060
f 2057 2056 2060
f 2060 2056 2055
f 2055 2046 2045
f 2056 2046 2055
f 2045 2040 2039
f 2046 2040 2045
f 1973 1943 1941
f 1973 1941 1972
f 1995 1972 1994
f 1995 1973 1972
f 2019 1994 2018
f 2019 1995 1994
f 1943 1928 1941
f 1941 1928 1927
f 1927 1910 1909
f 1928 1910 1927
f 1909 1903 1902
f 1910 1903 1909
f 1903 1879 1902
f 1902 1879 1882
f 1851 1827 1826
f 1851 1826 1850
f 1870 1850 1869
f 1870 1851 1850
f 1879 1869 1882
f 1879 1870 1869
f 1741 1672 1675
f 1741 1675 1740
f 1777 1740 1776
f 1777 1741 1740
f 1827 1776 1826
f 1827 1777 1776
f 1653 1659 1658
f 1653 1658 1652
f 1662 1652 1661
f 1662 1653 1652
f 1672 1661 1675
f 1672 1662 1661
f 1659 1699 1658
f 1658 1699 1698
f 1699 1709 1698
f 1698 1709 1708
f 1708 1690 1689
f 1709 1690 1708
f 1689 1666 1665
f 1690 1666 1689
f 1627 1607 1605
f 1627 1605 1625
f 1640 1625 1641
f 1640 1627 1625
f 1666 1641 1665
f 1666 1640 1641
f 1607 1597 1605
f 1605 1597 1596
f 1596 1591 1590
f 1597 1591 1596
f 1590 1577 1576
f 1591 1577 1590
f 1537 1448 1540
f 1540 1448 1450
f 1388 1373 1372
f 1388 1372 1387
f 1420 1387 1419
f 1420 1388 1387
f 1448 1419 1450
f 1448 1420 1419
f 1328 1301 1303
f 1328 1303 1330
f 1354 1330 1353
f 1354 1328 1330
f 1373 1353 1372
f 1373 1354 1353
f 1317 1348 1347
f 1317 1347 1316
f 1299 1316 1298
f 1299 1317 1316
f 1301 1298 1303
f 1301 1299 1298
f 1348 1432 1347
f 1348 1429 1432
f 1429 1465 1432
f 1432 1465 1468
f 1468 1493 1490
f 1465 1493 1468
f 1490 1498 1501
f 1493 1498 1490
f 1495 1514 1513
f 1495 1513 1494
f 1487 1494 1486
f 1487 1495 1494
f 1498 1486 1501
f 1498 1487 1486
f 1514 1506 1513
f 1513 1506 1507
f 1507 1475 1478
f 1506 1475 1507
f 1478 1443 1445
f 1475 1443 1478
f 1443 1357 1445
f 1445 1357 1356
f 1310 1321 1323
f 1310 1323 1309
f 1336 1309 1335
f 1336 1310 1309
f 1357 1335 1356
f 1357 1336 1335
f 1367 1392 1391
f 1367 1391 1366
f 1342 1366 1341
f 1342 1367 1366
f 1321 1341 1323
f 1321 1342 1341
f 1436 1472 1471
f 1436 1471 1435
f 1411 1435 1414
f 1411 1436 1435
f 1392 1414 1391
f 1392 1411 1414
f 1472 1548 1471
f 1471 1548 1547
f 1548 1570 1547
f 1547 1570 1569
f 1569 1599 1600
f 1570 1599 1569
f 1600 1614 1612
f 1599 1614 1600
f 1646 1693 1696
f 1646 1696 1645
f 1631 1645 1630
f 1631 1646 1645
f 1614 1630 1612
f 1614 1631 1630
f 1693 1723 1696
f 1696 1723 1722
f 1722 1736 1735
f 1723 1736 1722
f 1735 1730 1729
f 1736 1730 1735
f 1730 1684 1729
f 1729 1684 1683
f 1718 1720 1703
f 1704 1718 1703
f 1680 1703 1679
f 1680 1704 1703
f 1684 1679 1683
f 1684 1680 1679
f 1810 1858 1860
f 1810 1860 1809
f 1763 1809 1762
f 1763 1810 1809
f 1718 1762 1720
f 1718 1763 1762
f 1874 1886 1885
f 1874 1885 1875
f 1865 1875 1864
f 1865 1874 1875
f 1858 1864 1860
f 1858 1865 1864
f 1898 1916 1901
f 1901 1916 1913
f 1916 1924 1913
f 1913 1924 1923
f 1923 1938 1937
f 1924 1938 1923
f 1937 1957 1956
f 1938 1957 1937
f 2002 2033 2032
f 2002 2032 2001
f 1984 2001 1983
f 1984 2002 2001
f 1957 1983 1956
f 1957 1984 1983
f 2033 2049 2032
f 2032 2049 2052
f 2052 2066 2065
f 2049 2066 2052
f 2065 2073 2072
f 2066 2073 2065
f 2073 2096 2072
f 2072 2096 2095
f 2123 2150 2152
f 2123 2152 2122
f 2106 2105 2095
f 2106 2122 2105
f 2106 2123 2122
f 2096 2106 2095
f 2203 2222 2223
f 2203 2223 2202
f 2175 2202 2174
f 2175 2203 2202
f 2150 2174 2152
f 2150 2175 2174
f 2323 2317 2316
f 2323 2316 2322
f 2313 2322 2312
f 2313 2323 2322
f 2300 2312 2303
f 2300 2313 2312
f 2317 2279 2316
f 2316 2279 2278
f 2279 2267 2278
f 2278 2267 2266
f 2266 2286 2289
f 2267 2286 2266
f 2289 2310 2309
f 2286 2310 2289
f 2348 2371 2370
f 2348 2370 2350
f 2334 2350 2333
f 2334 2348 2350
f 2310 2333 2309
f 2310 2334 2333
f 2371 2390 2370
f 2370 2390 2391
f 2391 2418 2419
f 2390 2418 2391
f 2419 2440 2439
f 2418 2440 2419
f 2440 2524 2439
f 2439 2524 2523
f 2556 2572 2571
f 2556 2571 2555
f 2545 2555 2546
f 2545 2556 2555
f 2524 2546 2523
f 2524 2545 2546
f 2647 2669 2668
f 2647 2668 2646
f 2621 2646 2624
f 2621 2647 2646
f 2601 2624 2602
f 2601 2621 2624
f 2657 2630 2629
f 2657 2629 2660
f 2673 2660 2671
f 2673 2657 2660
f 2669 2671 2668
f 2669 2673 2671
f 2630 2543 2629
f 2629 2543 2542
f 2543 2508 2542
f 2542 2508 2505
f 2505 2480 2483
f 2508 2480 2505
f 2483 2475 2474
f 2480 2475 2483
f 2478 2460 2459
f 2478 2459 2477
f 2486 2477 2488
f 2486 2478 2477
f 2475 2488 2474
f 2475 2486 2488
f 2460 2464 2459
f 2459 2464 2466
f 2466 2498 2497
f 2464 2498 2466
f 2497 2529 2528
f 2498 2529 2497
f 2529 2618 2528
f 2529 2619 2618
f 2664 2652 2651
f 2664 2651 2663
f 2641 2663 2643
f 2641 2664 2663
f 2619 2643 2618
f 2619 2641 2643
f 2609 2581 2580
f 2609 2580 2608
f 2635 2608 2638
f 2635 2609 2608
f 2652 2638 2651
f 2652 2635 2638
f 2501 2504 2535
f 2536 2501 2535
f 2559 2535 2562
f 2559 2536 2535
f 2581 2562 2580
f 2581 2559 2562
f 2501 2428 2504
f 2504 2428 2427
f 2428 2406 2427
f 2427 2406 2405
f 2405 2375 2378
f 2378 2375 2361
f 2406 2375 2405
f 2375 2362 2361
f 2329 2284 2281
f 2329 2281 2328
f 2344 2328 2343
f 2344 2329 2328
f 2362 2343 2361
f 2362 2344 2343
f 2281 2284 2253
f 2253 2254 2240
f 2284 2254 2253
f 2240 2241 2246
f 2254 2241 2240
f 2241 2247 2246
f 2247 2295 2246
f 2247 2293 2295
f 2331 2340 2420
f 2331 2420 2388
f 2108 2118 2340
f 2108 2340 2331
f 2355 2420 2379
f 2355 2388 2420
f 1966 1965 2118
f 1966 2118 2108
f 2217 2379 2230
f 2217 2355 2379
f 1760 1965 1966
f 1747 1965 1760
f 2010 2008 2217
f 2010 2217 2230
f 1620 1747 1760
f 1866 2008 2010
f 1598 1747 1620
f 1855 1866 2010
f 1635 1643 1866
f 1635 1589 1643
f 1635 1866 1855
f 1557 1620 1589
f 1557 1589 1635
f 1557 1598 1620
f 2359 2389 2448
f 2332 2389 2359
f 2359 2141 2332
f 2141 2109 2332
f 2448 2356 2415
f 2389 2356 2448
f 1960 1967 2141
f 2141 1967 2109
f 2415 2216 2260
f 2356 2216 2415
f 1960 1761 1967
f 2216 2009 2260
f 1960 1715 1761
f 2009 2015 2260
f 1715 1619 1761
f 1715 1562 1619
f 1867 1836 2009
f 2009 1836 2015
f 1644 1616 1867
f 1867 1616 1836
f 1619 1527 1588
f 1588 1527 1644
f 1562 1527 1619
f 1644 1527 1616
f 2368 2148 2141
f 2368 2141 2359
f 2476 2359 2448
f 2476 2368 2359
f 2430 2448 2415
f 2430 2476 2448
f 2285 2415 2260
f 2285 2430 2415
f 2015 2285 2260
f 2016 2285 2015
f 1830 2015 1836
f 1830 2016 2015
f 1866 1643 1867
f 1644 1643 1588
f 1867 1643 1644
f 1643 1589 1588
f 1588 1620 1619
f 1589 1620 1588
f 1619 1760 1761
f 1620 1760 1619
f 1761 1966 1967
f 1760 1966 1761
f 1967 2108 2109
f 1966 2108 1967
f 1844 1629 1855
f 1855 1629 1635
f 1635 1543 1557
f 1629 1543 1635
f 1557 1574 1598
f 1543 1574 1557
f 1574 1747 1598
f 1574 1734 1747
f 1734 1965 1747
f 1734 1963 1965
f 1963 2118 1965
f 1963 2131 2118
f 1839 1840 1624
f 1840 1623 1624
f 1624 1534 1533
f 1623 1534 1624
f 1533 1567 1566
f 1534 1567 1533
f 1566 1727 1726
f 1567 1727 1566
f 1961 1962 2135
f 1726 1962 1961
f 1727 1962 1726
f 1962 2136 2135
f 2431 2351 2441
f 2431 2347 2351
f 2403 2441 2408
f 2403 2431 2441
f 2132 2135 2351
f 2132 2351 2347
f 2251 2403 2408
f 1964 1961 2135
f 1964 2135 2132
f 2244 2403 2251
f 1733 1961 1964
f 1726 1961 1733
f 2014 2012 2244
f 2014 2244 2251
f 1839 1843 2012
f 1839 2012 2014
f 1566 1733 1575
f 1566 1726 1733
f 1628 1843 1839
f 1624 1628 1839
f 1533 1575 1544
f 1533 1544 1628
f 1533 1628 1624
f 1533 1566 1575
f 2815 2829 2816
f 2816 2829 2830
f 2830 2836 2835
f 2829 2836 2830
f 2835 2832 2831
f 2836 2832 2835
f 2831 2824 2823
f 2823 2824 2811
f 2832 2824 2831
f 2824 2812 2811
f 2811 2807 2808
f 2812 2807 2811
f 2863 2869 2864
f 2864 2869 2870
f 2870 2876 2875
f 2869 2876 2870
f 2875 2872 2871
f 2876 2872 2875
f 2871 2865 2866
f 2866 2865 2859
f 2872 2865 2871
f 2865 2860 2859
f 2859 2855 2856
f 2860 2855 2859
f 2783 2784 2781
f 2782 2781 2780
f 2782 2783 2781
f 2779 2782 2780
f 2778 2780 2777
f 2778 2779 2780
f 2792 2789 2791
f 2791 2789 2790
f 2790 2787 2788
f 2789 2787 2790
f 2788 2786 2785
f 2787 2786 2788
f 2868 2867 2862
f 2868 2873 2867
f 2868 2874 2873
f 2861 2862 2853
f 2861 2868 2862
f 2854 2861 2853
f 2846 2854 2853
f 2846 2845 2842
f 2846 2853 2845
f 2841 2846 2842
f 2840 2842 2839
f 2840 2841 2842
f 2885 2873 2886
f 2886 2873 2874
f 2883 2884 2890
f 2884 2889 2890
f 2817 2818 2825
f 2826 2817 2825
f 2797 2813 2798
f 2798 2813 2814
f 2839 2770 2840
f 2839 2769 2770
f 2891 2885 2888
f 2889 2885 2891
f 2869 2873 2885
f 2869 2885 2876
f 2872 2876 2885
f 2872 2885 2889
f 2863 2873 2869
f 2865 2889 2884
f 2865 2872 2889
f 2857 2873 2863
f 2880 2884 2881
f 2860 2865 2884
f 2878 2860 2884
f 2878 2884 2880
f 2836 2853 2862
f 2836 2862 2867
f 2836 2867 2873
f 2829 2839 2842
f 2829 2842 2845
f 2829 2845 2853
f 2829 2853 2836
f 2832 2873 2857
f 2832 2836 2873
f 2832 2857 2851
f 2815 2839 2829
f 2824 2832 2851
f 2824 2851 2847
f 2809 2839 2815
f 2812 2824 2847
f 2812 2847 2843
f 2806 2839 2809
f 2820 2850 2855
f 2827 2820 2855
f 2813 2812 2843
f 2813 2850 2820
f 2813 2843 2850
f 2826 2860 2878
f 2826 2827 2855
f 2826 2855 2860
f 2838 2826 2878
f 2817 2826 2838
f 2822 2838 2833
f 2822 2817 2838
f 2797 2812 2813
f 2797 2803 2807
f 2797 2807 2812
f 2796 2803 2797
f 2794 2803 2796
f 2791 2799 2803
f 2791 2803 2794
f 2790 2799 2791
f 2769 2839 2806
f 2769 2801 2799
f 2769 2806 2801
f 2766 2790 2788
f 2766 2764 2767
f 2766 2767 2769
f 2766 2799 2790
f 2766 2769 2799
f 2779 2783 2782
f 2776 2779 2778
f 2776 2783 2779
f 2774 2783 2776
f 2771 2788 2785
f 2771 2785 2783
f 2771 2766 2788
f 2771 2783 2774
f 2887 2890 2892
f 2886 2890 2887
f 2874 2870 2886
f 2886 2870 2875
f 2875 2871 2886
f 2886 2871 2890
f 2874 2864 2870
f 2890 2866 2883
f 2871 2866 2890
f 2874 2858 2864
f 2866 2859 2883
f 2882 2877 2879
f 2883 2877 2882
f 2859 2877 2883
f 2854 2835 2861
f 2861 2835 2868
f 2868 2835 2874
f 2840 2830 2841
f 2841 2830 2846
f 2846 2830 2854
f 2854 2830 2835
f 2874 2831 2858
f 2835 2831 2874
f 2858 2831 2852
f 2840 2816 2830
f 2831 2823 2852
f 2852 2823 2848
f 2840 2810 2816
f 2823 2811 2848
f 2848 2811 2844
f 2840 2805 2810
f 2849 2819 2856
f 2819 2828 2856
f 2811 2814 2844
f 2849 2814 2819
f 2844 2814 2849
f 2859 2825 2877
f 2828 2825 2856
f 2856 2825 2859
f 2825 2837 2877
f 2837 2818 2834
f 2825 2818 2837
f 2818 2821 2834
f 2811 2798 2814
f 2808 2798 2811
f 2804 2798 2808
f 2804 2795 2798
f 2804 2793 2795
f 2800 2792 2804
f 2804 2792 2793
f 2800 2789 2792
f 2840 2770 2805
f 2802 2770 2800
f 2805 2770 2802
f 2789 2765 2787
f 2768 2765 2770
f 2763 2765 2768
f 2800 2765 2789
f 2770 2765 2800
f 2781 2777 2780
f 2781 2775 2777
f 2787 2772 2786
f 2786 2772 2784
f 2784 2772 2781
f 2775 2772 2773
f 2781 2772 2775
f 2765 2772 2787
f 2890 2889 2891
f 2892 2891 2888
f 2892 2890 2891
f 2887 2892 2888
f 2886 2888 2885
f 2886 2887 2888
f 2826 2825 2827
f 2825 2828 2827
f 2827 2819 2820
f 2828 2819 2827
f 2820 2814 2813
f 2819 2814 2820
f 2783 2786 2784
f 2783 2785 2786
f 2766 2771 2772
f 2766 2772 2765
f 2797 2798 2796
f 2796 2795 2794
f 2798 2795 2796
f 2794 2793 2791
f 2795 2793 2794
f 2793 2792 2791
f 2778 2777 2775
f 2776 2775 2773
f 2776 2778 2775
f 2774 2773 2772
f 2774 2776 2773
f 2771 2774 2772
f 2768 2770 2769
f 2768 2769 2767
f 2763 2767 2764
f 2763 2768 2767
f 2765 2764 2766
f 2765 2763 2764
f 2855 2850 2856
f 2856 2850 2849
f 2849 2843 2844
f 2850 2843 2849
f 2844 2847 2848
f 2848 2847 2852
f 2843 2847 2844
f 2847 2851 2852
f 2852 2857 2858
f 2851 2857 2852
f 2858 2863 2864
f 2857 2863 2858
f 2807 2803 2808
f 2808 2803 2804
f 2804 2799 2800
f 2803 2799 2804
f 2800 2801 2802
f 2802 2801 2805
f 2799 2801 2800
f 2801 2806 2805
f 2805 2809 2810
f 2806 2809 2805
f 2810 2815 2816
f 2809 2815 2810
f 2838 2878 2877
f 2838 2877 2837
f 2881 2884 2883
f 2881 2883 2882
f 2880 2882 2879
f 2880 2881 2882
f 2878 2879 2877
f 2878 2880 2879
f 2818 2817 2822
f 2821 2822 2833
f 2821 2818 2822
f 2834 2833 2838
f 2834 2821 2833
f 2837 2834 2838
