v -0.05899284 0.084411315 0.046350009
v -0.058992839 0.084411314 0.05635001
v -0.058210338 0.07728556 0.046350008
v -0.058210337 0.077285559 0.056350009
v -0.056197841 0.08221955 0.056350009
v -0.056197841 0.082219551 0.046350009
v -0.055731747 0.090795188 0.05635001
v -0.055731747 0.090795189 0.04635001
v -0.054957088 0.07746109 0.046350008
v -0.054957087 0.077461089 0.056350009
v -0.054893139 0.086960875 0.05635001
v -0.054893139 0.086960876 0.046350009
v -0.051503329 0.073960518 0.046350008
v -0.051503328 0.073960517 0.056350008
v -0.051392567 0.090414628 0.046350009
v -0.051392566 0.090414627 0.05635001
v -0.049499577 0.094337616 0.05635001
v -0.049499577 0.094337617 0.04635001
v -0.046762003 0.072655814 0.056350008
v -0.046762003 0.072655815 0.046350007
v -0.046634113 0.091655388 0.05635001
v -0.046634113 0.091655389 0.046350009
v -0.044490205 0.059909389 0.046350006
v -0.044490204 0.059909388 0.056350007
v -0.044078049 0.056711829 0.056350006
v -0.044078049 0.05671183 0.046350006
v -0.043187875 0.062858662 0.046350006
v -0.043187874 0.062858661 0.056350007
v -0.042346028 0.093873529 0.046350009
v -0.042346027 0.093873528 0.05635001
v -0.042003542 0.073896576 0.056350008
v -0.042003542 0.073896577 0.046350007
v -0.041892788 0.090350687 0.046350009
v -0.041892787 0.090350686 0.05635001
v -0.040547067 0.0647081 0.046350006
v -0.040547066 0.064708099 0.056350007
v -0.039523683 0.065103379 0.046350006
v -0.039523682 0.065103378 0.056350007
v -0.038525521 0.065558624 0.056350007
v -0.038525521 0.065558625 0.046350006
v -0.03850297 0.077350334 0.056350008
v -0.03850297 0.077350335 0.046350008
v -0.038439029 0.086850113 0.056350009
v -0.038439029 0.086850114 0.046350009
v -0.037556108 0.066072236 0.046350006
v -0.037556107 0.066072235 0.056350007
v -0.037198268 0.082091653 0.046350008
v -0.037198267 0.082091652 0.056350009
v -0.036623805 0.089555566 0.056350009
v -0.036623805 0.089555567 0.046350009
v -0.036618836 0.066642402 0.056350007
v -0.036618836 0.066642403 0.046350006
v -0.035717019 0.06726712 0.056350007
v -0.035717019 0.067267121 0.046350007
v -0.034853807 0.067944207 0.046350007
v -0.034853806 0.067944206 0.056350007
v -0.031913674 0.069267029 0.056350007
v -0.031913674 0.06926703 0.046350007
v -0.029147259 0.021416984 0.046350002
v -0.029147258 0.021416983 0.056350002
v -0.028713319 0.06887713 0.046350006
v -0.028713318 0.068877129 0.056350007
v -0.027049259 0.018830221 0.046350001
v -0.027049258 0.01883022 0.056350002
v -0.026176789 0.066887087 0.046350006
v -0.026176788 0.066887086 0.056350007
v -0.023894985 0.017760847 0.046350001
v -0.023894984 0.017760846 0.056350002
v -0.02349946 0.000158189 0.045349999
v -0.023416124 0.001983604 0.04635
v -0.021643082 -0.009155675 0.056349999
v -0.021643082 -0.009155674 0.046349998
v -0.020656406 0.018538378 0.046350001
v -0.020656405 0.018538377 0.056350002
v -0.020430214 -0.011612738 0.045349998
v -0.020272036 0.011886731 0.04535
v -0.020206615 0.018821097 0.046350001
v -0.020206614 0.018821096 0.056350002
v -0.019794566 0.012665902 0.04635
v -0.019783603 0.019142493 0.056350002
v -0.019783603 0.019142494 0.046350001
v -0.019390666 0.019500049 0.056350002
v -0.019390666 0.01950005 0.046350001
v -0.018813904 -0.008623551 0.056349999
v -0.018813904 -0.00862355 0.052149998
v -0.018696115 0.008876055 0.05215
v -0.018696115 0.008876055 0.056350001
v -0.018343727 -0.010426756 0.052149998
v -0.018343727 -0.010426756 0.056349999
v -0.018319496 -0.006826838 0.056349999
v -0.018319496 -0.006826837 0.052149998
v -0.018225931 0.007072849 0.052149999
v -0.018225931 0.007072849 0.05635
v -0.0182017 0.010672767 0.05215
v -0.0182017 0.010672767 0.056350001
v -0.017313942 -0.008633647 0.052149998
v -0.017313942 -0.008633646 0.045349998
v -0.017196146 0.008865958 0.04535
v -0.017196146 0.008865958 0.052149999
v -0.017039665 -0.009685516 0.052149998
v -0.017039665 -0.009685515 0.045349998
v -0.017034935 -0.011753287 0.052149997
v -0.017034934 -0.011753287 0.056349998
v -0.017025536 -0.007585564 0.052149998
v -0.017025536 -0.007585563 0.045349998
v -0.016992966 -0.005518045 0.052149998
v -0.016992966 -0.005518045 0.056349999
v -0.016921877 0.007814088 0.052149999
v -0.016921877 0.007814089 0.04535
v -0.016917139 0.005746318 0.052149999
v -0.016917138 0.005746317 0.05635
v -0.01690774 0.009914041 0.05215
v -0.01690774 0.009914042 0.04535
v -0.01687517 0.011981559 0.05215
v -0.01687517 0.011981559 0.056350001
v -0.016276207 -0.010459326 0.045349998
v -0.016276207 -0.010459326 0.052149998
v -0.016251725 -0.006822101 0.045349998
v -0.016251724 -0.006822102 0.052149998
v -0.016158411 0.007040278 0.052149999
v -0.016158411 0.007040279 0.04535
v -0.016133928 0.010677502 0.05215
v -0.016133928 0.010677503 0.04535
v -0.015650913 0.022611926 0.046350001
v -0.015650912 0.022611925 0.056350002
v -0.01523822 -0.012247701 0.056349998
v -0.01523822 -0.0122477 0.052149997
v -0.015228126 -0.010747734 0.045349998
v -0.015228126 -0.010747734 0.052149997
v -0.015199852 -0.006547829 0.052149998
v -0.015199852 -0.006547828 0.045349998
v -0.015189759 -0.005047863 0.052149998
v -0.015189758 -0.005047864 0.056349999
v -0.015120424 0.005251904 0.052149999
v -0.015120423 0.005251904 0.05635
v -0.01511033 0.00675187 0.052149999
v -0.01511033 0.006751871 0.04535
v -0.015082064 0.010951775 0.05215
v -0.015082064 0.010951776 0.04535
v -0.015071962 0.012451741 0.05215
v -0.015071962 0.012451741 0.056350001
v -0.014176254 -0.010473461 0.045349998
v -0.014176254 -0.010473461 0.052149997
v -0.014151772 -0.006836237 0.052149998
v -0.014151772 -0.006836236 0.045349998
v -0.014058458 0.007026143 0.052149999
v -0.014058458 0.007026144 0.04535
v -0.014033976 0.010663368 0.04535
v -0.014033975 0.010663367 0.05215
v -0.013749681 9.2561e-05 0.045349999
v -0.01374968 9.256e-05 0.056349999
v -0.013435012 -0.011777519 0.052149997
v -0.013435012 -0.011777519 0.056349998
v -0.013425902 -0.019287163 0.056349998
v -0.013402443 -0.009709999 0.045349998
v -0.013402443 -0.009709999 0.052149998
v -0.013393044 -0.005542276 0.052149998
v -0.013393043 -0.005542277 0.056349999
v -0.013388306 -0.007610047 0.052149998
v -0.013388306 -0.007610046 0.045349998
v -0.013317224 0.005722086 0.052149999
v -0.013317224 0.005722086 0.05635
v -0.013284654 0.007789605 0.052149999
v -0.013284654 0.007789606 0.04535
v -0.013275247 0.011957327 0.056350001
v -0.013275247 0.011957328 0.05215
v -0.013270517 0.009889558 0.04535
v -0.013270517 0.009889558 0.052149999
v -0.013114037 -0.008661916 0.045349998
v -0.013114036 -0.008661917 0.052149998
v -0.01299624 0.008837687 0.052149999
v -0.01299624 0.008837688 0.04535
v -0.012108482 -0.010468727 0.056349998
v -0.012108482 -0.010468726 0.052149997
v -0.012084251 -0.006868808 0.052149998
v -0.012084251 -0.006868808 0.056349999
v -0.011990693 0.007030877 0.05635
v -0.011990693 0.007030878 0.052149999
v -0.011966455 0.010630796 0.052149999
v -0.011966455 0.010630796 0.05635
v -0.01195385 -0.006794684 0.056349999
v -0.01195385 -0.006794683 0.045349998
v -0.01188671 -0.020272038 0.045349997
v -0.011861292 0.006955006 0.04535
v -0.011861291 0.006955005 0.05635
v -0.011614067 -0.008672014 0.056349998
v -0.011614067 -0.008672013 0.052149998
v -0.011612735 0.020430236 0.045350001
v -0.011612735 0.020430236 0.046350001
v -0.011496278 0.00882759 0.05635
v -0.011496278 0.008827591 0.052149999
v -0.011421298 0.025016079 0.056350002
v -0.011421298 0.02501608 0.046350001
v -0.006954994 -0.011861295 0.045349997
v -0.006954993 -0.011861296 0.056349998
v -0.006834209 0.026637266 0.046350001
v -0.006834208 0.026637265 0.056350002
v -0.006794687 0.011953864 0.05635
v -0.006794687 0.011953865 0.04535
v -0.006325969 0.026791945 0.056350002
v -0.006325969 0.026791946 0.046350001
v -0.0058334 0.026990977 0.056350002
v -0.0058334 0.026990978 0.046350001
v -0.005360362 0.027232801 0.056350002
v -0.005360362 0.027232802 0.046350001
v -0.003717703 -0.017475364 0.056349997
v -0.003717703 -0.017475363 0.052149996
v -0.003489681 0.036001013 0.056350003
v -0.003489681 0.036001014 0.046350002
v -0.003482111 0.017523845 0.05215
v -0.003482111 0.017523845 0.056350001
v -0.003247519 -0.019278571 0.052149996
v -0.003247519 -0.019278571 0.056349997
v -0.003223288 -0.015678652 0.056349997
v -0.003223288 -0.015678651 0.052149997
v -0.003035396 0.029617649 0.056350002
v -0.003035396 0.02961765 0.046350001
v -0.003011926 0.015720638 0.05215
v -0.003011926 0.015720638 0.056350001
v -0.002987696 0.019320558 0.05215
v -0.002987696 0.019320558 0.056350001
v -0.00234045 0.032874952 0.056350002
v -0.00234045 0.032874953 0.046350002
v -0.002217734 -0.017485461 0.052149996
v -0.002217734 -0.01748546 0.045349997
v -0.001982157 0.017513748 0.04535
v -0.001982157 0.017513748 0.05215
v -0.001943457 -0.018537331 0.052149996
v -0.001943457 -0.01853733 0.045349997
v -0.001938726 -0.020605102 0.056349997
v -0.001938726 -0.020605101 0.052149996
v -0.001929328 -0.016437378 0.045349997
v -0.001929327 -0.016437378 0.052149996
v -0.001896765 -0.014369859 0.052149997
v -0.001896765 -0.014369859 0.056349998
v -0.00170788 0.016461877 0.05215
v -0.00170788 0.016461878 0.04535
v -0.001703134 0.014394108 0.052149999
v -0.001703134 0.014394108 0.05635
v -0.001693735 0.01856183 0.05215
v -0.001693735 0.018561831 0.04535
v -0.001661173 0.02062935 0.05215
v -0.001661173 0.02062935 0.056350001
v -0.001179999 -0.01931114 0.045349997
v -0.001179998 -0.01931114 0.052149996
v -0.001155524 -0.015673916 0.052149996
v -0.001155524 -0.015673915 0.045349997
v -0.001071691 -0.023475543 0.056349997
v -0.000944422 0.015688068 0.04535
v -0.000944421 0.015688068 0.05215
v -0.000919932 0.019325293 0.04535
v -0.000919931 0.019325292 0.05215
v -0.000755564 0.02348786 0.046350001
v -0.000158163 -0.02349946 0.045349996
v -0.000142019 -0.021099515 0.056349997
v -0.000142019 -0.021099514 0.052149996
v -0.000131918 -0.019599549 0.052149996
v -0.000131918 -0.019599548 0.045349996
v -0.000103644 -0.015399644 0.052149996
v -0.000103644 -0.015399643 0.045349997
v -9.3558e-05 -0.013899678 0.056349998
v -9.3558e-05 -0.013899677 0.052149997
v -9.2536e-05 -0.01374968 0.045349997
v -9.2535e-05 -0.013749681 0.056349998
v 9.2566e-05 0.013749697 0.05635
v 9.2566e-05 0.013749698 0.04535
v 9.3573e-05 0.013899693 0.05635
v 9.3573e-05 0.013899694 0.052149999
v 0.000103674 0.015399661 0.04535
v 0.000103674 0.015399661 0.052149999
v 0.000131933 0.019599565 0.05215
v 0.000131933 0.019599566 0.04535
v 0.000142034 0.021099531 0.05215
v 0.000142035 0.021099531 0.056350001
v 0.000158193 0.023499478 0.045350001
v 0.000919946 -0.019325275 0.045349996
v 0.000919947 -0.019325276 0.052149996
v 0.000944436 -0.015688051 0.045349997
v 0.000944437 -0.015688051 0.052149996
v 0.001155539 0.015673933 0.04535
v 0.001155539 0.015673933 0.052149999
v 0.001180013 0.019311158 0.04535
v 0.001180014 0.019311157 0.05215
v 0.001661188 -0.020629334 0.052149996
v 0.001661189 -0.020629334 0.056349997
v 0.001693765 -0.018561813 0.045349996
v 0.001693766 -0.018561813 0.052149996
v 0.001703165 -0.014394092 0.056349997
v 0.001703165 -0.014394091 0.052149996
v 0.001707895 -0.016461861 0.052149996
v 0.001707895 -0.01646186 0.045349997
v 0.001896781 0.014369875 0.05635
v 0.001896781 0.014369876 0.052149999
v 0.001929342 0.016437396 0.04535
v 0.001929343 0.016437395 0.052149999
v 0.001938742 0.020605117 0.056350001
v 0.001938742 0.020605118 0.05215
v 0.001943487 0.018537348 0.04535
v 0.001943487 0.018537348 0.05215
v 0.001982172 -0.017513731 0.052149996
v 0.001982172 -0.01751373 0.045349997
v 0.002217749 0.017485477 0.05215
v 0.002217749 0.017485478 0.04535
v 0.002987726 -0.019320541 0.052149996
v 0.002987727 -0.019320542 0.056349997
v 0.003011957 -0.015720622 0.052149996
v 0.003011957 -0.015720622 0.056349997
v 0.003223303 0.015678668 0.052149999
v 0.003223304 0.015678667 0.05635
v 0.003247534 0.019278587 0.05215
v 0.003247534 0.019278587 0.056350001
v 0.003482141 -0.017523828 0.052149996
v 0.003482142 -0.017523829 0.056349997
v 0.003717718 0.01747538 0.05215
v 0.003717719 0.01747538 0.05635
v 0.006794702 -0.011953848 0.056349997
v 0.006794702 -0.011953847 0.045349997
v 0.006955008 0.011861313 0.045349999
v 0.006955009 0.011861312 0.05635
v 0.010275671 0.021134361 0.04635
v 0.011496301 -0.008827575 0.056349998
v 0.011496301 -0.008827574 0.052149997
v 0.011612757 -0.020430218 0.045349996
v 0.011612758 -0.020430219 0.056349996
v 0.011614097 0.008672029 0.056349999
v 0.011614097 0.00867203 0.052149998
v 0.011861306 -0.006954988 0.045349997
v 0.011861307 -0.006954989 0.056349998
v 0.011886725 0.020272056 0.04535
v 0.011953865 0.0067947 0.056349999
v 0.011953865 0.006794701 0.045349999
v 0.01196647 -0.01063078 0.052149996
v 0.011966471 -0.01063078 0.056349997
v 0.011990716 -0.007030862 0.056349998
v 0.011990716 -0.007030861 0.052149997
v 0.012084267 0.006868824 0.052149998
v 0.012084267 0.006868824 0.056349999
v 0.012108497 0.010468742 0.056349999
v 0.012108497 0.010468743 0.052149998
v 0.012996255 -0.008837671 0.052149997
v 0.012996255 -0.00883767 0.045349997
v 0.013114051 0.008661934 0.045349999
v 0.013114052 0.008661933 0.052149998
v 0.013270532 -0.009889541 0.052149996
v 0.013270532 -0.00988954 0.045349997
v 0.013275263 -0.011957312 0.056349997
v 0.013275263 -0.011957311 0.052149996
v 0.013284677 -0.007789588 0.045349997
v 0.013284677 -0.007789588 0.052149997
v 0.013317239 -0.00572207 0.056349998
v 0.013317239 -0.005722069 0.052149997
v 0.013388328 0.007610064 0.045349999
v 0.013388328 0.007610064 0.052149998
v 0.013393059 0.005542293 0.052149998
v 0.013393059 0.005542293 0.056349999
v 0.013402458 0.009710016 0.052149998
v 0.013402458 0.009710017 0.045349999
v 0.013435035 0.011777535 0.052149999
v 0.013435035 0.011777535 0.05635
v 0.013749703 -9.2544e-05 0.056349998
v 0.013749703 -9.2543e-05 0.045349998
v 0.01403399 -0.01066335 0.045349997
v 0.014033991 -0.01066335 0.052149996
v 0.01405848 -0.007026126 0.045349997
v 0.014058481 -0.007026127 0.052149997
v 0.014151787 0.006836254 0.045349998
v 0.014151787 0.006836254 0.052149998
v 0.014176277 0.010473478 0.052149998
v 0.014176277 0.010473479 0.045349999
v 0.015071985 -0.012451725 0.056349997
v 0.015071985 -0.012451724 0.052149996
v 0.015082086 -0.010951759 0.052149996
v 0.015082086 -0.010951758 0.045349997
v 0.015110345 -0.006751854 0.052149997
v 0.015110345 -0.006751853 0.045349997
v 0.015120446 -0.005251888 0.052149997
v 0.015120447 -0.005251888 0.056349998
v 0.015189781 0.00504788 0.052149998
v 0.015189782 0.005047879 0.056349999
v 0.015199867 0.006547845 0.052149998
v 0.015199867 0.006547846 0.045349998
v 0.015228141 0.010747751 0.052149998
v 0.015228141 0.010747752 0.045349999
v 0.015238243 0.012247716 0.05635
v 0.015238243 0.012247717 0.052149999
v 0.016133951 -0.010677486 0.052149996
v 0.016133951 -0.010677485 0.045349997
v 0.016158426 -0.007040262 0.052149997
v 0.016158426 -0.007040261 0.045349997
v 0.016251747 0.006822119 0.045349998
v 0.016251747 0.006822119 0.052149998
v 0.016276222 0.010459343 0.052149998
v 0.016276222 0.010459344 0.045349999
v 0.016875193 -0.011981543 0.052149996
v 0.016875193 -0.011981543 0.056349997
v 0.016907755 -0.009914024 0.045349997
v 0.016907755 -0.009914024 0.052149996
v 0.016917154 -0.005746301 0.052149997
v 0.016917154 -0.005746301 0.056349998
v 0.016921899 -0.007814072 0.052149996
v 0.016921899 -0.007814071 0.045349997
v 0.016992989 0.005518061 0.052149998
v 0.016992989 0.005518061 0.056349999
v 0.017025551 0.007585581 0.045349998
v 0.017025551 0.007585581 0.052149998
v 0.01703495 0.011753303 0.056349999
v 0.01703495 0.011753304 0.052149998
v 0.017039695 0.009685533 0.045349999
v 0.017039696 0.009685533 0.052149998
v 0.017196161 -0.008865941 0.052149996
v 0.017196161 -0.00886594 0.045349997
v 0.017313957 0.008633663 0.052149998
v 0.017313957 0.008633664 0.045349999
v 0.018201715 -0.01067275 0.052149996
v 0.018201716 -0.010672751 0.056349997
v 0.018225946 -0.007072833 0.056349997
v 0.018225946 -0.007072832 0.052149997
v 0.018319512 0.006826853 0.056349999
v 0.018319512 0.006826854 0.052149998
v 0.018343742 0.010426772 0.052149998
v 0.018343742 0.010426772 0.056349999
v 0.018696131 -0.008876039 0.056349997
v 0.018696131 -0.008876038 0.052149996
v 0.018813927 0.008623566 0.056349999
v 0.018813927 0.008623567 0.052149998
v 0.018939613 0.013911935 0.05635
v 0.018939613 0.013911936 0.046349999
v 0.020272058 -0.011886713 0.045349996
v 0.020430244 0.011612756 0.045349999
v 0.020718867 -0.011089569 0.056349997
v 0.023440728 0.001668199 0.056349998
v 0.023499474 -0.000158171 0.045349997
v -0.043086086 0.000718166 0.011949994
v -0.043086086 0.000718166 0.01275
v -0.04304855 0.001936325 0.011949994
v -0.04304855 0.001936325 0.01275
v -0.042976574 0.003152935 0.011949994
v -0.042976574 0.003152935 0.01275
v -0.04287022 0.004367023 0.011949995
v -0.04287022 0.004367023 0.01275
v -0.042121486 -0.009094343 0.011949993
v -0.042121486 -0.009094343 0.012749999
v -0.041847453 -0.010281874 0.011949993
v -0.041847453 -0.010281874 0.012749999
v -0.04153995 -0.01146118 0.011949993
v -0.04153995 -0.01146118 0.012749999
v -0.041199229 -0.012631318 0.011949993
v -0.041199229 -0.012631318 0.012749999
v -0.040755384 0.013997353 0.011949995
v -0.040755384 0.013997353 0.012750001
v -0.040343244 0.01514429 0.011949996
v -0.040343244 0.01514429 0.012750001
v -0.040160953 2.4651e-05 0.011583606
v -0.040160953 2.4651e-05 0.013116388
v -0.039898839 0.016279113 0.011949996
v -0.039898839 0.016279113 0.012750002
v -0.039883724 0.004710807 0.011583606
v -0.039883724 0.004710807 0.013116389
v -0.039422521 0.017400915 0.011949996
v -0.039422521 0.017400915 0.012750002
v -0.03941554 0.013029682 0.011752653
v -0.03941554 0.013029682 0.012947343
v -0.039387393 -0.007844506 0.011583605
v -0.039387393 -0.007844506 0.013116387
v -0.03828786 -0.000569326 0.011349996
v -0.03828786 -0.000569326 0.013349996
v -0.03826939 0.001318444 0.011349997
v -0.03826939 0.001318444 0.013349997
v -0.038202952 -0.012386976 0.011583604
v -0.038202952 -0.012386976 0.013116387
v -0.038187726 0.012433865 0.011583607
v -0.038187726 0.012433865 0.013116389
v -0.038157902 0.00320301 0.011349997
v -0.038157902 0.00320301 0.013349997
v -0.037953663 0.00507979 0.011349997
v -0.037953663 0.00507979 0.013349997
v -0.037665812 -0.006897161 0.011349996
v -0.037665812 -0.006897161 0.013349996
v -0.0372801 -0.008745198 0.011349995
v -0.0372801 -0.008745198 0.013349996
v -0.037249597 -0.021665491 0.011949992
v -0.037249597 -0.021665491 0.012749998
v -0.036999271 -0.001855605 0.011349996
v -0.036999271 -0.001855605 0.013349996
v -0.036803767 -0.010571979 0.011349995
v -0.036803767 -0.010571979 0.013349995
v -0.036652362 -0.005384584 0.011349996
v -0.036652362 -0.005384584 0.013349996
v -0.036622018 -0.02271022 0.011949992
v -0.036622018 -0.02271022 0.012749998
v -0.036589856 0.011290142 0.011349997
v -0.036589856 0.011290142 0.013349998
v -0.036522396 0.006205163 0.011349997
v -0.036522396 0.006205163 0.013349997
v -0.036475957 0.016804996 0.011583607
v -0.036475957 0.016804996 0.01311639
v -0.03641373 -0.003579584 0.011349996
v -0.03641373 -0.003579584 0.013349996
v -0.036237986 -0.012373063 0.011349995
v -0.036237986 -0.012373063 0.013349995
v -0.035988934 0.01307981 0.011349998
v -0.035988934 0.01307981 0.013349998
v -0.035965142 -0.023736784 0.011949991
v -0.035965142 -0.023736784 0.012749997
v -0.035761815 0.009668623 0.011349997
v -0.035761815 0.009668623 0.013349997
v -0.035737667 0.007848076 0.011349997
v -0.035737667 0.007848076 0.013349997
v -0.035300534 0.014837685 0.013349998
v -0.035300534 0.014837686 0.011349998
v -0.035279496 -0.02474436 0.011949991
v -0.035279496 -0.02474436 0.012749997
v -0.035035547 -0.019631945 0.013116386
v -0.035035547 -0.019631944 0.011583604
v -0.034901354 -0.006491898 0.013349996
v -0.034901354 -0.006491898 0.016349996
v -0.034807154 -0.005422347 0.016349996
v -0.034807154 -0.005422346 0.013349996
v -0.034614985 -0.013198192 0.011349995
v -0.034614984 -0.013198192 0.013349995
v -0.034554217 -0.008139756 0.016349996
v -0.034554217 -0.008139755 0.013349996
v -0.034526334 0.016559496 0.011349998
v -0.034526334 0.016559496 0.013349998
v -0.034435255 0.025906382 0.011949996
v -0.034435255 0.025906382 0.012750002
v -0.034173411 -0.004555636 0.016349996
v -0.034173411 -0.004555635 0.013349996
v -0.034129313 -0.009769296 0.013349995
v -0.034129313 -0.009769296 0.016349995
v -0.033799228 0.000227522 0.011349996
v -0.033690973 -0.018198969 0.013349994
v -0.033690973 -0.018198968 0.011349994
v -0.033688872 0.026869828 0.011949996
v -0.033688872 0.026869828 0.012750002
v -0.033627619 -0.011376854 0.016349995
v -0.033627619 -0.011376853 0.013349995
v -0.033525354 -0.014656849 0.011349995
v -0.033525354 -0.014656849 0.013349995
v -0.033423021 -0.011805568 0.013349995
v -0.033423021 -0.011805568 0.016349995
v -0.033194536 -0.016447248 0.011349995
v -0.033194536 -0.016447248 0.013349995
v -0.03318278 -0.004141555 0.016349996
v -0.03318278 -0.004141554 0.013349996
v -0.033123087 -0.012173938 0.013349995
v -0.033123087 -0.012173938 0.016349995
v -0.032915533 0.02781178 0.011949996
v -0.032915533 0.02781178 0.012750002
v -0.032817372 0.017187506 0.011349998
v -0.032817372 0.017187506 0.013349998
v -0.032753061 -0.019837364 0.011349994
v -0.032753061 -0.019837364 0.013349994
v -0.032744738 -0.012461183 0.013349995
v -0.032744737 -0.012461183 0.016349995
v -0.03250538 -0.023586078 0.011583603
v -0.032505379 -0.023586078 0.013116386
v -0.032476415 0.023625968 0.011583608
v -0.032476415 0.023625968 0.01311639
v -0.032179117 -0.012685537 0.013349995
v -0.032179117 -0.012685537 0.016349995
v -0.032115874 0.028731486 0.011949997
v -0.032115874 0.028731486 0.012750002
v -0.03202847 0.014765872 0.013349998
v -0.03202847 0.014765872 0.016349998
v -0.031822972 0.015733674 0.013349998
v -0.031822972 0.015733674 0.016349998
v -0.031799274 0.00021406 0.009349996
v -0.031799274 0.000214061 0.004349996
v -0.031744939 0.013817989 0.013349998
v -0.031744938 0.013817989 0.016349998
v -0.031735543 -0.021427541 0.011349994
v -0.031735543 -0.021427541 0.013349994
v -0.031572206 -0.012729421 0.013349995
v -0.031572206 -0.012729421 0.016349995
v -0.031563359 0.018507513 0.013349998
v -0.031563359 0.018507514 0.011349998
v -0.031310178 0.022044453 0.011349998
v -0.031310178 0.022044453 0.013349998
v -0.03104176 0.01312199 0.013349997
v -0.03104176 0.01312199 0.016349998
v -0.031041013 0.017225143 0.016349998
v -0.031041013 0.017225144 0.013349998
v -0.031023748 0.020246419 0.011349998
v -0.031023748 0.020246419 0.013349998
v -0.030980188 -0.012588772 0.013349995
v -0.030980188 -0.012588772 0.016349995
v -0.030965542 0.013079505 0.013349997
v -0.030965542 0.013079505 0.016349998
v -0.030887547 0.013040385 0.013349997
v -0.030887547 0.013040385 0.016349998
v -0.030807911 0.013004705 0.016349998
v -0.030807911 0.013004706 0.013349997
v -0.030640878 -0.022965637 0.011349994
v -0.030640877 -0.022965637 0.013349994
v -0.030616938 -0.00382131 0.013349996
v -0.030616938 -0.00382131 0.016349996
v -0.030189199 0.018677853 0.013349998
v -0.030189198 0.018677853 0.016349998
v -0.030185629 0.023560834 0.011349998
v -0.030185628 0.023560834 0.013349998
v -0.029999317 0.000201945 0.004349996
v -0.029999317 0.000201946 -0.000600004
v -0.029497671 0.027254195 0.011583608
v -0.029497671 0.027254195 0.013116391
v -0.029384744 -0.016702577 0.011349994
v -0.02926946 0.02008853 0.013349998
v -0.02926946 0.02008853 0.016349998
v -0.029256488 -0.003293933 0.013349996
v -0.029256487 -0.003293933 0.016349996
v -0.029157231 0.017096659 0.011349998
v -0.028987715 0.025019946 0.011349998
v -0.028987714 0.025019946 0.013349999
v -0.028982435 0.02689495 0.011505841
v -0.028982435 0.02689495 0.013194157
v -0.028842332 -0.023248845 0.011349994
v -0.028842332 -0.023248845 0.013349994
v -0.028731468 -0.032115867 0.01194999
v -0.028731468 -0.032115867 0.012749996
v -0.028584665 -0.011615352 0.016349995
v -0.028584665 -0.011615351 0.013349995
v -0.028446561 0.020778206 0.016349998
v -0.028446561 0.020778207 0.013349998
v -0.028425709 0.011999125 0.013349997
v -0.028425709 0.011999125 0.016349997
v -0.028306263 0.011945604 0.016349997
v -0.028306263 0.011945605 0.013349997
v -0.028305743 -0.002187121 0.016349996
v -0.028305743 -0.00218712 0.013349996
v -0.028189266 0.011886924 0.013349997
v -0.028189266 0.011886924 0.016349997
v -0.028074932 0.011823197 0.016349997
v -0.028074932 0.011823198 0.013349997
v -0.027989604 -0.000762689 0.013349996
v -0.027989604 -0.000762689 0.016349996
v -0.027904361 0.002312219 0.016349996
v -0.027904361 0.00231222 0.013349996
v -0.02781176 -0.032915531 0.01194999
v -0.02781176 -0.032915531 0.012749996
v -0.027719335 0.026418245 0.011349999
v -0.027719335 0.026418245 0.013349999
v -0.027696642 -0.011404379 0.013349995
v -0.027696642 -0.011404379 0.016349995
v -0.027645998 -0.015714257 0.009349994
v -0.027645998 -0.015714256 0.004349995
v -0.027482334 0.005359221 0.013349997
v -0.027482334 0.005359221 0.016349997
v -0.027431951 0.016085025 0.004349998
v -0.02743195 0.016085025 0.009349997
v -0.027385579 0.02094294 0.016349998
v -0.027385579 0.020942941 0.013349998
v -0.027355286 -0.024299398 0.011349994
v -0.027355286 -0.024299398 0.013349994
v -0.027254173 -0.029497669 0.011583602
v -0.027254173 -0.029497669 0.013116385
v -0.027104267 0.010911356 0.013349997
v -0.027104267 0.010911356 0.016349997
v -0.026869804 -0.033688865 0.01194999
v -0.026869804 -0.033688865 0.012749996
v -0.026808757 -0.006548979 -0.000600005
v -0.026808756 -0.00654898 0.011449996
v -0.026786279 -0.011470204 0.013349995
v -0.026786279 -0.011470204 0.016349995
v -0.026728611 0.008341541 0.016349997
v -0.026728611 0.008341542 0.013349997
v -0.026623936 0.009669207 0.013349997
v -0.026623936 0.009669207 0.016349997
v -0.026593257 -0.007375448 -0.000600005
v -0.026593256 -0.007375449 0.011449996
v -0.026582148 -0.005725486 0.011449996
v -0.026582148 -0.005725485 -0.000600005
v -0.026487397 -0.02589994 0.011349993
v -0.026487396 -0.02589994 0.013349993
v -0.026418221 -0.027719333 0.011349993
v -0.026418221 -0.027719333 0.013349993
v -0.026392301 0.020535258 0.013349998
v -0.026392301 0.020535258 0.016349998
v -0.026081133 -0.01482477 0.004349995
v -0.026081133 -0.014824769 -0.000600006
v -0.025999408 0.00017502 0.016349996
v -0.025993388 -0.007983442 -0.000600005
v -0.025993387 -0.007983443 0.011449995
v -0.025974154 -0.005125624 0.011449996
v -0.025974154 -0.005125623 -0.000600005
v -0.025937837 -0.011806734 0.013349995
v -0.025937837 -0.011806734 0.016349995
v -0.025906364 -0.034435249 0.01194999
v -0.025906364 -0.034435249 0.012749996
v -0.025899946 0.026487417 0.011349999
v -0.025899946 0.026487417 0.013349999
v -0.025879201 0.015174552 -0.000600003
v -0.025879201 0.015174552 0.004349998
v -0.025485757 -0.012131712 0.016349995
v -0.025485757 -0.012131711 0.013349995
v -0.025169894 -0.008210048 -0.000600005
v -0.025169893 -0.008210049 0.011449995
v -0.025147685 -0.004910124 0.011449996
v -0.025147685 -0.004910123 -0.000600005
v -0.025101503 -0.012534634 0.013349995
v -0.025101503 -0.012534634 0.016349995
v -0.025019928 -0.028987708 0.011349993
v -0.025019928 -0.028987708 0.013349993
v -0.024798334 -0.013001623 0.013349995
v -0.024798334 -0.013001623 0.016349995
v -0.024744368 0.035279514 0.011949997
v -0.024744368 0.035279514 0.012750003
v -0.024351529 0.018947381 0.013349998
v -0.024351529 0.018947381 0.016349998
v -0.024343432 -0.007994549 0.011449995
v -0.024343432 -0.007994548 -0.000600005
v -0.024324191 -0.00513673 0.011449996
v -0.024324191 -0.005136728 -0.000600005
v -0.024299406 0.027355308 0.011349999
v -0.024299406 0.027355308 0.013349999
v -0.024078603 0.013162387 -0.000600003
v -0.024078602 0.013162386 0.011449998
v -0.023863103 0.012335918 -0.000600003
v -0.023863102 0.012335917 0.011449997
v -0.023851994 0.013985879 0.011449998
v -0.023851994 0.01398588 -0.000600003
v -0.023736785 0.035965161 0.011949997
v -0.023736785 0.035965161 0.012750003
v -0.023735438 -0.007394686 0.011449995
v -0.023735438 -0.007394685 -0.000600005
v -0.02372433 -0.005744722 -0.000600005
v -0.023724329 -0.005744723 0.011449996
v -0.023625946 -0.032476409 0.011583602
v -0.023625945 -0.032476409 0.013116384
v -0.023586081 0.032505398 0.011583608
v -0.023586081 0.032505398 0.013116391
v -0.023560814 -0.030185626 0.011349993
v -0.023560814 -0.030185626 0.013349993
v -0.02350883 -0.006571191 -0.000600005
v -0.023508829 -0.006571193 0.011449996
v -0.023499461 0.000158191 0.023349996
v -0.023499461 0.000158192 0.018849996
v -0.023263241 0.011727924 0.011449997
v -0.023263241 0.011727925 -0.000600003
v -0.023248854 0.028842356 0.011349999
v -0.023248853 0.028842356 0.013349999
v -0.023244 0.014585742 0.011449998
v -0.023244 0.014585743 -0.000600003
v -0.023222474 -0.015643403 0.013349994
v -0.023222474 -0.015643403 0.016349994
v -0.023016629 0.01835831 0.013349998
v -0.023016629 0.01835831 0.016349998
v -0.022965643 0.0306409 0.011349999
v -0.022965643 0.0306409 0.013349999
v -0.022710227 0.036622036 0.011949997
v -0.022710227 0.036622036 0.012750003
v -0.022603647 -0.012848134 0.016349995
v -0.022439747 0.011501317 0.011449997
v -0.022439747 0.011501318 -0.000600003
v -0.022428638 0.013151279 0.016349997
v -0.022417531 0.014801243 -0.000600003
v -0.02241753 0.014801242 0.011449998
v -0.022044433 -0.031310174 0.011349993
v -0.022044433 -0.031310174 0.013349993
v -0.021999492 0.000148096 0.004449996
v -0.021999492 0.000148097 -0.000600004
v -0.021665496 0.037249623 0.011949997
v -0.021665495 0.037249623 0.012750003
v -0.021613278 0.011716818 -0.000600003
v -0.021613277 0.011716817 0.011449997
v -0.021594037 0.014574637 -0.000600003
v -0.021594036 0.014574636 0.011449998
v -0.021561719 0.018468666 0.013349998
v -0.021561718 0.018468665 0.016349998
v -0.021427549 0.03173556 0.011349999
v -0.021427549 0.03173556 0.013349999
v -0.021366334 -0.018096379 0.013349994
v -0.021366334 -0.018096379 0.016349994
v -0.021005284 0.012316682 -0.000600003
v -0.021005283 0.01231668 0.011449997
v -0.020999514 0.000141364 0.023349996
v -0.020999513 0.000141361 0.044349999
v -0.020994176 0.013966644 -0.000600003
v -0.020994175 0.013966643 0.011449997
v -0.020942924 -0.027385575 0.013349993
v -0.020942924 -0.027385575 0.016349993
v -0.020778676 0.013140175 -0.000600003
v -0.020778675 0.013140173 0.011449997
v -0.020778183 -0.028446555 0.013349993
v -0.020778183 -0.028446555 0.016349993
v -0.02053524 -0.026392293 0.013349993
v -0.02053524 -0.026392293 0.016349993
v -0.020430215 -0.011612736 0.023349995
v -0.020430215 -0.011612735 0.018849995
v -0.020330945 0.019252345 0.016349998
v -0.020330945 0.019252346 0.013349998
v -0.020272037 0.011886733 0.023349997
v -0.020272037 0.011886734 0.018849997
v -0.020246398 -0.03102374 0.011349993
v -0.020246398 -0.03102374 0.013349993
v -0.020088508 -0.029269452 0.013349993
v -0.020088508 -0.029269452 0.016349993
v -0.019999537 0.000134633 0.014449996
v -0.019999537 0.000134634 0.006449996
v -0.019999536 0.00013463 0.045349999
v -0.01983737 0.032753083 0.011349999
v -0.01983737 0.032753083 0.013349999
v -0.019631949 0.035035565 0.011583608
v -0.019631949 0.035035565 0.013116391
v -0.019388626 -0.029737691 0.013349993
v -0.019388625 -0.029737691 0.016349993
v -0.019252327 -0.020330943 0.016349994
v -0.019252327 -0.020330942 0.013349994
v -0.019126162 -0.010871494 -0.000600006
v -0.019126161 -0.010871494 0.004449995
v -0.018978077 0.011128008 0.004449997
v -0.018978077 0.011128009 -0.000600003
v -0.018947365 -0.024351523 0.013349993
v -0.018947365 -0.024351523 0.016349993
v -0.018677833 -0.030189198 0.013349993
v -0.018677833 -0.030189198 0.016349993
v -0.018507491 -0.031563351 0.011349992
v -0.018507491 -0.031563351 0.013349993
v -0.018468643 -0.021561715 0.016349994
v -0.018468643 -0.021561714 0.013349994
v -0.018358292 -0.023016629 0.013349993
v -0.018358292 -0.023016629 0.016349994
v -0.018285002 0.033740017 0.013339493
v -0.018285002 0.033740018 0.011360506
v -0.018256791 -0.010377337 0.023349995
v -0.01825679 -0.010377339 0.044349998
v -0.018198973 0.033690995 0.011349999
v -0.018198973 0.033690995 0.013349999
v -0.018115436 0.010622189 0.023349997
v -0.018115435 0.010622187 0.04435
v -0.018096379 0.021366357 0.016349998
v -0.018096379 0.021366358 0.013349998
v -0.017956527 -0.030623719 0.013349993
v -0.017956527 -0.030623719 0.016349993
v -0.017400893 -0.039422519 0.011949989
v -0.017400893 -0.039422519 0.012749995
v -0.017387422 -0.009883176 0.006449995
v -0.017387422 -0.009883176 0.014449995
v -0.017387421 -0.00988318 0.045349998
v -0.017252796 0.010116371 0.014449997
v -0.017252796 0.010116372 0.006449997
v -0.017252794 0.010116368 0.04535
v -0.017225127 -0.031041009 0.013349993
v -0.017225127 -0.031041009 0.016349993
v -0.017187484 -0.032817366 0.011349992
v -0.017187484 -0.032817366 0.013349992
v -0.017096641 -0.029157229 0.011349993
v -0.016999605 0.00011444 0.017449996
v -0.016863953 -0.008636675 0.045349998
v -0.016863953 -0.008636673 0.029349997
v -0.016804976 -0.036475955 0.011583601
v -0.016804976 -0.036475955 0.013116384
v -0.016746157 0.008862929 0.04535
v -0.016746157 0.008862931 0.029349999
v -0.016702581 0.029384764 0.011349998
v -0.016648454 -0.009463143 0.029349997
v -0.016648453 -0.009463144 0.045349998
v -0.016637345 -0.007813181 0.045349998
v -0.016637345 -0.00781318 0.029349997
v -0.016559478 -0.034526335 0.011349992
v -0.016559478 -0.034526335 0.013349992
v -0.016530657 0.00803646 0.04535
v -0.016530657 0.008036462 0.029349999
v -0.016519549 0.009686423 0.04535
v -0.016519549 0.009686425 0.029349999
v -0.016484023 -0.031440833 0.013349992
v -0.016484023 -0.031440833 0.016349993
v -0.016447256 0.033194558 0.011349999
v -0.016447256 0.033194558 0.013349999
v -0.016279089 -0.039898837 0.011949989
v -0.016279089 -0.039898837 0.012749995
v -0.016085007 -0.027431949 0.004349993
v -0.016085006 -0.027431949 0.009349993
v -0.016048592 -0.010071137 0.045349998
v -0.016048592 -0.010071136 0.029349997
v -0.016029351 -0.007213318 0.045349998
v -0.016029351 -0.007213316 0.029349998
v -0.015930796 0.007428467 0.04535
v -0.015930796 0.007428469 0.029349999
v -0.015911563 0.010286288 0.029349999
v -0.015911562 0.010286287 0.04535
v -0.015733657 -0.031822966 0.013349992
v -0.015733657 -0.031822966 0.016349993
v -0.015714262 0.027646022 0.004349998
v -0.015714261 0.027646022 0.009349998
v -0.015643407 0.023222494 0.013349998
v -0.015643407 0.023222494 0.016349998
v -0.015225098 -0.010297743 0.045349998
v -0.015225098 -0.010297742 0.029349997
v -0.015202882 -0.006997816 0.029349998
v -0.015202881 -0.006997818 0.045349998
v -0.01517453 -0.025879195 -0.000600007
v -0.01517453 -0.025879195 0.004349993
v -0.01514427 -0.040343241 0.011949989
v -0.01514427 -0.040343241 0.012749995
v -0.015107302 0.007201861 0.04535
v -0.015107302 0.007201862 0.029349999
v -0.015085093 0.010501787 0.04535
v -0.015085093 0.010501788 0.029349999
v -0.014837668 -0.035300532 0.011349992
v -0.014837668 -0.035300532 0.013349992
v -0.014824773 0.026081153 0.004349998
v -0.014824773 0.026081154 -0.000600002
v -0.014801224 -0.02241753 0.011449994
v -0.014801224 -0.022417529 -0.000600007
v -0.014779306 -0.008400698 0.017449995
v -0.014678763 -0.032023013 0.013349992
v -0.014678763 -0.032023013 0.016349992
v -0.014664874 0.008598917 0.017449997
v -0.014656851 0.033525376 0.011349999
v -0.014656851 0.033525376 0.013349999
v -0.014585724 -0.023243999 0.011449994
v -0.014585724 -0.023243998 -0.000600007
v -0.014574616 -0.021594036 0.011449994
v -0.014574616 -0.021594035 -0.000600007
v -0.014398629 -0.010082242 0.029349997
v -0.014398628 -0.010082244 0.045349998
v -0.014379388 -0.007224423 0.029349997
v -0.014379387 -0.007224424 0.045349998
v -0.014280833 0.007417362 0.029349999
v -0.014280832 0.007417361 0.04535
v -0.014261599 0.01027518 0.04535
v -0.014261599 0.010275182 0.029349999
v -0.013997336 -0.040755377 0.011949989
v -0.013997336 -0.040755377 0.012749995
v -0.013985855 -0.023851991 0.011449993
v -0.013985855 -0.02385199 -0.000600007
v -0.013966622 -0.020994173 0.011449994
v -0.013966622 -0.020994171 -0.000600007
v -0.013790635 -0.009482379 0.029349997
v -0.013790634 -0.00948238 0.045349998
v -0.013779527 -0.007832416 0.029349997
v -0.013779526 -0.007832418 0.045349998
v -0.013672839 0.008017225 0.029349999
v -0.013672838 0.008017224 0.04535
v -0.013672431 -0.031648701 0.013349992
v -0.013672431 -0.031648701 0.016349992
v -0.01366173 0.009667186 0.04535
v -0.01366173 0.009667188 0.029349999
v -0.013564027 -0.008658886 0.029349997
v -0.013564026 -0.008658887 0.045349998
v -0.013499688 9.0878e-05 0.045349999
v -0.013499687 9.0876e-05 0.064949998
v -0.01344623 0.008840717 0.04535
v -0.01344623 0.008840718 0.029349999
v -0.013198194 0.034615003 0.011349999
v -0.013198194 0.034615003 0.013349999
v -0.013162369 -0.024078598 0.011449993
v -0.013162369 -0.024078596 -0.000600007
v -0.01315126 -0.022428637 0.016349993
v -0.013140153 -0.020778671 -0.000600007
v -0.013140152 -0.020778673 0.011449994
v -0.013079787 -0.035988928 0.011349992
v -0.013079787 -0.035988928 0.013349992
v -0.013004684 -0.030807909 0.013349992
v -0.013004683 -0.030807909 0.016349993
v -0.01300163 0.02479835 0.013349998
v -0.01300163 0.02479835 0.016349998
v -0.012848134 0.022603667 0.016349998
v -0.012711141 0.032046906 0.016349999
v -0.012711141 0.032046907 0.013349999
v -0.012631323 0.041199247 0.011949997
v -0.012631323 0.041199247 0.012750003
v -0.012588773 0.03098021 0.013349999
v -0.012588773 0.03098021 0.016349999
v -0.012433844 -0.03818772 0.011583601
v -0.012433844 -0.03818772 0.013116383
v -0.012386977 0.038202974 0.011583608
v -0.012386976 0.038202974 0.013116391
v -0.012373068 0.036238004 0.011349999
v -0.012373068 0.036238004 0.013349999
v -0.0123359 -0.023863096 -0.000600007
v -0.012335899 -0.023863098 0.011449993
v -0.012316659 -0.021005278 -0.000600007
v -0.012316658 -0.021005279 0.011449994
v -0.012264234 0.033023167 0.016349999
v -0.012264234 0.033023168 0.013349999
v -0.011999107 -0.028425705 0.013349993
v -0.011999107 -0.028425705 0.016349993
v -0.01191293 0.025769785 0.016349998
v -0.01191293 0.025769786 0.013349998
v -0.011886711 -0.020272036 0.018849994
v -0.011886711 -0.020272036 0.023349994
v -0.011736504 -0.006671143 0.045349998
v -0.011736503 -0.006671145 0.064949998
v -0.011727906 -0.023263233 -0.000600007
v -0.011727905 -0.023263235 0.011449993
v -0.011716797 -0.021613273 0.011449994
v -0.011716797 -0.021613272 -0.000600007
v -0.011645631 0.00682855 0.064949999
v -0.011645631 0.006828552 0.04535
v -0.011615354 0.028584683 0.013349998
v -0.011615354 0.028584683 0.016349998
v -0.011612736 0.020430238 0.023349998
v -0.011612736 0.020430239 0.018849998
v -0.011501297 -0.022439742 0.011449993
v -0.011501297 -0.022439741 -0.000600007
v -0.01146118 0.041539976 0.011949997
v -0.01146118 0.041539976 0.012750003
v -0.011411283 0.027139932 0.013349998
v -0.011411282 0.027139931 0.016349998
v -0.011376859 0.033627637 0.013349999
v -0.011376859 0.033627637 0.016349999
v -0.011290122 -0.03658985 0.011349992
v -0.011290121 -0.03658985 0.013349992
v -0.011127984 -0.018978074 0.004449993
v -0.011127984 -0.018978073 -0.000600007
v -0.011121818 -0.027259811 0.013349993
v -0.011121818 -0.027259811 0.016349993
v -0.010871503 0.019126183 -0.000600003
v -0.010871502 0.019126182 0.004449997
v -0.010622169 -0.018115437 0.044349997
v -0.010622169 -0.018115435 0.023349994
v -0.010571989 0.036803789 0.011349999
v -0.010571989 0.036803789 0.013349999
v -0.01049975 7.0688e-05 0.017449996
v -0.010499748 7.0683e-05 0.064949998
v -0.010377346 0.018256809 0.023349998
v -0.010377345 0.018256807 0.044350001
v -0.010281874 0.041847475 0.011949997
v -0.010281874 0.041847475 0.012750003
v -0.010116356 -0.017252794 0.014449994
v -0.010116356 -0.017252793 0.006449994
v -0.010116355 -0.017252797 0.045349997
v -0.009883175 0.017387438 0.014449998
v -0.009883175 0.017387439 0.006449997
v -0.009883174 0.017387435 0.04535
v -0.009798255 -0.026645687 0.013349993
v -0.009798255 -0.026645687 0.016349993
v -0.0097693 0.034129335 0.013349999
v -0.0097693 0.034129335 0.016349999
v -0.009668601 -0.035761812 0.011349992
v -0.0096686 -0.035761812 0.013349992
v -0.009128396 -0.005188662 0.017449995
v -0.009128394 -0.005188667 0.064949998
v -0.009094344 0.042121504 0.011949997
v -0.009094344 0.042121504 0.012750003
v -0.009057719 0.005311101 0.017449996
v -0.009057717 0.005311096 0.064949999
v -0.008745207 0.037280119 0.011349999
v -0.008745207 0.037280119 0.013349999
v -0.0085989 -0.014664873 0.017449994
v -0.008400707 0.014779325 0.017449997
v -0.008341514 -0.026728605 0.013349993
v -0.008341514 -0.026728605 0.016349993
v -0.00821005 0.025169919 -0.000600002
v -0.008210049 0.025169917 0.011449998
v -0.008139753 0.034554235 0.013349999
v -0.008139753 0.034554235 0.016349999
v -0.00799455 0.024343449 -0.000600003
v -0.007994549 0.024343448 0.011449998
v -0.007983442 0.025993413 -0.000600002
v -0.007983441 0.025993411 0.011449998
v -0.007848059 -0.035737665 0.011349992
v -0.007848059 -0.035737665 0.013349992
v -0.007844511 0.039387411 0.011583608
v -0.007844511 0.039387411 0.013116391
v -0.007394696 0.023735456 0.011449998
v -0.007394696 0.023735457 -0.000600003
v -0.007375455 0.026593275 0.011449998
v -0.007375455 0.026593276 -0.000600002
v -0.006897169 0.037665834 0.013349999
v -0.006897169 0.037665835 0.011349999
v -0.006828529 -0.011645635 0.045349997
v -0.006828528 -0.011645636 0.064949997
v -0.006671137 0.011736522 0.04535
v -0.006671136 0.01173652 0.064949999
v -0.006620451 0.037396692 0.011349999
v -0.006620451 0.037396692 0.013349999
v -0.006571195 0.023508851 -0.000600003
v -0.006571194 0.02350885 0.011449998
v -0.006548978 0.026808775 0.011449998
v -0.006548978 0.026808776 -0.000600002
v -0.006491895 0.034901376 0.016349999
v -0.006491895 0.034901377 0.013349999
v -0.00631909 0.037155458 0.013349999
v -0.00631909 0.037155459 0.011349999
v -0.006205145 -0.036522398 0.011349991
v -0.006205145 -0.036522398 0.013349992
v -0.005995893 0.036944372 0.011349999
v -0.005995893 0.036944372 0.013349999
v -0.005744733 0.023724351 -0.000600003
v -0.005744732 0.02372435 0.011449998
v -0.005725492 0.026582169 -0.000600002
v -0.005725491 0.026582168 0.011449998
v -0.005422346 0.034807172 0.016349999
v -0.005422346 0.034807173 0.013349999
v -0.005359199 -0.027482328 0.013349992
v -0.005359198 -0.027482328 0.016349993
v -0.005311074 -0.009057711 0.017449995
v -0.005311072 -0.009057716 0.064949997
v -0.00518867 0.009128411 0.017449997
v -0.005188668 0.009128406 0.064949999
v -0.005136731 0.024324213 0.011449998
v -0.005136731 0.024324214 -0.000600003
v -0.005125623 0.025974175 -0.000600003
v -0.005125622 0.025974174 0.011449998
v -0.005079763 -0.037953657 0.011349991
v -0.005079763 -0.037953657 0.013349991
v -0.004910123 0.025147706 -0.000600003
v -0.004910122 0.025147705 0.011449998
v -0.00471079 -0.039883718 0.0115836
v -0.00471079 -0.039883718 0.013116383
v -0.004555646 0.034173433 0.013349999
v -0.004555646 0.034173433 0.016349999
v -0.00436701 -0.042870218 0.011949988
v -0.00436701 -0.042870218 0.012749994
v -0.004141553 0.033182802 0.013349998
v -0.004141553 0.033182802 0.016349999
v -0.004031141 0.036394995 0.011349999
v -0.004031141 0.036394995 0.013349999
v -0.003821317 0.030616962 0.013349998
v -0.003821317 0.030616962 0.016349998
v -0.003293942 0.029256511 0.016349998
v -0.003293942 0.029256512 0.013349998
v -0.003202993 -0.038157896 0.013349991
v -0.003202993 -0.038157895 0.011349991
v -0.003152913 -0.042976568 0.011949988
v -0.003152913 -0.042976568 0.012749994
v -0.002312201 -0.027904357 0.013349992
v -0.002312201 -0.027904357 0.016349992
v -0.002187131 0.028305765 0.013349998
v -0.002187131 0.028305765 0.016349998
v -0.00205081 0.036885283 0.011349999
v -0.002050809 0.036885283 0.013349999
v -0.0019363 -0.043048543 0.011949988
v -0.0019363 -0.043048543 0.012749994
v -0.001767753 -0.017488487 0.029349996
v -0.001767752 -0.017488489 0.045349997
v -0.001552253 -0.018314957 0.029349996
v -0.001552252 -0.018314958 0.045349997
v -0.001541145 -0.016664995 0.029349996
v -0.001541144 -0.016664997 0.045349997
v -0.001532161 0.017510721 0.029349999
v -0.00153216 0.017510719 0.04535
v -0.001318426 -0.038269384 0.011349991
v -0.001318426 -0.038269384 0.013349991
v -0.001316661 0.016684252 0.029349999
v -0.00131666 0.01668425 0.04535
v -0.001305552 0.018334213 0.04535
v -0.001305552 0.018334215 0.029349999
v -0.000952384 -0.018922951 0.029349996
v -0.000952383 -0.018922952 0.045349997
v -0.000933143 -0.016065132 0.029349996
v -0.000933142 -0.016065134 0.045349997
v -0.000762692 0.027989624 0.013349998
v -0.000762692 0.027989624 0.016349998
v -0.000718145 -0.043086084 0.011949988
v -0.000718145 -0.043086084 0.012749994
v -0.000716792 0.016076258 0.029349999
v -0.000716791 0.016076256 0.04535
v -0.000697566 0.018934078 0.02935
v -0.000697565 0.018934077 0.04535
v -0.000569334 0.038287882 0.013349999
v -0.000569334 0.038287883 0.011349999
v -0.000227499 -0.033799222 0.011349992
v -0.000214041 -0.031799269 0.004349992
v -0.000214041 -0.031799269 0.009349992
v -0.000201926 -0.029999309 -0.000600008
v -0.000201926 -0.029999309 0.004349992
v -0.000174994 -0.0259994 0.016349993
v -0.000158164 -0.023499458 0.023349993
v -0.000158164 -0.023499457 0.018849993
v -0.000148079 -0.02199949 -0.000600007
v -0.000148079 -0.02199949 0.004449993
v -0.000141349 -0.020999515 0.023349993
v -0.000141348 -0.020999517 0.044349996
v -0.000134621 -0.019999534 0.006449993
v -0.00013462 -0.019999535 0.014449993
v -0.000134619 -0.019999538 0.045349996
v -0.000128898 -0.019149557 0.029349996
v -0.000128897 -0.019149559 0.045349996
v -0.000114418 -0.016999604 0.017449994
v -0.000106681 -0.015849633 0.045349997
v -0.000106681 -0.015849631 0.029349996
v -9.0857e-05 -0.013499687 0.064949996
v -9.0857e-05 -0.013499686 0.045349997
v -7.0671e-05 -0.010499751 0.017449994
v -7.067e-05 -0.010499756 0.064949997
v -2.4633e-05 -0.040160951 0.0115836
v -2.4633e-05 -0.040160951 0.013116383
v 2.4645e-05 0.040160975 0.011583608
v 2.4645e-05 0.040160975 0.013116391
v 7.0684e-05 0.010499775 0.017449997
v 7.0686e-05 0.01049977 0.064949999
v 9.0872e-05 0.013499704 0.04535
v 9.0873e-05 0.013499702 0.064949999
v 0.000106695 0.015849651 0.04535
v 0.000106695 0.015849652 0.029349999
v 0.00011443 0.016999627 0.017449997
v 0.000128911 0.019149578 0.02935
v 0.000128912 0.019149577 0.04535
v 0.000134632 0.019999559 0.014449997
v 0.000134632 0.01999956 0.006449997
v 0.000134634 0.019999556 0.04535
v 0.000141362 0.020999537 0.023349998
v 0.000141363 0.020999535 0.04435
v 0.00014809 0.021999516 0.004449997
v 0.00014809 0.021999517 -0.000600003
v 0.000158192 0.02349948 0.023349998
v 0.000158192 0.023499481 0.018849998
v 0.000175022 0.025999424 0.016349998
v 0.000201937 0.029999336 -0.000600002
v 0.000201938 0.029999335 0.004349998
v 0.000214053 0.031799294 0.009349998
v 0.000214053 0.031799295 0.004349998
v 0.000227511 0.033799246 0.011349998
v 0.000569346 -0.038287858 0.011349991
v 0.000569346 -0.038287858 0.013349991
v 0.000697579 -0.018934057 0.029349996
v 0.00069758 -0.018934059 0.045349996
v 0.00071682 -0.016076236 0.029349996
v 0.000716821 -0.016076238 0.045349997
v 0.000718157 0.043086108 0.011949997
v 0.000718157 0.043086108 0.012750003
v 0.000762704 -0.0279896 0.013349992
v 0.000762704 -0.0279896 0.016349992
v 0.000933172 0.016065152 0.04535
v 0.000933172 0.016065153 0.029349999
v 0.000952397 0.018922972 0.029349999
v 0.000952398 0.01892297 0.04535
v 0.001305566 -0.018334195 0.045349997
v 0.001305566 -0.018334194 0.029349996
v 0.001316674 -0.01668423 0.029349996
v 0.001316675 -0.016684232 0.045349997
v 0.001318277 -0.028026145 0.013349992
v 0.001318277 -0.028026145 0.016349992
v 0.001318438 0.038269408 0.011349999
v 0.001318438 0.038269408 0.013349999
v 0.001532174 -0.0175107 0.029349996
v 0.001532175 -0.017510701 0.045349997
v 0.001541158 0.016665016 0.029349999
v 0.001541159 0.016665015 0.04535
v 0.001552266 0.018314978 0.029349999
v 0.001552267 0.018314976 0.04535
v 0.001767766 0.017488508 0.029349999
v 0.001767767 0.017488507 0.04535
v 0.001855631 -0.036999268 0.011349991
v 0.001855631 -0.036999268 0.013349991
v 0.001857522 -0.028164725 0.013349992
v 0.001857523 -0.028164725 0.016349992
v 0.001936327 0.043048568 0.011949997
v 0.001936327 0.043048568 0.012750003
v 0.002312214 0.027904381 0.013349998
v 0.002312214 0.027904381 0.016349998
v 0.002361886 -0.028400566 0.013349992
v 0.002361887 -0.028400567 0.016349992
v 0.003069849 -0.028976651 0.013349992
v 0.003069849 -0.028976651 0.016349992
v 0.003152925 0.042976592 0.011949997
v 0.003152926 0.042976592 0.012750002
v 0.003203005 0.03815792 0.011349999
v 0.003203005 0.03815792 0.013349999
v 0.003571817 -0.029738963 0.013349992
v 0.003571817 -0.029738963 0.016349992
v 0.0035796 -0.036413724 0.013349991
v 0.0035796 -0.036413723 0.011349991
v 0.003821329 -0.030616938 0.013349992
v 0.003821329 -0.030616938 0.016349992
v 0.004141581 -0.033182778 0.013349991
v 0.004141581 -0.033182778 0.016349992
v 0.004307917 -0.033768094 0.013349991
v 0.004307917 -0.033768094 0.016349992
v 0.004367022 0.042870243 0.011949996
v 0.004367022 0.042870243 0.012750002
v 0.004642557 -0.034276303 0.013349991
v 0.004642557 -0.034276303 0.016349992
v 0.004710802 0.039883743 0.011583608
v 0.004710803 0.039883743 0.01311639
v 0.004910149 -0.025147679 -0.000600008
v 0.00491015 -0.02514768 0.011449993
v 0.005079791 0.037953681 0.011349998
v 0.005079791 0.037953681 0.013349999
v 0.005114542 -0.034660359 0.013349991
v 0.005114542 -0.034660359 0.016349991
v 0.005125649 -0.025974148 -0.000600008
v 0.00512565 -0.02597415 0.011449992
v 0.005136742 -0.024324187 -0.000600008
v 0.005136743 -0.024324188 0.011449993
v 0.005188682 -0.009128387 0.017449994
v 0.005188684 -0.009128392 0.064949997
v 0.005311102 0.009057735 0.017449996
v 0.005311104 0.00905773 0.064949998
v 0.005359211 0.027482352 0.013349997
v 0.005359211 0.027482352 0.016349998
v 0.005384608 -0.036652359 0.011349991
v 0.005384608 -0.036652359 0.013349991
v 0.005491412 0.037263057 0.011349998
v 0.005491412 0.037263057 0.013349998
v 0.005549952 -0.034850274 0.013349991
v 0.005549952 -0.034850274 0.016349991
v 0.005725503 -0.026582144 0.011449992
v 0.005725503 -0.026582142 -0.000600008
v 0.005744744 -0.023724325 0.011449993
v 0.005744744 -0.023724324 -0.000600008
v 0.006017878 -0.034932145 0.013349991
v 0.006017878 -0.034932145 0.016349991
v 0.006032733 0.03666862 0.013349998
v 0.006032733 0.036668621 0.011349998
v 0.006491923 -0.034901353 0.016349991
v 0.006491923 -0.034901352 0.013349991
v 0.006549004 -0.026808749 -0.000600008
v 0.006549005 -0.02680875 0.011449992
v 0.006571206 -0.023508825 0.011449993
v 0.006571206 -0.023508824 -0.000600008
v 0.006671167 -0.011736506 0.064949996
v 0.006671167 -0.011736504 0.045349997
v 0.006681949 0.036194354 0.013349998
v 0.006681949 0.036194355 0.011349998
v 0.006828559 0.011645653 0.045349999
v 0.00682856 0.011645651 0.064949999
v 0.006897181 -0.03766581 0.011349991
v 0.006897181 -0.03766581 0.013349991
v 0.007375466 -0.026593249 -0.000600008
v 0.007375467 -0.02659325 0.011449992
v 0.007394707 -0.02373543 -0.000600008
v 0.007394708 -0.023735431 0.011449993
v 0.007844523 -0.039387387 0.0115836
v 0.007844523 -0.039387387 0.013116382
v 0.007983468 -0.025993387 0.011449992
v 0.007983468 -0.025993386 -0.000600008
v 0.007994576 -0.024343422 -0.000600008
v 0.007994577 -0.024343423 0.011449993
v 0.00813978 -0.034554211 0.013349991
v 0.008139781 -0.034554211 0.016349991
v 0.008210076 -0.025169892 -0.000600008
v 0.008210077 -0.025169893 0.011449992
v 0.008228656 0.035673168 0.011349998
v 0.008228656 0.035673168 0.013349998
v 0.008341541 0.026728629 0.013349997
v 0.008341541 0.026728629 0.016349997
v 0.008400719 -0.014779301 0.017449994
v 0.008598913 0.014664897 0.017449997
v 0.008745219 -0.037280094 0.011349991
v 0.008745219 -0.037280094 0.013349991
v 0.009057731 -0.005311077 0.017449995
v 0.009057733 -0.005311082 0.064949997
v 0.009094371 -0.042121479 0.011949988
v 0.009094371 -0.042121479 0.012749994
v 0.009128409 0.005188686 0.017449996
v 0.009128411 0.005188681 0.064949998
v 0.009769312 -0.034129311 0.013349991
v 0.009769312 -0.034129311 0.016349991
v 0.009798267 0.026645711 0.013349997
v 0.009798268 0.026645711 0.016349997
v 0.009854846 0.035812744 0.011349998
v 0.009854846 0.035812744 0.013349998
v 0.009883202 -0.017387414 0.014449993
v 0.009883202 -0.017387413 0.006449993
v 0.009883204 -0.017387417 0.045349996
v 0.010116368 0.017252818 0.006449996
v 0.010116368 0.017252818 0.014449997
v 0.01011637 0.017252815 0.04535
v 0.010281902 -0.04184745 0.011949988
v 0.010281902 -0.04184745 0.012749994
v 0.010377359 -0.018256789 0.044349996
v 0.010377359 -0.018256786 0.023349993
v 0.010499778 -7.0664e-05 0.017449995
v 0.01049978 -7.0669e-05 0.064949997
v 0.010572001 -0.036803764 0.011349991
v 0.010572001 -0.036803764 0.013349991
v 0.010622182 0.018115457 0.023349997
v 0.010622183 0.018115455 0.04435
v 0.010871514 -0.019126156 0.004449993
v 0.010871514 -0.019126155 -0.000600008
v 0.01112183 0.027259835 0.016349997
v 0.01112183 0.027259836 0.013349997
v 0.01112801 0.0189781 -0.000600004
v 0.01112801 0.0189781 0.004449996
v 0.011290134 0.036589874 0.011349998
v 0.011290134 0.036589874 0.013349998
v 0.011376872 -0.033627613 0.013349991
v 0.011376872 -0.033627613 0.016349991
v 0.011411295 -0.027139908 0.016349992
v 0.011411295 -0.027139907 0.013349992
v 0.011461208 -0.041539951 0.011949988
v 0.011461208 -0.041539951 0.012749994
v 0.011501316 0.022439768 -0.000600004
v 0.011501317 0.022439767 0.011449997
v 0.011612756 -0.020430216 0.023349993
v 0.011612756 -0.020430215 0.018849993
v 0.011615366 -0.028584659 0.013349992
v 0.011615366 -0.028584659 0.016349992
v 0.011645654 -0.006828534 0.045349997
v 0.011645655 -0.006828536 0.064949997
v 0.011716816 0.021613299 -0.000600004
v 0.011716817 0.021613298 0.011449997
v 0.011727924 0.02326326 -0.000600003
v 0.011727925 0.023263259 0.011449997
v 0.011736518 0.006671161 0.045349999
v 0.011736519 0.006671159 0.064949998
v 0.011886724 0.020272058 0.023349997
v 0.011886724 0.020272059 0.018849997
v 0.011912943 -0.025769762 0.016349992
v 0.011912943 -0.025769761 0.013349992
v 0.011999119 0.028425729 0.013349997
v 0.011999119 0.028425729 0.016349997
v 0.012264246 -0.033023143 0.013349991
v 0.012264247 -0.033023144 0.016349991
v 0.01231667 0.021005304 0.011449997
v 0.01231667 0.021005305 -0.000600004
v 0.012335911 0.023863122 0.011449997
v 0.012335911 0.023863124 -0.000600003
v 0.012373088 -0.03623798 0.013349991
v 0.012373088 -0.036237979 0.011349991
v 0.012387004 -0.038202949 0.0115836
v 0.012387004 -0.038202949 0.013116382
v 0.012433856 0.038187744 0.011583607
v 0.012433856 0.038187744 0.01311639
v 0.012588785 -0.030980186 0.013349991
v 0.012588786 -0.030980186 0.016349992
v 0.012631343 -0.041199222 0.011949988
v 0.012631343 -0.041199222 0.012749994
v 0.012711161 -0.032046882 0.013349991
v 0.012711161 -0.032046882 0.016349991
v 0.012848154 -0.022603643 0.016349992
v 0.013001642 -0.024798326 0.013349992
v 0.013001642 -0.024798326 0.016349992
v 0.013004703 0.030807933 0.013349997
v 0.013004703 0.030807933 0.016349998
v 0.013079807 0.035988953 0.011349998
v 0.013079807 0.035988953 0.013349998
v 0.013140171 0.020778699 -0.000600004
v 0.013140172 0.020778697 0.011449997
v 0.01315128 0.02242866 0.016349997
v 0.013162388 0.024078622 0.011449997
v 0.013162388 0.024078624 -0.000600003
v 0.013198206 -0.034614978 0.011349991
v 0.013198207 -0.034614978 0.013349991
v 0.013446252 -0.008840699 0.045349997
v 0.013446252 -0.008840697 0.029349996
v 0.013499703 -9.086e-05 0.045349998
v 0.013499704 -9.0862e-05 0.064949997
v 0.013564048 0.008658905 0.045349999
v 0.013564048 0.008658907 0.029349998
v 0.013661751 -0.009667167 0.029349996
v 0.013661752 -0.009667168 0.045349997
v 0.013672443 0.031648725 0.013349998
v 0.013672443 0.031648725 0.016349998
v 0.01367286 -0.008017206 0.045349997
v 0.01367286 -0.008017204 0.029349996
v 0.013779548 0.007832436 0.045349999
v 0.013779548 0.007832437 0.029349998
v 0.013790656 0.009482398 0.045349999
v 0.013790656 0.0094824 0.029349998
v 0.013966633 0.020994199 -0.000600004
v 0.013966634 0.020994197 0.011449997
v 0.013985874 0.023852017 -0.000600003
v 0.013985875 0.023852016 0.011449997
v 0.013997348 0.040755402 0.011949996
v 0.013997348 0.040755402 0.012750002
v 0.01426162 -0.010275161 0.029349996
v 0.014261621 -0.010275162 0.045349997
v 0.014280846 -0.007417341 0.029349996
v 0.014280847 -0.007417343 0.045349997
v 0.014379401 0.007224444 0.029349998
v 0.014379402 0.007224442 0.045349999
v 0.014398642 0.010082263 0.029349998
v 0.014398643 0.010082261 0.045349999
v 0.014574635 0.02159406 0.011449997
v 0.014574635 0.021594062 -0.000600004
v 0.014585743 0.023244025 -0.000600004
v 0.014585744 0.023244024 0.011449997
v 0.01465687 -0.033525352 0.011349991
v 0.01465687 -0.033525352 0.013349991
v 0.014664894 -0.008598894 0.017449994
v 0.014678776 0.032023037 0.013349998
v 0.014678776 0.032023037 0.016349998
v 0.014779318 0.008400722 0.017449996
v 0.014801243 0.022417554 0.011449997
v 0.014801243 0.022417556 -0.000600004
v 0.014824792 -0.026081127 -0.000600008
v 0.014824792 -0.026081127 0.004349992
v 0.01483768 0.035300556 0.011349998
v 0.01483768 0.035300556 0.013349998
v 0.015085107 -0.010501769 0.045349997
v 0.015085107 -0.010501767 0.029349996
v 0.015107323 -0.007201841 0.029349996
v 0.015107324 -0.007201843 0.045349997
v 0.01514429 0.040343266 0.011949996
v 0.01514429 0.040343266 0.012750002
v 0.015174549 0.025879222 -0.000600003
v 0.015174549 0.025879222 0.004349997
v 0.015202903 0.006997836 0.045349998
v 0.015202903 0.006997838 0.029349998
v 0.015225119 0.010297763 0.029349998
v 0.01522512 0.010297761 0.045349999
v 0.015643426 -0.02322247 0.013349992
v 0.015643427 -0.02322247 0.016349992
v 0.015714273 -0.027645997 0.009349991
v 0.015714273 -0.027645996 0.004349992
v 0.015733677 0.03182299 0.013349997
v 0.015733677 0.03182299 0.016349998
v 0.015911584 -0.010286269 0.045349997
v 0.015911584 -0.010286267 0.029349996
v 0.01593081 -0.007428449 0.045349997
v 0.01593081 -0.007428447 0.029349996
v 0.016029365 0.007213336 0.045349998
v 0.016029365 0.007213338 0.029349998
v 0.016048606 0.010071155 0.045349999
v 0.016048606 0.010071157 0.029349998
v 0.016085026 0.027431975 0.004349997
v 0.016085026 0.027431975 0.009349997
v 0.016279117 0.039898861 0.011949996
v 0.016279117 0.039898861 0.012750002
v 0.016447276 -0.033194534 0.013349991
v 0.016447276 -0.033194533 0.011349991
v 0.01651957 -0.009686404 0.029349996
v 0.016519571 -0.009686406 0.045349997
v 0.016530678 -0.00803644 0.029349996
v 0.016530679 -0.008036442 0.045349997
v 0.016559497 0.03452636 0.011349998
v 0.016559497 0.03452636 0.013349998
v 0.016637366 0.007813201 0.029349998
v 0.016637367 0.007813199 0.045349998
v 0.016648475 0.009463162 0.045349999
v 0.016648475 0.009463164 0.029349998
v 0.016702601 -0.02938474 0.011349991
v 0.016746178 -0.00886291 0.029349996
v 0.016746179 -0.008862911 0.045349997
v 0.016804996 0.036475979 0.011583607
v 0.016804996 0.036475979 0.01311639
v 0.016863975 0.008636693 0.045349999
v 0.016863975 0.008636694 0.029349998
v 0.016891514 0.033352665 0.011349997
v 0.016891514 0.033352665 0.013349998
v 0.016999626 -0.000114416 0.017449995
v 0.017096653 0.029157253 0.011349997
v 0.017225147 0.031041033 0.013349997
v 0.017225147 0.031041033 0.016349997
v 0.017252815 -0.010116347 0.006449993
v 0.017252816 -0.010116347 0.014449994
v 0.017252817 -0.01011635 0.045349997
v 0.017387442 0.009883201 0.006449995
v 0.017387442 0.009883201 0.014449996
v 0.017387443 0.009883198 0.045349999
v 0.017400912 0.039422543 0.011949996
v 0.017400912 0.039422543 0.012750002
v 0.017561588 0.032333458 0.011349997
v 0.017561588 0.032333458 0.013349997
v 0.018096399 -0.021366334 0.016349992
v 0.018096399 -0.021366333 0.013349992
v 0.018115456 -0.010622167 0.023349994
v 0.018115457 -0.010622169 0.044349997
v 0.018198985 -0.03369097 0.011349991
v 0.018198985 -0.03369097 0.013349991
v 0.018256812 0.01037736 0.023349996
v 0.018256813 0.010377357 0.044349999
v 0.018358312 0.023016653 0.013349997
v 0.018358312 0.023016653 0.016349997
v 0.018468663 0.021561738 0.016349996
v 0.018468663 0.021561739 0.013349996
v 0.018507511 0.031563376 0.011349997
v 0.018507511 0.031563376 0.013349997
v 0.018677845 0.030189222 0.016349997
v 0.018677845 0.030189223 0.013349997
v 0.018947377 0.024351547 0.013349997
v 0.018947377 0.024351547 0.016349997
v 0.018978096 -0.011127982 -0.000600007
v 0.018978096 -0.011127982 0.004449993
v 0.01912618 0.01087152 0.004449995
v 0.01912618 0.010871521 -0.000600005
v 0.01925234 0.020330966 0.016349996
v 0.01925234 0.020330967 0.013349996
v 0.019631968 -0.035035541 0.013116382
v 0.019631968 -0.03503554 0.0115836
v 0.019641438 0.031113922 0.013349997
v 0.019641438 0.031113923 0.011349997
v 0.019837382 -0.032753058 0.011349991
v 0.019837382 -0.032753058 0.013349991
v 0.019999549 -0.000134609 0.014449995
v 0.019999549 -0.000134608 0.006449994
v 0.019999551 -0.000134612 0.045349998
v 0.02008852 0.029269476 0.013349997
v 0.02008852 0.029269476 0.016349997
v 0.020272057 -0.01188671 0.018849993
v 0.020272058 -0.011886711 0.023349993
v 0.020330957 -0.019252322 0.016349992
v 0.020330957 -0.019252321 0.013349992
v 0.020430243 0.011612758 0.023349996
v 0.020430243 0.011612759 0.018849996
v 0.020535252 0.026392317 0.013349997
v 0.020535252 0.026392317 0.016349997
v 0.020778202 0.028446579 0.013349997
v 0.020778203 0.028446579 0.016349997
v 0.020778694 -0.013140147 -0.000600007
v 0.020778695 -0.013140149 0.011449993
v 0.020858067 0.031026835 0.011349997
v 0.020858067 0.031026835 0.013349997
v 0.020942936 0.027385599 0.013349997
v 0.020942937 0.027385599 0.016349997
v 0.020994194 -0.013966617 -0.000600008
v 0.020994195 -0.013966618 0.011449993
v 0.020999534 -0.000141341 0.023349995
v 0.020999535 -0.000141343 0.044349997
v 0.021005303 -0.012316656 0.011449993
v 0.021005303 -0.012316654 -0.000600007
v 0.021366354 0.018096403 0.013349996
v 0.021366354 0.018096403 0.016349996
v 0.021427561 -0.031735535 0.011349991
v 0.021427562 -0.031735535 0.013349991
v 0.02143847 -0.018512682 0.013349992
v 0.02143847 -0.018512682 0.016349992
v 0.021594063 -0.01457461 -0.000600008
v 0.021594064 -0.014574611 0.011449993
v 0.021613289 -0.011716792 0.011449993
v 0.021613289 -0.011716791 -0.000600007
v 0.021665508 -0.037249598 0.011949988
v 0.021665508 -0.037249598 0.012749994
v 0.021999503 -0.00014807 -0.000600006
v 0.021999503 -0.00014807 0.004449994
v 0.022044453 0.031310198 0.013349997
v 0.022044453 0.031310199 0.011349997
v 0.02241755 -0.014801218 0.011449993
v 0.02241755 -0.014801216 -0.000600008
v 0.022428658 -0.013151255 0.016349993
v 0.022439766 -0.011501291 -0.000600007
v 0.022439767 -0.011501292 0.011449993
v 0.022603659 0.012848157 0.016349995
v 0.022710246 -0.036622012 0.011949988
v 0.022710246 -0.036622012 0.012749994
v 0.022757013 -0.018325317 0.013349992
v 0.022757013 -0.018325317 0.016349992
v 0.022965663 -0.030640875 0.011349991
v 0.022965663 -0.030640875 0.013349991
v 0.023222494 0.015643427 0.013349996
v 0.023222494 0.015643427 0.016349996
v 0.023244011 -0.014585716 -0.000600008
v 0.023244012 -0.014585718 0.011449993
v 0.023248866 -0.028842331 0.011349991
v 0.023248866 -0.028842331 0.013349991
v 0.023263252 -0.011727898 -0.000600007
v 0.023263253 -0.011727899 0.011449993
v 0.023499473 -0.000158168 0.018849994
v 0.023499474 -0.000158169 0.023349994
v 0.023508841 0.006571217 0.011449995
v 0.023508841 0.006571218 -0.000600006
v 0.023560826 0.030185651 0.011349997
v 0.023560826 0.030185651 0.013349997
v 0.0235861 -0.032505373 0.0115836
v 0.023586101 -0.032505373 0.013116383
v 0.023625965 0.032476434 0.011583606
v 0.023625965 0.032476434 0.013116389
v 0.023724341 0.005744748 0.011449995
v 0.023724341 0.005744749 -0.000600006
v 0.023735449 0.007394712 -0.000600005
v 0.02373545 0.007394711 0.011449995
v 0.023736797 -0.035965136 0.011949988
v 0.023736797 -0.035965136 0.012749994
v 0.023852013 -0.013985853 -0.000600008
v 0.023852014 -0.013985854 0.011449993
v 0.023863121 -0.012335891 -0.000600007
v 0.023863122 -0.012335892 0.011449993
v 0.024026727 -0.01872715 0.013349992
v 0.024026727 -0.01872715 0.016349992
v 0.024078621 -0.01316236 -0.000600008
v 0.024078622 -0.013162361 0.011449993
v 0.024138177 -0.018795803 0.013349992
v 0.024138178 -0.018795803 0.016349992
v 0.024246515 -0.018869253 0.013349992
v 0.024246515 -0.018869253 0.016349992
v 0.024299418 -0.027355284 0.011349991
v 0.024299418 -0.027355284 0.013349991
v 0.02432421 0.005136754 0.011449995
v 0.02432421 0.005136755 -0.000600006
v 0.024343451 0.007994573 0.011449995
v 0.024343451 0.007994575 -0.000600005
v 0.024351541 -0.018947357 0.013349992
v 0.024351541 -0.018947357 0.016349992
v 0.02474438 -0.03527949 0.011949988
v 0.02474438 -0.03527949 0.012749994
v 0.024798346 0.013001647 0.013349995
v 0.024798346 0.013001647 0.016349995
v 0.025019948 0.028987733 0.011349997
v 0.025019948 0.028987733 0.013349997
v 0.025147696 0.00491015 -0.000600006
v 0.025147697 0.004910148 0.011449995
v 0.025169913 0.008210073 0.011449995
v 0.025169913 0.008210075 -0.000600005
v 0.025769782 0.011912947 0.016349995
v 0.025769782 0.011912948 0.013349995
v 0.02587922 -0.015174526 0.004349992
v 0.02587922 -0.015174525 -0.000600008
v 0.025899958 -0.026487392 0.011349991
v 0.025899958 -0.026487392 0.013349991
v 0.025906376 0.034435273 0.011949995
v 0.025906376 0.034435273 0.012750001
v 0.025974173 0.00512565 -0.000600006
v 0.025974174 0.005125648 0.011449995
v 0.025993399 0.007983468 0.011449995
v 0.025993399 0.007983469 -0.000600006
v 0.025999428 -0.000174996 0.016349994
v 0.026081152 0.014824796 -0.000600005
v 0.026081152 0.014824796 0.004349995
v 0.026392313 -0.020535234 0.013349992
v 0.026392313 -0.020535234 0.016349992
v 0.026418248 0.027719357 0.013349997
v 0.026418248 0.027719358 0.011349997
v 0.026440892 0.026087344 0.011349996
v 0.026440892 0.026087344 0.013349996
v 0.026462335 -0.020587305 0.013349992
v 0.026462336 -0.020587305 0.016349992
v 0.026534555 -0.02063627 0.013349992
v 0.026534555 -0.02063627 0.016349992
v 0.02658216 0.005725511 0.011449995
v 0.02658216 0.005725512 -0.000600006
v 0.026593268 0.007375474 0.011449995
v 0.026593268 0.007375475 -0.000600006
v 0.02660885 -0.020682039 0.013349992
v 0.02660885 -0.020682039 0.016349992
v 0.026645714 -0.009798251 0.013349993
v 0.026645715 -0.009798251 0.016349993
v 0.026728631 -0.008341518 0.016349993
v 0.026728631 -0.008341517 0.013349993
v 0.026808768 0.006549005 0.011449995
v 0.026808768 0.006549006 -0.000600006
v 0.026869831 0.03368889 0.011949995
v 0.026869831 0.03368889 0.012750001
v 0.027113164 0.024600049 0.011349996
v 0.027113164 0.024600049 0.013349996
v 0.027139929 0.011411302 0.016349995
v 0.027139929 0.011411303 0.013349995
v 0.027254185 0.029497693 0.011583606
v 0.027254185 0.029497693 0.013116389
v 0.027259835 -0.011121809 0.013349993
v 0.027259835 -0.011121809 0.016349993
v 0.02743197 -0.016085 0.009349992
v 0.02743197 -0.016084999 0.004349992
v 0.027482354 -0.005359197 0.013349993
v 0.027482354 -0.005359197 0.016349993
v 0.027559595 -0.020955831 0.013349992
v 0.027559595 -0.020955831 0.016349992
v 0.027646017 0.015714282 0.004349995
v 0.027646017 0.015714282 0.009349995
v 0.027719355 -0.02641822 0.011349991
v 0.027719355 -0.02641822 0.013349991
v 0.027811772 0.032915555 0.011949995
v 0.027811772 0.032915555 0.012750001
v 0.027904381 -0.002312196 0.016349994
v 0.027904381 -0.002312195 0.013349994
v 0.027989616 0.000762713 0.013349994
v 0.027989616 0.000762713 0.016349994
v 0.028305763 0.002187145 0.013349994
v 0.028305763 0.002187145 0.016349994
v 0.028323247 0.023504754 0.011349996
v 0.028323247 0.023504754 0.013349996
v 0.028425729 -0.011999101 0.013349993
v 0.028425729 -0.011999101 0.016349993
v 0.028525232 -0.020740415 0.013349992
v 0.028525232 -0.020740415 0.016349992
v 0.028584677 0.011615376 0.013349995
v 0.028584677 0.011615376 0.016349995
v 0.02873148 0.032115892 0.011949994
v 0.02873148 0.032115892 0.01275
v 0.028987727 -0.025019922 0.011349991
v 0.028987727 -0.025019922 0.013349991
v 0.029054128 0.023169791 0.011349996
v 0.029054128 0.023169791 0.013349996
v 0.029157251 -0.017096635 0.011349992
v 0.029256507 0.003293957 0.013349994
v 0.029256508 0.003293957 0.016349994
v 0.02926948 -0.020088506 0.013349992
v 0.02926948 -0.020088506 0.016349992
v 0.029384756 0.016702601 0.011349995
v 0.029497691 -0.027254171 0.0115836
v 0.029497691 -0.027254171 0.013116383
v 0.029837209 0.022987643 0.011349996
v 0.029837209 0.022987643 0.013349996
v 0.029999336 -0.000201919 0.004349994
v 0.029999336 -0.000201918 -0.000600006
v 0.030185648 -0.023560809 0.011349991
v 0.030185648 -0.023560809 0.013349991
v 0.030189218 -0.018677829 0.013349992
v 0.030189218 -0.018677829 0.016349992
v 0.030616951 0.003821334 0.013349994
v 0.030616951 0.003821334 0.016349994
v 0.030617182 -0.028034725 0.011752646
v 0.030617183 -0.028034725 0.012947336
v 0.03064089 0.022965661 0.011349996
v 0.03064089 0.022965661 0.013349996
v 0.030807931 -0.013004682 0.016349993
v 0.030807931 -0.013004681 0.013349992
v 0.0309802 0.012588796 0.013349995
v 0.030980201 0.012588796 0.016349995
v 0.031023767 -0.020246394 0.011349992
v 0.031023768 -0.020246394 0.013349992
v 0.031041025 -0.01722512 0.016349992
v 0.031041025 -0.017225119 0.013349992
v 0.03131019 -0.022044429 0.011349991
v 0.03131019 -0.022044429 0.013349992
v 0.031563379 -0.018507489 0.011349992
v 0.031563379 -0.018507489 0.013349992
v 0.031648721 -0.013672426 0.013349992
v 0.031648721 -0.013672426 0.016349992
v 0.031735555 0.021427566 0.011349996
v 0.031735555 0.021427566 0.013349996
v 0.031799293 -0.000214035 0.004349994
v 0.031799293 -0.000214035 0.009349993
v 0.031822992 -0.01573365 0.013349992
v 0.031822992 -0.01573365 0.016349992
v 0.032023035 -0.014678759 0.016349992
v 0.032023035 -0.014678758 0.013349992
v 0.032046897 0.012711158 0.013349995
v 0.032046897 0.012711158 0.016349995
v 0.032115886 -0.028731462 0.011949988
v 0.032115886 -0.028731462 0.012749994
v 0.032476435 -0.023625943 0.0115836
v 0.032476435 -0.023625943 0.013116383
v 0.032505392 0.023586103 0.011583605
v 0.032505392 0.023586103 0.013116388
v 0.032753073 0.019837388 0.011349996
v 0.032753073 0.019837388 0.013349996
v 0.032817392 -0.017187482 0.013349992
v 0.032817392 -0.017187481 0.011349992
v 0.032915553 -0.027811755 0.011949988
v 0.032915553 -0.027811755 0.012749994
v 0.033023169 0.012264252 0.013349995
v 0.033023169 0.012264252 0.016349995
v 0.033182792 0.004141578 0.016349994
v 0.033182792 0.004141579 0.013349994
v 0.033190375 0.016221252 0.011349995
v 0.033190375 0.016221252 0.013349995
v 0.033627631 0.011376877 0.016349995
v 0.033627631 0.011376878 0.013349995
v 0.033688884 -0.026869803 0.011949988
v 0.033688884 -0.026869803 0.012749994
v 0.033690985 0.018198993 0.011349995
v 0.033690985 0.018198993 0.013349995
v 0.033729498 0.014253658 0.011349995
v 0.033729498 0.014253658 0.013349995
v 0.033799248 -0.000227498 0.011349993
v 0.034129325 0.00976932 0.013349995
v 0.034129325 0.00976932 0.016349995
v 0.034173423 0.00455566 0.013349994
v 0.034173424 0.00455566 0.016349994
v 0.034435267 -0.025906358 0.011949988
v 0.034435267 -0.025906358 0.012749994
v 0.034526361 -0.016559472 0.013349992
v 0.034526361 -0.016559471 0.011349992
v 0.034554237 0.00813978 0.013349994
v 0.034554237 0.00813978 0.016349995
v 0.034807167 0.00542237 0.016349994
v 0.034807167 0.005422371 0.013349994
v 0.034901374 0.006491922 0.013349994
v 0.034901374 0.006491922 0.016349994
v 0.035035559 0.019631969 0.011583605
v 0.035035559 0.019631969 0.013116387
v 0.035168311 0.012807321 0.011349995
v 0.035168311 0.012807321 0.013349995
v 0.035279516 0.024744385 0.011949993
v 0.035279516 0.024744385 0.012749999
v 0.035300546 -0.014837661 0.011349992
v 0.035300546 -0.014837661 0.013349992
v 0.035510337 0.012628348 0.013349995
v 0.035510337 0.012628349 0.011349995
v 0.035737679 -0.007848052 0.011349993
v 0.035737679 -0.007848052 0.013349993
v 0.035761834 -0.009668598 0.011349992
v 0.035761834 -0.009668598 0.013349993
v 0.035868003 0.012483153 0.013349995
v 0.035868003 0.012483154 0.011349995
v 0.035965154 0.023736809 0.011949993
v 0.035965154 0.023736809 0.012749999
v 0.035988946 -0.013079785 0.011349992
v 0.035988946 -0.013079785 0.013349992
v 0.036237998 0.012373087 0.011349995
v 0.036237998 0.012373087 0.013349995
v 0.036413749 0.003579609 0.011349994
v 0.03641375 0.003579609 0.013349994
v 0.036475977 -0.016804972 0.011583601
v 0.036475977 -0.016804972 0.013116384
v 0.036522424 -0.006205138 0.011349993
v 0.036522424 -0.006205138 0.013349993
v 0.036589868 -0.011290117 0.011349992
v 0.036589868 -0.011290117 0.013349992
v 0.03662203 0.022710245 0.011949993
v 0.03662203 0.022710245 0.012749999
v 0.036652381 0.005384608 0.011349994
v 0.036652382 0.005384608 0.013349994
v 0.036803779 0.010572003 0.013349995
v 0.036803779 0.010572004 0.011349994
v 0.03699929 0.00185563 0.011349994
v 0.03699929 0.00185563 0.013349994
v 0.037249624 0.021665516 0.011949993
v 0.037249624 0.021665516 0.012749999
v 0.037280112 0.008745222 0.011349994
v 0.037280113 0.008745222 0.013349994
v 0.037622644 -0.01215962 0.011505834
v 0.037622644 -0.01215962 0.01319415
v 0.037665824 0.006897185 0.013349994
v 0.037665824 0.006897186 0.011349994
v 0.037953683 -0.005079765 0.011349993
v 0.037953683 -0.005079765 0.013349993
v 0.038157921 -0.003202985 0.011349993
v 0.038157921 -0.003202985 0.013349993
v 0.038187738 -0.012433841 0.013116384
v 0.038187738 -0.01243384 0.011583601
v 0.038202964 0.012387 0.013116386
v 0.038202964 0.012387001 0.011583604
v 0.038269402 -0.00131842 0.013349993
v 0.038269402 -0.001318419 0.011349993
v 0.03828788 0.00056935 0.013349993
v 0.03828788 0.000569351 0.011349993
v 0.038372658 0.000518214 0.013339488
v 0.038372658 0.000518215 0.0113605
v 0.039387412 0.007844531 0.011583603
v 0.039387413 0.007844531 0.013116386
v 0.039422541 -0.01740089 0.011949989
v 0.039422541 -0.01740089 0.012749995
v 0.039883736 -0.004710783 0.011583602
v 0.039883736 -0.004710783 0.013116385
v 0.039898859 -0.016279089 0.011949989
v 0.039898859 -0.016279089 0.012749995
v 0.040160973 -2.4626e-05 0.011583602
v 0.040160973 -2.4626e-05 0.013116385
v 0.040343256 -0.015144266 0.011949989
v 0.040343256 -0.015144266 0.012749995
v 0.040755396 -0.013997328 0.011949989
v 0.040755396 -0.013997328 0.012749995
v 0.041199241 0.012631343 0.011949992
v 0.041199241 0.012631343 0.012749998
v 0.04153997 0.011461204 0.011949992
v 0.04153997 0.011461204 0.012749998
v 0.041847465 0.010281898 0.011949992
v 0.041847465 0.010281898 0.012749998
v 0.042121498 0.009094368 0.011949992
v 0.042121498 0.009094368 0.012749998
v 0.042870232 -0.004366999 0.01194999
v 0.042870233 -0.004366999 0.012749996
v 0.042976586 -0.003152911 0.012749996
v 0.042976586 -0.00315291 0.01194999
v 0.043048562 -0.001936301 0.012749996
v 0.043048562 -0.0019363 0.01194999
v 0.043086098 -0.000718142 0.011949991
v 0.043086098 -0.000718142 0.012749997
f 205 204 217
f 217 216 223
f 204 216 217
f 223 222 209
f 216 222 223
f 222 208 209
f 74 78 73
f 73 78 77
f 77 80 81
f 78 80 77
f 81 82 83
f 80 82 81
f 38 35 37
f 38 36 35
f 39 37 40
f 39 38 37
f 46 40 45
f 46 39 40
f 115 95 114
f 114 95 94
f 94 87 86
f 86 87 92
f 95 87 94
f 87 93 92
f 92 111 110
f 93 111 92
f 110 135 134
f 111 135 110
f 134 162 161
f 135 162 134
f 107 90 106
f 106 90 91
f 91 84 85
f 85 84 88
f 90 84 91
f 84 89 88
f 88 103 102
f 89 103 88
f 102 126 127
f 103 126 102
f 127 153 152
f 126 153 127
f 235 214 234
f 234 214 215
f 215 206 207
f 207 206 212
f 214 206 215
f 206 213 212
f 212 230 231
f 213 230 212
f 231 255 256
f 230 255 231
f 256 285 284
f 255 285 256
f 350 334 351
f 351 334 335
f 335 321 322
f 322 321 332
f 334 321 335
f 321 333 332
f 332 346 347
f 333 346 332
f 347 370 371
f 346 370 347
f 371 395 394
f 370 395 371
f 359 338 358
f 358 338 339
f 339 325 326
f 326 325 336
f 338 325 339
f 325 337 336
f 336 355 354
f 337 355 336
f 354 379 378
f 355 379 354
f 378 403 402
f 379 403 378
f 243 221 242
f 242 221 220
f 220 211 210
f 210 211 218
f 221 211 220
f 211 219 218
f 218 239 238
f 219 239 218
f 238 267 268
f 239 267 238
f 268 292 293
f 267 292 268
f 16 11 15
f 15 11 12
f 12 5 6
f 11 5 12
f 6 10 9
f 5 10 6
f 13 14 20
f 9 14 13
f 10 14 9
f 14 19 20
f 20 31 32
f 19 31 20
f 198 185 199
f 199 185 184
f 184 151 150
f 185 151 184
f 150 181 182
f 151 181 150
f 182 195 194
f 181 195 182
f 263 264 317
f 194 264 263
f 195 264 194
f 264 316 317
f 324 323 428
f 430 428 432
f 430 324 428
f 431 432 429
f 431 430 432
f 431 429 427
f 329 427 429
f 320 427 329
f 275 320 329
f 426 431 427
f 253 320 275
f 188 253 275
f 189 253 188
f 364 365 348
f 365 349 348
f 348 340 341
f 349 340 348
f 341 344 345
f 340 344 341
f 362 363 373
f 345 363 362
f 344 363 345
f 363 372 373
f 373 386 387
f 372 386 373
f 247 246 232
f 246 233 232
f 232 224 225
f 233 224 232
f 225 228 229
f 224 228 225
f 244 245 258
f 229 245 244
f 228 245 229
f 245 257 258
f 258 277 276
f 257 277 258
f 118 119 105
f 119 104 105
f 105 96 97
f 104 96 105
f 97 100 101
f 96 100 97
f 116 117 128
f 101 117 116
f 100 117 101
f 117 129 128
f 128 143 142
f 129 143 128
f 123 122 113
f 122 112 113
f 113 99 98
f 112 99 113
f 98 108 109
f 99 108 98
f 121 120 137
f 109 120 121
f 108 120 109
f 120 136 137
f 137 146 147
f 136 146 137
f 251 252 241
f 252 240 241
f 241 227 226
f 240 227 241
f 226 236 237
f 227 236 226
f 249 250 269
f 237 250 249
f 236 250 237
f 250 270 269
f 269 281 280
f 270 281 269
f 369 368 357
f 368 356 357
f 357 343 342
f 356 343 357
f 342 353 352
f 343 353 342
f 366 367 381
f 352 367 366
f 353 367 352
f 367 380 381
f 381 391 390
f 380 391 381
f 63 79 70
f 63 67 79
f 73 79 67
f 77 79 73
f 59 70 72
f 59 63 70
f 81 79 77
f 83 79 81
f 189 79 83
f 124 189 83
f 193 189 124
f 196 253 189
f 196 189 193
f 201 253 196
f 203 253 201
f 205 253 203
f 217 253 205
f 223 320 253
f 223 253 217
f 209 320 223
f 20 35 27
f 13 20 27
f 13 27 23
f 3 13 23
f 3 23 26
f 3 26 59
f 3 59 72
f 32 35 20
f 32 55 54
f 32 54 52
f 32 52 45
f 32 45 40
f 32 40 37
f 32 37 35
f 9 13 3
f 6 9 3
f 42 55 32
f 42 58 55
f 1 6 3
f 12 6 1
f 47 61 58
f 47 58 42
f 8 12 1
f 15 12 8
f 50 44 33
f 50 47 44
f 50 65 61
f 50 61 47
f 18 22 15
f 18 15 8
f 29 33 22
f 29 50 33
f 29 22 18
f 50 427 320
f 50 320 209
f 50 209 65
f 248 255 230
f 248 285 255
f 248 213 154
f 230 213 248
f 213 206 154
f 248 324 285
f 285 324 305
f 324 313 305
f 154 126 103
f 154 153 126
f 103 71 154
f 89 71 103
f 89 84 71
f 206 195 154
f 154 195 153
f 235 195 214
f 214 195 206
f 153 195 173
f 288 264 261
f 261 264 235
f 235 264 195
f 84 90 71
f 195 186 173
f 195 181 186
f 186 181 176
f 324 316 313
f 288 316 264
f 313 316 307
f 307 316 288
f 181 158 176
f 324 346 316
f 324 370 346
f 324 395 370
f 346 333 316
f 333 321 316
f 324 430 395
f 395 430 415
f 430 422 415
f 334 328 321
f 321 328 316
f 181 151 158
f 158 151 133
f 133 151 107
f 430 416 422
f 334 350 328
f 135 111 151
f 151 111 107
f 151 162 135
f 111 93 107
f 107 93 90
f 90 93 71
f 350 360 328
f 399 360 377
f 377 360 350
f 151 185 162
f 185 177 162
f 185 190 177
f 430 431 416
f 399 431 360
f 416 431 399
f 360 379 355
f 190 198 180
f 180 198 165
f 185 198 190
f 355 330 360
f 355 337 330
f 431 403 360
f 360 403 379
f 95 68 87
f 93 64 71
f 68 64 87
f 87 64 93
f 337 325 330
f 431 418 403
f 95 74 68
f 115 74 95
f 115 78 74
f 64 60 71
f 141 80 115
f 115 80 78
f 325 319 330
f 431 424 418
f 325 338 319
f 265 239 198
f 267 239 265
f 141 82 80
f 319 292 265
f 265 292 267
f 239 219 198
f 338 359 319
f 319 309 292
f 219 211 198
f 198 211 165
f 165 125 141
f 141 125 82
f 319 315 309
f 359 315 319
f 424 426 421
f 421 426 406
f 406 426 384
f 431 426 424
f 426 311 384
f 359 311 315
f 384 311 359
f 211 192 165
f 221 192 211
f 165 192 125
f 221 197 192
f 221 200 197
f 243 200 221
f 243 202 200
f 243 204 202
f 274 204 243
f 274 216 204
f 296 216 274
f 426 222 311
f 296 222 216
f 311 222 296
f 426 208 222
f 28 14 24
f 36 19 28
f 28 19 14
f 24 4 25
f 25 4 60
f 14 4 24
f 60 4 71
f 51 31 46
f 53 31 51
f 56 31 53
f 38 31 36
f 39 31 38
f 46 31 39
f 36 31 19
f 14 10 4
f 10 5 4
f 57 41 56
f 56 41 31
f 5 2 4
f 5 11 2
f 62 48 57
f 57 48 41
f 11 7 2
f 11 16 7
f 43 49 34
f 48 49 43
f 66 49 62
f 62 49 48
f 16 17 7
f 21 17 16
f 21 30 17
f 49 30 34
f 34 30 21
f 426 49 208
f 208 49 66
f 391 405 390
f 390 405 404
f 404 412 413
f 405 412 404
f 413 409 408
f 412 409 413
f 408 392 393
f 409 392 408
f 383 382 369
f 393 382 383
f 392 382 393
f 382 368 369
f 281 295 280
f 280 295 294
f 294 302 303
f 295 302 294
f 303 299 298
f 302 299 303
f 298 283 282
f 299 283 298
f 272 271 251
f 282 271 272
f 283 271 282
f 271 252 251
f 146 163 147
f 147 163 164
f 164 171 172
f 163 171 164
f 172 168 167
f 171 168 172
f 167 149 148
f 168 149 167
f 139 138 123
f 148 138 139
f 149 138 148
f 138 122 123
f 143 156 142
f 142 156 155
f 155 170 169
f 156 170 155
f 169 159 160
f 170 159 169
f 160 144 145
f 159 144 160
f 131 130 118
f 145 130 131
f 144 130 145
f 130 119 118
f 277 287 276
f 276 287 286
f 286 300 301
f 287 300 286
f 301 290 291
f 300 290 301
f 291 279 278
f 290 279 291
f 260 259 247
f 278 259 260
f 279 259 278
f 259 246 247
f 386 397 387
f 387 397 396
f 396 410 411
f 397 410 396
f 411 400 401
f 410 400 411
f 401 388 389
f 400 388 401
f 375 374 364
f 389 374 375
f 388 374 389
f 374 365 364
f 79 189 188
f 79 188 76
f 70 76 69
f 70 79 76
f 72 70 69
f 75 72 69
f 154 75 183
f 154 71 72
f 154 72 75
f 248 183 254
f 248 154 183
f 324 254 323
f 324 248 254
f 3 72 4
f 4 72 71
f 30 49 50
f 30 50 29
f 17 29 18
f 17 30 29
f 7 18 8
f 7 17 18
f 2 1 3
f 2 8 1
f 2 7 8
f 4 2 3
f 427 49 426
f 427 50 49
f 316 328 317
f 317 328 327
f 327 360 361
f 328 360 327
f 361 330 331
f 360 330 361
f 331 319 318
f 330 319 331
f 318 265 266
f 319 265 318
f 266 198 199
f 265 198 266
f 32 31 42
f 31 41 42
f 42 48 47
f 41 48 42
f 47 43 44
f 48 43 47
f 44 34 33
f 43 34 44
f 33 21 22
f 34 21 33
f 22 16 15
f 21 16 22
f 244 258 254
f 229 254 183
f 229 244 254
f 276 254 258
f 225 229 183
f 286 254 276
f 323 254 286
f 301 323 286
f 128 183 75
f 128 75 116
f 101 116 75
f 142 183 128
f 194 225 183
f 194 183 142
f 194 232 225
f 194 247 232
f 263 247 194
f 263 260 247
f 263 278 260
f 97 101 75
f 155 194 142
f 105 97 75
f 169 194 155
f 182 194 169
f 182 160 145
f 182 169 160
f 317 323 301
f 317 278 263
f 317 291 278
f 317 301 291
f 362 323 317
f 373 323 362
f 69 118 105
f 69 105 75
f 428 323 373
f 387 428 373
f 345 362 317
f 396 428 387
f 341 345 317
f 411 428 396
f 327 348 341
f 327 341 317
f 150 182 145
f 150 131 118
f 150 145 131
f 150 118 69
f 401 428 411
f 364 348 327
f 121 150 69
f 137 150 121
f 109 121 69
f 147 150 137
f 361 375 364
f 361 389 375
f 361 364 327
f 184 150 147
f 164 184 147
f 172 184 164
f 76 109 69
f 76 98 109
f 76 113 98
f 76 123 113
f 432 401 389
f 432 389 361
f 432 428 401
f 139 123 76
f 199 184 172
f 199 167 148
f 199 172 167
f 366 361 331
f 381 361 366
f 352 366 331
f 390 432 361
f 390 361 381
f 342 352 331
f 404 432 390
f 318 342 331
f 318 357 342
f 369 357 318
f 249 266 199
f 269 266 249
f 280 318 266
f 280 266 269
f 237 249 199
f 294 318 280
f 226 237 199
f 188 199 148
f 188 139 76
f 188 148 139
f 188 226 199
f 429 432 404
f 429 393 383
f 429 408 393
f 429 413 408
f 429 404 413
f 303 318 294
f 241 226 188
f 275 251 241
f 275 272 251
f 275 282 272
f 275 298 282
f 275 241 188
f 329 369 318
f 329 429 383
f 329 318 303
f 329 303 298
f 329 298 275
f 329 383 369
f 292 309 293
f 293 309 308
f 308 315 314
f 314 315 310
f 309 315 308
f 315 311 310
f 310 296 297
f 311 296 310
f 297 274 273
f 296 274 297
f 273 243 242
f 274 243 273
f 227 210 218
f 240 220 210
f 240 210 227
f 252 242 220
f 252 220 240
f 236 227 218
f 271 273 242
f 271 242 252
f 250 218 238
f 250 236 218
f 270 250 238
f 297 271 283
f 297 273 271
f 268 270 238
f 281 270 268
f 310 283 299
f 310 297 283
f 293 281 268
f 314 299 302
f 314 310 299
f 308 295 281
f 308 302 295
f 308 281 293
f 308 314 302
f 403 418 402
f 402 418 419
f 419 424 425
f 425 424 420
f 418 424 419
f 424 421 420
f 420 406 407
f 421 406 420
f 407 384 385
f 406 384 407
f 385 359 358
f 384 359 385
f 343 339 326
f 356 339 343
f 353 326 336
f 353 343 326
f 368 358 339
f 368 339 356
f 367 336 354
f 367 353 336
f 382 385 358
f 382 358 368
f 378 380 367
f 378 367 354
f 407 382 392
f 407 385 382
f 402 405 391
f 402 391 380
f 402 380 378
f 420 409 412
f 420 392 409
f 420 407 392
f 419 405 402
f 425 412 405
f 425 420 412
f 425 405 419
f 395 415 394
f 394 415 414
f 414 422 423
f 423 422 417
f 415 422 414
f 422 416 417
f 417 399 398
f 416 399 417
f 398 377 376
f 399 377 398
f 376 350 351
f 377 350 376
f 340 335 322
f 349 351 335
f 349 335 340
f 344 322 332
f 344 340 322
f 365 351 349
f 363 332 347
f 363 344 332
f 374 376 351
f 374 351 365
f 388 376 374
f 371 372 363
f 371 363 347
f 398 376 388
f 386 372 371
f 400 398 388
f 394 386 371
f 417 398 400
f 414 397 386
f 414 410 397
f 414 386 394
f 423 400 410
f 423 417 400
f 423 410 414
f 285 305 284
f 284 305 304
f 304 313 312
f 312 313 306
f 305 313 304
f 313 307 306
f 306 288 289
f 307 288 306
f 289 261 262
f 288 261 289
f 262 235 234
f 261 235 262
f 233 215 207
f 224 207 212
f 224 233 207
f 246 234 215
f 246 215 233
f 228 224 212
f 262 234 246
f 259 262 246
f 245 212 231
f 245 228 212
f 289 259 279
f 289 262 259
f 256 257 245
f 256 245 231
f 306 290 300
f 306 279 290
f 306 289 279
f 284 277 257
f 284 257 256
f 312 300 287
f 312 306 300
f 304 287 277
f 304 312 287
f 304 277 284
f 153 173 152
f 152 173 174
f 174 186 187
f 187 186 175
f 173 186 174
f 186 176 175
f 175 158 157
f 176 158 175
f 157 133 132
f 158 133 157
f 132 107 106
f 133 107 132
f 104 91 85
f 104 85 96
f 100 85 88
f 100 96 85
f 119 106 91
f 119 91 104
f 132 106 119
f 130 132 119
f 117 88 102
f 117 100 88
f 157 130 144
f 157 132 130
f 127 129 117
f 127 117 102
f 159 157 144
f 152 143 129
f 152 129 127
f 175 157 159
f 187 159 170
f 187 175 159
f 174 156 143
f 174 170 156
f 174 143 152
f 174 187 170
f 162 177 161
f 161 177 178
f 178 190 191
f 191 190 179
f 177 190 178
f 190 180 179
f 179 165 166
f 180 165 179
f 166 141 140
f 165 141 166
f 140 115 114
f 141 115 140
f 112 94 86
f 112 86 99
f 122 114 94
f 122 94 112
f 108 86 92
f 108 99 86
f 140 114 122
f 138 140 122
f 120 92 110
f 120 108 92
f 166 138 149
f 166 140 138
f 134 136 120
f 134 120 110
f 168 166 149
f 179 166 168
f 161 163 146
f 161 146 136
f 161 136 134
f 191 171 163
f 191 168 171
f 191 179 168
f 178 163 161
f 178 191 163
f 51 46 45
f 51 45 52
f 53 52 54
f 53 51 52
f 56 54 55
f 56 53 54
f 65 209 208
f 65 208 66
f 192 196 193
f 192 197 196
f 125 193 124
f 125 192 193
f 82 124 83
f 82 125 124
f 59 26 60
f 60 26 25
f 60 64 59
f 59 64 63
f 63 68 67
f 64 68 63
f 67 74 73
f 68 74 67
f 196 197 201
f 201 200 203
f 197 200 201
f 203 202 205
f 200 202 203
f 202 204 205
f 65 66 61
f 61 62 58
f 66 62 61
f 58 57 55
f 62 57 58
f 57 56 55
f 36 28 35
f 35 28 27
f 27 24 23
f 28 24 27
f 23 25 26
f 24 25 23
f 1084 1083 1096
f 1096 1095 1100
f 1083 1095 1096
f 1095 1099 1100
f 1100 1094 1093
f 1099 1094 1100
f 1093 1081 1082
f 1082 1081 1070
f 1094 1081 1093
f 1081 1069 1070
f 1070 1058 1057
f 1069 1058 1070
f 1448 1447 1462
f 1462 1461 1469
f 1447 1461 1462
f 1461 1470 1469
f 1469 1460 1459
f 1470 1460 1469
f 1459 1445 1446
f 1446 1445 1423
f 1460 1445 1459
f 1445 1422 1423
f 1423 1400 1399
f 1422 1400 1423
f 1689 1690 1706
f 1706 1707 1714
f 1690 1707 1706
f 1707 1715 1714
f 1714 1705 1704
f 1715 1705 1714
f 1704 1687 1688
f 1688 1687 1676
f 1705 1687 1704
f 1687 1675 1676
f 1676 1664 1663
f 1675 1664 1676
f 1632 1631 1652
f 1652 1651 1656
f 1631 1651 1652
f 1651 1655 1656
f 1656 1649 1650
f 1655 1649 1656
f 1650 1627 1628
f 1628 1627 1613
f 1649 1627 1650
f 1627 1614 1613
f 1613 1603 1604
f 1614 1603 1613
f 1316 1315 1322
f 1322 1321 1326
f 1315 1321 1322
f 1321 1325 1326
f 1326 1320 1319
f 1325 1320 1326
f 1319 1313 1314
f 1314 1313 1302
f 1320 1313 1319
f 1313 1301 1302
f 1302 1292 1291
f 1301 1292 1302
f 974 973 987
f 987 988 995
f 973 988 987
f 988 996 995
f 995 985 986
f 996 985 995
f 986 971 972
f 972 971 947
f 985 971 986
f 971 948 947
f 947 926 925
f 948 926 947
f 711 712 726
f 726 725 734
f 712 725 726
f 725 733 734
f 734 724 723
f 733 724 734
f 723 710 709
f 709 710 696
f 724 710 723
f 710 695 696
f 696 681 682
f 695 681 696
f 766 765 778
f 778 777 782
f 765 777 778
f 777 781 782
f 782 773 774
f 781 773 782
f 774 763 764
f 764 763 752
f 773 763 774
f 763 753 752
f 752 738 737
f 753 738 752
f 751 981 788
f 751 949 981
f 680 788 736
f 680 751 788
f 754 736 792
f 754 680 736
f 958 792 994
f 958 754 792
f 1200 958 994
f 1201 958 1200
f 1424 1200 1392
f 1424 1201 1200
f 1199 1392 1200
f 1199 1391 1392
f 993 1200 994
f 993 994 792
f 993 1199 1200
f 791 993 792
f 735 792 736
f 735 791 792
f 787 736 788
f 787 788 981
f 787 735 736
f 982 787 981
f 1204 1527 1502
f 1206 1527 1204
f 884 1206 1204
f 854 1206 884
f 611 884 649
f 611 854 884
f 531 649 568
f 531 611 649
f 606 568 644
f 606 531 568
f 846 644 872
f 846 606 644
f 686 663 685
f 685 663 662
f 662 643 642
f 663 643 662
f 642 620 621
f 643 620 642
f 1245 1246 1239
f 1239 1240 1225
f 1246 1240 1239
f 1225 1226 1215
f 1240 1226 1225
f 1226 1216 1215
f 1654 1622 1653
f 1653 1622 1621
f 1621 1602 1601
f 1622 1602 1621
f 1601 1577 1578
f 1602 1577 1601
f 586 587 575
f 574 575 561
f 574 586 575
f 560 574 561
f 554 561 555
f 554 560 561
f 1295 1299 1296
f 1295 1300 1299
f 1289 1296 1290
f 1289 1295 1296
f 1273 1290 1274
f 1273 1289 1290
f 1748 1762 1749
f 1748 1761 1762
f 1730 1749 1731
f 1730 1748 1749
f 1708 1731 1709
f 1708 1730 1731
f 633 632 630
f 630 631 627
f 632 631 630
f 631 626 627
f 627 625 624
f 626 625 627
f 590 592 591
f 590 593 592
f 588 591 589
f 588 590 591
f 580 589 581
f 580 588 589
f 1351 1468 1332
f 1351 1534 1468
f 1534 1526 1468
f 1534 1570 1526
f 1570 1465 1526
f 1570 1531 1465
f 1465 1347 1331
f 1531 1347 1465
f 1331 1168 1172
f 1347 1168 1331
f 1172 1021 1041
f 1168 1021 1172
f 1368 1533 1350
f 1368 1560 1533
f 1560 1571 1533
f 1560 1610 1571
f 1610 1530 1571
f 1610 1559 1530
f 1530 1363 1348
f 1559 1363 1530
f 1348 1164 1167
f 1363 1164 1348
f 1167 1005 1022
f 1164 1005 1167
f 1350 1533 1351
f 1351 1533 1534
f 1534 1571 1570
f 1533 1571 1534
f 1570 1530 1531
f 1571 1530 1570
f 1347 1348 1168
f 1531 1348 1347
f 1530 1348 1531
f 1168 1167 1021
f 1348 1167 1168
f 1167 1022 1021
f 838 1011 1023
f 825 1011 838
f 799 825 838
f 776 825 799
f 829 799 841
f 829 776 799
f 1018 841 1026
f 1018 829 841
f 1196 1026 1194
f 1196 1018 1026
f 1362 1194 1352
f 1362 1196 1194
f 878 877 896
f 877 895 896
f 896 920 919
f 895 920 896
f 919 934 933
f 920 934 919
f 933 943 944
f 934 943 933
f 944 937 938
f 943 937 944
f 938 921 922
f 937 921 938
f 874 873 888
f 873 887 888
f 888 916 915
f 887 916 888
f 915 930 929
f 916 930 915
f 929 940 939
f 930 940 929
f 939 932 931
f 940 932 939
f 931 918 917
f 932 918 931
f 1141 1142 1170
f 1142 1171 1170
f 1170 1210 1209
f 1171 1210 1170
f 1209 1221 1222
f 1210 1221 1209
f 1222 1230 1229
f 1221 1230 1222
f 1229 1224 1223
f 1230 1224 1229
f 1223 1212 1211
f 1224 1212 1223
f 1451 1452 1476
f 1452 1475 1476
f 1476 1493 1494
f 1475 1493 1476
f 1494 1508 1507
f 1493 1508 1494
f 1507 1519 1518
f 1508 1519 1507
f 1518 1510 1509
f 1519 1510 1518
f 1509 1495 1496
f 1510 1495 1509
f 1455 1456 1484
f 1456 1483 1484
f 1484 1497 1498
f 1483 1497 1484
f 1498 1514 1513
f 1497 1514 1498
f 1513 1522 1523
f 1514 1522 1513
f 1523 1515 1516
f 1522 1515 1523
f 1516 1499 1500
f 1515 1499 1516
f 1149 1150 1188
f 1150 1187 1188
f 1188 1217 1218
f 1187 1217 1188
f 1218 1232 1231
f 1217 1232 1218
f 1231 1236 1235
f 1232 1236 1231
f 1235 1234 1233
f 1236 1234 1235
f 1233 1220 1219
f 1234 1220 1233
f 1063 1064 984
f 983 1063 984
f 941 984 942
f 941 983 984
f 990 942 989
f 990 989 1066
f 990 941 942
f 1065 990 1066
f 1185 1066 1186
f 1185 1065 1066
f 1309 1186 1310
f 1309 1185 1186
f 1012 1011 825
f 824 825 776
f 824 1012 825
f 775 776 829
f 775 824 776
f 828 775 829
f 1017 829 1018
f 1017 828 829
f 1195 1018 1196
f 1195 1196 1362
f 1195 1017 1018
f 1361 1195 1362
f 645 872 644
f 645 644 568
f 645 871 872
f 569 568 649
f 569 645 568
f 648 569 649
f 883 649 884
f 883 648 649
f 1205 884 1204
f 1205 1204 1502
f 1205 883 884
f 1501 1205 1502
f 1090 1178 1089
f 1089 1178 1177
f 1177 1280 1279
f 1279 1280 1335
f 1178 1280 1177
f 1280 1336 1335
f 1335 1358 1357
f 1336 1358 1335
f 1357 1340 1339
f 1339 1340 1281
f 1358 1340 1357
f 1340 1282 1281
f 1079 1076 1080
f 1080 1076 1075
f 1075 1067 1068
f 1076 1067 1075
f 1068 1062 1061
f 1067 1062 1068
f 1061 1055 1056
f 1062 1055 1061
f 823 802 822
f 822 802 803
f 614 604 615
f 615 604 605
f 461 472 462
f 461 471 472
f 1804 1805 1777
f 1776 1804 1777
f 1874 1873 1858
f 1887 1873 1888
f 1888 1873 1874
f 1858 1857 1856
f 1873 1857 1858
f 1856 1855 1872
f 1857 1855 1856
f 1855 1871 1872
f 1872 1891 1892
f 1871 1891 1872
f 1892 1909 1910
f 1891 1909 1892
f 1903 1904 1901
f 1901 1902 1882
f 1904 1902 1901
f 1902 1881 1882
f 1882 1867 1868
f 1881 1867 1882
f 1868 1877 1878
f 1867 1877 1868
f 1878 1890 1889
f 1889 1890 1906
f 1877 1890 1878
f 1890 1905 1906
f 1848 1847 1829
f 1829 1828 1821
f 1847 1828 1829
f 1821 1820 1827
f 1828 1820 1821
f 1820 1826 1827
f 1827 1845 1846
f 1826 1845 1827
f 1744 1718 1745
f 1719 1718 1699
f 1745 1718 1719
f 1699 1698 1696
f 1718 1698 1699
f 1698 1697 1696
f 1696 1722 1723
f 1697 1722 1696
f 1308 1298 1307
f 1307 1298 1297
f 1288 1287 1272
f 1297 1287 1288
f 1298 1287 1297
f 1287 1271 1272
f 1272 1267 1268
f 1271 1267 1272
f 1553 1552 1539
f 1539 1538 1525
f 1552 1538 1539
f 1538 1524 1525
f 1525 1511 1512
f 1524 1511 1525
f 1512 1520 1521
f 1511 1520 1512
f 865 882 866
f 865 881 882
f 842 866 843
f 842 865 866
f 832 843 833
f 832 842 843
f 1367 1561 1368
f 1368 1561 1560
f 1560 1609 1610
f 1561 1609 1560
f 1610 1558 1559
f 1609 1558 1610
f 1363 1364 1164
f 1559 1364 1363
f 1558 1364 1559
f 1164 1163 1005
f 1364 1163 1164
f 1163 1006 1005
f 679 892 678
f 679 891 892
f 603 678 602
f 603 679 678
f 691 602 692
f 691 603 602
f 902 692 901
f 902 901 1203
f 902 691 692
f 1202 902 1203
f 1481 1203 1482
f 1481 1202 1203
f 1692 1481 1482
f 1692 1482 1693
f 1769 1693 1768
f 1769 1692 1693
f 1682 1768 1681
f 1682 1681 1472
f 1682 1769 1768
f 1471 1472 1159
f 1471 1682 1472
f 1158 1471 1159
f 891 1159 892
f 891 1158 1159
f 1006 808 1005
f 1005 808 809
f 759 760 810
f 809 760 759
f 808 760 809
f 760 811 810
f 810 1009 1010
f 811 1009 810
f 1197 1198 1368
f 1010 1198 1197
f 1009 1198 1010
f 1198 1367 1368
f 583 567 582
f 583 566 567
f 598 582 599
f 598 583 582
f 607 599 608
f 607 598 599
f 1029 1002 1030
f 1029 1001 1002
f 1047 1030 1048
f 1047 1029 1030
f 1074 1048 1073
f 1074 1047 1048
f 1528 1492 1529
f 1528 1491 1492
f 1555 1529 1554
f 1555 1528 1529
f 1573 1554 1574
f 1573 1555 1554
f 1831 1822 1832
f 1831 1823 1822
f 1839 1832 1840
f 1839 1831 1832
f 1843 1840 1844
f 1843 1839 1840
f 1787 1799 1786
f 1787 1798 1799
f 1772 1786 1773
f 1772 1787 1786
f 1761 1773 1762
f 1761 1772 1773
f 1341 1372 1342
f 1341 1371 1372
f 1323 1342 1324
f 1323 1341 1342
f 1300 1324 1299
f 1300 1323 1324
f 814 832 833
f 814 833 815
f 804 815 805
f 804 814 815
f 795 805 796
f 795 804 805
f 1866 1859 1879
f 1901 1882 1899
f 1811 1821 1827
f 1859 1831 1879
f 1879 1831 1886
f 1831 1839 1886
f 1839 1843 1886
f 1886 1843 1889
f 1889 1843 1878
f 1859 1823 1831
f 1848 1823 1853
f 1853 1823 1859
f 1848 1816 1823
f 1829 1816 1848
f 1843 1842 1878
f 1878 1842 1868
f 1779 1767 1795
f 1821 1802 1829
f 1829 1802 1816
f 1842 1833 1868
f 1767 1757 1795
f 1894 1872 1892
f 1821 1782 1802
f 1868 1819 1882
f 1833 1819 1868
f 1858 1864 1874
f 1696 1674 1699
f 1759 1742 1774
f 1588 1583 1611
f 1611 1583 1638
f 1852 1801 1837
f 1782 1671 1750
f 1721 1671 1680
f 1750 1671 1721
f 1821 1671 1782
f 1819 1740 1882
f 1742 1740 1774
f 1774 1740 1819
f 1583 1589 1638
f 1674 1589 1699
f 1638 1589 1674
f 1864 1792 1852
f 1852 1792 1801
f 1858 1792 1864
f 1588 1573 1583
f 1566 1573 1588
f 1837 1798 1812
f 1801 1798 1837
f 1589 1581 1699
f 1699 1581 1719
f 1856 1781 1858
f 1858 1781 1792
f 1821 1625 1671
f 1811 1625 1821
f 1745 1625 1757
f 1795 1625 1811
f 1757 1625 1795
f 1740 1739 1882
f 1894 1739 1872
f 1882 1739 1899
f 1899 1739 1894
f 1566 1555 1573
f 1553 1555 1566
f 1812 1787 1791
f 1798 1787 1812
f 1719 1597 1745
f 1745 1597 1625
f 1872 1728 1856
f 1739 1728 1872
f 1539 1528 1553
f 1553 1528 1555
f 1791 1772 1785
f 1787 1772 1791
f 1581 1556 1719
f 1856 1746 1781
f 1556 1563 1719
f 1719 1563 1597
f 1728 1713 1856
f 1856 1713 1746
f 1548 1551 1556
f 1556 1551 1563
f 1713 1710 1746
f 1746 1710 1724
f 1525 1491 1539
f 1539 1491 1528
f 1785 1761 1789
f 1772 1761 1785
f 1789 1748 1771
f 1761 1748 1789
f 1525 1466 1491
f 1474 1466 1512
f 1512 1466 1525
f 1771 1730 1755
f 1748 1730 1771
f 1474 1437 1466
f 1421 1437 1474
f 1659 1657 1667
f 1437 1346 1418
f 1370 1346 1421
f 1421 1346 1437
f 1657 1653 1667
f 1702 1684 1708
f 1700 1684 1702
f 1694 1684 1700
f 1708 1684 1730
f 1755 1684 1735
f 1730 1684 1755
f 1653 1621 1667
f 1418 1328 1395
f 1346 1328 1418
f 1667 1662 1694
f 1694 1662 1684
f 1621 1601 1667
f 1328 1329 1395
f 1366 1329 1343
f 1395 1329 1366
f 1667 1578 1662
f 1601 1578 1667
f 1630 1600 1624
f 1272 1252 1288
f 1288 1252 1297
f 1307 1283 1328
f 1328 1283 1329
f 1662 1541 1630
f 1578 1541 1662
f 1228 1243 1252
f 1297 1243 1307
f 1307 1243 1283
f 1252 1243 1297
f 1600 1487 1569
f 1541 1487 1630
f 1630 1487 1600
f 1569 1505 1545
f 1487 1505 1569
f 1228 1124 1243
f 1153 1124 1228
f 1124 1145 1243
f 1487 1416 1505
f 1124 1107 1145
f 1416 1409 1505
f 1505 1409 1464
f 1124 1103 1107
f 1110 1103 1124
f 1409 1413 1464
f 1107 1111 1145
f 1121 1111 1114
f 1145 1111 1121
f 1416 1381 1409
f 1394 1381 1416
f 1374 1381 1394
f 1110 1086 1103
f 1464 1397 1428
f 1413 1397 1464
f 1110 1080 1086
f 1080 1074 1086
f 1068 1074 1075
f 1075 1074 1080
f 1397 1371 1428
f 1428 1371 1403
f 1371 1360 1403
f 1061 1040 1068
f 1040 1047 1068
f 1068 1047 1074
f 1371 1341 1360
f 1040 1029 1047
f 1341 1334 1360
f 1323 1334 1341
f 1040 1014 1029
f 1014 1001 1029
f 1323 1300 1334
f 1300 1312 1334
f 1014 970 1001
f 1295 1286 1300
f 1289 1286 1295
f 1273 1286 1289
f 1300 1286 1312
f 1001 946 976
f 970 946 1001
f 1253 1245 1257
f 1247 1245 1253
f 991 980 999
f 1265 1255 1273
f 1261 1255 1265
f 1273 1255 1286
f 946 910 976
f 960 910 963
f 976 910 960
f 1245 1225 1257
f 1239 1225 1245
f 991 956 980
f 963 956 991
f 1225 1215 1257
f 1257 1215 1259
f 1261 1238 1255
f 1259 1238 1261
f 1215 1238 1259
f 910 868 963
f 963 868 956
f 868 885 956
f 1215 1119 1238
f 1238 1136 1208
f 1119 1136 1238
f 868 801 885
f 827 801 868
f 1119 1115 1136
f 801 770 885
f 1115 1078 1098
f 1119 1078 1115
f 1087 1078 1119
f 748 740 770
f 770 740 885
f 885 740 831
f 1087 1054 1078
f 1043 1054 1087
f 740 714 831
f 831 714 790
f 1027 1007 1043
f 714 707 790
f 767 707 745
f 790 707 767
f 1007 977 1043
f 1043 977 1054
f 690 676 714
f 714 676 707
f 977 954 1054
f 1054 954 1032
f 690 651 676
f 954 935 1032
f 1032 953 1004
f 935 953 1032
f 641 613 690
f 690 613 651
f 935 900 953
f 906 900 935
f 613 601 651
f 651 601 623
f 819 807 820
f 656 630 666
f 633 630 656
f 666 630 665
f 630 627 665
f 627 624 665
f 807 812 820
f 906 860 900
f 881 860 906
f 601 579 623
f 623 579 607
f 881 845 860
f 842 845 865
f 865 845 881
f 579 585 607
f 607 585 598
f 842 817 845
f 814 817 832
f 832 817 842
f 585 576 598
f 598 576 583
f 795 794 804
f 804 794 814
f 814 794 817
f 576 551 583
f 583 551 566
f 699 694 703
f 694 685 703
f 634 609 629
f 783 758 795
f 795 758 794
f 566 524 564
f 551 524 566
f 685 642 703
f 662 642 685
f 783 732 758
f 779 732 783
f 524 509 564
f 564 509 570
f 634 596 609
f 642 621 703
f 779 702 732
f 509 502 570
f 785 673 779
f 779 673 702
f 502 506 570
f 570 506 580
f 590 506 593
f 588 506 590
f 580 506 588
f 673 675 702
f 502 492 506
f 771 653 807
f 785 653 673
f 812 653 785
f 807 653 812
f 665 508 646
f 506 508 593
f 624 508 665
f 593 508 624
f 634 545 596
f 621 586 703
f 743 617 771
f 771 617 653
f 646 494 637
f 508 494 646
f 617 573 595
f 743 573 617
f 476 474 494
f 494 474 637
f 560 539 574
f 554 539 560
f 528 498 518
f 545 498 528
f 574 543 586
f 703 543 743
f 586 543 703
f 539 543 574
f 637 484 634
f 634 484 545
f 545 484 498
f 543 553 743
f 743 553 573
f 474 468 637
f 637 468 484
f 546 520 554
f 540 520 546
f 537 520 540
f 554 520 539
f 518 488 515
f 498 488 518
f 543 532 553
f 468 466 484
f 537 500 520
f 488 478 515
f 529 486 537
f 537 486 500
f 529 480 486
f 515 480 522
f 522 480 529
f 478 480 515
f 997 961 962
f 997 962 998
f 1019 998 1020
f 1019 997 998
f 1035 1020 1036
f 1035 1019 1020
f 721 705 706
f 721 706 722
f 749 722 750
f 749 721 722
f 761 750 762
f 761 749 750
f 534 525 526
f 534 526 535
f 548 535 549
f 548 534 535
f 562 549 563
f 562 548 549
f 451 449 450
f 451 450 452
f 455 452 456
f 455 451 452
f 459 456 460
f 459 455 456
f 435 433 434
f 435 434 436
f 437 436 438
f 437 435 436
f 439 438 440
f 439 437 438
f 445 447 448
f 445 448 446
f 443 446 444
f 443 445 446
f 441 444 442
f 441 443 444
f 503 511 512
f 503 512 504
f 489 504 490
f 489 503 504
f 481 490 482
f 481 489 490
f 658 687 688
f 658 688 659
f 638 659 639
f 638 658 659
f 618 639 619
f 618 638 639
f 893 923 924
f 893 924 894
f 869 894 870
f 869 893 894
f 834 870 835
f 834 869 870
f 1125 1147 1148
f 1125 1148 1126
f 1117 1126 1118
f 1117 1125 1126
f 1105 1118 1106
f 1105 1117 1118
f 1375 1411 1412
f 1375 1412 1376
f 1353 1376 1354
f 1353 1375 1376
f 1337 1354 1338
f 1337 1353 1354
f 1647 1669 1670
f 1647 1670 1648
f 1619 1648 1620
f 1619 1647 1648
f 1607 1620 1608
f 1607 1619 1620
f 1824 1835 1836
f 1824 1836 1825
f 1814 1825 1815
f 1814 1824 1825
f 1804 1815 1805
f 1804 1814 1815
f 1915 1917 1918
f 1915 1918 1916
f 1911 1916 1912
f 1911 1915 1916
f 1907 1912 1908
f 1907 1911 1912
f 1932 1933 1934
f 1932 1934 1931
f 1930 1931 1929
f 1930 1932 1931
f 1927 1929 1928
f 1927 1930 1929
f 1921 1919 1920
f 1921 1920 1922
f 1923 1922 1924
f 1923 1921 1922
f 1925 1924 1926
f 1925 1923 1924
f 1861 1849 1850
f 1861 1850 1862
f 1875 1862 1876
f 1875 1861 1862
f 1883 1876 1884
f 1883 1875 1876
f 1716 1685 1686
f 1716 1686 1717
f 1736 1717 1737
f 1736 1716 1717
f 1752 1737 1753
f 1752 1736 1737
f 1241 1213 1214
f 1241 1214 1242
f 1249 1242 1250
f 1249 1241 1242
f 1263 1250 1264
f 1263 1249 1250
f 1311 1285 1333
f 1285 1427 1333
f 1359 1427 1404
f 1333 1427 1359
f 1097 1077 1116
f 1599 1629 1623
f 1599 1517 1629
f 1285 1517 1427
f 1427 1517 1463
f 1463 1517 1506
f 1506 1517 1544
f 1568 1517 1599
f 1544 1517 1568
f 1285 1155 1517
f 1077 1155 1116
f 1135 1155 1207
f 1116 1155 1135
f 1207 1155 1237
f 1237 1155 1256
f 1256 1155 1285
f 1077 1053 1155
f 1517 1661 1629
f 1003 952 1031
f 1683 1754 1734
f 859 844 899
f 1770 1784 1788
f 1754 1758 1770
f 1784 1758 1790
f 1790 1758 1813
f 1683 1758 1754
f 1770 1758 1784
f 1661 1758 1683
f 1517 1758 1661
f 1053 846 1155
f 844 846 899
f 952 846 1031
f 793 846 816
f 816 846 844
f 899 846 952
f 1031 846 1053
f 793 731 846
f 757 731 793
f 1813 1851 1838
f 1758 1851 1813
f 731 701 846
f 1758 1863 1851
f 701 672 846
f 674 672 701
f 1863 1857 1873
f 1758 1857 1863
f 672 652 846
f 1758 1855 1857
f 594 572 616
f 1871 1893 1891
f 1855 1830 1871
f 1900 1830 1902
f 1893 1830 1900
f 1758 1830 1855
f 1871 1830 1893
f 552 606 572
f 533 606 552
f 616 606 652
f 652 606 846
f 572 606 616
f 533 542 606
f 1830 1881 1902
f 542 538 606
f 1830 1867 1881
f 538 519 606
f 1830 1877 1867
f 499 485 519
f 1877 1885 1890
f 485 479 519
f 1877 1880 1885
f 1880 1860 1865
f 1880 1854 1860
f 1877 1847 1880
f 1880 1847 1854
f 519 487 606
f 477 487 479
f 479 487 519
f 1877 1828 1847
f 487 531 606
f 483 531 497
f 497 531 487
f 1830 1763 1877
f 1828 1763 1820
f 1877 1763 1828
f 483 465 531
f 1763 1826 1820
f 465 467 531
f 1763 1810 1826
f 467 473 531
f 1763 1794 1810
f 1794 1766 1778
f 1763 1766 1794
f 1763 1756 1766
f 475 493 473
f 473 493 531
f 1763 1744 1756
f 493 507 531
f 1763 1718 1744
f 491 501 505
f 1698 1673 1697
f 1718 1527 1698
f 1673 1527 1637
f 1763 1527 1718
f 1698 1527 1673
f 510 611 501
f 505 611 507
f 507 611 531
f 501 611 505
f 1637 1587 1612
f 1527 1587 1637
f 523 550 510
f 510 550 611
f 1527 1567 1587
f 550 577 611
f 1527 1552 1567
f 1527 1538 1552
f 577 584 611
f 1527 1524 1538
f 584 600 611
f 578 600 584
f 1527 1473 1524
f 1524 1473 1511
f 600 612 611
f 1527 1420 1473
f 612 689 611
f 1527 1345 1420
f 1527 1327 1345
f 612 640 689
f 1345 1369 1420
f 689 713 611
f 713 854 611
f 1527 1206 1327
f 1206 1308 1327
f 713 739 854
f 1206 1298 1308
f 1206 1287 1298
f 747 769 739
f 739 769 854
f 1287 1251 1271
f 1206 1251 1287
f 1206 1109 1123
f 854 867 909
f 769 800 854
f 1206 1227 1251
f 854 945 1206
f 909 945 854
f 1206 945 1109
f 854 826 867
f 800 826 854
f 1206 1154 1227
f 1123 1154 1206
f 945 1079 1109
f 1079 1039 1076
f 1076 1039 1067
f 1067 1039 1062
f 945 1039 1079
f 969 1013 945
f 945 1013 1039
f 1479 1449 1450
f 1479 1450 1480
f 1503 1480 1504
f 1503 1479 1480
f 1536 1504 1537
f 1536 1503 1504
f 1641 1642 1686
f 1685 1641 1686
f 1520 1536 1537
f 1520 1537 1521
f 1642 1641 1611
f 1641 1612 1611
f 1588 1587 1566
f 1611 1587 1588
f 1612 1587 1611
f 1587 1567 1566
f 1566 1552 1553
f 1567 1552 1566
f 1449 1407 1408
f 1449 1408 1450
f 1267 1263 1264
f 1267 1264 1268
f 1408 1407 1370
f 1407 1369 1370
f 1370 1345 1346
f 1369 1345 1370
f 1346 1327 1328
f 1345 1327 1346
f 1328 1308 1307
f 1327 1308 1328
f 1808 1778 1809
f 1809 1778 1779
f 1779 1766 1767
f 1778 1766 1779
f 1767 1756 1757
f 1766 1756 1767
f 1757 1744 1745
f 1756 1744 1757
f 1722 1752 1753
f 1722 1753 1723
f 1849 1808 1809
f 1849 1809 1850
f 1897 1898 1866
f 1898 1865 1866
f 1866 1860 1859
f 1865 1860 1866
f 1859 1854 1853
f 1860 1854 1859
f 1853 1847 1848
f 1854 1847 1853
f 1845 1883 1884
f 1845 1884 1846
f 1898 1897 1920
f 1919 1898 1920
f 1913 1904 1914
f 1914 1904 1903
f 1905 1925 1926
f 1905 1926 1906
f 1933 1913 1914
f 1933 1914 1934
f 1895 1896 1888
f 1896 1887 1888
f 1909 1927 1928
f 1909 1928 1910
f 1917 1896 1895
f 1917 1895 1918
f 1807 1806 1789
f 1806 1788 1789
f 1789 1784 1785
f 1788 1784 1789
f 1785 1790 1791
f 1784 1790 1785
f 1791 1813 1812
f 1790 1813 1791
f 1812 1838 1837
f 1813 1838 1812
f 1837 1869 1870
f 1838 1869 1837
f 1869 1907 1908
f 1869 1908 1870
f 1806 1807 1836
f 1835 1806 1836
f 1639 1623 1640
f 1640 1623 1624
f 1624 1629 1630
f 1623 1629 1624
f 1630 1661 1662
f 1629 1661 1630
f 1662 1683 1684
f 1661 1683 1662
f 1684 1734 1735
f 1735 1734 1765
f 1683 1734 1684
f 1734 1764 1765
f 1764 1776 1777
f 1764 1777 1765
f 1669 1639 1640
f 1669 1640 1670
f 1406 1405 1403
f 1405 1404 1403
f 1403 1427 1428
f 1404 1427 1403
f 1464 1463 1505
f 1428 1463 1464
f 1427 1463 1428
f 1463 1506 1505
f 1505 1544 1545
f 1506 1544 1505
f 1545 1565 1564
f 1544 1565 1545
f 1565 1607 1608
f 1565 1608 1564
f 1405 1406 1412
f 1411 1405 1412
f 1180 1179 1208
f 1179 1207 1208
f 1238 1237 1255
f 1208 1237 1238
f 1207 1237 1208
f 1255 1256 1286
f 1237 1256 1255
f 1256 1285 1286
f 1286 1311 1312
f 1312 1311 1318
f 1285 1311 1286
f 1311 1317 1318
f 1317 1337 1338
f 1317 1338 1318
f 1147 1179 1180
f 1147 1180 1148
f 965 1003 966
f 966 1003 1004
f 1004 1031 1032
f 1003 1031 1004
f 1054 1053 1078
f 1032 1053 1054
f 1031 1053 1032
f 1053 1077 1078
f 1078 1097 1098
f 1098 1097 1102
f 1077 1097 1078
f 1097 1101 1102
f 1101 1105 1106
f 1101 1106 1102
f 923 965 966
f 923 966 924
f 728 727 758
f 727 757 758
f 758 793 794
f 757 793 758
f 817 816 845
f 794 816 817
f 793 816 794
f 816 844 845
f 845 859 860
f 844 859 845
f 860 850 851
f 859 850 860
f 850 834 835
f 850 835 851
f 727 728 688
f 687 727 688
f 557 556 595
f 556 594 595
f 595 616 617
f 594 616 595
f 617 652 653
f 616 652 617
f 653 672 673
f 652 672 653
f 673 674 675
f 675 674 655
f 672 674 673
f 674 654 655
f 654 618 619
f 654 619 655
f 511 556 557
f 511 557 512
f 470 469 500
f 469 499 500
f 500 519 520
f 499 519 500
f 520 538 539
f 519 538 520
f 539 542 543
f 538 542 539
f 543 533 532
f 532 533 513
f 542 533 543
f 533 514 513
f 514 481 482
f 514 482 513
f 469 470 448
f 447 469 448
f 454 453 466
f 453 465 466
f 484 483 498
f 466 483 484
f 465 483 466
f 498 497 488
f 483 497 498
f 497 487 488
f 488 477 478
f 478 477 464
f 487 477 488
f 477 463 464
f 463 441 442
f 463 442 464
f 453 454 434
f 433 453 434
f 472 471 492
f 471 491 492
f 492 505 506
f 491 505 492
f 506 507 508
f 505 507 506
f 508 493 494
f 507 493 508
f 494 475 476
f 493 475 494
f 476 457 458
f 475 457 476
f 457 439 440
f 457 440 458
f 461 462 450
f 461 450 449
f 559 558 579
f 558 578 579
f 579 584 585
f 578 584 579
f 576 577 551
f 585 577 576
f 584 577 585
f 577 550 551
f 551 523 524
f 550 523 551
f 524 495 496
f 523 495 524
f 495 459 460
f 495 460 496
f 558 559 526
f 525 558 526
f 730 729 748
f 729 747 748
f 740 739 714
f 748 739 740
f 747 739 748
f 714 713 690
f 739 713 714
f 713 689 690
f 690 640 641
f 641 640 615
f 689 640 690
f 640 614 615
f 604 562 563
f 604 563 605
f 705 729 730
f 705 730 706
f 968 967 970
f 967 969 970
f 970 945 946
f 969 945 970
f 946 909 910
f 945 909 946
f 910 867 868
f 909 867 910
f 868 826 827
f 867 826 868
f 827 823 822
f 826 823 827
f 802 761 762
f 802 762 803
f 961 967 968
f 961 968 962
f 1181 1182 1214
f 1213 1181 1214
f 1055 1035 1036
f 1055 1036 1056
f 1182 1181 1153
f 1181 1154 1153
f 1153 1123 1124
f 1154 1123 1153
f 1124 1109 1110
f 1123 1109 1124
f 1110 1079 1080
f 1109 1079 1110
f 1281 1282 1183
f 1183 1184 1091
f 1282 1184 1183
f 1091 1092 1037
f 1184 1092 1091
f 1092 1038 1037
f 1037 1016 1015
f 1038 1016 1037
f 1015 1034 1033
f 1016 1034 1015
f 1033 1090 1089
f 1034 1090 1033
f 1156 1159 1490
f 1490 1159 1472
f 871 892 1156
f 1156 892 1159
f 1490 1681 1727
f 1472 1681 1490
f 645 678 871
f 871 678 892
f 1727 1768 1796
f 1681 1768 1727
f 645 602 678
f 645 569 602
f 1693 1732 1768
f 1768 1732 1796
f 602 648 692
f 569 648 602
f 1482 1501 1693
f 1693 1501 1732
f 692 883 901
f 648 883 692
f 901 1205 1203
f 1203 1205 1482
f 1482 1205 1501
f 883 1205 901
f 1732 1501 1502
f 1732 1502 1733
f 1732 1733 1797
f 1796 1797 1726
f 1796 1732 1797
f 1727 1796 1726
f 1490 1726 1489
f 1490 1727 1726
f 1156 1489 1157
f 1156 1157 872
f 1156 1490 1489
f 871 1156 872
f 1546 1361 1362
f 1546 1362 1547
f 1593 1547 1594
f 1593 1546 1547
f 1542 1594 1543
f 1542 1593 1594
f 1356 1543 1355
f 1356 1542 1543
f 1165 1355 1166
f 1165 1166 1011
f 1165 1356 1355
f 1012 1165 1011
f 1515 1522 1535
f 1535 1522 1572
f 1522 1514 1572
f 1535 1499 1515
f 1514 1497 1572
f 1535 1352 1499
f 1499 1352 1486
f 1486 1352 1458
f 1572 1519 1532
f 1510 1519 1572
f 1572 1495 1510
f 1519 1508 1532
f 1497 1431 1572
f 1572 1431 1495
f 1456 1431 1483
f 1483 1431 1497
f 1456 1389 1431
f 1433 1389 1441
f 1441 1389 1456
f 1508 1493 1532
f 1431 1478 1495
f 1431 1454 1478
f 1352 1309 1458
f 1433 1309 1389
f 1458 1309 1443
f 1443 1309 1433
f 1431 1383 1454
f 1454 1383 1439
f 1439 1383 1429
f 1352 1236 1309
f 1234 1236 1352
f 1352 1220 1234
f 1236 1232 1309
f 1352 1194 1220
f 1493 1349 1532
f 1452 1349 1475
f 1475 1349 1493
f 1194 1191 1220
f 1232 1217 1309
f 1194 1152 1191
f 1187 1185 1217
f 1217 1185 1309
f 1452 1306 1349
f 1429 1306 1436
f 1436 1306 1452
f 1383 1306 1429
f 1187 1150 1185
f 1306 1230 1349
f 1224 1230 1306
f 1306 1212 1224
f 1230 1221 1349
f 1134 1065 1138
f 1138 1065 1150
f 1150 1065 1185
f 1306 1176 1212
f 1221 1210 1349
f 1176 1173 1212
f 1176 1144 1173
f 1152 1026 1139
f 1139 1026 1134
f 1194 1026 1152
f 1134 1026 1065
f 1210 1169 1349
f 1171 1169 1210
f 1171 1142 1169
f 1176 1063 1144
f 1144 1063 1132
f 1132 1063 1128
f 937 943 1065
f 1065 943 990
f 1026 921 1065
f 1065 921 937
f 943 934 990
f 934 920 990
f 1026 897 921
f 1026 880 897
f 895 941 920
f 920 941 990
f 895 877 941
f 880 841 863
f 863 841 852
f 1026 841 880
f 1063 1023 1128
f 1142 1023 1169
f 1128 1023 1130
f 1130 1023 1142
f 983 940 1063
f 983 932 940
f 940 930 1063
f 983 918 932
f 941 918 983
f 1063 916 1023
f 930 916 1063
f 941 890 918
f 916 887 1023
f 941 875 890
f 887 873 1023
f 848 838 856
f 856 838 873
f 873 838 1023
f 852 799 861
f 861 799 877
f 875 799 857
f 857 799 848
f 841 799 852
f 941 799 875
f 848 799 838
f 877 799 941
f 1389 1309 1310
f 1389 1310 1390
f 1389 1390 1432
f 1431 1389 1432
f 1383 1432 1384
f 1383 1431 1432
f 1306 1384 1305
f 1306 1383 1384
f 1176 1305 1175
f 1176 1306 1305
f 1063 1175 1064
f 1063 1176 1175
f 1390 1358 1432
f 1390 1340 1358
f 1358 1384 1432
f 1390 1310 1340
f 1358 1336 1384
f 1310 1282 1340
f 1336 1305 1384
f 1336 1280 1305
f 1186 1184 1310
f 1310 1184 1282
f 1178 1175 1280
f 1280 1175 1305
f 1184 1066 1092
f 1186 1066 1184
f 1090 1064 1178
f 1178 1064 1175
f 1092 989 1038
f 1066 989 1092
f 1034 984 1090
f 1090 984 1064
f 1038 942 1016
f 1016 942 1034
f 989 942 1038
f 1034 942 984
f 1219 1220 1190
f 1220 1191 1190
f 1190 1152 1151
f 1191 1152 1190
f 1151 1139 1140
f 1152 1139 1151
f 1140 1134 1133
f 1139 1134 1140
f 1133 1138 1137
f 1134 1138 1133
f 1137 1150 1149
f 1138 1150 1137
f 1231 1188 1218
f 1233 1231 1235
f 1233 1188 1231
f 1219 1149 1188
f 1219 1188 1233
f 1190 1149 1219
f 1151 1140 1133
f 1151 1133 1137
f 1151 1137 1149
f 1151 1149 1190
f 1500 1499 1485
f 1499 1486 1485
f 1485 1458 1457
f 1486 1458 1485
f 1457 1443 1444
f 1458 1443 1457
f 1444 1433 1434
f 1443 1433 1444
f 1434 1441 1442
f 1433 1441 1434
f 1442 1456 1455
f 1441 1456 1442
f 1444 1434 1442
f 1444 1442 1455
f 1444 1455 1484
f 1444 1484 1498
f 1444 1498 1513
f 1485 1457 1444
f 1485 1513 1523
f 1485 1523 1516
f 1485 1516 1500
f 1485 1444 1513
f 1496 1495 1477
f 1495 1478 1477
f 1477 1454 1453
f 1478 1454 1477
f 1453 1439 1440
f 1454 1439 1453
f 1440 1429 1430
f 1439 1429 1440
f 1430 1436 1435
f 1429 1436 1430
f 1435 1452 1451
f 1436 1452 1435
f 1518 1494 1507
f 1509 1476 1494
f 1509 1494 1518
f 1496 1435 1451
f 1496 1451 1476
f 1496 1476 1509
f 1440 1430 1435
f 1453 1496 1477
f 1453 1440 1435
f 1453 1435 1496
f 1211 1212 1174
f 1212 1173 1174
f 1174 1144 1143
f 1173 1144 1174
f 1143 1132 1131
f 1144 1132 1143
f 1131 1128 1127
f 1132 1128 1131
f 1127 1130 1129
f 1128 1130 1127
f 1129 1142 1141
f 1130 1142 1129
f 1129 1141 1170
f 1127 1170 1209
f 1127 1129 1170
f 1131 1209 1222
f 1131 1127 1209
f 1143 1131 1222
f 1174 1222 1229
f 1174 1229 1223
f 1174 1223 1211
f 1174 1143 1222
f 917 918 889
f 918 890 889
f 889 875 876
f 890 875 889
f 876 857 858
f 875 857 876
f 858 848 849
f 857 848 858
f 849 856 855
f 848 856 849
f 855 873 874
f 856 873 855
f 931 888 915
f 931 915 929
f 931 929 939
f 917 874 888
f 917 888 931
f 858 849 855
f 889 855 874
f 889 874 917
f 876 858 855
f 876 855 889
f 922 921 898
f 921 897 898
f 898 880 879
f 897 880 898
f 879 863 864
f 880 863 879
f 864 852 853
f 863 852 864
f 853 861 862
f 852 861 853
f 862 877 878
f 861 877 862
f 853 862 878
f 853 878 896
f 864 896 919
f 864 853 896
f 922 944 938
f 898 879 864
f 898 919 933
f 898 933 944
f 898 864 919
f 898 944 922
f 1547 1362 1352
f 1547 1352 1535
f 1594 1535 1572
f 1594 1547 1535
f 1543 1572 1532
f 1543 1594 1572
f 1355 1532 1349
f 1355 1543 1532
f 1169 1355 1349
f 1166 1355 1169
f 1011 1169 1023
f 1011 1166 1169
f 1339 1468 1526
f 1357 1526 1465
f 1357 1339 1526
f 1281 1332 1468
f 1281 1468 1339
f 1335 1357 1465
f 1183 1189 1332
f 1183 1332 1281
f 1279 1465 1331
f 1279 1335 1465
f 1091 1189 1183
f 1177 1279 1331
f 1172 1177 1331
f 1042 1189 1091
f 1037 1042 1091
f 1041 1089 1177
f 1041 1177 1172
f 908 1042 1037
f 847 1037 1015
f 847 1015 1033
f 847 908 1037
f 905 1033 1089
f 905 847 1033
f 905 1089 1041
f 1022 836 1021
f 1021 836 837
f 797 798 839
f 837 798 797
f 836 798 837
f 798 840 839
f 839 1025 1024
f 840 1025 839
f 1024 1193 1192
f 1025 1193 1024
f 1192 1350 1351
f 1193 1350 1192
f 1182 1153 1228
f 1252 1182 1228
f 1242 1214 1182
f 1268 1252 1272
f 1268 1182 1252
f 1250 1242 1182
f 1250 1182 1268
f 1264 1250 1268
f 968 970 1014
f 1040 968 1014
f 998 962 968
f 1056 1040 1061
f 1056 998 968
f 1056 968 1040
f 1020 998 1056
f 1036 1020 1056
f 1267 1271 1251
f 1249 1263 1267
f 1181 1227 1154
f 1181 1251 1227
f 1181 1267 1251
f 1181 1249 1267
f 1241 1249 1181
f 1213 1241 1181
f 1055 1062 1039
f 1013 1055 1039
f 1019 1035 1055
f 967 1013 969
f 967 1019 1055
f 967 1055 1013
f 997 1019 967
f 961 997 967
f 730 748 770
f 801 730 770
f 822 801 827
f 722 706 730
f 803 730 801
f 803 801 822
f 803 722 730
f 750 722 803
f 762 750 803
f 800 823 826
f 802 823 800
f 769 802 800
f 749 761 802
f 729 769 747
f 729 802 769
f 721 749 802
f 721 802 729
f 705 721 729
f 559 579 601
f 615 613 641
f 535 526 559
f 605 601 613
f 605 559 601
f 605 535 559
f 605 613 615
f 549 535 605
f 563 549 605
f 612 614 640
f 604 614 612
f 548 562 604
f 558 600 578
f 558 612 600
f 558 604 612
f 534 548 604
f 534 604 558
f 525 534 558
f 472 492 502
f 452 450 462
f 496 502 509
f 496 509 524
f 496 462 472
f 496 472 502
f 456 462 496
f 456 452 462
f 460 456 496
f 495 523 510
f 501 495 510
f 455 459 495
f 471 501 491
f 471 495 501
f 461 451 455
f 461 455 495
f 461 495 471
f 449 451 461
f 454 466 468
f 436 434 454
f 458 468 474
f 458 474 476
f 458 454 468
f 438 436 454
f 438 454 458
f 440 438 458
f 457 475 473
f 437 439 457
f 453 467 465
f 453 473 467
f 453 457 473
f 435 437 457
f 435 457 453
f 433 435 453
f 470 500 486
f 446 448 470
f 464 486 480
f 464 480 478
f 464 470 486
f 464 446 470
f 444 446 464
f 442 444 464
f 463 477 479
f 443 441 463
f 469 485 499
f 469 479 485
f 469 463 479
f 469 443 463
f 445 443 469
f 447 445 469
f 557 595 573
f 504 512 557
f 513 573 553
f 513 553 532
f 513 557 573
f 513 504 557
f 490 504 513
f 482 490 513
f 514 533 552
f 489 481 514
f 556 572 594
f 556 552 572
f 556 514 552
f 556 489 514
f 503 489 556
f 511 503 556
f 728 758 732
f 659 688 728
f 655 732 702
f 655 702 675
f 655 728 732
f 655 659 728
f 639 659 655
f 619 639 655
f 654 674 701
f 638 618 654
f 727 731 757
f 727 701 731
f 727 654 701
f 658 638 654
f 658 654 727
f 687 658 727
f 966 1004 953
f 900 966 953
f 894 924 966
f 851 900 860
f 851 966 900
f 851 894 966
f 870 894 851
f 835 870 851
f 850 859 899
f 869 834 850
f 965 952 1003
f 965 899 952
f 965 850 899
f 893 869 850
f 893 850 965
f 923 893 965
f 1180 1208 1136
f 1126 1148 1180
f 1102 1136 1115
f 1102 1115 1098
f 1102 1180 1136
f 1102 1126 1180
f 1118 1126 1102
f 1106 1118 1102
f 1101 1097 1116
f 1117 1105 1101
f 1179 1135 1207
f 1179 1116 1135
f 1179 1101 1116
f 1179 1117 1101
f 1125 1117 1179
f 1147 1125 1179
f 1406 1403 1360
f 1376 1412 1406
f 1318 1360 1334
f 1318 1334 1312
f 1318 1406 1360
f 1318 1376 1406
f 1354 1376 1318
f 1338 1354 1318
f 1317 1311 1333
f 1353 1337 1317
f 1405 1359 1404
f 1405 1333 1359
f 1405 1317 1333
f 1405 1353 1317
f 1375 1353 1405
f 1411 1375 1405
f 1640 1624 1600
f 1569 1640 1600
f 1648 1670 1640
f 1564 1569 1545
f 1564 1640 1569
f 1564 1648 1640
f 1620 1648 1564
f 1608 1620 1564
f 1565 1544 1568
f 1619 1607 1565
f 1639 1599 1623
f 1639 1568 1599
f 1639 1565 1568
f 1639 1619 1565
f 1647 1619 1639
f 1669 1647 1639
f 1807 1789 1771
f 1825 1836 1807
f 1765 1771 1755
f 1765 1755 1735
f 1765 1807 1771
f 1777 1815 1825
f 1777 1825 1807
f 1777 1807 1765
f 1805 1815 1777
f 1764 1734 1754
f 1814 1804 1776
f 1806 1776 1764
f 1806 1770 1788
f 1806 1754 1770
f 1806 1764 1754
f 1824 1814 1776
f 1824 1776 1806
f 1835 1824 1806
f 1864 1888 1874
f 1895 1888 1864
f 1916 1918 1895
f 1870 1864 1852
f 1870 1852 1837
f 1870 1895 1864
f 1870 1916 1895
f 1912 1916 1870
f 1908 1912 1870
f 1869 1838 1851
f 1887 1863 1873
f 1911 1907 1869
f 1896 1851 1863
f 1896 1869 1851
f 1896 1911 1869
f 1896 1863 1887
f 1915 1911 1896
f 1917 1915 1896
f 1899 1903 1901
f 1914 1903 1899
f 1931 1934 1914
f 1910 1899 1894
f 1910 1894 1892
f 1910 1914 1899
f 1929 1931 1914
f 1929 1914 1910
f 1928 1929 1910
f 1909 1891 1893
f 1904 1900 1902
f 1930 1927 1909
f 1913 1893 1900
f 1913 1909 1893
f 1913 1900 1904
f 1932 1930 1909
f 1932 1909 1913
f 1933 1932 1913
f 1897 1866 1879
f 1922 1920 1897
f 1906 1879 1886
f 1906 1886 1889
f 1906 1897 1879
f 1924 1922 1897
f 1924 1897 1906
f 1926 1924 1906
f 1905 1890 1885
f 1923 1925 1905
f 1898 1880 1865
f 1898 1885 1880
f 1898 1905 1885
f 1898 1923 1905
f 1921 1923 1898
f 1919 1921 1898
f 1809 1779 1795
f 1862 1850 1809
f 1846 1795 1811
f 1846 1811 1827
f 1846 1809 1795
f 1846 1862 1809
f 1876 1862 1846
f 1884 1876 1846
f 1845 1826 1810
f 1875 1883 1845
f 1808 1794 1778
f 1808 1810 1794
f 1808 1845 1810
f 1861 1875 1845
f 1861 1845 1808
f 1849 1861 1808
f 1642 1611 1638
f 1717 1686 1642
f 1723 1638 1674
f 1723 1674 1696
f 1723 1642 1638
f 1737 1717 1642
f 1737 1642 1723
f 1753 1737 1723
f 1722 1697 1673
f 1637 1722 1673
f 1736 1752 1722
f 1641 1637 1612
f 1641 1722 1637
f 1716 1736 1722
f 1716 1722 1641
f 1685 1716 1641
f 1408 1370 1421
f 1474 1408 1421
f 1480 1450 1408
f 1521 1474 1512
f 1521 1480 1408
f 1521 1408 1474
f 1504 1480 1521
f 1537 1504 1521
f 1520 1511 1473
f 1503 1536 1520
f 1407 1420 1369
f 1407 1473 1420
f 1407 1520 1473
f 1407 1503 1520
f 1479 1503 1407
f 1449 1479 1407
f 1266 1274 1290
f 1262 1266 1290
f 1262 1290 1296
f 1262 1296 1299
f 1410 1342 1372
f 1410 1372 1398
f 1410 1398 1414
f 1260 1262 1299
f 1260 1299 1324
f 1382 1342 1410
f 1258 1260 1324
f 1258 1342 1382
f 1258 1324 1342
f 1254 1258 1382
f 1373 1254 1382
f 1248 1254 1373
f 1393 1248 1373
f 1393 1246 1248
f 1762 1731 1749
f 882 907 936
f 1701 1703 1709
f 1695 1731 1762
f 1695 1709 1731
f 1695 1701 1709
f 955 882 936
f 866 882 955
f 1773 1695 1762
f 1160 1088 1120
f 1160 1120 1216
f 1160 1216 1226
f 1160 1226 1240
f 1160 1240 1246
f 1415 1246 1393
f 1415 1160 1246
f 1415 1393 1417
f 1415 1417 1488
f 1415 1488 1540
f 1668 1695 1773
f 978 833 843
f 978 843 866
f 978 866 955
f 1577 1415 1540
f 1044 1088 1160
f 1780 1786 1799
f 1780 1799 1800
f 1780 1800 1793
f 786 780 784
f 786 784 796
f 786 796 805
f 1747 1654 1658
f 1747 1658 1660
f 1747 1660 1668
f 1747 1773 1786
f 1747 1668 1773
f 1747 1786 1780
f 813 805 815
f 813 815 833
f 813 786 805
f 813 833 978
f 949 813 978
f 949 978 1008
f 949 1008 1028
f 949 1028 1044
f 949 1044 1160
f 1615 1654 1747
f 1615 1415 1577
f 1615 1577 1602
f 1615 1602 1622
f 1615 1622 1654
f 1725 1615 1747
f 821 813 949
f 1711 1615 1725
f 818 821 949
f 1712 1615 1711
f 806 818 949
f 751 744 772
f 751 772 806
f 751 806 949
f 1691 1615 1712
f 1691 1712 1729
f 1691 1729 1738
f 1741 1691 1738
f 704 744 751
f 700 704 751
f 693 700 751
f 1743 1691 1741
f 686 693 751
f 1841 1818 1834
f 547 555 561
f 547 561 575
f 1844 1818 1841
f 536 541 547
f 536 575 587
f 536 547 575
f 1840 1775 1818
f 1840 1818 1844
f 530 536 587
f 530 587 620
f 1832 1775 1840
f 521 530 620
f 1751 1775 1832
f 1751 1760 1775
f 597 521 620
f 597 620 643
f 1720 1760 1751
f 610 597 643
f 610 643 663
f 1783 1751 1832
f 1783 1832 1822
f 1783 1822 1817
f 1783 1817 1803
f 544 521 597
f 544 527 517
f 544 517 516
f 544 516 521
f 1679 1691 1743
f 1679 1760 1720
f 1679 1743 1760
f 628 610 663
f 628 663 686
f 680 628 686
f 680 635 628
f 680 686 751
f 1618 1691 1679
f 1618 1679 1672
f 1626 1618 1672
f 636 635 680
f 1598 1618 1626
f 647 636 680
f 1562 1618 1598
f 664 647 680
f 754 664 680
f 754 657 667
f 754 667 664
f 1424 1618 1562
f 1424 1562 1550
f 1424 1550 1549
f 632 657 754
f 1557 1424 1549
f 581 589 591
f 581 591 592
f 1584 1582 1590
f 565 571 581
f 1574 1582 1584
f 567 581 592
f 567 565 581
f 1365 1344 1424
f 746 754 768
f 1330 1424 1344
f 789 768 754
f 1396 1365 1424
f 1396 1424 1557
f 708 625 626
f 708 626 631
f 708 631 632
f 708 632 754
f 708 754 746
f 1554 1557 1582
f 1554 1582 1574
f 1554 1396 1557
f 582 592 625
f 582 567 592
f 1201 1424 1330
f 958 789 754
f 1284 1201 1330
f 830 789 958
f 1529 1396 1554
f 599 582 625
f 599 625 708
f 1244 1201 1284
f 886 830 958
f 1419 1396 1529
f 677 599 708
f 1492 1419 1529
f 608 599 677
f 1146 1201 1244
f 957 886 958
f 1467 1438 1419
f 1467 1419 1492
f 622 677 650
f 622 608 677
f 1122 1201 1146
f 979 957 958
f 979 1201 1122
f 979 958 1201
f 1000 1122 1113
f 1000 979 1122
f 992 1113 1112
f 992 1000 1113
f 1073 1108 1104
f 1073 1104 1085
f 1002 975 959
f 1002 959 964
f 1048 1112 1108
f 1048 1108 1073
f 1030 964 992
f 1030 992 1112
f 1030 1002 964
f 1030 1112 1048
f 529 537 536
f 529 536 530
f 522 530 521
f 522 529 530
f 515 521 516
f 515 522 521
f 1005 809 1022
f 1022 809 836
f 836 759 798
f 809 759 836
f 798 810 840
f 759 810 798
f 810 1025 840
f 810 1010 1025
f 1010 1193 1025
f 1010 1197 1193
f 1193 1368 1350
f 1197 1368 1193
f 1021 837 1041
f 1041 837 905
f 905 797 847
f 837 797 905
f 847 839 908
f 797 839 847
f 839 1042 908
f 839 1024 1042
f 1042 1192 1189
f 1024 1192 1042
f 1192 1332 1189
f 1192 1351 1332
f 625 592 624
f 624 592 593
f 597 596 545
f 544 597 545
f 647 665 646
f 647 664 665
f 636 646 637
f 636 647 646
f 635 637 634
f 635 636 637
f 518 515 516
f 518 516 517
f 528 517 527
f 528 518 517
f 545 527 544
f 545 528 527
f 570 580 581
f 570 581 571
f 564 571 565
f 564 570 571
f 566 565 567
f 566 564 565
f 597 610 596
f 596 610 609
f 609 628 629
f 610 628 609
f 629 635 634
f 628 635 629
f 664 667 665
f 665 667 666
f 666 667 656
f 667 657 656
f 656 632 633
f 657 632 656
f 620 587 621
f 621 587 586
f 786 813 812
f 786 812 785
f 744 703 743
f 744 743 771
f 744 704 703
f 772 744 771
f 806 771 807
f 806 772 771
f 978 955 977
f 977 955 954
f 1260 1258 1257
f 1260 1257 1259
f 1088 1043 1087
f 1088 1087 1119
f 1088 1044 1043
f 1120 1088 1119
f 1216 1119 1215
f 1216 1120 1119
f 1382 1410 1381
f 1381 1410 1409
f 1668 1667 1694
f 1695 1668 1694
f 1488 1416 1487
f 1488 1417 1416
f 1540 1487 1541
f 1540 1488 1487
f 1577 1541 1578
f 1577 1540 1541
f 1747 1780 1746
f 1746 1780 1781
f 1775 1774 1819
f 1818 1775 1819
f 1729 1713 1728
f 1729 1712 1713
f 1738 1728 1739
f 1738 1729 1728
f 1741 1739 1740
f 1741 1738 1739
f 1751 1783 1750
f 1750 1783 1782
f 1582 1557 1556
f 1582 1556 1581
f 1626 1671 1625
f 1626 1625 1597
f 1626 1672 1671
f 1598 1626 1597
f 1562 1597 1563
f 1562 1598 1597
f 1396 1419 1395
f 1395 1419 1418
f 1108 1112 1111
f 1108 1111 1107
f 1284 1329 1283
f 1284 1330 1329
f 1244 1283 1243
f 1244 1284 1283
f 1146 1243 1145
f 1146 1244 1243
f 992 964 991
f 991 964 963
f 677 708 707
f 677 707 676
f 886 956 885
f 886 885 831
f 886 957 956
f 830 886 831
f 789 831 790
f 789 830 831
f 607 608 622
f 623 607 622
f 651 622 650
f 651 623 622
f 676 650 677
f 676 651 650
f 960 963 964
f 960 964 959
f 976 959 975
f 976 960 959
f 1001 975 1002
f 1001 976 975
f 1086 1074 1073
f 1086 1073 1085
f 1103 1085 1104
f 1103 1086 1085
f 1107 1104 1108
f 1107 1103 1104
f 1418 1419 1438
f 1437 1438 1467
f 1437 1418 1438
f 1466 1437 1467
f 1491 1467 1492
f 1491 1466 1467
f 1583 1573 1574
f 1583 1574 1584
f 1589 1584 1590
f 1589 1583 1584
f 1581 1590 1582
f 1581 1589 1590
f 1782 1783 1803
f 1802 1803 1817
f 1802 1782 1803
f 1816 1817 1822
f 1816 1802 1817
f 1823 1816 1822
f 1842 1843 1844
f 1842 1844 1841
f 1833 1841 1834
f 1833 1842 1841
f 1819 1834 1818
f 1819 1833 1834
f 1781 1780 1793
f 1792 1793 1800
f 1792 1781 1793
f 1801 1800 1799
f 1801 1792 1800
f 1798 1801 1799
f 1702 1708 1709
f 1702 1709 1703
f 1700 1703 1701
f 1700 1702 1703
f 1694 1701 1695
f 1694 1700 1701
f 1413 1409 1410
f 1413 1410 1414
f 1397 1398 1372
f 1397 1414 1398
f 1397 1413 1414
f 1371 1397 1372
f 1265 1273 1274
f 1265 1274 1266
f 1261 1266 1262
f 1261 1265 1266
f 1259 1262 1260
f 1259 1261 1262
f 954 955 936
f 935 936 907
f 935 954 936
f 906 907 882
f 906 935 907
f 881 906 882
f 783 795 796
f 783 796 784
f 779 784 780
f 779 783 784
f 785 780 786
f 785 779 780
f 546 554 555
f 546 555 547
f 540 547 541
f 540 546 547
f 537 541 536
f 537 540 541
f 707 708 745
f 708 746 745
f 745 768 767
f 746 768 745
f 767 789 790
f 768 789 767
f 956 957 980
f 980 979 999
f 957 979 980
f 979 1000 999
f 999 992 991
f 1000 992 999
f 1111 1112 1114
f 1114 1113 1121
f 1112 1113 1114
f 1113 1122 1121
f 1121 1146 1145
f 1122 1146 1121
f 1330 1344 1329
f 1329 1344 1343
f 1343 1365 1366
f 1344 1365 1343
f 1366 1396 1395
f 1365 1396 1366
f 1556 1557 1548
f 1548 1549 1551
f 1557 1549 1548
f 1551 1550 1563
f 1549 1550 1551
f 1550 1562 1563
f 1672 1679 1671
f 1671 1679 1680
f 1680 1720 1721
f 1679 1720 1680
f 1721 1751 1750
f 1720 1751 1721
f 1775 1760 1774
f 1774 1760 1759
f 1759 1743 1742
f 1760 1743 1759
f 1742 1741 1740
f 1743 1741 1742
f 1712 1711 1713
f 1713 1711 1710
f 1710 1725 1724
f 1711 1725 1710
f 1724 1747 1746
f 1725 1747 1724
f 1668 1660 1667
f 1667 1660 1659
f 1659 1658 1657
f 1660 1658 1659
f 1657 1654 1653
f 1658 1654 1657
f 1416 1417 1394
f 1394 1393 1374
f 1417 1393 1394
f 1374 1373 1381
f 1393 1373 1374
f 1373 1382 1381
f 1257 1258 1253
f 1253 1254 1247
f 1258 1254 1253
f 1247 1248 1245
f 1254 1248 1247
f 1248 1246 1245
f 1044 1028 1043
f 1043 1028 1027
f 1027 1008 1007
f 1028 1008 1027
f 1007 978 977
f 1008 978 1007
f 812 813 820
f 820 821 819
f 813 821 820
f 821 818 819
f 819 806 807
f 818 806 819
f 704 700 703
f 703 700 699
f 699 693 694
f 700 693 699
f 694 686 685
f 693 686 694
f 1155 846 872
f 1155 872 1157
f 1517 1157 1489
f 1517 1155 1157
f 1758 1489 1726
f 1758 1517 1489
f 1830 1726 1797
f 1830 1758 1726
f 1763 1797 1733
f 1763 1830 1797
f 1527 1733 1502
f 1527 1763 1733
f 1165 1161 1379
f 1165 1379 1356
f 1542 1379 1576
f 1542 1356 1379
f 1012 982 1161
f 1012 1161 1165
f 1593 1576 1634
f 1593 1542 1576
f 824 787 982
f 824 982 1012
f 1546 1593 1634
f 1579 1546 1634
f 735 824 775
f 735 787 824
f 1391 1361 1546
f 1391 1546 1579
f 791 775 828
f 791 735 775
f 993 828 1017
f 993 791 828
f 1199 1195 1361
f 1199 1017 1195
f 1199 1361 1391
f 1199 993 1017
f 1161 982 981
f 1161 981 1162
f 1379 1162 1380
f 1379 1380 1575
f 1379 1161 1162
f 1576 1379 1575
f 1634 1575 1633
f 1634 1633 1580
f 1634 1576 1575
f 1579 1580 1392
f 1579 1634 1580
f 1391 1579 1392
f 1580 1424 1392
f 1618 1424 1580
f 1691 1580 1633
f 1691 1618 1580
f 1575 1691 1633
f 1615 1691 1575
f 1415 1575 1380
f 1415 1615 1575
f 1160 1380 1162
f 1160 1415 1380
f 949 1162 981
f 949 1160 1162
f 1707 1692 1769
f 1715 1707 1769
f 1690 1692 1707
f 1705 1715 1769
f 1678 1692 1690
f 1687 1705 1769
f 1675 1687 1769
f 1666 1692 1678
f 1561 1692 1666
f 1561 1666 1645
f 1561 1645 1636
f 1609 1664 1675
f 1609 1675 1769
f 1609 1636 1644
f 1609 1644 1664
f 1609 1561 1636
f 1470 1481 1692
f 1461 1481 1470
f 1651 1769 1682
f 1655 1651 1682
f 1447 1481 1461
f 1460 1692 1561
f 1460 1470 1692
f 1649 1655 1682
f 1631 1609 1769
f 1631 1769 1651
f 1426 1481 1447
f 1445 1460 1561
f 1627 1649 1682
f 1616 1609 1631
f 1402 1481 1426
f 1614 1627 1682
f 1367 1400 1422
f 1367 1422 1445
f 1367 1377 1385
f 1367 1385 1400
f 1367 1445 1561
f 1558 1616 1606
f 1558 1606 1596
f 1558 1596 1585
f 1558 1585 1591
f 1558 1609 1616
f 1471 1603 1614
f 1471 1614 1682
f 1202 1402 1387
f 1202 1481 1402
f 1198 1202 1387
f 1198 1387 1377
f 1198 1377 1367
f 1364 1591 1603
f 1364 1603 1471
f 1364 1558 1591
f 1099 1202 1198
f 1099 1095 1202
f 1321 1364 1471
f 1321 1471 1325
f 1083 1202 1095
f 1094 1099 1198
f 1315 1364 1321
f 1320 1325 1471
f 1072 1202 1083
f 1081 1094 1198
f 1313 1320 1471
f 1304 1364 1315
f 1069 1081 1198
f 1009 1058 1069
f 1009 1049 1058
f 1009 1069 1198
f 1163 1364 1304
f 1163 1304 1294
f 1163 1294 1277
f 1163 1277 1269
f 902 1072 1060
f 902 1060 1051
f 902 1051 1045
f 902 1045 1049
f 902 1202 1072
f 902 1049 1009
f 1158 1313 1471
f 1158 1292 1301
f 1158 1301 1313
f 1158 1163 1269
f 1158 1269 1275
f 1158 1275 1292
f 777 1009 811
f 777 811 781
f 996 1006 1163
f 996 988 1006
f 765 902 1009
f 765 1009 777
f 773 781 811
f 973 1006 988
f 985 1163 1158
f 985 996 1163
f 755 902 765
f 763 773 811
f 950 1006 973
f 971 985 1158
f 753 763 811
f 928 1006 950
f 891 971 1158
f 891 926 948
f 891 948 971
f 891 904 912
f 891 912 926
f 691 755 742
f 691 742 720
f 691 720 715
f 691 715 717
f 691 902 755
f 808 928 914
f 808 1006 928
f 760 753 811
f 760 738 753
f 733 760 808
f 733 725 760
f 724 733 808
f 712 760 725
f 698 760 712
f 710 724 808
f 603 691 717
f 603 717 738
f 603 738 760
f 603 760 698
f 603 698 684
f 603 684 671
f 603 671 660
f 679 904 891
f 679 808 914
f 679 710 808
f 679 603 660
f 679 914 904
f 679 681 695
f 679 695 710
f 679 660 668
f 679 668 681
f 764 778 782
f 764 782 774
f 752 778 764
f 737 766 778
f 737 778 752
f 719 741 756
f 718 716 719
f 718 756 766
f 718 766 737
f 718 719 756
f 738 717 737
f 737 717 718
f 718 715 716
f 717 715 718
f 716 720 719
f 715 720 716
f 719 742 741
f 720 742 719
f 741 755 756
f 742 755 741
f 756 765 766
f 755 765 756
f 696 726 734
f 696 734 723
f 696 723 709
f 683 697 711
f 669 661 670
f 669 670 683
f 669 711 726
f 669 696 682
f 669 726 696
f 669 683 711
f 681 668 682
f 682 668 669
f 669 660 661
f 668 660 669
f 661 671 670
f 660 671 661
f 670 684 683
f 671 684 670
f 683 698 697
f 684 698 683
f 697 712 711
f 698 712 697
f 951 974 987
f 927 987 995
f 927 951 987
f 913 995 986
f 913 927 995
f 911 903 913
f 911 986 972
f 911 972 947
f 911 947 925
f 911 913 986
f 926 912 925
f 925 912 911
f 911 904 903
f 912 904 911
f 903 914 913
f 904 914 903
f 913 928 927
f 914 928 913
f 927 950 951
f 928 950 927
f 951 973 974
f 950 973 951
f 1270 1278 1293
f 1270 1293 1303
f 1270 1303 1316
f 1270 1316 1322
f 1270 1322 1326
f 1270 1326 1319
f 1270 1319 1314
f 1270 1314 1302
f 1276 1302 1291
f 1276 1270 1302
f 1292 1275 1291
f 1291 1275 1276
f 1276 1269 1270
f 1275 1269 1276
f 1270 1277 1278
f 1269 1277 1270
f 1278 1294 1293
f 1277 1294 1278
f 1293 1304 1303
f 1294 1304 1293
f 1303 1315 1316
f 1304 1315 1303
f 1613 1650 1628
f 1592 1586 1595
f 1592 1595 1605
f 1592 1605 1617
f 1592 1617 1632
f 1592 1632 1652
f 1592 1652 1656
f 1592 1656 1650
f 1592 1613 1604
f 1592 1650 1613
f 1603 1591 1604
f 1604 1591 1592
f 1592 1585 1586
f 1591 1585 1592
f 1586 1596 1595
f 1585 1596 1586
f 1595 1606 1605
f 1596 1606 1595
f 1605 1616 1617
f 1606 1616 1605
f 1617 1631 1632
f 1616 1631 1617
f 1677 1689 1706
f 1665 1706 1714
f 1665 1677 1706
f 1646 1714 1704
f 1646 1665 1714
f 1635 1704 1688
f 1635 1646 1704
f 1643 1688 1676
f 1643 1676 1663
f 1643 1635 1688
f 1664 1644 1663
f 1663 1644 1643
f 1643 1636 1635
f 1644 1636 1643
f 1635 1645 1646
f 1636 1645 1635
f 1646 1666 1665
f 1645 1666 1646
f 1665 1678 1677
f 1666 1678 1665
f 1677 1690 1689
f 1678 1690 1677
f 1423 1469 1459
f 1423 1459 1446
f 1399 1448 1462
f 1399 1462 1469
f 1399 1469 1423
f 1378 1388 1401
f 1378 1401 1425
f 1386 1425 1448
f 1386 1448 1399
f 1386 1378 1425
f 1400 1385 1399
f 1399 1385 1386
f 1386 1377 1378
f 1385 1377 1386
f 1378 1387 1388
f 1377 1387 1378
f 1388 1402 1401
f 1387 1402 1388
f 1401 1426 1425
f 1402 1426 1401
f 1425 1447 1448
f 1426 1447 1425
f 1082 1096 1100
f 1082 1100 1093
f 1057 1084 1096
f 1057 1082 1070
f 1057 1096 1082
f 1046 1057 1050
f 1046 1052 1059
f 1046 1059 1071
f 1046 1071 1084
f 1046 1084 1057
f 1058 1049 1057
f 1057 1049 1050
f 1050 1045 1046
f 1049 1045 1050
f 1046 1051 1052
f 1045 1051 1046
f 1052 1060 1059
f 1051 1060 1052
f 1059 1072 1071
f 1060 1072 1059
f 1071 1083 1084
f 1072 1083 1071
