v -0.206055343 0.187285722 -0.013999991
v -0.206055342 0.18728572 0.00100001
v -0.205962766 0.170101821 -0.013999992
v -0.205962765 0.17010182 0.001000008
v -0.204198652 0.178669675 0.001000009
v -0.204198652 0.178669677 -0.013999992
v -0.204185743 0.179756639 0.001000009
v -0.204185743 0.17975664 -0.013999991
v -0.203666334 0.177721887 -0.013999992
v -0.203666333 0.177721885 0.001000009
v -0.203631086 0.180691525 0.001000009
v -0.203631086 0.180691526 -0.013999991
v -0.202731458 0.177167229 0.001000009
v -0.202731458 0.177167231 -0.013999992
v -0.202683302 0.181223833 -0.013999991
v -0.202683301 0.181223832 0.001000009
v -0.201644483 0.177154325 0.001000009
v -0.201644483 0.177154326 -0.013999992
v -0.201596327 0.181210929 -0.013999991
v -0.201596326 0.181210928 0.001000009
v -0.200696699 0.177686633 -0.013999992
v -0.200696698 0.177686632 0.001000009
v -0.200661451 0.180656272 0.001000009
v -0.200661451 0.180656273 -0.013999992
v -0.200142042 0.178621519 -0.013999992
v -0.200142041 0.178621518 0.001000009
v -0.200129133 0.179708483 -0.013999992
v -0.200129132 0.179708482 0.001000009
v -0.197372391 0.20211479 -0.01399999
v -0.19737239 0.202114788 0.001000011
v -0.197120525 0.155367179 -0.013999994
v -0.197120524 0.155367178 0.001000007
v -0.196375469 0.159129997 -0.013999994
v -0.196375468 0.159129995 0.001000007
v -0.196362575 0.160216959 0.001000007
v -0.196362575 0.160216961 -0.013999994
v -0.195982297 0.173421277 -0.013999992
v -0.195982296 0.173421275 0.001000008
v -0.195913818 0.198018133 -0.01399999
v -0.195913817 0.198018132 0.001000011
v -0.195900924 0.199105096 0.001000011
v -0.195900924 0.199105097 -0.01399999
v -0.195847105 0.184808511 0.001000009
v -0.195847105 0.184808513 -0.013999991
v -0.195843166 0.158182209 -0.013999994
v -0.195843165 0.158182207 0.001000007
v -0.195807918 0.161151846 0.001000007
v -0.195807918 0.161151848 -0.013999994
v -0.195381515 0.197070344 -0.01399999
v -0.195381514 0.197070342 0.001000011
v -0.195346267 0.200039982 0.001000011
v -0.195346267 0.200039983 -0.01399999
v -0.194908275 0.157627552 -0.013999994
v -0.194908274 0.15762755 0.001000007
v -0.194860119 0.161684154 -0.013999994
v -0.194860118 0.161684153 0.001000007
v -0.194446624 0.196515687 -0.01399999
v -0.194446623 0.196515686 0.001000011
v -0.194398468 0.20057229 -0.01399999
v -0.194398467 0.200572289 0.001000011
v -0.193821315 0.157614651 -0.013999994
v -0.193821314 0.157614649 0.001000007
v -0.193773159 0.161671251 -0.013999994
v -0.193773158 0.16167125 0.001000007
v -0.193359664 0.196502782 0.00100001
v -0.193359664 0.196502784 -0.01399999
v -0.193311508 0.200559386 -0.01399999
v -0.193311507 0.200559385 0.001000011
v -0.192873531 0.158146957 -0.013999994
v -0.19287353 0.158146956 0.001000007
v -0.192838268 0.161116594 -0.013999994
v -0.192838267 0.161116593 0.001000007
v -0.19241188 0.19703509 -0.01399999
v -0.192411879 0.197035089 0.00100001
v -0.192376632 0.200004728 0.001000011
v -0.192376632 0.20000473 -0.01399999
v -0.192318874 0.159081841 -0.013999994
v -0.192318873 0.159081839 0.001000007
v -0.192305965 0.160168804 -0.013999994
v -0.192305964 0.160168803 0.001000007
v -0.191857223 0.197969977 -0.01399999
v -0.191857222 0.197969976 0.001000011
v -0.191844314 0.19905694 -0.01399999
v -0.191844313 0.199056939 0.001000011
v -0.190405742 0.163492049 0.001000007
v -0.190405742 0.163492051 -0.013999994
v -0.190036422 0.194602558 -0.013999991
v -0.190036421 0.194602557 0.00100001
v -0.182341377 0.210443272 0.001000011
v -0.182341377 0.210443273 -0.013999989
v -0.182000635 0.147201142 -0.013999996
v -0.182000634 0.14720114 0.001000005
v -0.180611697 0.157681363 -0.013999995
v -0.180611696 0.157681362 0.001000006
v -0.1801072 0.200179108 -0.01399999
v -0.180107199 0.200179106 0.00100001
v -0.179303491 0.146299596 -0.013999996
v -0.17930349 0.146299594 0.001000005
v -0.177027017 0.150845176 0.001000005
v -0.177027017 0.150845178 -0.013999995
v -0.177014108 0.15193214 0.001000005
v -0.177014108 0.151932142 -0.013999995
v -0.176824975 0.144905206 -0.013999996
v -0.176824974 0.144905204 0.001000005
v -0.176494707 0.14989739 -0.013999996
v -0.176494706 0.149897388 0.001000005
v -0.176459452 0.152867029 -0.013999995
v -0.176459451 0.152867027 0.001000005
v -0.176374145 0.205841306 -0.01399999
v -0.176374144 0.205841304 0.001000011
v -0.176361244 0.20692827 -0.01399999
v -0.176361243 0.206928268 0.001000011
v -0.175841842 0.204893517 -0.01399999
v -0.175841841 0.204893515 0.001000011
v -0.175806587 0.207863156 -0.01399999
v -0.175806586 0.207863154 0.001000011
v -0.175559823 0.149342731 0.001000005
v -0.175559823 0.149342733 -0.013999996
v -0.175511667 0.153399334 0.001000005
v -0.175511667 0.153399335 -0.013999995
v -0.174906951 0.20433886 -0.01399999
v -0.17490695 0.204338858 0.001000011
v -0.174858795 0.208395462 -0.01399999
v -0.174858794 0.208395461 0.001000011
v -0.174654168 0.143068093 -0.013999996
v -0.174654167 0.143068092 0.001000004
v -0.174472856 0.149329828 -0.013999996
v -0.174472855 0.149329826 0.001000005
v -0.1744247 0.15338643 -0.013999995
v -0.174424699 0.153386429 0.001000005
v -0.173819991 0.204325954 0.00100001
v -0.173819991 0.204325956 -0.01399999
v -0.173771835 0.208382559 -0.01399999
v -0.173771834 0.208382558 0.001000011
v -0.173525072 0.149862135 -0.013999996
v -0.173525071 0.149862133 0.001000005
v -0.173489816 0.152831772 0.001000005
v -0.173489816 0.152831774 -0.013999995
v -0.172970415 0.150797022 -0.013999996
v -0.172970414 0.15079702 0.001000005
v -0.172957506 0.151883985 -0.013999995
v -0.172957505 0.151883984 0.001000005
v -0.172872199 0.204858262 0.00100001
v -0.172872199 0.204858263 -0.01399999
v -0.172836944 0.207827902 -0.01399999
v -0.172836943 0.207827901 0.001000011
v -0.172317542 0.205793148 0.001000011
v -0.172317542 0.20579315 -0.01399999
v -0.172304641 0.206880113 -0.01399999
v -0.17230464 0.206880112 0.001000011
v -0.169224459 0.157546183 -0.013999995
v -0.169224458 0.157546182 0.001000006
v -0.168719962 0.200043928 -0.013999991
v -0.168719961 0.200043926 0.00100001
v -0.165164512 0.209942787 -0.01399999
v -0.165164511 0.209942785 0.001000011
v -0.162895134 0.143243985 0.001000004
v -0.162895134 0.143243987 -0.013999997
v -0.162870552 0.145314389 0.001000004
v -0.162870552 0.145314391 -0.013999997
v -0.161881218 0.141438673 -0.013999997
v -0.161881217 0.141438672 0.001000004
v -0.161814065 0.147095126 -0.013999996
v -0.161814064 0.147095124 0.001000004
v -0.161462838 0.14740029 -0.013999996
v -0.161462837 0.147400289 0.001000004
v -0.161078553 0.147662604 -0.013999996
v -0.161078552 0.147662603 0.001000004
v -0.160666405 0.147878515 0.001000004
v -0.160666405 0.147878516 -0.013999996
v -0.159295237 0.163122732 -0.013999995
v -0.159295236 0.16312273 0.001000006
v -0.159266114 0.148550124 -0.013999996
v -0.159266113 0.148550123 0.001000004
v -0.158925916 0.19423324 -0.013999992
v -0.158925915 0.194233239 0.001000009
v -0.15789795 0.149284976 -0.013999996
v -0.157897949 0.149284975 0.001000004
v -0.157025693 0.197556484 0.001000009
v -0.157025693 0.197556485 -0.013999992
v -0.157012785 0.198643449 -0.013999991
v -0.157012784 0.198643448 0.001000009
v -0.156564774 0.150081542 -0.013999996
v -0.156564773 0.150081541 0.001000004
v -0.156493383 0.196608696 -0.013999992
v -0.156493382 0.196608694 0.001000009
v -0.156458128 0.199578335 -0.013999991
v -0.156458127 0.199578334 0.001000009
v -0.1555585 0.196054039 -0.013999992
v -0.155558499 0.196054038 0.001000009
v -0.155510343 0.20011064 0.001000009
v -0.155510343 0.200110642 -0.013999991
v -0.15486847 0.150671997 -0.013999996
v -0.154868469 0.150671995 0.001000004
v -0.154471532 0.196041134 0.001000009
v -0.154471532 0.196041136 -0.013999992
v -0.154423376 0.200097739 -0.013999991
v -0.154423375 0.200097737 0.001000009
v -0.15352374 0.196573443 -0.013999992
v -0.153523739 0.196573441 0.001000009
v -0.153488493 0.199543082 -0.013999992
v -0.153488492 0.19954308 0.001000009
v -0.153484546 0.172916777 -0.013999994
v -0.153484545 0.172916776 0.001000007
v -0.153349369 0.184304015 -0.013999993
v -0.153349368 0.184304013 0.001000008
v -0.153084809 0.150460674 -0.013999996
v -0.153084808 0.150460673 0.001000004
v -0.152969083 0.197508328 0.001000009
v -0.152969083 0.197508329 -0.013999992
v -0.152956182 0.198595292 -0.013999992
v -0.152956181 0.198595291 0.001000009
v -0.151573433 0.149490179 0.001000004
v -0.151573433 0.149490181 -0.013999997
v -0.150643926 0.200753246 0.001000009
v -0.150643926 0.200753248 -0.013999992
v -0.148401998 0.127635583 0.001000002
v -0.148401998 0.127635585 -0.013999999
v -0.146953095 0.158401645 0.001000005
v -0.146953095 0.158401646 -0.013999996
v -0.146784173 0.156613473 -0.013999996
v -0.146784172 0.156613471 0.001000005
v -0.146621267 0.126579097 -0.013999999
v -0.146621266 0.126579096 0.001000002
v -0.146322534 0.160083459 -0.013999996
v -0.146322533 0.160083457 0.001000005
v -0.145849831 0.155079486 0.001000004
v -0.145849831 0.155079488 -0.013999996
v -0.145494546 0.161397348 0.001000005
v -0.145494546 0.161397349 -0.013999996
v -0.144727426 0.162747682 -0.013999996
v -0.144727425 0.16274768 0.001000005
v -0.144550855 0.126554514 0.001000002
v -0.144550855 0.126554515 -0.013999999
v -0.14402276 0.164131633 -0.013999995
v -0.144022759 0.164131632 0.001000005
v -0.143797128 0.164538538 0.001000005
v -0.143797128 0.164538539 -0.013999995
v -0.143525766 0.164916492 -0.013999995
v -0.143525765 0.16491649 0.001000005
v -0.14321235 0.165260374 0.001000005
v -0.14321235 0.165260376 -0.013999995
v -0.14283913 0.185443771 -0.013999993
v -0.142839129 0.18544377 0.001000007
v -0.142745542 0.127568439 -0.013999999
v -0.142745541 0.127568438 0.001000002
v -0.142001865 0.182725986 -0.013999994
v -0.142001864 0.182725985 0.001000007
v -0.141407037 0.166274292 0.001000005
v -0.141407037 0.166274294 -0.013999995
v -0.141319012 0.118478594 -0.005
v -0.141319012 0.118478594 0.001000001
v -0.141288288 0.121066599 -0.004999999
v -0.141288288 0.121066599 0.001000001
v -0.140666705 0.180215066 -0.013999994
v -0.140666704 0.180215064 0.001000007
v -0.140051617 0.116221949 -0.005
v -0.140051616 0.116221948 0.001
v -0.139967679 0.123292521 -0.004999999
v -0.139967678 0.123292521 0.001000001
v -0.139336633 0.166249716 -0.013999995
v -0.139336632 0.166249714 0.001000005
v -0.139168295 0.131061753 -0.013999999
v -0.139168294 0.131061751 0.001000002
v -0.139101141 0.136718207 0.001000002
v -0.139101141 0.136718209 -0.013999998
v -0.13888164 0.178001263 -0.013999994
v -0.138881639 0.178001262 0.001000006
v -0.138111807 0.132842488 -0.013999999
v -0.138111806 0.132842486 0.001000002
v -0.138087225 0.134912896 -0.013999999
v -0.138087224 0.134912894 0.001000002
v -0.137555894 0.165193228 -0.013999996
v -0.137555893 0.165193226 0.001000005
v -0.133377539 0.142307514 0.001000003
v -0.133377539 0.142307516 -0.013999998
v -0.1315968 0.141251026 0.001000003
v -0.1315968 0.141251028 -0.013999998
v -0.129526396 0.14122645 -0.013999998
v -0.129526395 0.141226448 0.001000002
v -0.127721083 0.142240366 -0.013999998
v -0.127721082 0.142240365 0.001000002
v -0.124143828 0.145733683 -0.013999998
v -0.124143827 0.145733682 0.001000003
v -0.124076682 0.151390138 0.001000003
v -0.124076682 0.151390139 -0.013999997
v -0.12308734 0.147514422 -0.013999998
v -0.123087339 0.147514421 0.001000003
v -0.123062766 0.149584826 -0.013999998
v -0.123062765 0.149584825 0.001000003
v -0.119935064 0.142855092 0.001000002
v -0.119935064 0.142855093 -0.004999998
v -0.117678419 0.144122491 0.001000002
v -0.117678419 0.144122492 -0.004999998
v -0.11509041 0.144091768 0.001000002
v -0.11509041 0.144091769 -0.004999998
v -0.112864492 0.142771159 -0.004999998
v -0.112864491 0.142771158 0.001000002
v -0.110707752 0.086173023 -0.005000004
v -0.110707751 0.086173023 0.000999996
v -0.108481833 0.084852413 -0.005000004
v -0.108481833 0.084852413 0.000999996
v -0.105893824 0.084821689 0.000999996
v -0.105893824 0.08482169 -0.005000004
v -0.103637183 0.086089085 -0.005000004
v -0.103637183 0.086089085 0.000999996
v -0.097913577 0.091678395 0.000999996
v -0.097913577 0.091678396 -0.005000004
v -0.097524115 0.084221554 0.000999996
v -0.097524115 0.084221556 -0.014000005
v -0.097436007 0.082019499 -0.014000005
v -0.097436006 0.082019497 0.000999995
v -0.097010921 0.092185354 -0.005000004
v -0.09701092 0.092185353 0.000999996
v -0.096432559 0.086136061 -0.014000005
v -0.096432558 0.08613606 0.000999996
v -0.096194987 0.080198324 -0.014000006
v -0.096194986 0.080198323 0.000999995
v -0.095975715 0.092173063 -0.005000004
v -0.095975715 0.092173063 0.000999996
v -0.095085349 0.091644819 -0.005000004
v -0.095085349 0.091644819 0.000999996
v -0.09442026 0.08810114 0.000999996
v -0.09442026 0.088101141 -0.005000005
v -0.094386687 0.090929372 0.000999996
v -0.094386687 0.090929373 -0.005000004
v -0.094177755 0.079310857 0.000999995
v -0.094177755 0.079310858 -0.014000006
v -0.093892016 0.088991514 -0.005000004
v -0.093892016 0.088991514 0.000999996
v -0.093879725 0.090026716 -0.005000004
v -0.093879725 0.090026716 0.000999996
v -0.089868701 0.098136786 -0.005000004
v -0.089868701 0.098136786 0.000999997
v -0.089856414 0.099171988 -0.005000004
v -0.089856414 0.099171988 0.000999997
v -0.089361743 0.097234129 0.000999996
v -0.089361743 0.09723413 -0.005000004
v -0.08932817 0.100062353 0.000999997
v -0.08932817 0.100062354 -0.005000004
v -0.088663081 0.096518675 0.000999996
v -0.088663081 0.096518676 -0.005000004
v -0.088349732 0.066907439 -0.014000007
v -0.088349731 0.066907437 0.000999993
v -0.088325154 0.068977843 -0.014000007
v -0.088325153 0.068977841 0.000999994
v -0.087772712 0.095990431 0.000999996
v -0.087772712 0.095990432 -0.005000004
v -0.087335812 0.065102126 -0.014000008
v -0.087335811 0.065102124 0.000999993
v -0.087268666 0.07075858 0.000999994
v -0.087268666 0.070758582 -0.014000007
v -0.08673751 0.09597814 0.000999996
v -0.08673751 0.095978141 -0.005000004
v -0.086287553 0.071462035 -0.014000007
v -0.086287552 0.071462034 0.000999994
v -0.085834853 0.096485106 0.000999996
v -0.085834853 0.096485107 -0.005000004
v -0.085141246 0.071840735 -0.014000007
v -0.085141245 0.071840734 0.000999994
v -0.083934159 0.071860183 -0.014000007
v -0.083934158 0.071860181 0.000999994
v -0.083604565 0.105651665 -0.005000003
v -0.083604564 0.105651664 0.000999997
v -0.083520629 0.112722237 -0.005000003
v -0.083520628 0.112722236 0.000999998
v -0.082283955 0.107877586 -0.005000003
v -0.082283954 0.107877586 0.000999997
v -0.082253231 0.110465591 0.000999998
v -0.082253231 0.110465592 -0.005000003
v -0.080826698 0.101375749 -0.014000004
v -0.080826697 0.101375747 0.000999997
v -0.079021385 0.102389665 -0.014000004
v -0.079021384 0.102389663 0.000999997
v -0.076950979 0.102365091 -0.014000004
v -0.076950978 0.102365089 0.000999996
v -0.075590554 0.113189447 -0.014000003
v -0.075590554 0.113189447 -0.011000003
v -0.075170244 0.101308603 -0.014000004
v -0.075170243 0.101308601 0.000999996
v -0.07392293 0.110911318 -0.014000003
v -0.07392293 0.110911318 -0.011000003
v -0.072958502 0.108257883 -0.014000004
v -0.072958502 0.108257883 -0.011000004
v -0.072774147 0.105440637 -0.014000004
v -0.072774147 0.105440637 -0.011000004
v -0.072635018 0.098712457 -0.014000005
v -0.072635018 0.098712457 -0.011000005
v -0.064604457 0.0752827 -0.011000007
v -0.064604457 0.075282701 -0.014000007
v -0.059687569 0.068557572 -0.011000008
v -0.059687569 0.068557573 -0.014000008
v -0.059012328 0.074521005 -0.011000008
v -0.059012327 0.074521004 0.000999993
v -0.057061268 0.074741616 0.000999993
v -0.057061268 0.074741617 -0.011000008
v -0.055610674 0.081279062 -0.011000007
v -0.055610673 0.081279061 0.000999994
v -0.055450248 0.075864075 0.000999993
v -0.055450248 0.075864077 -0.011000008
v -0.054625599 0.079580553 -0.011000007
v -0.054625598 0.079580552 0.000999993
v -0.054567453 0.077617921 0.000999993
v -0.054567453 0.077617922 -0.011000007
v -0.047232899 0.06686114 -0.011000009
v -0.047232898 0.066861138 0.000999992
v -0.045480089 0.066416102 -0.011000009
v -0.045462695 0.022222893 -0.014000013
v -0.045462694 0.022222892 0.000999987
v -0.043872021 0.065588748 -0.011000009
v -0.043834835 0.02121264 -0.014000014
v -0.043834834 0.021212638 0.000999987
v -0.043814689 0.065550126 0.000999992
v -0.042490867 0.064421351 -0.014000009
v -0.042490866 0.064421351 -0.011000009
v -0.042400549 0.064515498 -0.014000009
v -0.042400549 0.064515498 -0.011000009
v -0.042309011 0.064608454 -0.011000009
v -0.042309011 0.064608455 -0.014000009
v -0.042216269 0.064700213 -0.014000009
v -0.042216268 0.064700213 -0.011000009
v -0.041923895 0.021075248 0.000999987
v -0.041923895 0.02107525 -0.014000014
v -0.041583065 0.036865976 -0.014000012
v -0.041583064 0.036865975 0.000999989
v -0.041462315 0.034466286 0.000999988
v -0.041462315 0.034466287 -0.014000012
v -0.041372559 0.062913753 -0.01400001
v -0.041338434 0.062853647 0.000999991
v -0.040823804 0.039145577 0.000999989
v -0.040823804 0.039145578 -0.014000012
v -0.04063633 0.061187068 -0.01400001
v -0.040478056 0.032274422 0.000999988
v -0.040478056 0.032274423 -0.014000013
v -0.04032271 0.059336374 0.000999991
v -0.04032271 0.059336375 -0.01400001
v -0.040168267 0.021842279 -0.014000014
v -0.040168266 0.021842277 0.000999987
v -0.0400763 0.040844675 -0.014000012
v -0.040076299 0.040844674 0.000999989
v -0.039655711 0.042652659 -0.014000012
v -0.03965571 0.042652657 0.000999989
v -0.039576527 0.044507226 0.000999989
v -0.039576527 0.044507227 -0.014000011
v -0.039563767 0.030658929 -0.014000013
v -0.039563766 0.030658928 0.000999988
v -0.038970706 0.023337745 0.000999987
v -0.038970706 0.023337747 -0.014000014
v -0.03896381 0.028902307 -0.014000013
v -0.038963809 0.028902306 0.000999988
v -0.038698858 0.027065056 0.000999987
v -0.038698858 0.027065057 -0.014000013
v -0.038605947 0.025218574 0.000999987
v -0.038605947 0.025218576 -0.014000013
v -0.038049538 0.035245156 0.000999988
v -0.038049538 0.035245157 -0.014000012
v -0.038031104 0.036797968 -0.014000012
v -0.038031103 0.036797967 0.000999988
v -0.037702984 0.067235004 -0.014000009
v -0.037702984 0.067235004 -0.011000009
v -0.037289099 0.033891167 0.000999988
v -0.037289099 0.033891169 -0.014000013
v -0.037238738 0.038133509 -0.014000012
v -0.037238737 0.038133507 0.000999989
v -0.035953547 0.03309881 -0.014000013
v -0.035953546 0.033098809 0.000999988
v -0.035884751 0.038893945 0.000999989
v -0.035884751 0.038893946 -0.014000012
v -0.034400742 0.033080378 -0.014000013
v -0.034400741 0.033080376 0.000999988
v -0.034331946 0.038875512 0.000999988
v -0.034331946 0.038875514 -0.014000012
v -0.033046757 0.033840815 -0.014000013
v -0.033046756 0.033840814 0.000999988
v -0.032996396 0.038083155 -0.014000012
v -0.032996395 0.038083154 0.000999988
v -0.032526968 0.067173557 -0.014000009
v -0.032526968 0.067173557 -0.011000009
v -0.032254391 0.035176354 0.000999988
v -0.032254391 0.035176356 -0.014000013
v -0.032235957 0.036729167 -0.014000013
v -0.032235956 0.036729165 0.000999988
v -0.031679548 0.046755748 -0.014000012
v -0.031679547 0.046755747 0.000999989
v -0.031586635 0.044909267 -0.014000012
v -0.031586634 0.044909265 0.000999989
v -0.031577217 0.047877406 -0.014000011
v -0.031577216 0.047877405 0.000999989
v -0.031321683 0.043072015 0.000999989
v -0.031321683 0.043072017 -0.014000012
v -0.031166258 0.048926052 -0.014000011
v -0.031166257 0.04892605 0.000999989
v -0.030721728 0.041315393 0.000999989
v -0.030721728 0.041315394 -0.014000012
v -0.030708967 0.027467097 -0.014000013
v -0.030708966 0.027467095 0.000999987
v -0.030629783 0.029321664 0.000999987
v -0.030629783 0.029321665 -0.014000013
v -0.030479256 0.049818584 -0.014000011
v -0.030479255 0.049818583 0.000999989
v -0.030209194 0.031129649 -0.014000013
v -0.030209193 0.031129647 0.000999988
v -0.030074841 0.014864893 -0.014000015
v -0.03007484 0.014864891 0.000999986
v -0.029807439 0.039699901 -0.014000012
v -0.029807438 0.039699899 0.000999988
v -0.029461691 0.032828746 -0.014000013
v -0.02946169 0.032828744 0.000999988
v -0.029326582 0.012729456 -0.014000015
v -0.029326581 0.012729454 0.000999986
v -0.028823178 0.037508037 -0.014000013
v -0.028823177 0.037508035 0.000999988
v -0.028702429 0.035108348 -0.014000013
v -0.028702428 0.035108346 0.000999988
v -0.028673942 0.050832499 0.000999989
v -0.028673942 0.0508325 -0.014000011
v -0.028075128 0.064532337 -0.01100001
v -0.028075128 0.064532338 -0.01400001
v -0.027539386 0.011341683 0.000999985
v -0.027539386 0.011341684 -0.014000015
v -0.026603534 0.050807917 0.000999989
v -0.026603534 0.050807919 -0.014000011
v -0.025285156 0.011145655 -0.014000015
v -0.025285155 0.011145653 0.000999985
v -0.024822799 0.049751429 0.000999989
v -0.024822799 0.049751431 -0.014000012
v -0.023285242 0.012204111 -0.014000015
v -0.023285241 0.01220411 0.000999985
v -0.017886242 -0.017466591 0.000999982
v -0.017886242 -0.017466589 -0.014000018
v -0.016500856 -0.004212118 -0.014000017
v -0.016500855 -0.004212119 0.000999984
v -0.016396216 0.004602641 -0.014000016
v -0.016396215 0.004602639 0.000999984
v -0.015247177 -0.019812201 -0.014000019
v -0.012303985 -0.021762625 -0.014000019
v -0.012184102 -0.011898245 -0.014000018
v -0.012184101 -0.011898246 0.000999983
v -0.011898215 0.012184122 0.000999985
v -0.011898215 0.012184124 -0.014000016
v -0.009115371 -0.023278952 -0.014000019
v -0.00911537 -0.023278953 -0.002000019
v -0.008165707 0.026968884 -0.014000014
v -0.008165706 0.026968883 0.000999986
v -0.008098557 0.032625347 0.000999987
v -0.008098557 0.032625348 -0.014000014
v -0.007109215 0.028749614 0.000999986
v -0.007109215 0.028749616 -0.014000014
v -0.007084637 0.030820034 0.000999987
v -0.007084637 0.030820035 -0.014000014
v -0.006756644 -0.024069648 0.000999981
v -0.004602619 -0.016396245 -0.014000019
v -0.004602618 -0.016396247 0.000999982
v -0.004212092 0.01650088 0.000999985
v -0.004212092 0.016500882 -0.014000016
v 0.000225748 -0.024998984 -0.002000019
v 0.004212136 -0.016500889 -0.014000019
v 0.004212137 -0.01650089 0.000999981
v 0.004602662 0.016396238 -0.014000016
v 0.004602663 0.016396236 0.000999985
v 0.006183398 -0.024223257 0.000999981
v 0.009534281 -0.023110555 -0.00200002
v 0.011898263 -0.012184132 0.000999982
v 0.011898263 -0.012184131 -0.014000019
v 0.012184149 0.011898237 -0.014000017
v 0.01218415 0.011898236 0.000999984
v 0.016110891 0.019284636 -0.014000016
v 0.016110892 0.019284635 -0.002000016
v 0.016396263 -0.004602648 -0.014000019
v 0.016396264 -0.00460265 0.000999982
v 0.0165009 0.004212109 0.000999983
v 0.0165009 0.004212111 -0.014000018
v 0.016931307 -0.025069095 -0.014000021
v 0.016931308 -0.025069096 -0.00200002
v 0.017028406 -0.023097247 -0.01400002
v 0.017028407 -0.023097248 -0.00200002
v 0.017313742 0.018093885 -0.002000016
v 0.017313742 0.018093886 -0.014000016
v 0.017466608 -0.017886265 -0.002000019
v 0.017466608 -0.017886265 0.000999981
v 0.017789156 -0.026847217 -0.014000021
v 0.017789157 -0.026847218 -0.00200002
v 0.01788629 0.017466581 -0.002000016
v 0.01788629 0.017466581 0.000999984
v 0.018056795 -0.021412021 -0.01400002
v 0.018056796 -0.021412022 -0.00200002
v 0.018118311 -0.021353214 -0.00200002
v 0.018118311 -0.021353213 -0.01400002
v 0.018181063 -0.021295719 -0.00200002
v 0.018181063 -0.021295718 -0.01400002
v 0.01824502 -0.021239597 -0.00200002
v 0.01824502 -0.021239596 -0.01400002
v 0.018556204 0.016944532 -0.002000016
v 0.018556204 0.016944533 -0.014000017
v 0.019392985 -0.027998447 -0.014000021
v 0.019392986 -0.027998448 -0.00200002
v 0.019836851 0.01583789 -0.014000017
v 0.019836852 0.015837889 -0.002000016
v 0.022377184 -0.016830417 -0.002000019
v 0.022377184 -0.016830416 -0.01400002
v 0.024069658 -0.006756671 -0.002000019
v 0.024069658 -0.006756671 0.000999982
v 0.024223274 0.006183362 0.000999983
v 0.024223274 0.006183363 -0.002000017
v 0.025467111 -0.011637332 -0.002000019
v 0.025467111 -0.011637331 -0.01400002
v 0.027370873 -0.005902238 -0.014000019
v 0.027370874 -0.005902239 -0.002000019
v 0.0276083 -0.005160723 -0.002000018
v 0.0276083 -0.005160722 -0.014000019
v 0.027984879 -0.004479234 -0.014000019
v 0.02798488 -0.004479235 -0.002000018
v 0.028486344 -0.003883622 -0.014000019
v 0.028486345 -0.003883623 -0.002000018
v 0.03016105 -0.002905413 -0.002000018
v 0.03016105 -0.002905412 -0.014000019
v 0.032099046 -0.002829973 -0.002000018
v 0.032099046 -0.002829972 -0.014000019
v 0.03384472 -0.003675035 -0.002000019
v 0.03384472 -0.003675034 -0.014000019
v 0.035135204 -0.03416266 -0.014000022
v 0.035135205 -0.034162662 -0.002000022
v 0.036904141 -0.034425967 -0.002000022
v 0.036904141 -0.034425966 -0.014000022
v 0.038611012 -0.033892062 -0.002000022
v 0.038611012 -0.033892061 -0.014000022
v 0.039914608 -0.032667695 -0.014000022
v 0.039914609 -0.032667696 -0.002000022
v 0.04055434 -0.03099759 -0.014000022
v 0.040554341 -0.030997591 -0.002000022
v 0.041391834 -0.02771547 -0.014000022
v 0.041391835 -0.027715471 -0.002000021
v 0.042922298 -0.02469365 -0.014000022
v 0.042922299 -0.024693651 -0.002000021
v 0.045072643 -0.022076433 -0.002000021
v 0.045072643 -0.022076431 -0.014000021
v 0.045568248 -0.021613205 -0.014000021
v 0.045568249 -0.021613206 -0.002000021
v 0.046083644 -0.021172104 -0.014000021
v 0.046083645 -0.021172105 -0.002000021
v 0.046617854 -0.020753982 -0.014000021
v 0.046617855 -0.020753984 -0.002000021
v 0.046697087 -0.035515595 -0.014000023
v 0.046697088 -0.035515596 -0.002000022
v 0.046755459 -0.030598389 -0.014000022
v 0.04675546 -0.03059839 -0.002000022
v 0.046785685 -0.014480514 -0.014000021
v 0.046785686 -0.014480515 -0.00200002
v 0.047774249 -0.019389725 -0.014000021
v 0.04777425 -0.019389726 -0.002000021
v 0.047867488 -0.015904649 -0.00200002
v 0.047867488 -0.015904647 -0.014000021
v 0.048220531 -0.017657884 -0.002000021
v 0.048220531 -0.017657882 -0.014000021
v 0.049105146 -0.039803224 -0.002000023
v 0.049105146 -0.039803223 -0.014000023
v 0.049264622 -0.026369142 -0.002000021
v 0.049264622 -0.026369141 -0.014000022
v 0.050614996 -0.04666771 -0.014000024
v 0.050614997 -0.046667711 -0.002000024
v 0.053334387 -0.042312379 -0.002000023
v 0.053334387 -0.042312378 -0.014000024
v 0.053552242 -0.023961074 -0.014000022
v 0.053552243 -0.023961075 -0.002000021
v 0.056032843 -0.047665329 -0.014000024
v 0.056032844 -0.04766533 -0.002000024
v 0.058251608 -0.042370758 -0.014000024
v 0.058251609 -0.042370759 -0.002000023
v 0.058469456 -0.024019455 -0.002000022
v 0.058469456 -0.024019454 -0.014000022
v 0.0614318 -0.046570039 -0.002000024
v 0.0614318 -0.046570038 -0.014000025
v 0.062539229 -0.039962693 -0.002000023
v 0.062539229 -0.039962692 -0.014000024
v 0.062698704 -0.026528609 -0.014000023
v 0.062698705 -0.02652861 -0.002000022
v 0.065048384 -0.035733444 -0.002000023
v 0.065048384 -0.035733443 -0.014000024
v 0.065106763 -0.030816237 -0.014000023
v 0.065106764 -0.030816238 -0.002000023
v 0.065195431 -0.022035734 -0.014000022
v 0.065195432 -0.022035735 -0.002000022
v 0.066032546 -0.043539948 -0.002000024
v 0.066032546 -0.043539947 -0.014000024
v 0.069676595 -0.028637281 -0.014000023
v 0.069676596 -0.028637283 -0.002000022
v 0.069986952 -0.036610031 -0.002000023
v 0.069986952 -0.03661003 -0.014000024
v -0.019496217 0.000383049 0.003999984
v -0.019496217 0.00038305 0.000999984
v -0.019488264 -0.000675834 0.000999984
v -0.019488263 -0.000675834 0.003999984
v -0.019445756 0.000677636 0.000999984
v -0.019422841 -0.001732734 0.000999984
v -0.019422841 -0.001732734 0.003999984
v -0.019374555 0.000841805 0.004107131
v -0.019310499 0.000944146 0.000999984
v -0.019300145 -0.002784523 0.000999984
v -0.019300145 -0.002784523 0.003999984
v -0.019213742 -0.003070625 0.000999984
v -0.019138535 -0.003202217 0.004095382
v -0.019102521 0.001158776 0.000999984
v -0.019102521 0.001158776 0.004362327
v -0.019046651 -0.003318428 0.000999984
v -0.01892626 0.004515908 0.000999984
v -0.018907133 0.004365548 0.004095383
v -0.018896597 0.004813302 0.000999984
v -0.018896597 0.004813302 0.003999985
v -0.018866712 0.004223016 0.000999984
v -0.01881379 -0.003505775 0.000999984
v -0.01881379 -0.003505775 0.004362327
v -0.018723276 0.003960824 0.000999984
v -0.018723276 0.003960824 0.004362327
v -0.018660085 0.001626107 0.004769157
v -0.018607451 0.005831979 0.000999985
v -0.01860745 0.005831979 0.003999985
v -0.018586141 0.0017436 0.000999984
v -0.018578886 0.003742898 0.000999984
v -0.018499856 6.7147e-05 0.004999984
v -0.018464151 0.003508004 0.000999984
v -0.018451547 0.002022606 0.004937889
v -0.018433736 -0.003792778 0.004680114
v -0.018400968 -0.003825096 0.000999984
v -0.018381033 0.003260155 0.004832046
v -0.018381033 0.003260156 0.000999984
v -0.01835035 -0.002348152 0.004999984
v -0.018332822 0.002481286 0.004999984
v -0.018332796 0.002481484 0.000999984
v -0.018263437 0.006833443 0.003999985
v -0.018263437 0.006833444 0.000999985
v -0.018227517 -0.006739006 0.000999983
v -0.018218308 -0.00660717 0.004120551
v -0.018194382 -0.006997841 0.00400624
v -0.018194382 -0.00699784 0.000999983
v -0.018192555 -0.0064804 0.000999983
v -0.018183896 -0.007034675 0.000999983
v -0.018172013 -0.007071083 0.000999983
v -0.018158742 -0.007107002 0.000999983
v -0.018158742 -0.007107002 0.003999983
v -0.018106911 -0.004202782 0.004911696
v -0.018091878 -0.006239647 0.004362326
v -0.018091878 -0.006239646 0.000999983
v -0.018084817 -0.004240348 0.000999984
v -0.017890523 -0.005758155 0.000999983
v -0.017886868 -0.004723259 0.004999984
v -0.017886868 -0.004723258 0.000999984
v -0.017865565 0.007814782 0.000999985
v -0.017865564 0.007814782 0.003999985
v -0.017861958 -0.005638588 0.004769156
v -0.01785211 0.004852975 0.004999985
v -0.017821027 -0.005192467 0.004937888
v -0.017820599 -0.005240943 0.000999983
v -0.017746174 -0.008082237 0.000999983
v -0.017746174 -0.008082237 0.003999983
v -0.017706217 0.00806762 0.000999985
v -0.017577608 0.008192056 0.004107132
v -0.017479265 0.008262094 0.000999985
v -0.017281277 -0.009033638 0.000999983
v -0.017281277 -0.009033638 0.003999983
v -0.017204981 0.008380807 0.000999985
v -0.017204981 0.008380807 0.004362328
v -0.017117333 -0.00701757 0.004999983
v -0.017065939 0.007141625 0.004999985
v -0.016765423 -0.009958412 0.000999983
v -0.016765423 -0.009958412 0.003999983
v -0.01661738 0.008643243 0.004769158
v -0.016576107 -0.010189674 0.000999983
v -0.016456265 -0.010282478 0.004095381
v -0.016436578 -0.004340293 -0.001000017
v -0.016436578 -0.004340292 -0.013000017
v -0.016404639 0.004459498 -0.013000016
v -0.016404638 0.004459497 -0.001000016
v -0.016326905 -0.010354667 0.000999983
v -0.016306967 0.008895166 0.000999985
v -0.016272982 0.008929757 0.004937889
v -0.016054917 -0.009191795 0.004999983
v -0.016049836 -0.004238166 -0.001000017
v -0.016049836 -0.004238166 0.000999983
v -0.016040074 -0.010438652 0.000999983
v -0.016040073 -0.010438652 0.004362326
v -0.016018648 0.004354562 -0.001000016
v -0.016018648 0.004354562 0.000999984
v -0.015987768 0.009308084 0.004999985
v -0.015814486 0.011121545 0.000999985
v -0.015808123 -0.004174335 -0.03050002
v -0.015808122 -0.004174337 -0.013650019
v -0.015797289 0.011268686 0.004095383
v -0.015786269 0.009789529 0.000999985
v -0.015782309 0.010824411 0.000999985
v -0.015782309 0.010824411 0.004362328
v -0.015777404 0.004288983 -0.030500019
v -0.015777403 0.004288981 -0.013650018
v -0.015775328 0.00983172 0.004911698
v -0.015759778 -0.004161582 -0.000919633
v -0.015759778 -0.004161582 0.000919596
v -0.015757422 0.011414926 0.000999985
v -0.015729154 0.004275872 0.000919597
v -0.015729154 0.004275873 -0.000919632
v -0.015716505 0.010352731 0.004680115
v -0.015616206 0.011678323 0.000999985
v -0.015616206 0.011678323 0.003999985
v -0.015579121 -0.010558357 0.004680113
v -0.01554744 -0.004105506 -0.000700017
v -0.01554744 -0.004105506 0.00069998
v -0.015517229 0.004218255 -0.000700017
v -0.015517229 0.004218255 0.000699981
v -0.01546972 -0.004084983 -0.000400018
v -0.01546972 -0.004084983 0.000399981
v -0.015439661 0.004197168 -0.000400017
v -0.015439661 0.004197168 0.000399982
v -0.015302288 -0.010692283 0.000999983
v -0.015120266 -0.010812096 0.004911696
v -0.014959242 0.012508813 0.003999985
v -0.014959242 0.012508814 0.000999985
v -0.014841265 -0.003919025 -0.03150002
v -0.014812423 0.004026669 -0.031500019
v -0.014717796 -0.011208748 0.004999983
v -0.014717674 -0.0112089 0.000999983
v -0.014636042 0.011315286 0.004999985
v -0.014375195 -0.011909873 0.000999983
v -0.014375194 -0.011909874 0.004832045
v -0.014335892 -0.01281855 0.000999983
v -0.014327797 -0.012949012 0.000999983
v -0.014326904 -0.012688164 0.004362326
v -0.014326904 -0.012688163 0.000999983
v -0.014325111 -0.01216645 0.000999983
v -0.014308922 -0.01242736 0.000999983
v -0.014302757 -0.013077293 0.000999983
v -0.014302757 -0.013077293 0.004119963
v -0.014258162 0.013302408 0.000999985
v -0.014258162 0.013302408 0.003999985
v -0.01424596 -0.013236457 0.000999983
v -0.014163173 -0.013383781 0.000999982
v -0.014056759 -0.013515068 0.000999982
v -0.014056759 -0.013515068 0.003999983
v -0.013536004 -0.003574362 -0.009500017
v -0.013536004 -0.003574362 -0.007500017
v -0.01351504 0.014056772 0.000999985
v -0.01351504 0.014056772 0.003999985
v -0.013509699 0.003672526 -0.009500016
v -0.013509699 0.003672526 -0.007500016
v -0.013302391 -0.014258186 0.000999982
v -0.013302391 -0.014258186 0.003999983
v -0.01327106 0.014229395 0.000999985
v -0.013128849 -0.013033912 0.004999983
v -0.013104628 0.014295129 0.004107133
v -0.013052575 -0.003446708 0.004999984
v -0.013033884 0.01312887 0.004999985
v -0.013027208 0.00354136 0.004999984
v -0.012986968 0.014322214 0.000999985
v -0.012688132 0.014326914 0.000999985
v -0.012688132 0.014326914 0.004362328
v -0.012569143 -0.003319051 -0.009500017
v -0.012569143 -0.003319049 -0.03150002
v -0.012544719 0.003410199 -0.031500019
v -0.012544718 0.003410197 -0.009500016
v -0.012508792 -0.014959266 0.000999982
v -0.012508792 -0.014959266 0.003999982
v -0.012085713 -0.003191398 0.003999984
v -0.012085713 -0.003191397 -1.7e-08
v -0.012064347 -0.011977102 -0.013000018
v -0.012064346 -0.011977103 -0.001000018
v -0.012062227 0.003279031 -1.6e-08
v -0.012062227 0.003279031 0.003999984
v -0.012044829 0.014344522 0.004769158
v -0.011977084 0.012064371 -0.001000015
v -0.011977084 0.012064373 -0.013000016
v -0.011780479 -0.011695289 -0.001000018
v -0.011780479 -0.011695289 0.000999983
v -0.011695269 0.011780497 -0.001000015
v -0.011695269 0.011780497 0.000999985
v -0.01167831 -0.015616233 0.000999982
v -0.01167831 -0.015616233 0.003999982
v -0.011661635 0.014458475 0.000999985
v -0.011617003 0.014477426 0.00493789
v -0.011603063 -0.011519153 -0.030500021
v -0.011603062 -0.011519155 -0.01365002
v -0.011567577 -0.011483939 -0.000919634
v -0.011567577 -0.011483939 0.000919595
v -0.011519134 0.011603086 -0.030500019
v -0.011519133 0.011603084 -0.013650017
v -0.011483908 0.011567591 -0.000919632
v -0.011483908 0.011567591 0.000919598
v -0.011414905 -0.015757453 0.000999982
v -0.011411724 -0.011329215 -0.000700018
v -0.011411724 -0.011329215 0.00069998
v -0.011354675 -0.011272574 -0.000400019
v -0.011354675 -0.011272574 0.00039998
v -0.01132918 0.011411738 -0.000700016
v -0.01132918 0.011411738 0.000699982
v -0.011315261 -0.01463607 0.004999982
v -0.011272547 0.0113547 -0.000400017
v -0.011272547 0.0113547 0.000399983
v -0.011268672 -0.01579731 0.00409538
v -0.011208716 0.014717813 0.004999985
v -0.011121532 -0.015814506 0.000999982
v -0.010893392 -0.010814624 -0.031500021
v -0.010838317 0.015085505 0.000999985
v -0.010824397 -0.015782341 0.004362325
v -0.010824397 -0.01578234 0.000999982
v -0.010814601 0.010893415 -0.031500019
v -0.010812064 0.015120279 0.004911698
v -0.010635426 -0.002808432 -0.001500017
v -0.010614759 0.002885553 -0.001500016
v -0.010558333 0.015579142 0.004680115
v -0.010438624 0.016040094 0.004362328
v -0.010438624 0.016040095 0.000999985
v -0.010354644 0.016326929 0.000999985
v -0.010352721 -0.015716529 0.004680112
v -0.010282446 0.016456278 0.004095383
v -0.010189654 0.016576121 0.000999985
v -0.009958388 0.016765436 0.003999985
v -0.009958388 0.016765437 0.000999985
v -0.009935341 -0.009863501 -0.007500018
v -0.009935341 -0.0098635 -0.009500018
v -0.009863478 0.009935359 -0.009500016
v -0.009863478 0.009935359 -0.007500016
v -0.009831699 -0.015775352 0.004911695
v -0.009789512 -0.015786292 0.000999982
v -0.009580505 -0.009511237 0.004999983
v -0.009511209 0.00958053 0.004999985
v -0.00930807 -0.0159878 0.004999982
v -0.009225671 -0.009158969 -0.031500021
v -0.00922567 -0.009158971 -0.009500018
v -0.009191763 0.016054941 0.004999985
v -0.009158942 0.009225688 -0.009500016
v -0.009158942 0.00922569 -0.031500019
v -0.009033618 0.01728129 0.003999985
v -0.009033618 0.017281291 0.000999985
v -0.00892974 -0.016273002 0.004937887
v -0.008895152 -0.016306998 0.000999982
v -0.008870838 -0.008806693 -1.7e-08
v -0.008870838 -0.008806693 0.003999983
v -0.008806673 0.008870859 -1.6e-08
v -0.008806673 0.008870859 0.003999985
v -0.008643226 -0.016617408 0.004769155
v -0.008380782 -0.017205009 0.000999982
v -0.008380782 -0.017205009 0.004362325
v -0.008262073 -0.017479285 0.000999982
v -0.008192031 -0.017577629 0.004107129
v -0.008082213 0.017746195 0.003999985
v -0.008082213 0.017746196 0.000999985
v -0.008067607 -0.017706245 0.000999982
v -0.007814757 -0.017865592 0.000999982
v -0.007814757 -0.017865592 0.003999982
v -0.007806332 -0.007749899 -0.001500017
v -0.007749868 0.007806345 -0.001500016
v -0.007141612 -0.017065971 0.004999982
v -0.007106971 0.018158763 0.000999985
v -0.00710697 0.018158762 0.003999985
v -0.007017539 0.01711735 0.004999985
v -0.00683343 -0.018263465 0.000999982
v -0.00683343 -0.018263465 0.003999982
v -0.006815505 0.018224879 0.000999985
v -0.006636584 0.018221919 0.004107133
v -0.006517516 0.018201899 0.000999985
v -0.006239627 0.018091899 0.000999985
v -0.006239626 0.018091899 0.004362328
v -0.005831954 -0.018607474 0.000999982
v -0.005831954 -0.018607474 0.003999982
v -0.005638556 0.017861979 0.004769158
v -0.00545646 0.001177851 -0.001500017
v -0.00545646 0.001177852 -0.007500017
v -0.005301816 0.001746714 -0.001500016
v -0.005301816 0.001746715 -0.007500017
v -0.005263776 0.000620722 -0.001500017
v -0.005263776 0.000620723 -0.007500017
v -0.005240924 0.017820613 0.000999985
v -0.005192435 0.01782104 0.00493789
v -0.004853593 0.002129618 -0.001500016
v -0.004853593 0.002129619 -0.007500017
v -0.004852957 -0.017852134 0.004999982
v -0.004813277 -0.018896628 0.000999982
v -0.004813277 -0.018896628 0.003999982
v -0.004790734 0.000268931 -0.007500017
v -0.004790734 0.000268931 -0.001500017
v -0.004723238 0.017886881 0.004999985
v -0.004515883 -0.018926291 0.000999982
v -0.004459476 -0.016404669 -0.001000018
v -0.004459476 -0.016404668 -0.013000019
v -0.004365527 -0.018907157 0.00409538
v -0.004354545 -0.016018668 -0.001000018
v -0.004354545 -0.016018668 0.000999982
v -0.00434027 0.016436595 -0.001000015
v -0.00434027 0.016436596 -0.013000016
v -0.004288964 -0.015777423 -0.030500022
v -0.004288963 -0.015777425 -0.01365002
v -0.004275848 -0.015729178 -0.000919635
v -0.004275848 -0.015729178 0.000919595
v -0.004271096 -0.00313854 -0.001500017
v -0.004271096 -0.003138539 -0.007500017
v -0.004267553 0.002193507 -0.007500017
v -0.004267552 0.002193507 -0.001500016
v -0.004240325 0.018084834 0.000999985
v -0.004238146 0.016049861 -0.001000015
v -0.004238146 0.016049861 0.000999985
v -0.004223002 -0.018866736 0.000999982
v -0.004218238 -0.015517249 -0.000700019
v -0.004218238 -0.015517249 0.000699979
v -0.004202757 0.018106929 0.004911698
v -0.004201718 0.000244761 -0.001500017
v -0.004201718 0.000244762 -0.007500017
v -0.00419715 -0.015439688 -0.00040002
v -0.00419715 -0.015439688 0.00039998
v -0.00417432 0.01580815 -0.030500018
v -0.004174319 0.015808148 -0.013650017
v -0.004163602 -0.003718175 -0.007500017
v -0.004163601 -0.003718176 -0.001500017
v -0.004161555 0.015759791 0.000919598
v -0.004161555 0.015759792 -0.000919632
v -0.004105482 0.015547465 0.000699982
v -0.004105482 0.015547466 -0.000700016
v -0.004084959 0.015469737 -0.000400017
v -0.004084959 0.015469737 0.000399983
v -0.004033395 -0.00259908 -0.007500017
v -0.004033394 -0.002599081 -0.001500017
v -0.004026642 -0.014812442 -0.031500021
v -0.003960799 -0.018723304 0.004362325
v -0.003960799 -0.018723303 0.000999982
v -0.00391901 0.014841277 -0.031500019
v -0.003792746 0.018433757 0.004680115
v -0.003748273 -0.004136525 -0.007500017
v -0.003748272 -0.004136526 -0.001500017
v -0.003747361 0.001916148 -0.007500017
v -0.003747361 0.001916148 -0.001500017
v -0.003672504 -0.013509725 -0.009500018
v -0.003672504 -0.013509725 -0.007500018
v -0.003574336 0.013536022 -0.009500016
v -0.003574336 0.013536022 -0.007500016
v -0.003550212 -0.018482001 0.004680112
v -0.003541343 -0.013027228 0.004999982
v -0.003533109 -0.002287251 -0.007500017
v -0.003533108 -0.002287252 -0.001500017
v -0.003505751 0.018813807 0.004362328
v -0.003505751 0.018813808 0.000999985
v -0.00344668 0.013052592 0.004999985
v -0.003410184 -0.012544742 -0.031500021
v -0.003410183 -0.012544744 -0.009500018
v -0.003319026 0.012569167 -0.031500019
v -0.003319025 0.012569164 -0.009500016
v -0.003318396 0.019046672 0.000999985
v -0.003279018 -0.012062262 -1.8e-08
v -0.003279018 -0.012062262 0.003999982
v -0.003202193 0.01913856 0.004095383
v -0.00319137 0.012085734 -1.5e-08
v -0.00319137 0.012085734 0.003999985
v -0.003169442 -0.00424822 -0.001500017
v -0.003169442 -0.004248219 -0.007500017
v -0.003070601 0.019213756 0.000999985
v -0.00304634 -0.018336966 0.004911694
v -0.003003176 -0.018330924 0.000999982
v -0.002885536 -0.010614782 -0.001500018
v -0.002808401 0.010635448 -0.001500016
v -0.002784491 0.019300166 0.000999985
v -0.002784491 0.019300166 0.003999985
v -0.002628266 -0.004014455 -0.007500017
v -0.002628266 -0.004014455 -0.001500017
v -0.002481272 -0.018332847 0.004999982
v -0.00234812 0.018350367 0.004999985
v -0.002312817 -0.003516439 -0.001500017
v -0.002312817 -0.003516438 -0.007500017
v -0.00214607 0.004210414 -0.007500017
v -0.00214607 0.004210414 -0.001500016
v -0.002144189 0.004728053 -0.001500016
v -0.002144189 0.004728054 -0.007500017
v -0.002087045 0.004046397 -0.001500016
v -0.002087045 0.004046398 -0.007500017
v -0.002022593 -0.018451575 0.004937886
v -0.00200044 0.003895121 -0.001500016
v -0.00200044 0.003895122 -0.007500017
v -0.001977633 -0.018469733 0.000999982
v -0.001888879 0.003761195 -0.001500016
v -0.001888879 0.003761196 -0.007500017
v -0.001883745 0.005175396 -0.007500017
v -0.001883744 0.005175395 -0.001500016
v -0.001732707 0.019422862 0.000999985
v -0.001732707 0.019422862 0.003999985
v -0.001626093 -0.018660117 0.004769154
v -0.001434522 0.005432582 -0.001500016
v -0.001434522 0.005432583 -0.007500017
v -0.001158763 -0.019102545 0.000999981
v -0.001158762 -0.019102546 0.004362324
v -0.000944125 -0.019310522 0.000999981
v -0.000916887 0.005430705 -0.001500016
v -0.000916887 0.005430706 -0.007500017
v -0.00084178 -0.019374579 0.004107129
v -0.000677611 -0.019445776 0.000999981
v -0.00067581 0.019488277 0.000999985
v -0.00067581 0.019488277 0.003999985
v -0.000469541 0.005170268 -0.001500016
v -0.000469541 0.005170269 -0.007500017
v -0.000383028 -0.019496237 0.000999981
v -0.000383028 -0.019496237 0.003999981
v -0.000214231 0.00420341 -0.001500016
v -0.000214231 0.004203411 -0.007500017
v -0.00021235 0.004721034 -0.001500016
v -0.00021235 0.004721035 -0.007500017
v -0.000183339 0.00437495 -0.007500017
v -0.000183339 0.00437495 -0.001500016
v -0.000182706 0.004549266 -0.001500016
v -0.000182706 0.004549267 -0.007500017
v -6.7126e-05 -0.018499884 0.004999982
v 6.7171e-05 0.018499873 0.004999985
v 0.00018275 -0.004549275 -0.007500018
v 0.000182751 -0.004549276 -0.001500017
v 0.000183384 -0.004374959 -0.007500018
v 0.000183384 -0.004374959 -0.001500017
v 0.000212394 -0.004721043 -0.007500018
v 0.000212395 -0.004721044 -0.001500017
v 0.000214275 -0.004203405 -0.001500017
v 0.000214275 -0.004203404 -0.007500018
v 0.000383073 0.019496227 0.000999985
v 0.000383073 0.019496227 0.003999985
v 0.000469585 -0.005170263 -0.001500017
v 0.000469585 -0.005170262 -0.007500018
v 0.000675859 -0.019488287 0.000999981
v 0.000675859 -0.019488287 0.003999981
v 0.000677656 0.019445781 0.000999985
v 0.000841825 0.019374568 0.004107133
v 0.000916931 -0.005430715 -0.001500017
v 0.000916931 -0.005430714 -0.007500018
v 0.00094417 0.019310512 0.000999985
v 0.001158807 0.019102535 0.000999985
v 0.001158807 0.019102535 0.004362328
v 0.001434566 -0.005432591 -0.007500018
v 0.001434567 -0.005432592 -0.001500017
v 0.001626138 0.018660106 0.004769158
v 0.001732751 -0.019422873 0.000999981
v 0.001732752 -0.019422873 0.003999981
v 0.001883789 -0.005175405 -0.001500017
v 0.001883789 -0.005175404 -0.007500018
v 0.001888923 -0.003761204 -0.007500018
v 0.001888924 -0.003761205 -0.001500017
v 0.001977678 0.018469723 0.000999985
v 0.002000484 -0.003895131 -0.007500018
v 0.002000484 -0.003895131 -0.001500017
v 0.002022638 0.018451564 0.00493789
v 0.002087089 -0.004046407 -0.001500017
v 0.002087089 -0.004046406 -0.007500018
v 0.002144233 -0.004728062 -0.007500018
v 0.002144234 -0.004728063 -0.001500017
v 0.002146114 -0.004210424 -0.001500017
v 0.002146114 -0.004210423 -0.007500018
v 0.002312861 0.00351643 -0.007500017
v 0.002312862 0.003516429 -0.001500017
v 0.002348165 -0.018350378 0.004999982
v 0.002481317 0.018332836 0.004999985
v 0.002573306 0.003963771 -0.001500017
v 0.002573306 0.003963772 -0.007500017
v 0.002784536 -0.019300177 0.000999981
v 0.002784536 -0.019300177 0.003999981
v 0.002808446 -0.010635457 -0.001500018
v 0.00288558 0.010614773 -0.001500016
v 0.003003221 0.018330913 0.000999985
v 0.003022529 0.004220958 -0.001500017
v 0.003022529 0.004220959 -0.007500017
v 0.003046385 0.018336956 0.004911698
v 0.003070646 -0.019213766 0.000999981
v 0.003191415 -0.012085745 0.003999982
v 0.003191415 -0.012085744 -1.8e-08
v 0.003202238 -0.019138556 0.004095379
v 0.003279063 0.012062251 0.003999984
v 0.003279063 0.012062252 -1.6e-08
v 0.003318445 -0.019046682 0.000999981
v 0.003319069 -0.012569172 -0.009500019
v 0.003319069 -0.01256917 -0.031500022
v 0.003410226 0.012544738 -0.031500019
v 0.003410227 0.012544736 -0.009500016
v 0.003446725 -0.013052603 0.004999982
v 0.003505796 -0.018813818 0.000999981
v 0.003505796 -0.018813818 0.004362324
v 0.003533153 0.002287242 -0.001500017
v 0.003533153 0.002287243 -0.007500017
v 0.003540164 0.004219081 -0.001500017
v 0.003540164 0.004219082 -0.007500017
v 0.003541388 0.013027232 0.004999985
v 0.003550257 0.01848199 0.004680115
v 0.00357438 -0.013536031 -0.007500019
v 0.00357438 -0.01353603 -0.009500019
v 0.003672548 0.013509717 -0.009500016
v 0.003672548 0.013509717 -0.007500016
v 0.003747406 -0.001916158 -0.001500017
v 0.003747406 -0.001916157 -0.007500017
v 0.003792791 -0.018433768 0.004680111
v 0.003919052 -0.01484128 -0.031500022
v 0.003960848 0.018723293 0.000999985
v 0.003960848 0.018723293 0.004362328
v 0.003982375 0.002544445 -0.007500017
v 0.003982375 0.002544445 -0.001500017
v 0.00398751 0.003958644 -0.001500017
v 0.00398751 0.003958645 -0.007500017
v 0.004026685 0.014812438 -0.031500019
v 0.004085004 -0.015469747 -0.00040002
v 0.004085004 -0.015469747 0.000399979
v 0.004105527 -0.01554746 -0.000700019
v 0.004105527 -0.01554746 0.000699978
v 0.004161599 -0.015759802 0.000919594
v 0.004161599 -0.015759801 -0.000919635
v 0.004174362 -0.015808138 -0.030500022
v 0.004174363 -0.01580814 -0.013650021
v 0.004194751 -0.002176609 -0.007500018
v 0.004194752 -0.00217661 -0.001500017
v 0.004197195 0.015439678 -0.000400017
v 0.004197195 0.015439678 0.000399982
v 0.004201763 -0.000244771 -0.001500017
v 0.004201763 -0.00024477 -0.007500017
v 0.004202802 -0.01810694 0.004911694
v 0.004218283 0.015517254 -0.000700016
v 0.004218283 0.015517254 0.000699982
v 0.004223047 0.018866726 0.000999985
v 0.004238191 -0.016049856 -0.001000019
v 0.004238191 -0.016049856 0.000999982
v 0.004240369 -0.018084844 0.000999981
v 0.00424282 0.002991786 -0.001500017
v 0.00424282 0.002991787 -0.007500017
v 0.0042447 0.003509426 -0.007500017
v 0.004244701 0.003509426 -0.001500017
v 0.004275892 0.015729168 -0.000919632
v 0.004275892 0.015729168 0.000919598
v 0.004289006 0.015777419 -0.030500019
v 0.004289007 0.015777418 -0.013650018
v 0.004340314 -0.016436605 -0.001000019
v 0.004340314 -0.016436604 -0.013000019
v 0.004354589 0.016018673 -0.001000015
v 0.00435459 0.016018673 0.000999985
v 0.004365572 0.018907146 0.004095383
v 0.00445952 0.016404659 -0.001000015
v 0.00445952 0.016404661 -0.013000016
v 0.004515928 0.018926281 0.000999985
v 0.004712387 -0.002178487 -0.001500017
v 0.004712387 -0.002178486 -0.007500018
v 0.004719398 -0.000246647 -0.007500017
v 0.004719398 -0.000246647 -0.001500017
v 0.004723284 -0.017886892 0.004999981
v 0.004813322 0.018896618 0.000999985
v 0.004813322 0.018896618 0.003999985
v 0.004853003 0.017852123 0.004999985
v 0.005161609 -0.001921299 -0.007500018
v 0.00516161 -0.0019213 -0.001500017
v 0.005166744 -0.000507084 -0.007500017
v 0.005166744 -0.000507084 -0.001500017
v 0.00519248 -0.017821051 0.004937886
v 0.005240968 -0.017820623 0.000999981
v 0.005422054 -0.001473942 -0.007500018
v 0.005422054 -0.001473942 -0.001500017
v 0.005423934 -0.000956318 -0.007500017
v 0.005423935 -0.000956318 -0.001500017
v 0.005638601 -0.01786199 0.004769154
v 0.005831999 0.018607464 0.000999985
v 0.005831999 0.018607464 0.003999985
v 0.006239671 -0.018091909 0.000999981
v 0.006239672 -0.018091909 0.004362324
v 0.006517561 -0.01820191 0.000999981
v 0.006636629 -0.018221929 0.004107129
v 0.00681555 -0.018224874 0.000999981
v 0.006833475 0.018263454 0.003999985
v 0.006833475 0.018263455 0.000999985
v 0.007017584 -0.017117361 0.004999981
v 0.007107015 -0.018158773 0.000999981
v 0.007107015 -0.018158773 0.003999981
v 0.007141657 0.01706596 0.004999985
v 0.007749913 -0.007806355 -0.001500018
v 0.007806376 0.007749889 -0.001500016
v 0.007814802 0.017865582 0.000999985
v 0.007814802 0.017865582 0.003999985
v 0.008067652 0.017706234 0.000999985
v 0.008082258 -0.017746206 0.000999981
v 0.008082258 -0.017746206 0.003999981
v 0.008192076 0.017577633 0.004107132
v 0.008262117 0.017479275 0.000999985
v 0.008380827 0.017204998 0.000999985
v 0.008380827 0.017204998 0.004362328
v 0.008643271 0.016617397 0.004769157
v 0.008806718 -0.00887087 0.003999982
v 0.008806718 -0.008870869 -1.8e-08
v 0.008870883 0.008806698 -1.6e-08
v 0.008870883 0.008806698 0.003999984
v 0.008895197 0.016306988 0.000999985
v 0.008929785 0.016273006 0.004937889
v 0.009033663 -0.017281301 0.000999981
v 0.009033663 -0.017281301 0.003999981
v 0.009158981 -0.009225694 -0.031500021
v 0.009158982 -0.009225696 -0.009500019
v 0.009191812 -0.016054937 0.004999981
v 0.009225713 0.009158966 -0.03150002
v 0.009225714 0.009158963 -0.009500017
v 0.009308112 0.015987789 0.004999985
v 0.009511254 -0.009580526 0.004999982
v 0.00958055 0.009511226 0.004999984
v 0.009789557 0.015786282 0.000999984
v 0.00983174 0.015775341 0.004911697
v 0.009863518 -0.009935368 -0.007500019
v 0.009863518 -0.009935367 -0.009500019
v 0.009935385 0.009863492 -0.009500017
v 0.009935385 0.009863492 -0.007500017
v 0.009958429 -0.016765447 0.000999981
v 0.009958429 -0.016765447 0.003999981
v 0.010189699 -0.016576131 0.000999981
v 0.010282488 -0.016456289 0.004095379
v 0.010352767 0.015716519 0.004680115
v 0.010354692 -0.016326924 0.000999981
v 0.010438669 -0.016040105 0.000999981
v 0.010438669 -0.016040105 0.004362324
v 0.010558374 -0.015579152 0.004680111
v 0.0106148 -0.002885563 -0.001500018
v 0.010635467 0.002808422 -0.001500017
v 0.010812105 -0.01512029 0.004911694
v 0.010814644 -0.010893419 -0.031500022
v 0.010824438 0.01578233 0.000999984
v 0.010824439 0.01578233 0.004362327
v 0.010838365 -0.0150855 0.000999981
v 0.010893438 0.010814621 -0.03150002
v 0.011121573 0.015814511 0.000999984
v 0.011208765 -0.014717824 0.004999982
v 0.011268721 0.015797314 0.004095382
v 0.011272592 -0.01135471 -0.00040002
v 0.011272592 -0.01135471 0.000399979
v 0.011315306 0.014636059 0.004999984
v 0.011329225 -0.011411748 0.000699979
v 0.011329225 -0.011411747 -0.000700019
v 0.01135472 0.011272564 -0.000400018
v 0.01135472 0.011272564 0.000399982
v 0.011411765 0.011329205 -0.000700017
v 0.011411765 0.011329205 0.000699981
v 0.011414946 0.015757443 0.000999984
v 0.011483949 -0.011567601 -0.000919635
v 0.011483949 -0.011567601 0.000919595
v 0.01151918 -0.01160309 -0.030500022
v 0.011519181 -0.011603091 -0.013650021
v 0.011567626 0.011483929 -0.000919633
v 0.011567626 0.011483929 0.000919597
v 0.011603101 0.01151915 -0.030500019
v 0.011603102 0.011519148 -0.013650018
v 0.011617044 -0.014477437 0.004937886
v 0.011661676 -0.014458485 0.000999981
v 0.011678359 0.015616223 0.000999984
v 0.011678359 0.015616223 0.003999984
v 0.011695314 -0.011780507 -0.001000018
v 0.011695314 -0.011780507 0.000999982
v 0.011780524 0.011695294 -0.001000016
v 0.011780524 0.011695294 0.000999984
v 0.011977128 -0.012064366 -0.001000019
v 0.011977128 -0.012064365 -0.013000019
v 0.012044878 -0.014344533 0.004769154
v 0.012062271 -0.003279041 -1.8e-08
v 0.012062272 -0.003279042 0.003999983
v 0.01206439 0.01197711 -0.013000017
v 0.012064391 0.011977109 -0.001000016
v 0.012085762 0.003191387 -1.7e-08
v 0.012085762 0.003191387 0.003999983
v 0.012508841 0.014959256 0.000999984
v 0.012508841 0.014959256 0.003999984
v 0.012544761 -0.003410203 -0.031500021
v 0.012544762 -0.003410205 -0.009500018
v 0.012569189 0.003319046 -0.03150002
v 0.01256919 0.003319043 -0.009500017
v 0.012688173 -0.014326924 0.000999981
v 0.012688173 -0.014326924 0.004362324
v 0.012987009 -0.014322224 0.000999981
v 0.013027253 -0.003541371 0.004999983
v 0.01303393 -0.013128881 0.004999982
v 0.01305262 0.003446697 0.004999983
v 0.013104669 -0.01429514 0.004107129
v 0.01312889 0.013033901 0.004999984
v 0.013271104 -0.014229405 0.000999981
v 0.013302436 0.014258175 0.003999984
v 0.013302436 0.014258176 0.000999984
v 0.013509743 -0.003672534 -0.009500018
v 0.013509743 -0.003672534 -0.007500018
v 0.013515085 -0.014056783 0.003999981
v 0.013515085 -0.014056782 0.000999981
v 0.013536048 0.003574353 -0.007500017
v 0.013536048 0.003574354 -0.009500017
v 0.0140568 0.013515057 0.000999984
v 0.0140568 0.013515057 0.003999984
v 0.014229422 0.013271085 0.000999984
v 0.014258211 -0.013302419 0.003999982
v 0.014258211 -0.013302418 0.000999981
v 0.014295165 0.013104641 0.004107131
v 0.014322234 0.012986981 0.000999984
v 0.014326949 0.012688153 0.000999984
v 0.014326949 0.012688153 0.004362327
v 0.01434455 0.012044842 0.004769157
v 0.014458503 0.011661649 0.000999984
v 0.014477454 0.011617016 0.004937888
v 0.014636087 -0.011315297 0.004999982
v 0.014717841 0.011208737 0.004999984
v 0.014812469 -0.004026658 -0.031500021
v 0.014841307 0.003919021 -0.03150002
v 0.014959283 -0.012508824 0.000999981
v 0.014959284 -0.012508824 0.003999982
v 0.015085525 0.01083833 0.000999984
v 0.015120315 0.010812085 0.004911697
v 0.015439706 -0.004197178 -0.000400019
v 0.015439706 -0.004197178 0.00039998
v 0.015469765 0.004084973 -0.000400019
v 0.015469765 0.004084973 0.000399981
v 0.015517274 -0.004218265 -0.000700019
v 0.015517274 -0.004218265 0.000699979
v 0.015547485 0.004105496 -0.000700018
v 0.015547485 0.004105496 0.00069998
v 0.015579162 0.010558346 0.004680114
v 0.015616251 -0.011678334 0.000999981
v 0.015616251 -0.011678334 0.003999982
v 0.015716547 -0.010352742 0.004680112
v 0.015729195 -0.004275867 -0.000919635
v 0.015729195 -0.004275867 0.000919595
v 0.015757463 -0.011414936 0.000999982
v 0.015759826 0.004161572 -0.000919634
v 0.015759827 0.004161572 0.000919596
v 0.015775369 -0.00983173 0.004911694
v 0.015777442 -0.004288987 -0.030500021
v 0.015777443 -0.004288988 -0.01365002
v 0.01578235 -0.010824421 0.000999982
v 0.01578235 -0.010824421 0.004362325
v 0.015786317 -0.00978954 0.000999982
v 0.015797334 -0.011268696 0.00409538
v 0.015808165 0.004174347 -0.03050002
v 0.015808166 0.004174345 -0.013650019
v 0.015814531 -0.011121556 0.000999982
v 0.015987817 -0.009308095 0.004999982
v 0.016018693 -0.004354572 -0.001000018
v 0.016018693 -0.004354572 0.000999982
v 0.016040122 0.010438641 0.000999984
v 0.016040122 0.010438641 0.004362327
v 0.016049881 0.004238171 -0.001000017
v 0.016049881 0.004238171 0.000999983
v 0.016054962 0.009191784 0.004999984
v 0.016273027 -0.008929768 0.004937886
v 0.016307008 -0.008895176 0.000999982
v 0.016326949 0.010354657 0.000999984
v 0.016404686 -0.004459505 -0.013000018
v 0.016404687 -0.004459507 -0.001000018
v 0.016436622 0.004340283 -0.001000017
v 0.016436622 0.004340284 -0.013000018
v 0.016456313 0.010282467 0.004095382
v 0.016576148 0.010189664 0.000999984
v 0.016617425 -0.008643254 0.004769155
v 0.016765464 0.009958401 0.003999984
v 0.016765464 0.009958402 0.000999984
v 0.017065988 -0.007141636 0.004999982
v 0.017117378 0.007017559 0.004999983
v 0.017205026 -0.008380818 0.004362325
v 0.017205026 -0.008380817 0.000999982
v 0.017281326 0.009033642 0.003999984
v 0.017281326 0.009033643 0.000999983
v 0.01747931 -0.008262104 0.000999982
v 0.017577653 -0.008192051 0.004107129
v 0.017706262 -0.008067631 0.000999982
v 0.017746223 0.008082226 0.003999984
v 0.017746223 0.008082227 0.000999983
v 0.01782064 0.005240933 0.000999983
v 0.017821068 0.005192456 0.004937888
v 0.017852151 -0.004852986 0.004999982
v 0.017861999 0.005638577 0.004769156
v 0.017865609 -0.007814793 0.003999982
v 0.017865609 -0.007814792 0.000999982
v 0.01788691 0.004723263 0.004999983
v 0.018084862 0.004240338 0.000999983
v 0.018091919 0.006239651 0.004362326
v 0.018091919 0.006239652 0.000999983
v 0.018106957 0.004202771 0.004911696
v 0.018158783 0.007106991 0.003999983
v 0.018158783 0.007106992 0.000999983
v 0.018201927 0.006517529 0.000999983
v 0.018221939 0.006636593 0.004107131
v 0.018224899 0.006815518 0.000999983
v 0.018263482 -0.006833454 0.000999982
v 0.018263482 -0.006833454 0.003999982
v 0.018330949 -0.003003208 0.000999982
v 0.018332871 -0.002481297 0.004999982
v 0.018336984 -0.00304636 0.004911695
v 0.018350396 0.002348141 0.004999983
v 0.018433777 0.003792767 0.004680113
v 0.018451592 -0.002022617 0.004937887
v 0.01846975 -0.001977664 0.000999982
v 0.018482026 -0.003550236 0.004680112
v 0.018499901 -6.7158e-05 0.004999983
v 0.018607499 -0.005831974 0.000999982
v 0.018607499 -0.005831974 0.003999982
v 0.018660134 -0.001626118 0.004769155
v 0.018723321 -0.003960834 0.000999982
v 0.018723321 -0.003960834 0.004362325
v 0.018795518 -0.004069782 0.000999982
v 0.018813835 0.003505764 0.004362326
v 0.018813835 0.003505765 0.000999983
v 0.018852883 -0.004187229 0.000999982
v 0.018894441 -0.004311161 0.000999982
v 0.018894441 -0.004311161 0.004119962
v 0.018896638 -0.004813297 0.000999982
v 0.018896638 -0.004813297 0.003999982
v 0.018923631 -0.004477604 0.000999982
v 0.018924371 -0.004646595 0.000999982
v 0.019020249 0.003346112 0.000999983
v 0.01910257 -0.001158787 0.004362325
v 0.01910257 -0.001158786 0.000999982
v 0.019105164 0.003248669 0.004120604
v 0.019178322 0.003138486 0.000999983
v 0.019277298 0.00289703 0.004006239
v 0.019277298 0.002897031 0.000999983
v 0.019286362 0.002859814 0.000999983
v 0.019293999 0.002822293 0.000999983
v 0.019300194 0.002784512 0.000999983
v 0.019300194 0.002784512 0.003999983
v 0.019310547 -0.000944156 0.000999982
v 0.019374596 -0.0008418 0.00410713
v 0.01942289 0.001732724 0.000999983
v 0.01942289 0.001732724 0.003999983
v 0.019445801 -0.000677631 0.000999982
v 0.019488305 0.000675824 0.000999983
v 0.019488305 0.000675824 0.003999983
v 0.019496262 -0.00038306 0.000999982
v 0.019496262 -0.00038306 0.003999983
v -0.135835957 0.125010974 -0.004999999
v -0.135835957 0.125010974 -0.002999999
v -0.135815671 0.125300128 -0.004999999
v -0.13581567 0.125300128 -0.002999999
v -0.135713307 0.125571315 -0.004999999
v -0.135713307 0.125571315 -0.002999999
v -0.135537465 0.125801746 -0.004999999
v -0.135537465 0.125801746 -0.002999999
v -0.135505184 0.120632098 -0.005
v -0.135505184 0.120632098 -0.003
v -0.135460934 0.12040417 -0.005
v -0.135460934 0.12040417 -0.003
v -0.135365314 0.120192584 -0.005
v -0.135365314 0.120192584 -0.003
v -0.135223476 0.120008761 -0.003
v -0.135223476 0.120008762 -0.005
v -0.135130939 0.120123613 0.005716737
v -0.135115444 0.119994006 -0.003
v -0.135115444 0.119994006 0.001000001
v -0.135112369 0.12025281 -0.003
v -0.135112369 0.12025281 0.001000001
v -0.134988705 0.119768344 -0.003
v -0.134988704 0.119768343 0.005699998
v -0.134988704 0.119768344 0.001000001
v -0.134983899 0.124105968 -0.004999999
v -0.134983898 0.124105968 -0.002999999
v -0.134980312 0.120475405 0.001000001
v -0.134980312 0.120475405 0.005757142
v -0.134980312 0.120475406 -0.003
v -0.134977757 0.124623569 -0.004999999
v -0.134977757 0.124623569 -0.002999999
v -0.134730419 0.123654643 -0.004999999
v -0.134730419 0.123654643 -0.002999999
v -0.134713635 0.125068752 -0.004999999
v -0.134713635 0.125068752 -0.002999999
v -0.134285237 0.123390521 -0.004999999
v -0.134285237 0.123390521 -0.002999999
v -0.134262303 0.125322231 -0.004999999
v -0.134262303 0.125322231 -0.002999999
v -0.13398415 0.119980578 9.9999e-05
v -0.13398415 0.119980578 0.001000001
v -0.133981075 0.120239382 0.001000001
v -0.133981075 0.120239383 9.9999e-05
v -0.133971172 0.119983889 5e-05
v -0.133968181 0.120235759 5e-05
v -0.133935703 0.119992945 1.3398e-05
v -0.133932941 0.120225863 1.3398e-05
v -0.133887256 0.120005313 0
v -0.1338848 0.120212352 0
v -0.13385741 0.119754916 9.9999e-05
v -0.13385741 0.119754916 0.001
v -0.133849018 0.12046197 9.9999e-05
v -0.133849018 0.12046197 0.001000001
v -0.133847828 0.119764277 5e-05
v -0.133839657 0.120452388 5e-05
v -0.133821636 0.119789851 1.3398e-05
v -0.133814083 0.120426196 1.3398e-05
v -0.133785869 0.119824778 0
v -0.133779148 0.120390429 0
v -0.133767636 0.123384372 -0.004999999
v -0.133767636 0.123384372 -0.002999999
v -0.133744702 0.125316089 -0.004999999
v -0.133744702 0.125316089 -0.002999999
v -0.133680378 0.119718135 -0.005
v -0.133680378 0.119718135 -0.004900001
v -0.133680378 0.119718135 -0.004100002
v -0.133680378 0.119718135 -0.004
v -0.133671162 0.12049454 -0.004100002
v -0.133671162 0.12049454 -0.004
v -0.133671162 0.120494541 -0.005
v -0.133671162 0.120494541 -0.004900001
v -0.1336674 0.119721446 -0.004950001
v -0.1336674 0.119721446 -0.004050003
v -0.13365826 0.120490917 -0.00495
v -0.13365826 0.120490917 -0.004050003
v -0.133631931 0.119730502 -0.004986603
v -0.133631931 0.119730502 -0.004013397
v -0.13362302 0.120481029 -0.004986603
v -0.13362302 0.120481029 -0.004013397
v -0.133583485 0.11974287 -0.005
v -0.133583484 0.11974287 -0.004
v -0.133574886 0.12046751 -0.005
v -0.133574886 0.12046751 -0.004
v -0.133316304 0.123637851 -0.004999999
v -0.133316303 0.123637851 -0.002999999
v -0.133300159 0.119041141 -0.005
v -0.133300159 0.119041141 -0.004900001
v -0.133300159 0.119041141 -0.004100002
v -0.133300159 0.119041141 -0.004
v -0.133299519 0.125051967 -0.004999999
v -0.133299519 0.125051967 -0.002999999
v -0.133298038 0.119886333 -0.005
v -0.133290577 0.119050502 -0.004950001
v -0.133290577 0.119050502 -0.004050003
v -0.133274975 0.121162311 -0.005
v -0.133274975 0.121162311 -0.004900001
v -0.133274975 0.121162311 -0.004100002
v -0.133274975 0.121162311 -0.004
v -0.133265621 0.121152728 -0.004050003
v -0.133265621 0.121152729 -0.00495
v -0.133264385 0.119076076 -0.004986603
v -0.133264385 0.119076076 -0.004013397
v -0.133264202 0.119753772 -0.005
v -0.133244358 0.11982944 -0.004986603
v -0.133243435 0.119907077 -0.004986603
v -0.133240047 0.121126544 -0.004986602
v -0.133240047 0.121126544 -0.004013397
v -0.13323875 0.120009624 -0.005
v -0.133228611 0.119111011 -0.005
v -0.133228611 0.119111011 -0.004
v -0.133222904 0.119781963 -0.004986603
v -0.133208897 0.119838489 -0.004950001
v -0.133208195 0.119897182 -0.004950001
v -0.133205112 0.12109077 -0.005
v -0.133205112 0.12109077 -0.004
v -0.133203823 0.119973857 -0.004986603
v -0.133195911 0.119841799 0.003900002
v -0.133195911 0.1198418 -0.004900001
v -0.133195911 0.1198418 -0.004200001
v -0.133195911 0.1198418 -0.004
v -0.133195301 0.119893565 -0.004200001
v -0.133195301 0.119893566 -0.004900001
v -0.133192676 0.1198026 -0.004950001
v -0.13318977 0.120359409 -0.004
v -0.133189769 0.120359408 0.003900002
v -0.133186512 0.119744693 -0.004986603
v -0.133182933 0.119845118 0.003949998
v -0.133178249 0.119947666 -0.004950001
v -0.133176868 0.120355784 0.003949998
v -0.133170566 0.119796672 -0.004900001
v -0.133170566 0.119796672 -0.004200001
v -0.133168888 0.119938083 -0.004900001
v -0.133168888 0.119938083 -0.004200001
v -0.133165157 0.119774425 -0.004950001
v -0.133157345 0.119785312 -0.004900001
v -0.133157345 0.119785312 -0.004200001
v -0.133153072 0.119673984 -0.005
v -0.133147464 0.119854166 0.003986603
v -0.133142353 0.119776416 -0.004900001
v -0.133142353 0.119776416 -0.004200001
v -0.133141628 0.120345889 0.003986603
v -0.133139561 0.119722118 -0.004986603
v -0.133129665 0.119757358 -0.004950001
v -0.133126049 0.119770259 -0.004900001
v -0.133126049 0.119770259 -0.004200001
v -0.133099018 0.119866534 0.001
v -0.133099018 0.119866534 0.004000001
v -0.133099018 0.119866535 -0.004
v -0.133093487 0.120332378 -0.004
v -0.133093486 0.120332377 0.001000001
v -0.133093486 0.120332377 0.004000001
v -0.133052182 0.124083034 -0.004999999
v -0.133052181 0.124083034 -0.002999999
v -0.133049564 0.120683574 -0.005
v -0.13304604 0.124600643 -0.004999999
v -0.13304604 0.124600643 -0.002999999
v -0.133036022 0.120819713 -0.005
v -0.133020359 0.120222896 -0.005
v -0.133001118 0.120695941 -0.004986603
v -0.132990963 0.120798046 -0.004986603
v -0.132974064 0.120387805 -0.005
v -0.132965656 0.120704997 -0.004950001
v -0.132957973 0.120782184 -0.00495
v -0.132952671 0.120708309 -0.004900001
v -0.132952671 0.120708309 -0.0042
v -0.132945904 0.120776378 -0.004900001
v -0.132945904 0.120776378 -0.0042
v -0.132942432 0.119390475 0.003900002
v -0.132942432 0.119390476 -0.004
v -0.132938145 0.120915294 -0.005
v -0.132932849 0.119399836 0.003949997
v -0.132931324 0.120170078 -0.004900001
v -0.132931324 0.120170078 -0.004200001
v -0.132925648 0.120804592 -0.004
v -0.132925647 0.120804591 0.003900002
v -0.132917553 0.120869731 -0.004986603
v -0.132916286 0.120795001 0.003949998
v -0.132906658 0.11942541 0.003986603
v -0.132902477 0.120836376 -0.00495
v -0.132896961 0.120824169 -0.004900001
v -0.132896961 0.120824169 -0.0042
v -0.132890712 0.120768816 0.003986603
v -0.132870891 0.119460337 0.001
v -0.132870891 0.119460337 0.004000001
v -0.132870891 0.119460338 -0.004
v -0.132870548 0.120386577 -0.004900001
v -0.132870548 0.120386577 -0.004200001
v -0.13285918 0.11959148 -0.005
v -0.132855778 0.120733043 -0.004
v -0.132855777 0.120733042 0.004000001
v -0.132855777 0.120733043 0.001000001
v -0.132832561 0.11993455 0
v -0.132832561 0.11993455 0.001
v -0.132828754 0.120829326 -0.004900001
v -0.132828754 0.120829326 -0.0042
v -0.132828724 0.120258052 0
v -0.132828724 0.120258052 0.001
v -0.13282513 0.12084222 -0.00495
v -0.132815243 0.12087746 -0.004986603
v -0.132806354 0.119680515 -0.004900001
v -0.132806354 0.119680515 -0.004200001
v -0.132801723 0.120925601 -0.005
v -0.132739513 0.119468936 -0.005
v -0.132674137 0.119652476 0
v -0.132674137 0.119652476 0.001
v -0.132664013 0.119173168 -0.005
v -0.132663646 0.120536296 0
v -0.132663646 0.120536296 0.001000001
v -0.132649242 0.119519634 -0.004900001
v -0.132649242 0.119519634 -0.004200001
v -0.132632381 0.118644962 -0.005
v -0.132632381 0.118644962 -0.004900001
v -0.132632381 0.118644962 -0.004100002
v -0.132632381 0.118644962 -0.004
v -0.132628765 0.118657863 -0.004950001
v -0.132628765 0.118657863 -0.004050003
v -0.13261887 0.118693103 -0.004986603
v -0.132618869 0.118693103 -0.004013397
v -0.132615566 0.119185535 -0.004986603
v -0.132605358 0.118741237 -0.005
v -0.132605358 0.118741237 -0.004
v -0.132597988 0.121542537 -0.005
v -0.132597988 0.121542537 -0.004900001
v -0.132597988 0.121542537 -0.004100002
v -0.132597988 0.121542537 -0.004
v -0.132594669 0.121529552 -0.00495
v -0.132594669 0.121529552 -0.004050003
v -0.132594112 0.119138057 -0.004986603
v -0.132586872 0.119060176 -0.005
v -0.132585621 0.12149409 -0.004013397
v -0.132585621 0.121494091 -0.004986602
v -0.132580097 0.119194583 -0.004950001
v -0.132573254 0.121445644 -0.005
v -0.132573254 0.121445644 -0.004
v -0.132567119 0.119197894 -0.004900001
v -0.132567119 0.119197894 -0.004200001
v -0.132563877 0.119158695 -0.004950001
v -0.132561352 0.119181445 -0.004200001
v -0.132561352 0.119181446 -0.004900001
v -0.132557712 0.119100788 -0.004986603
v -0.132552814 0.119166248 -0.004900001
v -0.132552814 0.119166248 -0.004200001
v -0.132541767 0.119152767 -0.004900001
v -0.132541767 0.119152767 -0.004200001
v -0.132536365 0.119130519 -0.004950001
v -0.132510761 0.119078212 -0.004986603
v -0.13250906 0.120739582 -0.004900001
v -0.13250906 0.120739582 -0.0042
v -0.132507832 0.120843097 -0.005
v -0.132500873 0.119113452 -0.004950001
v -0.132497249 0.119126353 0.003900002
v -0.132497249 0.119126354 -0.004900001
v -0.132497249 0.119126354 -0.004200001
v -0.132497249 0.119126354 -0.004
v -0.132493625 0.119139254 0.003949997
v -0.132483737 0.119174494 0.003986603
v -0.132474316 0.121058071 -0.004
v -0.132474315 0.12105807 0.003900002
v -0.132471004 0.121045085 0.003949998
v -0.132470226 0.119222628 0.001
v -0.132470226 0.119222628 0.004000001
v -0.132470226 0.119222629 -0.004
v -0.132461948 0.121009623 0.003986603
v -0.132461681 0.119109554 -0.004950001
v -0.132458927 0.119073055 -0.004986603
v -0.132455158 0.119023197 -0.005
v -0.132449581 0.120961176 0.004000001
v -0.132449581 0.120961177 -0.004
v -0.132449581 0.120961177 0.001000001
v -0.132445492 0.119125736 -0.004900001
v -0.132445492 0.119125736 -0.004200001
v -0.132400356 0.119151088 -0.004900001
v -0.132400356 0.119151088 -0.004200001
v -0.1323959 0.119487399 0
v -0.1323959 0.119487399 0.001
v -0.132390995 0.119141498 -0.004950001
v -0.132381565 0.12069472 0
v -0.132381565 0.12069472 0.001000001
v -0.132365421 0.119115314 -0.004986603
v -0.132341869 0.120885463 -0.005
v -0.132330494 0.11907954 -0.005
v -0.132291172 0.1207952 -0.004900001
v -0.132291172 0.1207952 -0.0042
v -0.132250484 0.118109378 9.9999e-05
v -0.132250484 0.118109378 0.001
v -0.132248805 0.118250789 0
v -0.132205158 0.121927486 1e-09
v -0.13220348 0.122068896 9.9999e-05
v -0.13220348 0.122068896 0.001000001
v -0.132162792 0.119383075 -0.004900001
v -0.132162792 0.119383075 -0.004200001
v -0.132123478 0.121098735 -0.005
v -0.132112095 0.119292812 -0.005
v -0.132088543 0.121062961 -0.004986603
v -0.132072399 0.119483554 0
v -0.132072399 0.119483554 0.001
v -0.132062969 0.121036777 -0.004950001
v -0.132058063 0.120690883 0
v -0.132058063 0.120690883 0.001000001
v -0.132053608 0.121027194 -0.0042
v -0.132053608 0.121027195 -0.004900001
v -0.132033207 0.121149433 -0.005
v -0.13202084 0.121100986 -0.004986603
v -0.132011791 0.121065517 -0.004950001
v -0.13200848 0.121052539 -0.004900001
v -0.132004383 0.119217105 -0.004
v -0.132004383 0.119217105 0.001
v -0.132004382 0.119217104 0.004
v -0.131992015 0.119168658 0.003986603
v -0.131991276 0.121055362 -0.0042
v -0.131983745 0.120955645 0.004000001
v -0.131983745 0.120955646 -0.004
v -0.131983745 0.120955646 0.001000001
v -0.131982959 0.119133189 0.003949997
v -0.131979648 0.119120211 0.003900002
v -0.131979648 0.119120212 -0.004
v -0.131970226 0.121003787 0.003986603
v -0.131960338 0.121039027 0.003949998
v -0.131956715 0.121051921 -0.004900001
v -0.131956715 0.121051921 -0.004
v -0.131956714 0.121051921 0.003900002
v -0.131953098 0.121064823 -0.004950001
v -0.131946132 0.119335178 -0.005
v -0.131944904 0.119438693 -0.004200001
v -0.131944904 0.119438694 -0.004900001
v -0.131943203 0.121100063 -0.004986603
v -0.131929691 0.121148204 -0.005
v -0.131925419 0.121036876 -0.0042
v -0.131912197 0.121025508 -0.004900001
v -0.131902615 0.12103487 -0.004950001
v -0.13190115 0.121012027 -0.004900001
v -0.13189262 0.12099683 -0.004900001
v -0.131890087 0.12101958 -0.004950001
v -0.131886852 0.120980381 -0.004900001
v -0.131886852 0.120980381 -0.0042
v -0.131880718 0.118732639 -0.005
v -0.131880718 0.118732639 -0.004
v -0.131880405 0.121002346 -0.004950001
v -0.131876423 0.121060443 -0.004986603
v -0.131873867 0.120983692 -0.004950001
v -0.131868351 0.118684192 -0.004986603
v -0.131868351 0.118684192 -0.004013397
v -0.131859859 0.121040218 -0.004986603
v -0.131859295 0.118648723 -0.004950001
v -0.131859295 0.118648723 -0.004050003
v -0.131855983 0.118635745 -0.005
v -0.131855983 0.118635745 -0.004900002
v -0.131855983 0.118635745 -0.004100002
v -0.131855983 0.118635745 -0.004
v -0.131848606 0.121437038 -0.005
v -0.131848606 0.121437038 -0.004
v -0.131847057 0.121017421 -0.004986603
v -0.131840656 0.121095378 -0.005
v -0.131838406 0.120992748 -0.004986603
v -0.131835094 0.121485179 -0.004013397
v -0.131835094 0.12148518 -0.004986602
v -0.131825207 0.12152042 -0.00495
v -0.131825207 0.12152042 -0.004050003
v -0.131821583 0.121533313 -0.005
v -0.131821583 0.121533313 -0.004900001
v -0.131821583 0.121533313 -0.004100002
v -0.131821583 0.121533313 -0.004
v -0.131818561 0.121068409 -0.005
v -0.131804722 0.120658649 -0.004900001
v -0.131804722 0.120658649 -0.004200001
v -0.131801495 0.121038013 -0.005
v -0.131790317 0.119641978 0
v -0.131790317 0.119641978 0.001
v -0.131789959 0.121005115 -0.005
v -0.131779827 0.120525805 0.001
v -0.131779827 0.120525806 0
v -0.131714458 0.120709339 -0.005
v -0.13165224 0.119252674 -0.005
v -0.13164761 0.12049776 -0.004900001
v -0.13164761 0.12049776 -0.004200001
v -0.131638729 0.119300815 -0.004986603
v -0.131628834 0.119336055 -0.004950001
v -0.13162524 0.119920222 0
v -0.13162524 0.119920222 0.001
v -0.13162521 0.119348957 -0.004900001
v -0.13162521 0.119348957 -0.004200001
v -0.131621402 0.120243724 0
v -0.131621402 0.120243724 0.001
v -0.131598186 0.119445231 0.001
v -0.131598186 0.119445231 0.004000001
v -0.131598186 0.119445232 -0.004
v -0.131594791 0.120586795 -0.005
v -0.131583423 0.119791698 -0.004900001
v -0.131583423 0.119791698 -0.004200001
v -0.13158308 0.120717936 0.001
v -0.13158308 0.120717936 0.004000001
v -0.13158308 0.120717937 -0.004
v -0.131563251 0.119409457 0.003986603
v -0.131557003 0.119354106 -0.004900001
v -0.131557003 0.119354106 -0.004200001
v -0.131551487 0.119341899 -0.004950001
v -0.131547306 0.120752871 0.003986603
v -0.131537677 0.119383273 0.003949997
v -0.131536411 0.119308544 -0.004986603
v -0.131528316 0.11937369 0.003900002
v -0.131528316 0.119373691 -0.004
v -0.131522648 0.120008205 -0.004900001
v -0.131522648 0.120008205 -0.004200001
v -0.131521114 0.120778437 0.003949998
v -0.131515819 0.119262981 -0.005
v -0.131511532 0.120787799 -0.004
v -0.131511531 0.120787799 0.003900002
v -0.13150806 0.119401897 -0.004900001
v -0.13150806 0.119401897 -0.004200001
v -0.131501293 0.119469966 -0.004900001
v -0.131501293 0.119469966 -0.004200001
v -0.131499652 0.11619546 0.005699997
v -0.131495991 0.119396091 -0.004950001
v -0.131488315 0.119473278 -0.004950001
v -0.1314799 0.11979047 -0.005
v -0.131463001 0.11938023 -0.004986603
v -0.131452846 0.119482334 -0.004986603
v -0.131433613 0.119955379 -0.005
v -0.131417942 0.119358562 -0.005
v -0.1314044 0.119494701 -0.005
v -0.131360477 0.119845896 0.004000001
v -0.131360477 0.119845897 -0.004
v -0.131360477 0.119845897 0.001
v -0.131354946 0.12031174 -0.004
v -0.131354946 0.12031174 0.001
v -0.131354946 0.12031174 0.004000001
v -0.131327923 0.120408016 -0.004900001
v -0.131327923 0.120408016 -0.004200001
v -0.131324299 0.120420917 -0.004950001
v -0.131314403 0.120456157 -0.004986603
v -0.131312335 0.119832385 0.003986603
v -0.131311611 0.120401867 -0.004900001
v -0.131306499 0.120324107 0.003986603
v -0.131305805 0.120413936 -0.004950001
v -0.131300892 0.120504299 -0.005
v -0.131296619 0.120392971 -0.004900001
v -0.131289944 0.120446926 -0.004986603
v -0.131288807 0.12040385 -0.004950001
v -0.131285076 0.120240192 -0.004900001
v -0.131285076 0.120240192 -0.004200001
v -0.131283398 0.120381603 -0.004900001
v -0.131277095 0.119822489 0.003949997
v -0.131275722 0.12023061 -0.004950001
v -0.131273815 0.120390964 -0.004950001
v -0.131272358 0.120368122 -0.004200001
v -0.131271038 0.120333163 0.003949998
v -0.131268276 0.120491985 -0.005
v -0.13126746 0.120433582 -0.004986603
v -0.131264194 0.119818873 0.003900002
v -0.131264194 0.119818874 -0.004
v -0.131258671 0.120284717 -0.004900001
v -0.131258053 0.120336475 -0.004900001
v -0.131258053 0.120336475 -0.004
v -0.131258052 0.120336474 0.003900002
v -0.131255436 0.120301845 -0.004200001
v -0.131250149 0.120204425 -0.004986603
v -0.131248851 0.119087505 -0.005
v -0.131248851 0.119087505 -0.004
v -0.131247631 0.120416538 -0.004986603
v -0.131245769 0.120281093 -0.004950001
v -0.131245075 0.120339786 -0.004950001
v -0.131238293 0.120474201 -0.005
v -0.131225353 0.121067264 -0.005
v -0.131225353 0.121067264 -0.004
v -0.131215214 0.120168651 -0.005
v -0.131213924 0.119051738 -0.004986603
v -0.131213924 0.119051738 -0.004013397
v -0.131211857 0.120451473 -0.005
v -0.131210529 0.120271198 -0.004986603
v -0.131209606 0.120348842 -0.004986603
v -0.131189579 0.121102199 -0.004986603
v -0.131189579 0.121102199 -0.004013397
v -0.13118835 0.119025547 -0.004950001
v -0.13118835 0.119025547 -0.004050003
v -0.131178989 0.119015964 -0.005
v -0.131178989 0.119015964 -0.004900002
v -0.131178989 0.119015964 -0.004100002
v -0.131178989 0.119015964 -0.004
v -0.131163395 0.121127773 -0.004950001
v -0.131163395 0.121127773 -0.004050003
v -0.131162388 0.120257686 -0.005
v -0.131161159 0.12036121 -0.005
v -0.131153805 0.121137134 -0.005
v -0.131153805 0.121137134 -0.004900001
v -0.131153805 0.121137134 -0.004100002
v -0.131153805 0.121137134 -0.004
v -0.130879085 0.119710765 -0.005
v -0.130879085 0.119710765 -0.004
v -0.130870479 0.120435405 -0.005
v -0.130870479 0.120435405 -0.004
v -0.130830944 0.119697254 -0.004986603
v -0.130830944 0.119697254 -0.004013397
v -0.130822033 0.120447773 -0.004986603
v -0.130822033 0.120447773 -0.004013397
v -0.130795704 0.119687358 -0.004950001
v -0.130795704 0.119687358 -0.004050003
v -0.130786571 0.120456829 -0.004950001
v -0.130786571 0.120456829 -0.004050003
v -0.130782802 0.119683742 -0.005
v -0.130782802 0.119683742 -0.004900001
v -0.130782802 0.119683742 -0.004100002
v -0.130782802 0.119683742 -0.004
v -0.130773586 0.12046014 -0.005
v -0.130773586 0.12046014 -0.004900001
v -0.130773586 0.12046014 -0.004100002
v -0.130773586 0.12046014 -0.004
v -0.130674816 0.119787852 0
v -0.130668102 0.120353496 0
v -0.130639881 0.119752078 1.3398e-05
v -0.130632328 0.120388431 1.3398e-05
v -0.130614307 0.119725886 5e-05
v -0.130606144 0.120414004 5e-05
v -0.130604946 0.119716304 9.9999e-05
v -0.130604946 0.119716304 0.001
v -0.130596553 0.120423358 9.9999e-05
v -0.130596553 0.120423358 0.001
v -0.130569164 0.119965922 0
v -0.130566707 0.120172961 0
v -0.13052103 0.119952411 1.3398e-05
v -0.130518261 0.120185329 1.3398e-05
v -0.13048579 0.119942516 5e-05
v -0.130482799 0.120194385 5e-05
v -0.130472973 0.124876979 0.001000001
v -0.130472973 0.124876979 0.00535
v -0.130472973 0.12487698 -0.002999999
v -0.130472889 0.119938899 9.9999e-05
v -0.130472888 0.119938899 0.001
v -0.130469814 0.120197696 9.9999e-05
v -0.130469814 0.120197696 0.001
v -0.130419498 0.124929194 0.005351426
v -0.130419498 0.124929195 0.00100142
v -0.130401425 0.12494685 -0.002999999
v -0.130401424 0.124946849 0.001000001
v -0.130329876 0.125016711 0.006500001
v -0.130061779 0.125278522 0.001601418
v -0.130061779 0.125278522 0.003701417
v -0.130019764 0.122524112 -0.0042
v -0.130019764 0.122524112 -0.0032
v -0.130016079 0.122834675 -0.0042
v -0.130016079 0.122834675 -0.0032
v -0.129867672 0.122253315 -0.0042
v -0.129867672 0.122253315 -0.0032
v -0.129864834 0.125470844 -0.001600002
v -0.129857601 0.123101787 -0.0042
v -0.129857601 0.123101787 -0.0032
v -0.129745022 0.125587848 -0.002225002
v -0.129745022 0.125587848 -0.000975001
v -0.129704052 0.125627856 0.003101419
v -0.129704052 0.125627856 0.003701417
v -0.129600567 0.122094845 -0.0042
v -0.129600567 0.122094845 -0.0032
v -0.129417683 0.125907512 -0.00051747
v -0.129417683 0.125907513 -0.002682533
v -0.129290005 0.12209116 -0.0042
v -0.129290005 0.12209116 -0.0032
v -0.129019207 0.122243244 -0.0042
v -0.129019207 0.122243244 -0.0032
v -0.128970524 0.126344173 -0.002850002
v -0.128970524 0.126344173 -0.000350001
v -0.128809742 0.126501186 0.00357142
v -0.128809742 0.126501186 0.004951425
v -0.128523365 0.126780842 -0.002682532
v -0.128523365 0.126780842 -0.00051747
v -0.128196026 0.127100498 -0.002225001
v -0.128196026 0.127100498 -0.000975001
v -0.128123759 0.116748088 0.005699997
v -0.128076214 0.127217503 -0.001600001
v -0.127965793 0.123132167 0.001601418
v -0.127965793 0.123132167 0.003701417
v -0.127852985 0.122194042 -0.003
v -0.127852985 0.122194042 0.001
v -0.127781437 0.122263904 -0.003
v -0.127781437 0.122263904 0.001
v -0.127608066 0.123481502 0.003101418
v -0.127608066 0.123481502 0.003701417
v -0.127590068 0.122031787 0.00100142
v -0.127590068 0.122031787 0.005351426
v -0.127244846 0.122787906 -0.001600002
v -0.127125034 0.122904911 -0.002225002
v -0.127125034 0.122904911 -0.000975002
v -0.127003033 0.128265499 -0.001600001
v -0.126883221 0.128382504 -0.002225001
v -0.126883221 0.128382504 -0.000975001
v -0.126797695 0.123224567 -0.002682533
v -0.126797695 0.123224567 -0.000517471
v -0.126713749 0.124354831 0.00357142
v -0.126713749 0.124354831 0.004951424
v -0.126555874 0.128702164 -0.002682532
v -0.126555874 0.128702164 -0.00051747
v -0.126350536 0.123661236 -0.002850002
v -0.126350536 0.123661236 -0.000350002
v -0.126108723 0.129138828 -0.000350001
v -0.126108723 0.129138829 -0.002850001
v -0.125903377 0.124097896 -0.000517471
v -0.125903377 0.124097897 -0.002682533
v -0.125661564 0.129575493 -0.002682532
v -0.125661564 0.129575493 -0.00051747
v -0.125576038 0.124417561 -0.002225002
v -0.125576038 0.124417561 -0.000975002
v -0.125456226 0.124534565 -0.001600002
v -0.125355152 0.123554156 0.006400002
v -0.125355152 0.123554156 0.006500001
v -0.125334225 0.129895153 -0.002225001
v -0.125334225 0.129895153 -0.000975001
v -0.125316394 0.123555888 0.006400002
v -0.125316394 0.123555888 0.006500001
v -0.125214405 0.130012158 -0.001600001
v -0.125123363 0.123316798 0.006400002
v -0.125123363 0.123316798 0.006500001
v -0.125120708 0.123355502 0.006400002
v -0.125120708 0.123355502 0.006500001
v -0.125119953 0.123747722 0.006400002
v -0.125119953 0.123747722 0.006500001
v -0.125117298 0.123786426 0.006400002
v -0.125117298 0.123786426 0.006500001
v -0.125023395 0.119296466 0.001
v -0.125023395 0.119296466 0.005349999
v -0.124924266 0.123547336 0.006400002
v -0.124924266 0.123547336 0.006500001
v -0.124885517 0.123548686 0.006400002
v -0.124885517 0.123548686 0.006500001
v -0.124730548 0.12424837 0.006400002
v -0.124730548 0.12424837 0.006500001
v -0.124698261 0.124279903 0.006400002
v -0.124698261 0.124279903 0.006500001
v -0.124660266 0.123580745 0.006400002
v -0.124660266 0.123580745 0.006500001
v -0.124628421 0.123923877 0.006400002
v -0.124628421 0.123923877 0.006500001
v -0.124627239 0.123613002 0.006400002
v -0.124627239 0.123613002 0.006500001
v -0.124597049 0.123898654 0.006400002
v -0.124597049 0.123898654 0.006500001
v -0.124551357 0.124423358 0.006400002
v -0.124551357 0.124423358 0.006500001
v -0.124520297 0.124453685 0.006400002
v -0.124520297 0.124453685 0.006500001
v -0.124518497 0.124031223 0.006400002
v -0.124518497 0.124031223 0.006500001
v -0.124490573 0.124002635 0.006400002
v -0.124490573 0.124002635 0.006500001
v -0.12442097 0.124550685 0.006400002
v -0.12442097 0.124550685 0.006500001
v -0.124393047 0.124522098 0.006400002
v -0.124393047 0.124522098 0.006500001
v -0.124383045 0.125582562 -0.001600002
v -0.124340228 0.123635661 0.006400002
v -0.124340228 0.123635661 0.006500001
v -0.124315761 0.123603694 0.006400002
v -0.124315761 0.123603694 0.006500001
v -0.124263233 0.125699566 -0.002225002
v -0.124263233 0.125699566 -0.000975002
v -0.124236522 0.124100963 0.006400002
v -0.124236522 0.124100963 0.006500001
v -0.124233753 0.123739642 0.006400002
v -0.124233753 0.123739642 0.006500001
v -0.12420547 0.12413129 0.006400002
v -0.12420547 0.12413129 0.006500001
v -0.124174807 0.108694622 -0.003052099
v -0.124173541 0.12374258 0.006400002
v -0.124173541 0.12374258 0.006500001
v -0.12416765 0.108701603 -0.003052099
v -0.124141232 0.131060151 -0.001600001
v -0.124134494 0.124774585 0.006400002
v -0.124134494 0.124774585 0.006500001
v -0.124130123 0.124834712 0.006400002
v -0.124130123 0.124834712 0.006500001
v -0.124122524 0.123985263 0.006400002
v -0.124122028 0.123969745 0.006400002
v -0.124115024 0.123999072 0.006400002
v -0.124110629 0.123952319 0.006400002
v -0.124110629 0.123952319 0.006500001
v -0.124109942 0.108628192 -0.00305211
v -0.124102785 0.108635181 -0.00305211
v -0.124099323 0.123943263 0.006400002
v -0.124096721 0.124013828 0.006400002
v -0.124091769 0.118086444 0.006456696
v -0.124088001 0.123939235 0.006400002
v -0.12408687 0.108604564 -0.003361486
v -0.124086802 0.108604496 -0.002742231
v -0.124081371 0.124016277 0.006400002
v -0.124079714 0.108611553 -0.003361486
v -0.124079645 0.108611484 -0.002742231
v -0.124072833 0.123941707 0.006400002
v -0.124069972 0.124012203 0.006400002
v -0.124058627 0.124003108 0.006400002
v -0.124058627 0.124003108 0.006500001
v -0.124054645 0.123956424 0.006400002
v -0.124047298 0.123985744 0.006400002
v -0.124046962 0.123970279 0.006400002
v -0.124043413 0.10856007 -0.003301725
v -0.12404336 0.108560016 -0.002802015
v -0.124036265 0.108567058 -0.003301725
v -0.124036204 0.108566997 -0.002802015
v -0.12402142 0.131177155 -0.002225001
v -0.12402142 0.131177155 -0.000975001
v -0.123985659 0.117804408 0.005699997
v -0.123985659 0.117804408 0.006122696
v -0.123935886 0.126019222 -0.000517471
v -0.123935886 0.126019223 -0.002682533
v -0.123898303 0.118120708 0.006475258
v -0.123873621 0.108386196 -0.003481424
v -0.123873613 0.108386188 -0.003401155
v -0.123873537 0.108386112 -0.002702489
v -0.12387353 0.108386104 -0.002622216
v -0.123866472 0.108393184 -0.003481424
v -0.123866465 0.108393177 -0.003401155
v -0.123866381 0.1083931 -0.002702489
v -0.123866373 0.108393085 -0.002622216
v -0.123729824 0.125165424 0.006400002
v -0.123729824 0.125165424 0.006500001
v -0.123694073 0.131496815 -0.002682532
v -0.123694073 0.131496815 -0.00051747
v -0.123688219 0.108196338 -0.002834478
v -0.123685199 0.12516904 0.006400002
v -0.123685199 0.12516904 0.006500001
v -0.123681063 0.108203327 -0.002834478
v -0.123680323 0.108188251 -0.003260808
v -0.123676715 0.125021305 0.006400002
v -0.123676715 0.125021305 0.006500001
v -0.123673166 0.10819524 -0.003260808
v -0.123651805 0.125313838 0.006400002
v -0.123651805 0.125313838 0.006500001
v -0.123645168 0.125052112 0.006400002
v -0.123645168 0.125052112 0.006500001
v -0.123640673 0.108147647 -0.002785222
v -0.123639354 0.117830562 0.005699997
v -0.123637691 0.12426585 0.006400002
v -0.123637691 0.12426585 0.006500001
v -0.123633516 0.108154636 -0.002785222
v -0.123632311 0.108139087 -0.003309053
v -0.123628672 0.117829448 0.006163826
v -0.123625155 0.108146068 -0.003309053
v -0.12362363 0.125286464 0.006400002
v -0.12362363 0.125286464 0.006500001
v -0.123623362 0.118149058 0.0065
v -0.123605403 0.124297382 0.006400002
v -0.123605403 0.124297382 0.006500001
v -0.12356373 0.108068859 -0.003471849
v -0.123556574 0.10807584 -0.003471849
v -0.123502588 0.108006252 -0.00347186
v -0.123500766 0.125395854 0.006400002
v -0.123500766 0.125395854 0.006500001
v -0.123496868 0.125354389 0.006400002
v -0.123496868 0.125354389 0.006500001
v -0.123495432 0.108013233 -0.00347186
v -0.123488735 0.126455891 -0.002850002
v -0.123488735 0.126455891 -0.000350002
v -0.123449854 0.107952251 -0.003283082
v -0.123443859 0.131741157 0.004951425
v -0.123443859 0.131741158 0.00357142
v -0.123442705 0.10795924 -0.003283082
v -0.123427942 0.107929813 -0.003206605
v -0.123420794 0.107936794 -0.003206605
v -0.123407192 0.125028331 0.006400002
v -0.123407192 0.125028331 0.006500001
v -0.12340578 0.11777856 0.006163826
v -0.123391841 0.124987468 0.006400002
v -0.123391841 0.124987468 0.006500001
v -0.123381542 0.125341815 0.006400002
v -0.123381542 0.125341815 0.006500001
v -0.123366931 0.125382572 0.006400002
v -0.123366931 0.125382572 0.006500001
v -0.123338251 0.107837963 -0.002884164
v -0.123335018 0.125054035 0.006400002
v -0.123335018 0.125054035 0.006500001
v -0.123331095 0.107844944 -0.002884164
v -0.123323076 0.107822422 -0.00282147
v -0.123320047 0.107819324 -0.00262372
v -0.123319904 0.125013408 0.006400002
v -0.123319904 0.125013408 0.006500001
v -0.123318591 0.11808549 0.0065
v -0.123315928 0.10782941 -0.00282147
v -0.123315601 0.124719554 0.006400002
v -0.123315601 0.124719554 0.006500001
v -0.123315203 0.107814365 -0.000176843
v -0.123315012 0.107814167 -0.002785299
v -0.123312891 0.107826305 -0.00262372
v -0.123309938 0.107808971 -0.002623723
v -0.123308275 0.10780727 -0.002821473
v -0.123308046 0.107821346 -0.000176843
v -0.123307856 0.107821148 -0.002785299
v -0.123306575 0.124761104 0.006400002
v -0.123306575 0.124761104 0.006500001
v -0.12330498 0.117736705 0.005699997
v -0.123302782 0.10781596 -0.002623723
v -0.123301792 0.125554523 0.006400002
v -0.123301792 0.125554523 0.006500001
v -0.123301119 0.107814251 -0.002821473
v -0.123292757 0.107791378 -0.002885209
v -0.123285601 0.107798366 -0.002885209
v -0.123259151 0.125554752 0.006400002
v -0.123259151 0.125554752 0.006500001
v -0.123250338 0.107747936 -0.000176858
v -0.123246922 0.13193348 -0.002850001
v -0.123246922 0.13193348 -0.000350001
v -0.123243181 0.107754924 -0.000176858
v -0.123230037 0.125380458 0.006400002
v -0.123230037 0.125380458 0.006500001
v -0.123227266 0.107724307 -0.000486234
v -0.123227198 0.107724239 0.000133025
v -0.123223918 0.125731685 0.006400002
v -0.123223918 0.125731685 0.006500001
v -0.12322011 0.107731296 -0.000486234
v -0.123220041 0.107731227 0.000133025
v -0.12321918 0.124755924 0.006400002
v -0.12321918 0.124755924 0.006500001
v -0.12321162 0.124715641 0.006400002
v -0.12321162 0.124715641 0.006500001
v -0.123202173 0.107698612 -0.003206659
v -0.123200267 0.117678378 0.006163826
v -0.123195017 0.1077056 -0.003206659
v -0.123183451 0.107679439 -0.000426469
v -0.123183397 0.107679385 7.3241e-05
v -0.123180758 0.107676685 -0.003283143
v -0.123176294 0.107686427 -0.000426469
v -0.123176241 0.107686374 7.3241e-05
v -0.123173601 0.107683674 -0.003283143
v -0.123130405 0.124805057 0.006400002
v -0.123130405 0.124805057 0.006500001
v -0.123127344 0.10762199 -0.003471948
v -0.123122241 0.124056064 0.006400002
v -0.123122241 0.124056064 0.006500001
v -0.123120188 0.107628978 -0.003471948
v -0.123118663 0.124993724 0.006400002
v -0.123118663 0.124993724 0.006500001
v -0.123102481 0.12477647 0.006400002
v -0.123102481 0.12477647 0.006500001
v -0.123087589 0.125025516 0.006400002
v -0.123087589 0.125025516 0.006500001
v -0.123061632 0.107554699 -0.003471963
v -0.123057987 0.12530289 0.006400002
v -0.123057987 0.12530289 0.006500001
v -0.123056262 0.125345508 0.006400002
v -0.123056262 0.125345508 0.006500001
v -0.123054483 0.107561687 -0.003471963
v -0.123046192 0.125762714 0.006400002
v -0.123046192 0.125762714 0.006500001
v -0.123044712 0.125805568 0.006400002
v -0.123044712 0.125805568 0.006500001
v -0.123041576 0.126892552 -0.002682533
v -0.123041576 0.126892552 -0.000517471
v -0.123040607 0.124899494 0.006400002
v -0.123040607 0.124899494 0.006500001
v -0.123037219 0.117952243 0.0065
v -0.123026363 0.1241497 0.006400002
v -0.123026363 0.1241497 0.006500001
v -0.123022875 0.117534137 0.005699997
v -0.123022875 0.117534137 0.006163826
v -0.123014017 0.107505939 -0.000606172
v -0.123013925 0.10750584 0.000253035
v -0.123006868 0.107512927 -0.000606172
v -0.123006769 0.107512828 0.000253035
v -0.122950434 0.107440822 -0.003471986
v -0.122950342 0.107440731 -0.002623804
v -0.122943277 0.107447811 -0.003471986
v -0.122943186 0.107447719 -0.002623804
v -0.122939867 0.107430004 -0.002623807
v -0.122932711 0.107436992 -0.002623807
v -0.122896807 0.107385906 -0.002811231
v -0.122895121 0.107384189 -0.002834657
v -0.122894403 0.107383449 -0.002848092
v -0.122891825 0.107380809 -0.003472002
v -0.122891764 0.107380741 -0.002905282
v -0.12288965 0.107392894 -0.002811231
v -0.122887972 0.10739117 -0.002834657
v -0.122887247 0.107390438 -0.002848092
v -0.122884668 0.107387798 -0.003472002
v -0.122884607 0.107387729 -0.002905282
v -0.12288174 0.125373401 0.006400002
v -0.12288174 0.125373401 0.006500001
v -0.122881281 0.107370014 -0.002842584
v -0.122874132 0.107377002 -0.002842584
v -0.12287289 0.125729229 0.006400002
v -0.12287289 0.125729229 0.006500001
v -0.122856379 0.107344509 -0.00288772
v -0.122849222 0.107351497 -0.00288772
v -0.122844309 0.107332149 -0.000426545
v -0.122844255 0.107332095 7.3165e-05
v -0.122841602 0.125553203 0.006400002
v -0.122841602 0.125553203 0.006500001
v -0.122837152 0.107339137 -0.000426545
v -0.122837099 0.107339084 7.3165e-05
v -0.122822246 0.125500843 0.006400002
v -0.122822246 0.125500843 0.006500001
v -0.122820125 0.125474018 0.006400002
v -0.122820125 0.125474018 0.006500001
v -0.122815547 0.12542889 0.006400002
v -0.122815547 0.12542889 0.006500001
v -0.122800508 0.107287303 -0.000486329
v -0.12280044 0.107287227 0.000132926
v -0.122799763 0.132370144 -0.00051747
v -0.122799763 0.132370145 -0.002682532
v -0.122797786 0.125570468 0.006400002
v -0.122797786 0.125570468 0.006500001
v -0.122794932 0.117756732 0.0065
v -0.122793352 0.107294284 -0.000486329
v -0.122793283 0.107294215 0.000132926
v -0.122776888 0.10726311 -0.000176965
v -0.122769731 0.107270099 -0.000176965
v -0.122767375 0.125115749 0.006400002
v -0.122767375 0.125115749 0.006500001
v -0.122760242 0.124033496 0.006400002
v -0.122760242 0.124033496 0.006500001
v -0.122731883 0.125150409 0.006400002
v -0.122731883 0.125150409 0.006500001
v -0.122714237 0.127212216 -0.002225002
v -0.122714237 0.127212216 -0.000975002
v -0.122712023 0.107196681 -0.00017698
v -0.122704866 0.10720367 -0.00017698
v -0.122652644 0.123985935 0.006400002
v -0.122652644 0.123985935 0.006500001
v -0.12265028 0.126196041 0.006400002
v -0.12265028 0.126196041 0.006500001
v -0.122618952 0.107101383 -0.00194964
v -0.122618845 0.107101268 -0.000948182
v -0.122611795 0.107108364 -0.00194964
v -0.122611688 0.107108257 -0.000948182
v -0.122608364 0.12619701 0.006400002
v -0.122608364 0.12619701 0.006500001
v -0.122594418 0.12732922 -0.001600002
v -0.122589846 0.107071567 -0.003216444
v -0.122585703 0.107067333 -0.00059662
v -0.122585604 0.107067233 0.000251563
v -0.122582689 0.107078556 -0.003216444
v -0.122580738 0.126020786 0.006400002
v -0.122580738 0.126020786 0.006500001
v -0.122578546 0.107074314 -0.00059662
v -0.122578455 0.107074222 0.000251563
v -0.122575136 0.107056514 0.000251559
v -0.12256798 0.107063495 0.000251559
v -0.122560146 0.126379886 0.006400002
v -0.122560146 0.126379886 0.006500001
v -0.122553614 0.107034473 -0.003198881
v -0.122553553 0.107034412 -0.002632162
v -0.122551454 0.107032261 -0.003259172
v -0.122549549 0.132614487 0.003101419
v -0.122549549 0.132614487 0.003701417
v -0.12254941 0.10703017 -0.003294313
v -0.122549074 0.107029827 -0.001849657
v -0.122548975 0.10702972 -0.000948198
v -0.122548749 0.138485692 -0.004999998
v -0.122548749 0.138485692 -0.002999998
v -0.12254845 0.126052318 0.006400002
v -0.12254845 0.126052318 0.006500001
v -0.122546457 0.107041462 -0.003198881
v -0.122546396 0.107041393 -0.002632162
v -0.122544298 0.107039249 -0.003259172
v -0.122542261 0.107037159 -0.003294313
v -0.122541918 0.107036808 -0.001849657
v -0.122541818 0.107036708 -0.000948198
v -0.122532076 0.107012416 6.4135e-05
v -0.122531246 0.126351764 0.006400002
v -0.122531246 0.126351764 0.006500001
v -0.12253039 0.107010692 4.0709e-05
v -0.122529672 0.107009952 2.7274e-05
v -0.122527094 0.107007312 -0.000596635
v -0.122527025 0.107007251 -2.9916e-05
v -0.122524919 0.107019397 6.4135e-05
v -0.122523233 0.10701768 4.0709e-05
v -0.122522516 0.10701694 2.7274e-05
v -0.122519937 0.107014301 -0.000596635
v -0.122519876 0.107014232 -2.9916e-05
v -0.12251655 0.106996517 3.2782e-05
v -0.122509393 0.107003505 3.2782e-05
v -0.122505991 0.106985698 -0.003480527
v -0.122498835 0.106992687 -0.003480527
v -0.122495882 0.106975353 -0.003480531
v -0.122495783 0.106975254 -0.002632177
v -0.122491648 0.106971011 -1.2353e-05
v -0.122488726 0.106982334 -0.003480531
v -0.122488634 0.106982242 -0.002632177
v -0.122484491 0.106978 -1.2353e-05
v -0.122478191 0.124685009 0.006400002
v -0.122478191 0.124685009 0.006500001
v -0.122472424 0.132689809 -0.002225001
v -0.122472424 0.132689809 -0.000975001
v -0.12242181 0.126459125 0.006400002
v -0.12242181 0.126459125 0.006500001
v -0.122408107 0.125950519 0.006400002
v -0.122408107 0.125950519 0.006500001
v -0.122388965 0.124772136 0.006400002
v -0.122388965 0.124772136 0.006500001
v -0.122367107 0.124417408 0.006400002
v -0.122367107 0.124417408 0.006500001
v -0.122352604 0.132806809 -0.001600001
v -0.122322849 0.124307987 0.006400002
v -0.122322849 0.124307987 0.006500001
v -0.122314206 0.138656015 -0.004999998
v -0.122314206 0.138656015 -0.002999998
v -0.122294918 0.126414982 0.006400002
v -0.122294918 0.126414982 0.006500001
v -0.122283474 0.126455532 0.006400002
v -0.122283474 0.126455532 0.006500001
v -0.122273027 0.106747142 0.000999999
v -0.122273027 0.106747142 0.002399997
v -0.122254688 0.126068561 0.006400002
v -0.122254688 0.126068561 0.006500001
v -0.122225452 0.126047992 0.006400002
v -0.122225452 0.126047992 0.006500001
v -0.122225107 0.106698078 -0.000341077
v -0.122224895 0.125992687 0.006400002
v -0.122224895 0.125992687 0.006500001
v -0.122217958 0.106705058 -0.000341077
v -0.12220367 0.126138607 0.006400002
v -0.12220367 0.126138607 0.006500001
v -0.122200145 0.12567641 0.006400002
v -0.122200145 0.12567641 0.006500001
v -0.122199916 0.12378712 0.006400002
v -0.122199916 0.12378712 0.006500001
v -0.122197841 0.126137073 0.006400002
v -0.122197841 0.126137073 0.006500001
v -0.122196773 0.125672962 0.006400002
v -0.122196773 0.125672962 0.006500001
v -0.122191822 0.132963818 0.001601419
v -0.122191822 0.132963818 0.003701417
v -0.122188883 0.106660976 -0.000323514
v -0.122188822 0.106660915 0.000243205
v -0.122186723 0.106658763 -0.000383806
v -0.122184679 0.106656673 -0.000418947
v -0.122181726 0.106667964 -0.000323514
v -0.122181665 0.106667896 0.000243205
v -0.122179567 0.106665752 -0.000383806
v -0.12217753 0.106663661 -0.000418947
v -0.122170368 0.125804203 0.006400002
v -0.122170368 0.125804203 0.006500001
v -0.122170314 0.125746952 0.006400002
v -0.122170314 0.125746952 0.006500001
v -0.122169597 0.125766437 0.006400002
v -0.122169597 0.125766437 0.006500001
v -0.122157695 0.125763126 0.006400002
v -0.122157695 0.125763126 0.006500001
v -0.12214126 0.106612209 -0.000605161
v -0.122134104 0.10661919 -0.000605161
v -0.122132411 0.123850635 0.006400002
v -0.122132411 0.123850635 0.006500001
v -0.122131143 0.106601856 -0.000605165
v -0.122131052 0.106601756 0.000243189
v -0.122129062 0.125794948 0.006400002
v -0.122129062 0.125794948 0.006500001
v -0.122123995 0.106608837 -0.000605165
v -0.122123895 0.106608745 0.000243189
v -0.122114733 0.106585048 -0.003472177
v -0.122114641 0.106584957 -0.002632261
v -0.122113696 0.123744197 0.006400002
v -0.122113696 0.123744197 0.006500001
v -0.122107584 0.106592037 -0.003472177
v -0.122107485 0.106591938 -0.002632261
v -0.122105786 0.136681909 -0.004999999
v -0.122105786 0.136681909 -0.002999998
v -0.122099645 0.137199514 -0.004999999
v -0.122099645 0.137199514 -0.002999998
v -0.122092006 0.123765377 0.006400002
v -0.122092006 0.123765377 0.006500001
v -0.122082393 0.124882755 0.006400002
v -0.122082393 0.124882755 0.006500001
v -0.122067729 0.123716854 0.006400002
v -0.122067729 0.123716854 0.006500001
v -0.122052759 0.106521579 -0.003472192
v -0.122052721 0.106521541 -0.003142496
v -0.122052713 0.106521534 -0.003065843
v -0.122052675 0.106521495 -0.002711343
v -0.122045603 0.106528568 -0.003472192
v -0.122045565 0.10652853 -0.003142496
v -0.122045557 0.106528522 -0.003065843
v -0.122045519 0.106528484 -0.002711343
v -0.12204067 0.138751916 -0.004999998
v -0.12204067 0.138751916 -0.002999998
v -0.121960803 0.124884967 0.006400002
v -0.121960803 0.124884967 0.006500001
v -0.12194704 0.12522295 0.006400002
v -0.12194704 0.12522295 0.006500001
v -0.121945848 0.106412105 -0.003142519
v -0.121941988 0.106408153 -0.003065866
v -0.12194195 0.106408115 -0.002711366
v -0.1219387 0.106419094 -0.003142519
v -0.12193857 0.106404651 -0.002632303
v -0.121934839 0.106415142 -0.003065866
v -0.121934801 0.106415104 -0.002711366
v -0.121931421 0.10641164 -0.002632303
v -0.121920787 0.125998333 0.006400002
v -0.121920787 0.125998333 0.006500001
v -0.121917932 0.10638351 -0.003141149
v -0.121914104 0.123544735 0.006400002
v -0.121914104 0.123544735 0.006500001
v -0.121910776 0.106390499 -0.003141149
v -0.12189931 0.123559177 0.006400002
v -0.12189931 0.123559177 0.006500001
v -0.121892864 0.125969745 0.006400002
v -0.121892864 0.125969745 0.006500001
v -0.121887562 0.133260941 0.006500002
v -0.12186713 0.125141124 0.006400002
v -0.12186713 0.125141124 0.006500001
v -0.121863162 0.124449184 0.006400002
v -0.121863162 0.124449184 0.006500001
v -0.121853182 0.106317211 -0.003126691
v -0.121852307 0.13623058 -0.002999999
v -0.121852307 0.136230581 -0.004999999
v -0.121846025 0.106324199 -0.003126691
v -0.121835523 0.137644696 -0.002999998
v -0.121835523 0.137644697 -0.004999999
v -0.121834111 0.133313141 0.00100142
v -0.121834111 0.133313141 0.005351427
v -0.121824955 0.126888363 0.006400002
v -0.121824955 0.126888363 0.006500001
v -0.121815945 0.13333088 -0.002999999
v -0.121815945 0.13333088 0.001000001
v -0.121794542 0.106257168 -0.002889341
v -0.121788149 0.106250614 -0.002695726
v -0.121787393 0.106264148 -0.002889341
v -0.121783702 0.126894939 0.006400002
v -0.121783702 0.126894939 0.006500001
v -0.121783655 0.106246013 -0.003472253
v -0.121780992 0.106257595 -0.002695726
v -0.121776506 0.106253002 -0.003472253
v -0.121769008 0.124541134 0.006400002
v -0.121769008 0.124541134 0.006500001
v -0.121751111 0.138765333 -0.004999998
v -0.121751111 0.138765333 -0.002999998
v -0.121744473 0.133400673 0.00535
v -0.121744473 0.133400674 -0.002999999
v -0.121744473 0.133400674 0.001000001
v -0.121730158 0.106191234 -0.002889352
v -0.121723001 0.106198215 -0.002889352
v -0.121710041 0.127210048 0.006400003
v -0.121710041 0.127210048 0.006500001
v -0.121710008 0.106170597 -0.003472269
v -0.121702852 0.106177578 -0.003472269
v -0.12170067 0.107306071 0.002399997
v -0.12170067 0.107306072 0.000999999
v -0.121681881 0.127181209 0.006400003
v -0.121681881 0.127181209 0.006500001
v -0.121661181 0.12122903 0.006400002
v -0.121661181 0.12122903 0.0065
v -0.121609325 0.125228199 0.006400002
v -0.121609325 0.125228199 0.006500001
v -0.121603732 0.125350185 0.006400002
v -0.121603732 0.125350185 0.006500001
v -0.121594951 0.120959041 0.006400002
v -0.121594951 0.120959041 0.0065
v -0.121591104 0.106048832 -0.003472295
v -0.121591005 0.10604874 -0.002632383
v -0.121583948 0.10605582 -0.003472295
v -0.121583856 0.106055721 -0.002632383
v -0.121529115 0.105985355 -0.003393419
v -0.121529077 0.105985317 -0.003089559
v -0.12152907 0.105985309 -0.003011701
v -0.121529039 0.105985279 -0.002711462
v -0.121521959 0.105992344 -0.003393419
v -0.121521929 0.105992305 -0.003089559
v -0.121521913 0.105992298 -0.003011701
v -0.121521883 0.105992267 -0.002711462
v -0.121521244 0.128377209 -0.001600002
v -0.121486148 0.126553745 0.006400002
v -0.121486148 0.126553745 0.006500001
v -0.121479312 0.126596058 0.006400002
v -0.121479312 0.126596058 0.006500001
v -0.121478862 0.121667575 0.006400002
v -0.121478862 0.121667575 0.0065
v -0.121470401 0.125669262 0.006400002
v -0.121470401 0.125669262 0.006500001
v -0.121441684 0.127323795 0.006400003
v -0.121441684 0.127323795 0.006500001
v -0.121440502 0.12727969 0.006400003
v -0.121440502 0.12727969 0.006500001
v -0.121437503 0.121231731 0.006400002
v -0.121437503 0.121231731 0.0065
v -0.121434924 0.12421973 0.006400002
v -0.121434924 0.12421973 0.006500001
v -0.121429103 0.124340496 0.006400002
v -0.121429103 0.124340496 0.006500001
v -0.121407124 0.135966459 -0.004999999
v -0.121407124 0.135966459 -0.002999999
v -0.121401432 0.128494218 -0.002225002
v -0.121401432 0.128494218 -0.000975002
v -0.121391689 0.125588665 0.006400002
v -0.121391689 0.125588665 0.006500001
v -0.121387682 0.105374957 0.001151442
v -0.121387681 0.105374957 0.002251441
v -0.121384191 0.137898176 -0.004999998
v -0.121384191 0.137898176 -0.002999998
v -0.121347874 0.129594807 0.00357142
v -0.121347874 0.129594807 0.004951425
v -0.121334445 0.121519687 0.006400002
v -0.121334445 0.121519687 0.0065
v -0.121270137 0.125028301 0.006400002
v -0.121270137 0.125028301 0.006500001
v -0.121265878 0.105715793 -0.00308962
v -0.121265871 0.105715786 -0.003011759
v -0.121258722 0.105722782 -0.00308962
v -0.121258714 0.105722774 -0.003011759
v -0.121233827 0.105682972 -0.002711527
v -0.121233812 0.105682964 -0.002632463
v -0.121226671 0.10568996 -0.002711527
v -0.121226663 0.105689945 -0.002632463
v -0.12122175 0.105670612 -0.003472379
v -0.121221742 0.105670597 -0.003393488
v -0.121218928 0.120845676 0.006400002
v -0.121218928 0.120845676 0.0065
v -0.121214601 0.105677593 -0.003472379
v -0.121214586 0.105677585 -0.003393488
v -0.121201931 0.126689724 0.006400002
v -0.121201931 0.126689724 0.006500001
v -0.121200107 0.127171589 0.006400002
v -0.121200107 0.127171589 0.006500001
v -0.121190769 0.127568828 0.006400003
v -0.121190769 0.127568828 0.006500001
v -0.121175487 0.125120731 0.006400002
v -0.121175487 0.125120731 0.006500001
v -0.12117329 0.126660396 0.006400002
v -0.12117329 0.126660396 0.006500001
v -0.121170795 0.124428058 0.006400002
v -0.121170795 0.124428058 0.006500001
v -0.12116708 0.127203846 0.006400002
v -0.12116708 0.127203846 0.006500001
v -0.12114628 0.105593319 -0.003312029
v -0.121146206 0.127567081 0.006400003
v -0.121146206 0.127567081 0.006500001
v -0.121139124 0.105600307 -0.003312029
v -0.121114528 0.120467067 0.006400002
v -0.121114528 0.120467067 0.0065
v -0.121108194 0.105554317 -0.002824384
v -0.121101038 0.105561306 -0.002824384
v -0.121097751 0.126928699 0.006400002
v -0.121097751 0.126928699 0.006500001
v -0.1210944 0.105540195 -0.003272249
v -0.121090884 0.124346225 0.006400002
v -0.121090884 0.124346225 0.006500001
v -0.121087251 0.105547184 -0.003272249
v -0.121077625 0.124683727 0.006400002
v -0.121077625 0.124683727 0.006500001
v -0.121077114 0.127291698 0.006400003
v -0.121077114 0.127291698 0.006500001
v -0.121074991 0.105520321 -0.002962366
v -0.121074564 0.105519886 -0.003430212
v -0.121074085 0.128813878 -0.002682533
v -0.121074085 0.128813878 -0.000517471
v -0.12107043 0.127834652 0.006400003
v -0.12107043 0.127834652 0.006500001
v -0.121067835 0.105527309 -0.002962366
v -0.121067407 0.105526867 -0.003430212
v -0.121064012 0.105509075 -0.00267832
v -0.121063877 0.125908794 0.006400002
v -0.121063877 0.125908794 0.006500001
v -0.121056856 0.105516063 -0.00267832
v -0.121053196 0.126925983 0.006400002
v -0.121053195 0.126925983 0.006500001
v -0.121046816 0.105491466 -0.002821985
v -0.121043842 0.127324192 0.006400003
v -0.121043842 0.127324192 0.006500001
v -0.121043384 0.121616603 0.006400002
v -0.121043384 0.121616603 0.0065
v -0.121039659 0.105498455 -0.002821985
v -0.121039652 0.105484134 -0.003364588
v -0.121035617 0.121839916 0.006400002
v -0.121035617 0.121839916 0.0065
v -0.121032503 0.105491123 -0.003364588
v -0.121014522 0.125961803 0.006400002
v -0.121014522 0.125961803 0.006500001
v -0.120998592 0.125868992 0.006400002
v -0.120998592 0.125868992 0.006500001
v -0.120995433 0.125950573 0.006400002
v -0.120995433 0.125950573 0.006500001
v -0.120991741 0.1254818 0.006400002
v -0.120991741 0.1254818 0.006500001
v -0.120978967 0.105421985 -0.003054029
v -0.120971811 0.105428974 -0.003054029
v -0.12096194 0.125241718 0.006400002
v -0.12096194 0.125241718 0.006500001
v -0.120956256 0.12468716 0.006400002
v -0.120956256 0.12468716 0.006500001
v -0.120953684 0.105396099 -0.002972559
v -0.120953653 0.105396068 -0.002701944
v -0.120953645 0.105396061 -0.002622881
v -0.120946527 0.105403087 -0.002972559
v -0.120946497 0.105403057 -0.002701944
v -0.120946489 0.105403042 -0.002622881
v -0.12094362 0.105385792 -0.003403196
v -0.120941942 0.105384075 -0.003482088
v -0.120936464 0.10539278 -0.003403196
v -0.120934793 0.105391063 -0.003482088
v -0.120932275 0.105374172 -0.003084871
v -0.120925119 0.10538116 -0.003084871
v -0.12090735 0.105348652 -0.003003401
v -0.120900194 0.10535564 -0.003003401
v -0.120897121 0.126229091 0.006400002
v -0.120897121 0.126229091 0.006500001
v -0.120889523 0.135960317 -0.004999999
v -0.120889523 0.135960317 -0.002999999
v -0.12088869 0.126220455 0.006400002
v -0.12088869 0.126220455 0.006500001
v -0.120887102 0.105327915 -0.002728487
v -0.120879945 0.105334903 -0.002728487
v -0.12087527 0.125504047 0.006400002
v -0.12087527 0.125504047 0.006500001
v -0.120870647 0.122234592 0.006400002
v -0.120870647 0.122234592 0.0065
v -0.12086659 0.13789203 -0.004999999
v -0.12086659 0.13789203 -0.002999998
v -0.12085721 0.105297306 -0.003365148
v -0.120856767 0.105296856 -0.002658041
v -0.120856296 0.125050197 0.006400002
v -0.120856296 0.125050197 0.006500001
v -0.12085094 0.125295704 0.006400002
v -0.12085094 0.125295704 0.006500001
v -0.120850053 0.105304287 -0.003365148
v -0.120849611 0.105303844 -0.002658041
v -0.120845462 0.120393711 0.006400002
v -0.120845462 0.120393711 0.0065
v -0.120844988 0.105284794 -0.002793607
v -0.120838168 0.120618 0.006400002
v -0.120838168 0.120618 0.0065
v -0.120837831 0.105291782 -0.002793607
v -0.120821809 0.105261059 -0.003260252
v -0.120814661 0.105268047 -0.003260252
v -0.120811357 0.105250355 -0.003423036
v -0.120804208 0.105257343 -0.003423036
v -0.120803455 0.127216091 0.006400002
v -0.120803455 0.127216091 0.006500001
v -0.12080228 0.127171009 0.006400002
v -0.12080228 0.127171009 0.006500001
v -0.120802066 0.127948406 0.006400003
v -0.120802066 0.127948406 0.006500001
v -0.120800884 0.127904293 0.006400003
v -0.120800884 0.127904293 0.006500001
v -0.120797006 0.105235653 -0.003107641
v -0.120794801 0.105233394 -0.002749006
v -0.12078985 0.105242641 -0.003107641
v -0.120787645 0.105240383 -0.002749006
v -0.120767276 0.121767299 0.006400002
v -0.120767276 0.121767299 0.0065
v -0.12076411 0.125140217 0.006400002
v -0.12076411 0.125140217 0.006500001
v -0.12075947 0.105197223 -0.003260267
v -0.120752321 0.105204204 -0.003260267
v -0.120727435 0.122087932 0.006400002
v -0.120727435 0.122087932 0.0065
v -0.120662867 0.121388683 0.006400002
v -0.120662867 0.121388683 0.0065
v -0.120626934 0.129250542 -0.000350001
v -0.120626934 0.129250543 -0.002850002
v -0.120623979 0.105058475 -0.000177454
v -0.120616885 0.124941623 0.006400002
v -0.120616885 0.124941623 0.006500001
v -0.120616823 0.105065464 -0.000177454
v -0.120560497 0.1277962 0.006400003
v -0.120560497 0.1277962 0.006500001
v -0.120559114 0.104992046 -0.000177469
v -0.120551958 0.104999034 -0.000177469
v -0.120547129 0.120713451 0.006400002
v -0.120547129 0.120713451 0.0065
v -0.120536043 0.104968418 -0.000486845
v -0.120535974 0.104968349 0.000132414
v -0.120533672 0.127285 0.006400002
v -0.120533672 0.127285 0.006500001
v -0.120528886 0.104975406 -0.000486845
v -0.120528818 0.104975337 0.000132414
v -0.120527469 0.127828449 0.006400003
v -0.120527469 0.127828449 0.006500001
v -0.120504839 0.104936474 -0.003472544
v -0.120504839 0.104936474 -0.002632627
v -0.120497682 0.104943454 -0.002632627
v -0.120497682 0.104943455 -0.003472544
v -0.120492227 0.104923557 -0.00042708
v -0.120492174 0.104923496 7.263e-05
v -0.120485071 0.104930538 -0.00042708
v -0.120485017 0.104930484 7.263e-05
v -0.120479417 0.104444865 0.00225144
v -0.120479417 0.104444866 0.001151442
v -0.120458133 0.12755331 0.006400003
v -0.120458133 0.12755331 0.006500001
v -0.120453556 0.130468136 0.003101419
v -0.120453556 0.130468136 0.003701417
v -0.120447933 0.125136463 0.006400002
v -0.120447933 0.125136463 0.006500001
v -0.120444049 0.121002872 0.006400002
v -0.120444049 0.121002872 0.0065
v -0.12044166 0.104871769 -0.003472544
v -0.12044166 0.104871769 -0.002632627
v -0.120438199 0.136213796 -0.004999999
v -0.120438199 0.136213796 -0.002999999
v -0.120435436 0.127966953 0.006400003
v -0.120435436 0.127966953 0.006500001
v -0.120434503 0.104878757 -0.003472544
v -0.120434503 0.104878757 -0.002632627
v -0.120423198 0.125496242 0.006400002
v -0.120423198 0.125496242 0.006500001
v -0.120421407 0.137627908 -0.004999999
v -0.120421407 0.137627908 -0.002999998
v -0.120419124 0.128458633 0.006400003
v -0.120419124 0.128458633 0.006500001
v -0.120413585 0.127550587 0.006400003
v -0.120413585 0.127550587 0.006500001
v -0.120407039 0.12793787 0.006400003
v -0.120407039 0.12793787 0.006500001
v -0.120402713 0.120565563 0.006400002
v -0.120402713 0.120565563 0.0065
v -0.120386837 0.128490162 0.006400003
v -0.120386837 0.128490162 0.006500001
v -0.120377437 0.122429722 0.006400002
v -0.120377437 0.122429722 0.0065
v -0.120366817 0.125053402 0.006400002
v -0.120366817 0.125053402 0.006500001
v -0.120322793 0.104750049 -0.000606779
v -0.120322702 0.104749957 0.000252425
v -0.120317958 0.122494068 0.006400002
v -0.120317958 0.122494068 0.0065
v -0.120317165 0.125562221 0.006400002
v -0.120317165 0.125562221 0.006500001
v -0.120315645 0.104757038 -0.000606779
v -0.120315546 0.104756938 0.000252425
v -0.1203145 0.106422946 0.001151442
v -0.1203145 0.106422946 0.002251441
v -0.12030392 0.122384014 0.006400002
v -0.12030392 0.122384014 0.0065
v -0.120299495 0.122018039 0.006400002
v -0.120299495 0.122018039 0.0065
v -0.120297671 0.122479191 0.006400002
v -0.120297671 0.122479191 0.0065
v -0.120296474 0.12248772 0.006400002
v -0.120296474 0.12248772 0.0065
v -0.120286845 0.121275325 0.006400002
v -0.120286845 0.121275325 0.0065
v -0.120245441 0.125304355 0.006400002
v -0.120245441 0.125304355 0.006500001
v -0.120219897 0.121004596 0.006400002
v -0.120219897 0.121004596 0.0065
v -0.120209123 0.104633655 -0.003312239
v -0.120202823 0.127675983 0.006400003
v -0.120202823 0.127675983 0.006500001
v -0.120201974 0.104640636 -0.003312239
v -0.120181316 0.128215107 0.006400003
v -0.120181316 0.128215107 0.006500001
v -0.120179775 0.129687207 -0.002682533
v -0.120179775 0.129687207 -0.00051747
v -0.120177041 0.104600795 0.000999998
v -0.120177041 0.104600795 0.002399996
v -0.1201749 0.127647396 0.006400003
v -0.1201749 0.127647396 0.006500001
v -0.120174077 0.136658979 -0.004999999
v -0.120174077 0.136658979 -0.002999999
v -0.120171045 0.104594654 -0.002824594
v -0.120167928 0.13717658 -0.004999999
v -0.120167928 0.13717658 -0.002999999
v -0.120163888 0.104601642 -0.002824594
v -0.120157251 0.104580532 -0.003272463
v -0.120153085 0.104576267 -0.000427156
v -0.120153032 0.104576206 7.2554e-05
v -0.120152919 0.128186024 0.006400003
v -0.120152919 0.128186024 0.006500001
v -0.120150095 0.10458752 -0.003272463
v -0.120145929 0.104583248 -0.000427156
v -0.120145875 0.104583194 7.2554e-05
v -0.120137842 0.104560657 -0.00296258
v -0.120137415 0.104560215 -0.003430422
v -0.120130685 0.104567638 -0.00296258
v -0.120130258 0.104567203 -0.003430422
v -0.120126855 0.104549404 -0.002678533
v -0.120125979 0.121468555 0.006400002
v -0.120125979 0.121468555 0.0065
v -0.120119707 0.104556392 -0.002678533
v -0.120109666 0.104531803 -0.002822199
v -0.120109285 0.104531414 -0.00048694
v -0.120109216 0.104531345 0.000132315
v -0.12010805 0.122979297 0.006400002
v -0.12010805 0.122979297 0.006500001
v -0.12010251 0.104538784 -0.002822199
v -0.120102502 0.104524463 -0.003364801
v -0.120102128 0.104538402 -0.00048694
v -0.12010206 0.104538326 0.000132315
v -0.120095837 0.130817467 0.001601419
v -0.120095837 0.130817467 0.003701417
v -0.120095346 0.104531452 -0.003364801
v -0.120094569 0.122965488 0.006400002
v -0.120094569 0.122965488 0.006500001
v -0.120085664 0.104507221 -0.000177576
v -0.120082309 0.122068813 0.006400002
v -0.120082309 0.122068813 0.0065
v -0.120078508 0.104514209 -0.000177576
v -0.120041811 0.104462322 -0.003054239
v -0.120034662 0.104469303 -0.003054239
v -0.120020799 0.104440799 -0.000177591
v -0.120016534 0.104436428 -0.002972769
v -0.120016504 0.104436397 -0.002702158
v -0.120016496 0.10443639 -0.002623091
v -0.120013643 0.10444778 -0.000177591
v -0.120009378 0.104443416 -0.002972769
v -0.120009347 0.104443386 -0.002702158
v -0.12000934 0.104443378 -0.002623091
v -0.120006471 0.104426128 -0.00340341
v -0.120004793 0.104424412 -0.003482302
v -0.119999315 0.104433109 -0.00340341
v -0.119997636 0.1044314 -0.003482302
v -0.119995119 0.104414509 -0.003085085
v -0.11998797 0.10442149 -0.003085085
v -0.119984387 0.132743341 -0.0042
v -0.119984387 0.132743341 -0.0032
v -0.119970201 0.104388988 -0.003003614
v -0.119963045 0.104395969 -0.003003614
v -0.119956859 0.1216366 0.006400002
v -0.119956859 0.1216366 0.0065
v -0.119949953 0.104368252 -0.002728701
v -0.119942796 0.10437524 -0.002728701
v -0.119922329 0.127949902 0.006400003
v -0.119922329 0.127949902 0.006500001
v -0.119920053 0.104337635 -0.003365358
v -0.119919618 0.104337185 -0.002658254
v -0.119912904 0.104344623 -0.003365358
v -0.119912462 0.104344173 -0.002658254
v -0.119907838 0.104325123 -0.002793821
v -0.119900682 0.104332111 -0.002793821
v -0.119897752 0.1043148 -0.001850256
v -0.119897661 0.104314701 -0.001004766
v -0.119894479 0.104311443 -0.000597231
v -0.11989438 0.104311344 0.000242682
v -0.119890604 0.104321788 -0.001850256
v -0.119890504 0.104321689 -0.001004766
v -0.119887323 0.104318431 -0.000597231
v -0.119887231 0.104318332 0.000242682
v -0.11988466 0.104301388 -0.003260466
v -0.119877504 0.104308376 -0.003260466
v -0.119874208 0.104290691 -0.003423246
v -0.119867052 0.104297672 -0.003423246
v -0.119862117 0.127952839 0.006400003
v -0.119862117 0.127952839 0.006500001
v -0.119859857 0.104275989 -0.003107851
v -0.119857645 0.104273731 -0.00274922
v -0.119852701 0.10428297 -0.003107851
v -0.119852436 0.130006867 -0.002225001
v -0.119852436 0.130006867 -0.000975001
v -0.119850496 0.104280712 -0.00274922
v -0.119832498 0.104247974 -0.000597246
v -0.11983246 0.104247936 -0.000237921
v -0.119832452 0.104247921 -0.000157652
v -0.119832414 0.10424789 0.000163603
v -0.119827898 0.104243267 -0.001950273
v -0.119827798 0.10424316 -0.001004785
v -0.119825342 0.104254962 -0.000597246
v -0.119825303 0.104254917 -0.000237921
v -0.119825296 0.104254909 -0.000157652
v -0.119825258 0.104254871 0.000163603
v -0.11982232 0.104237552 -0.003260481
v -0.119820749 0.104250255 -0.001950273
v -0.119820642 0.104250148 -0.001004785
v -0.119815164 0.104244541 -0.003260481
v -0.119812762 0.123080784 0.006400002
v -0.119812762 0.123080784 0.006500001
v -0.119806567 0.121326877 0.006400002
v -0.119806567 0.121326877 0.0065
v -0.119747766 0.104161205 -0.002711866
v -0.119747758 0.104161197 -0.002632799
v -0.11974061 0.104168194 -0.002711866
v -0.119740602 0.104168186 -0.002632799
v -0.119732617 0.130123872 -0.001600001
v -0.119713589 0.132895429 -0.0042
v -0.119713589 0.132895429 -0.0032
v -0.119663936 0.122709438 0.006400002
v -0.119663936 0.122709438 0.0065
v -0.119634212 0.123468944 0.006400002
v -0.119634212 0.123468944 0.006500001
v -0.119617015 0.12163573 0.006400002
v -0.119617015 0.12163573 0.0065
v -0.119604677 0.105159725 0.000999998
v -0.119604677 0.105159725 0.002399996
v -0.1195946 0.122046215 0.006400002
v -0.1195946 0.122046215 0.0065
v -0.119587779 0.123091022 0.006400002
v -0.119587779 0.123091022 0.006500001
v -0.119568414 0.103977542 -0.000237982
v -0.119568406 0.103977535 -0.000157713
v -0.119567567 0.103976681 -0.003472753
v -0.119567483 0.103976589 -0.002711904
v -0.119561258 0.103984531 -0.000237982
v -0.11956125 0.103984523 -0.000157713
v -0.119560411 0.103983662 -0.003472753
v -0.119560327 0.103983578 -0.002711904
v -0.119541414 0.103949893 0.000163538
v -0.119541406 0.103949886 0.000242602
v -0.119534257 0.103956882 0.000163538
v -0.11953425 0.103956874 0.000242602
v -0.119505586 0.103913212 -0.003472769
v -0.119505502 0.10391312 -0.00271192
v -0.119498437 0.1039202 -0.003472769
v -0.119498353 0.103920109 -0.00271192
v -0.119467067 0.121482174 0.006400002
v -0.119467067 0.121482174 0.0065
v -0.119415132 0.103820575 -0.000597341
v -0.11941504 0.103820484 0.000242575
v -0.119407976 0.103827564 -0.000597341
v -0.119407884 0.103827472 0.000242575
v -0.119406244 0.105492862 0.001151442
v -0.119406244 0.105492862 0.002251441
v -0.119403027 0.13289174 -0.0042
v -0.119403027 0.13289174 -0.0032
v -0.119391894 0.12217049 0.006400002
v -0.119391894 0.12217049 0.0065
v -0.119353151 0.103757106 -0.000597353
v -0.119353113 0.103757068 -0.000238031
v -0.119353105 0.103757061 -0.000157759
v -0.119353067 0.103757022 0.000163496
v -0.119345994 0.103764095 -0.000597353
v -0.119345956 0.103764057 -0.000238031
v -0.119345949 0.103764049 -0.000157759
v -0.11934591 0.103764011 0.000163496
v -0.119324861 0.103728138 -0.002711962
v -0.119324853 0.10372813 -0.002632894
v -0.119317705 0.103735126 -0.002711962
v -0.119317697 0.103735119 -0.002632894
v -0.119310595 0.122552738 0.006400002
v -0.119310595 0.122552738 0.0065
v -0.119297618 0.121820987 0.006400002
v -0.119297618 0.121820987 0.0065
v -0.119279704 0.122774067 0.006400002
v -0.119279704 0.122774067 0.0065
v -0.119258235 0.123412838 0.006400002
v -0.119258235 0.123412838 0.006500001
v -0.119250406 0.103651897 -0.003053213
v -0.119245563 0.123639011 0.006400002
v -0.119245563 0.123639011 0.006500001
v -0.119243249 0.103658878 -0.003053213
v -0.119195957 0.130647942 0.001000001
v -0.119195957 0.130647943 -0.002999999
v -0.119185541 0.103585468 -0.003053228
v -0.119178384 0.103592457 -0.003053228
v -0.119162462 0.10356184 -0.003362604
v -0.119162393 0.103561771 -0.002743349
v -0.119155313 0.103568828 -0.003362604
v -0.119155244 0.10356876 -0.002743349
v -0.119145985 0.131884797 -0.0042
v -0.119145985 0.131884797 -0.0032
v -0.119135914 0.132733266 -0.0042
v -0.119135914 0.132733266 -0.0032
v -0.119124485 0.130717736 -0.002999999
v -0.119124485 0.130717736 0.001000001
v -0.119118654 0.103516971 -0.003302839
v -0.119118593 0.103516918 -0.002803129
v -0.119111497 0.10352396 -0.003302839
v -0.119111444 0.103523907 -0.002803129
v -0.119089067 0.103486682 -0.000238092
v -0.119089059 0.103486667 -0.00015782
v -0.11908191 0.103493663 -0.000238092
v -0.119081903 0.103493656 -0.00015782
v -0.119062066 0.103459026 0.000163427
v -0.119062059 0.103459018 0.000242495
v -0.11905491 0.103466014 0.000163427
v -0.119054902 0.103466007 0.000242495
v -0.119004677 0.130415726 0.00100142
v -0.119004677 0.130415726 0.005351426
v -0.118987515 0.13215191 -0.0042
v -0.118987515 0.13215191 -0.0032
v -0.11898383 0.132462472 -0.0042
v -0.11898383 0.132462472 -0.0032
v -0.118958297 0.122697895 0.006400002
v -0.118958297 0.122697895 0.0065
v -0.11894922 0.103343471 -0.003482542
v -0.118949125 0.10334338 -0.002623335
v -0.118948699 0.123095859 0.006400002
v -0.118948699 0.123095859 0.0065
v -0.118942068 0.10335046 -0.003482542
v -0.118941972 0.103350361 -0.002623335
v -0.118915177 0.103308612 0.005699995
v -0.1188961 0.135064038 0.0001
v -0.1188961 0.135064038 0.001000001
v -0.118891269 0.123747112 0.006400002
v -0.118891269 0.123747112 0.006500001
v -0.118880229 0.12348679 0.006400002
v -0.118880229 0.12348679 0.006500001
v -0.118873096 0.124100483 0.006400002
v -0.118873096 0.124100483 0.006500001
v -0.118859424 0.122797336 0.006400002
v -0.118859424 0.122797336 0.0065
v -0.118858836 0.12282632 0.006400002
v -0.118858836 0.12282632 0.0065
v -0.118857589 0.122869915 0.006400002
v -0.118857589 0.122869915 0.0065
v -0.118847888 0.12266077 0.006400002
v -0.118847888 0.12266077 0.0065
v -0.118779512 0.103169689 -0.003302919
v -0.118779455 0.103169628 -0.002803206
v -0.118772355 0.10317667 -0.003302919
v -0.118772302 0.103176617 -0.002803206
v -0.118768966 0.122187939 0.006400002
v -0.118768966 0.122187939 0.0065
v -0.118754689 0.13506236 1e-09
v -0.118735711 0.103124836 -0.0033627
v -0.118735643 0.10312476 -0.002743444
v -0.118728555 0.103131817 -0.0033627
v -0.118728486 0.103131748 -0.002743444
v -0.118712087 0.103100643 -0.003053335
v -0.118709945 0.123116657 0.006400002
v -0.118709945 0.123116657 0.0065
v -0.118704934 0.103107632 -0.003053335
v -0.118675975 0.123782558 0.006400002
v -0.118675975 0.123782558 0.006500001
v -0.118669982 0.124410549 0.006400002
v -0.118669982 0.124410549 0.006500001
v -0.11866595 0.124031666 0.006400002
v -0.11866595 0.124031666 0.006500001
v -0.118647218 0.103034214 -0.003053351
v -0.118640065 0.103041202 -0.003053351
v -0.118580653 0.12237183 0.006400002
v -0.118580653 0.12237183 0.0065
v -0.118523879 0.124260937 0.006400002
v -0.118523879 0.124260937 0.006500001
v -0.118520902 0.102904865 -0.003472994
v -0.118520807 0.102904766 -0.002633078
v -0.118513746 0.102911846 -0.003472994
v -0.118513654 0.102911754 -0.002633078
v -0.118458921 0.102841396 -0.003473005
v -0.118458886 0.102841358 -0.003143309
v -0.118458875 0.10284135 -0.003066656
v -0.118458837 0.102841305 -0.002712156
v -0.118451768 0.102848377 -0.003473005
v -0.11845173 0.102848347 -0.003143309
v -0.118451722 0.102848331 -0.003066656
v -0.118451684 0.102848293 -0.002712156
v -0.118418674 0.124580723 0.006400002
v -0.118418674 0.124580723 0.006500001
v -0.11840923 0.13489464 -0.0049
v -0.11840923 0.13489464 -0.004100001
v -0.118395894 0.13489594 -0.00495
v -0.118395894 0.13489594 -0.004050002
v -0.118369736 0.134669534 -0.004999999
v -0.118369736 0.134669534 -0.003999999
v -0.11836052 0.135445936 -0.004999999
v -0.11836052 0.135445936 -0.003999999
v -0.118359467 0.134899503 -0.004986602
v -0.118359467 0.134899503 -0.004013396
v -0.118352018 0.102731922 -0.003143335
v -0.118348157 0.10272797 -0.003066683
v -0.118348115 0.102727924 -0.002712183
v -0.118344861 0.102738903 -0.003143335
v -0.118344739 0.102724468 -0.00263312
v -0.118341001 0.102734951 -0.003066683
v -0.118340963 0.102734913 -0.002712183
v -0.118337583 0.102731457 -0.00263312
v -0.118324094 0.102703327 -0.003141962
v -0.118316942 0.102710316 -0.003141962
v -0.118309704 0.134904367 -0.004999999
v -0.118309704 0.134904367 -0.003999999
v -0.118282564 0.106670436 0.005699996
v -0.118282166 0.135660631 -0.0049
v -0.118282166 0.135660631 -0.004100001
v -0.118269967 0.135655092 -0.00495
v -0.118269967 0.135655092 -0.004050002
v -0.118259347 0.10263702 -0.003127508
v -0.118252191 0.102644009 -0.003127508
v -0.118236642 0.135639959 -0.004986602
v -0.118236642 0.135639959 -0.004013396
v -0.118232848 0.123103443 0.006400002
v -0.118232848 0.123103443 0.0065
v -0.118200711 0.102576977 -0.002890154
v -0.11819431 0.102570423 -0.002696543
v -0.118194217 0.123320293 0.006400002
v -0.118194217 0.123320293 0.0065
v -0.118193555 0.102583965 -0.002890154
v -0.118191113 0.135619291 -0.004999999
v -0.118191113 0.135619291 -0.003999999
v -0.118189824 0.10256583 -0.003473066
v -0.118187154 0.102577412 -0.002696543
v -0.118182668 0.102572819 -0.003473066
v -0.118137153 0.124412754 0.006400002
v -0.118137153 0.124412754 0.006500001
v -0.118136323 0.102511043 -0.002890169
v -0.118136273 0.134167741 -0.004900001
v -0.118136273 0.134167741 -0.004100001
v -0.118129171 0.102518032 -0.002890169
v -0.118128883 0.124637516 0.006400002
v -0.118128883 0.124637516 0.006500001
v -0.118125374 0.134175539 -0.00495
v -0.118125374 0.134175539 -0.004050002
v -0.11811617 0.102490406 -0.003473086
v -0.118109014 0.102497395 -0.003473086
v -0.118095608 0.134196836 -0.004986602
v -0.118095608 0.134196836 -0.004013396
v -0.118054944 0.134225927 -0.004999999
v -0.118054944 0.134225927 -0.003999999
v -0.118011124 0.134933546 -0.004999999
v -0.117994183 0.135035677 -0.004999999
v -0.117989518 0.13399254 -0.004999999
v -0.117989518 0.13399254 -0.003999999
v -0.117977059 0.135066046 -0.004999999
v -0.117974732 0.134836626 -0.004999999
v -0.117964337 0.13611371 -0.004999999
v -0.117964337 0.13611371 -0.003999999
v -0.117961362 0.13493841 -0.004986602
v -0.117954922 0.135092977 -0.004999999
v -0.117948655 0.135015009 -0.004986602
v -0.117935815 0.135037782 -0.004986602
v -0.117934067 0.134865717 -0.004986602
v -0.117928445 0.135115656 -0.004999999
v -0.117924931 0.134941969 -0.00495
v -0.117919209 0.135057981 -0.004986602
v -0.117915326 0.134999876 -0.00495
v -0.117911599 0.134943269 -0.0049
v -0.117911599 0.134943269 -0.003999999
v -0.117911599 0.134943269 0.003900003
v -0.117908925 0.134977899 -0.0042
v -0.117905617 0.135017095 -0.00495
v -0.117904298 0.134887014 -0.00495
v -0.11790313 0.134994337 -0.0049
v -0.117902272 0.134909818 -0.0042
v -0.117899354 0.135074991 -0.004986602
v -0.117898266 0.134944573 0.003949998
v -0.117898116 0.12311829 0.006400002
v -0.117898116 0.12311829 0.0065
v -0.117894753 0.134770887 -0.004999999
v -0.117894566 0.135009519 -0.0049
v -0.117893403 0.134894811 -0.0049
v -0.117893067 0.135032366 -0.00495
v -0.1178835 0.135022985 -0.0049
v -0.117878056 0.135045221 -0.00495
v -0.117874081 0.134816416 -0.004986602
v -0.117870259 0.135034326 -0.0049
v -0.117870259 0.135034326 -0.0042
v -0.117861836 0.134948132 0.003986604
v -0.117858952 0.134849745 -0.00495
v -0.117853413 0.134861944 -0.0049
v -0.117853413 0.134861944 -0.0042
v -0.11783414 0.124577557 0.006400002
v -0.11783414 0.124577557 0.006500001
v -0.117826894 0.135453931 -0.003999999
v -0.117826893 0.135453931 0.003900003
v -0.117814694 0.135448392 0.003949998
v -0.117812073 0.134952996 0.004000001
v -0.117789136 0.136260465 -0.0049
v -0.117789136 0.136260465 -0.004100001
v -0.117788376 0.134817933 0.001000001
v -0.117788376 0.134817934 -0.003999999
v -0.117782849 0.135283776 0.001000001
v -0.117782849 0.135283777 -0.003999999
v -0.117781365 0.135433263 0.003986604
v -0.117781339 0.136249571 -0.00495
v -0.117781338 0.136249571 -0.004050002
v -0.117760041 0.136219801 -0.004986602
v -0.117760041 0.136219801 -0.004013396
v -0.117751208 0.124232029 0.006400002
v -0.117751208 0.124232029 0.006500001
v -0.117742095 0.123460369 0.006400002
v -0.117742095 0.123460369 0.0065
v -0.117735836 0.135412591 0.004000002
v -0.117730946 0.136179136 -0.004999999
v -0.117730946 0.136179136 -0.003999999
v -0.117729626 0.134458672 0.003900003
v -0.117729626 0.134458673 -0.003999999
v -0.117718731 0.134466466 0.003949998
v -0.117688961 0.134487767 0.003986604
v -0.117680184 0.135293272 -0.004999999
v -0.1176483 0.134516858 0.004000001
v -0.117639424 0.135787901 -0.004999999
v -0.117639069 0.135753042 -0.004999999
v -0.117633717 0.135822294 -0.004999999
v -0.117630585 0.101993152 0.005699995
v -0.117622128 0.135855173 -0.004999999
v -0.117616803 0.134644697 -0.004999999
v -0.11760938 0.135449232 -0.004999999
v -0.117600205 0.135227533 -0.0049
v -0.117600205 0.135227533 -0.0042
v -0.117595271 0.123310017 0.006400002
v -0.117595271 0.123310017 0.0065
v -0.11758957 0.135784048 -0.004986602
v -0.117589307 0.135757906 -0.004986602
v -0.117585294 0.135809843 -0.004986602
v -0.117580646 0.124398594 0.006400002
v -0.117580646 0.124398594 0.006500001
v -0.117578979 0.123841167 0.006400002
v -0.117578979 0.123841167 0.006500001
v -0.1175766 0.135834505 -0.004986602
v -0.117560246 0.134411737 -0.003999999
v -0.117560246 0.134411737 0.001000001
v -0.11755639 0.135935152 -0.004999999
v -0.117553078 0.135781229 -0.00495
v -0.117552876 0.135761465 -0.00495
v -0.117551064 0.134724676 -0.0049
v -0.117551064 0.134724676 -0.0042
v -0.117549844 0.13580073 -0.00495
v -0.117545136 0.135684442 -0.003999999
v -0.117545136 0.135684442 0.001000001
v -0.117543271 0.135819372 -0.00495
v -0.117539719 0.135780199 -0.0049
v -0.117539544 0.135762766 -0.0049
v -0.117539544 0.135762766 -0.0042
v -0.117536866 0.135797396 -0.0049
v -0.117536435 0.133674707 -0.004900001
v -0.117536435 0.133674707 -0.004100001
v -0.117531071 0.135813833 -0.0049
v -0.117530896 0.133686906 -0.004050002
v -0.117530896 0.133686907 -0.00495
v -0.117527295 0.135894487 -0.004986602
v -0.117522511 0.135829015 -0.0042
v -0.117521923 0.134885949 1e-09
v -0.117521923 0.134885949 0.001000001
v -0.117518082 0.135209451 1e-09
v -0.117518082 0.135209451 0.001000001
v -0.11751714 0.134505396 -0.004999999
v -0.117515767 0.133720235 -0.004013396
v -0.117515767 0.133720236 -0.004986602
v -0.117507245 0.135432291 -0.0049
v -0.117507245 0.135432291 -0.0042
v -0.117505997 0.135864717 -0.00495
v -0.117498204 0.135853822 -0.003999999
v -0.117498204 0.135853822 0.003900003
v -0.117498204 0.135853823 -0.0049
v -0.117495095 0.133765764 -0.004999999
v -0.117495095 0.133765764 -0.003999999
v -0.117490406 0.135842927 0.003949999
v -0.11748745 0.134201586 -0.004999999
v -0.117469109 0.135813157 0.003986604
v -0.117466878 0.135868818 -0.0042
v -0.11745947 0.135971544 -0.004999999
v -0.117454606 0.135921781 -0.004986602
v -0.117451047 0.135885355 -0.00495
v -0.117449742 0.135872019 -0.0049
v -0.117440018 0.135772492 0.004000002
v -0.117437687 0.134206449 -0.004986602
v -0.117428376 0.134078188 -0.004999999
v -0.11742022 0.134541788 -0.004900001
v -0.11742022 0.134541788 -0.0042
v -0.117419456 0.123557491 0.006400002
v -0.117419456 0.123557491 0.0065
v -0.117408561 0.12414175 0.006400002
v -0.117408561 0.12414175 0.006500001
v -0.117401257 0.134210008 -0.00495
v -0.117398679 0.13586355 -0.0049
v -0.117398679 0.13586355 -0.0042
v -0.11739338 0.134113901 -0.004986602
v -0.11739314 0.135875749 -0.00495
v -0.117387921 0.134211313 -0.004900001
v -0.117387921 0.134211313 -0.0042
v -0.117381326 0.138330702 -0.004999999
v -0.117381326 0.138330702 -0.002999999
v -0.117378007 0.135909078 -0.004986602
v -0.117375646 0.111751224 0.005699996
v -0.117375646 0.111751224 0.006163825
v -0.117367764 0.134140047 -0.00495
v -0.117363495 0.134603871 0.001000001
v -0.117363495 0.134603872 1e-09
v -0.117358388 0.134149614 -0.004900001
v -0.117358388 0.134149614 -0.0042
v -0.117357339 0.135954603 -0.004999999
v -0.117356246 0.123846317 0.006400002
v -0.117356246 0.123846317 0.0065
v -0.117353005 0.135487691 1e-09
v -0.117353005 0.135487691 0.001000001
v -0.117329735 0.134129983 0.003900003
v -0.117329735 0.134129984 -0.003999999
v -0.117324196 0.134142182 0.003949998
v -0.11732174 0.133596357 -0.004999999
v -0.11732174 0.133596357 -0.003999999
v -0.117309067 0.134175511 0.003986604
v -0.117303803 0.134021635 -0.004999999
v -0.117299954 0.134071485 -0.004986602
v -0.117297131 0.13410798 -0.00495
v -0.117296101 0.134121336 -0.004900001
v -0.117296101 0.134121336 -0.0042
v -0.117289173 0.1334185 0.0001
v -0.117289173 0.1334185 0.001000001
v -0.117288395 0.13422104 0.004000001
v -0.117287343 0.136493929 -0.004999999
v -0.117287343 0.136493929 -0.003999999
v -0.117279587 0.133427861 5e-05
v -0.117253403 0.133453435 1.3398e-05
v -0.117250565 0.136670964 0.001000002
v -0.117250565 0.136670965 0.0001
v -0.117241204 0.136661378 5.0001e-05
v -0.117237134 0.137802255 -0.002999999
v -0.117237134 0.137802255 0.001000002
v -0.117237134 0.137802255 0.005757143
v -0.117235655 0.111570461 0.006163825
v -0.11723021 0.134139711 -0.004900001
v -0.11723021 0.134139711 -0.0042
v -0.117222416 0.134128816 -0.00495
v -0.117217629 0.133488366 1e-09
v -0.11721563 0.13663519 1.3399e-05
v -0.117201119 0.134099046 -0.004986602
v -0.117180699 0.136599416 1e-09
v -0.117179834 0.111464389 0.005699996
v -0.117172024 0.134058382 -0.004999999
v -0.117159581 0.134174028 -0.003999999
v -0.117159581 0.134174028 0.001000001
v -0.117154508 0.138281053 -0.002999999
v -0.117154508 0.138281054 -0.004999999
v -0.117147703 0.111973819 0.006499999
v -0.117140383 0.111362621 0.006163825
v -0.117138943 0.135912572 0.001000001
v -0.117138943 0.135912573 -0.003999999
v -0.117128309 0.110782291 0.005699996
v -0.117128309 0.110782291 0.006122695
v -0.117096329 0.135726282 -0.0049
v -0.117096329 0.135726282 -0.0042
v -0.117094804 0.111138584 0.006163825
v -0.117093939 0.11112788 0.005699996
v -0.117085259 0.134438794 1e-09
v -0.117085259 0.134438794 0.001000001
v -0.117079385 0.135828413 -0.004999999
v -0.117070923 0.135646116 1e-09
v -0.117070923 0.135646116 0.001000001
v -0.117066582 0.133286439 0.0001
v -0.117066582 0.133286439 0.001000001
v -0.117062962 0.13329934 5e-05
v -0.117062238 0.136533422 -0.0049
v -0.117062238 0.136533422 -0.004100001
v -0.117060933 0.13652009 -0.00495
v -0.117060933 0.13652009 -0.004050002
v -0.117057374 0.13648366 -0.004986602
v -0.117057374 0.13648366 -0.004013396
v -0.11705307 0.133334581 1.3398e-05
v -0.11705251 0.136433897 -0.004999999
v -0.11705251 0.136433897 -0.003999999
v -0.117039555 0.133382718 1e-09
v -0.117024899 0.136797704 0.0001
v -0.117024899 0.136797704 0.001000002
v -0.117021584 0.136784723 5.0001e-05
v -0.117013604 0.136035794 0.003900003
v -0.117013604 0.136035795 -0.003999999
v -0.117012532 0.136749257 1.3399e-05
v -0.117012303 0.136022458 0.003949999
v -0.117011468 0.137928995 -0.002999999
v -0.117011468 0.137928995 0.001000002
v -0.11700874 0.135986031 0.003986604
v -0.117003876 0.135936269 0.004000002
v -0.117000165 0.136700811 1e-09
v -0.11696016 0.134332918 -0.004900001
v -0.11696016 0.134332918 -0.0042
v -0.116958002 0.111726955 0.006499999
v -0.116945256 0.138180437 -0.004999999
v -0.116945256 0.138180437 -0.002999999
v -0.116923764 0.134235998 -0.004999999
v -0.116908917 0.135845072 -0.004999999
v -0.116881867 0.137944493 0.005716738
v -0.116872521 0.135748152 -0.0049
v -0.116872521 0.135748152 -0.0042
v -0.116848875 0.110669513 0.006456695
v -0.116832516 0.133380262 1e-09
v -0.116831468 0.111442501 0.006499999
v -0.116828804 0.134144803 0.004000001
v -0.11682394 0.13409504 0.003986604
v -0.116820378 0.13405861 0.003949998
v -0.116820149 0.133331815 1.3398e-05
v -0.116819077 0.134045277 0.003900003
v -0.116819077 0.134045278 -0.003999999
v -0.116811096 0.13329635 5e-05
v -0.116810022 0.11086211 0.006475257
v -0.116807781 0.133283368 0.0001
v -0.116807781 0.133283368 0.001000001
v -0.116793126 0.13669835 1e-09
v -0.116780171 0.133647173 -0.004999999
v -0.116780171 0.133647173 -0.003999999
v -0.11677961 0.136746492 1.3399e-05
v -0.116775307 0.13359741 -0.004986602
v -0.116775307 0.13359741 -0.004013396
v -0.116775156 0.111136302 0.006499999
v -0.116771748 0.13356098 -0.00495
v -0.116771748 0.13356098 -0.004050002
v -0.116770443 0.133547647 -0.004900001
v -0.116770443 0.133547647 -0.004100001
v -0.116769719 0.136781732 5.0001e-05
v -0.116766099 0.136794629 0.0001
v -0.116766099 0.136794629 0.001000001
v -0.116764848 0.138034273 -0.004999999
v -0.116764848 0.138034273 -0.002999999
v -0.116761757 0.134434953 1e-09
v -0.116761757 0.134434953 0.001000001
v -0.116753296 0.134252657 -0.004999999
v -0.116752667 0.13792592 -0.002999999
v -0.116752667 0.13792592 0.001000002
v -0.116747422 0.135642274 1e-09
v -0.116747422 0.135642274 0.001000001
v -0.116736352 0.134354791 -0.004900001
v -0.116736352 0.134354791 -0.0042
v -0.116693738 0.134168497 -0.003999999
v -0.116693737 0.134168496 0.001000001
v -0.1166731 0.135907041 -0.003999999
v -0.1166731 0.135907041 0.001000001
v -0.116660657 0.136022688 -0.004999999
v -0.116651982 0.133481653 1e-09
v -0.116631562 0.135982023 -0.004986602
v -0.11661705 0.133445878 1.3398e-05
v -0.116615052 0.136592702 1e-09
v -0.116610265 0.135952257 -0.00495
v -0.116608781 0.104524959 0.005699995
v -0.116602471 0.135941362 -0.0049
v -0.116602471 0.135941362 -0.0042
v -0.116591477 0.133419694 5e-05
v -0.116582115 0.133410108 0.0001
v -0.116582115 0.133410108 0.001000001
v -0.116579278 0.136627637 1.3399e-05
v -0.116553094 0.136653207 5.0001e-05
v -0.116545338 0.133587141 -0.004999999
v -0.116545338 0.133587141 -0.003999999
v -0.116544285 0.135860032 0.004000002
v -0.116543507 0.136662568 0.001000001
v -0.116543507 0.136662569 0.0001
v -0.11653658 0.135959734 -0.0049
v -0.11653658 0.135959734 -0.0042
v -0.11653555 0.135973093 -0.00495
v -0.116532727 0.136009584 -0.004986602
v -0.116530076 0.137793858 0.005699999
v -0.116530076 0.137793859 -0.002999999
v -0.116530076 0.137793859 0.001000002
v -0.116528878 0.136059439 -0.004999999
v -0.116523613 0.135905557 0.003986604
v -0.116510941 0.136484712 -0.003999999
v -0.116510941 0.136484713 -0.004999999
v -0.116508484 0.135938886 0.003949998
v -0.116506886 0.100842457 -0.000325667
v -0.116502946 0.135951086 -0.003999999
v -0.116502945 0.135951085 0.003900003
v -0.116499734 0.100849445 -0.000325667
v -0.116479676 0.134593377 1e-09
v -0.116479676 0.134593377 0.001000001
v -0.116475342 0.134126467 -0.004999999
v -0.116474293 0.135931455 -0.0042
v -0.116474293 0.135931456 -0.0049
v -0.116469185 0.135477201 1e-09
v -0.116469185 0.135477201 0.001000001
v -0.116468804 0.100803455 0.000161981
v -0.116464917 0.135941027 -0.00495
v -0.116461648 0.100810444 0.000161981
v -0.116455014 0.100789333 -0.000285887
v -0.116454674 0.134171995 -0.004986602
v -0.116447858 0.100796322 -0.000285887
v -0.11644476 0.135869757 -0.0049
v -0.11644476 0.135869757 -0.0042
v -0.116439541 0.134205324 -0.00495
v -0.116439301 0.135967169 -0.004986602
v -0.116435605 0.100769458 2.3996e-05
v -0.116435174 0.100769016 -0.00044385
v -0.116434002 0.134217523 -0.004900001
v -0.116434002 0.134217523 -0.0042
v -0.116431424 0.135871061 -0.00495
v -0.116428449 0.100776447 2.3996e-05
v -0.116428017 0.100776005 -0.00044385
v -0.116424619 0.100758213 0.000308042
v -0.116417466 0.100765201 0.000308042
v -0.116412461 0.135539282 -0.0049
v -0.116412461 0.135539282 -0.0042
v -0.116407426 0.100740604 0.000164377
v -0.116404305 0.136002882 -0.004999999
v -0.116400273 0.100747593 0.000164377
v -0.116400266 0.100733272 -0.000378226
v -0.116394993 0.13587462 -0.004986602
v -0.116393109 0.100740261 -0.000378226
v -0.116392662 0.134308576 0.004000001
v -0.116382939 0.134209051 -0.004900001
v -0.116382939 0.134209051 -0.0042
v -0.116381634 0.134195719 -0.00495
v -0.116378075 0.134159288 -0.004986602
v -0.116363571 0.134267911 0.003986604
v -0.116345231 0.135879484 -0.004999999
v -0.116342274 0.134238145 0.003949998
v -0.116339574 0.100671123 -6.7667e-05
v -0.11633894 0.134115927 -0.004999999
v -0.116337586 0.136315306 -0.004999999
v -0.116337586 0.136315306 -0.003999999
v -0.116334477 0.134227246 0.003900003
v -0.116334477 0.134227247 -0.004900001
v -0.116334477 0.134227247 -0.0042
v -0.116334477 0.134227247 -0.003999999
v -0.116332421 0.100678112 -6.7667e-05
v -0.116326684 0.134216352 -0.00495
v -0.116325436 0.134648779 -0.004900001
v -0.116325436 0.134648779 -0.0042
v -0.116316914 0.136360834 -0.004986602
v -0.116316914 0.136360834 -0.004013396
v -0.116315541 0.135575678 -0.004999999
v -0.116314598 0.134871618 1e-09
v -0.116314598 0.134871618 0.001000001
v -0.116314294 0.100645237 1.3807e-05
v -0.116314263 0.100645206 0.000284418
v -0.116314256 0.100645198 0.000363481
v -0.116310757 0.135195119 1e-09
v -0.116310757 0.135195119 0.001000001
v -0.116307137 0.100652225 1.3807e-05
v -0.116307111 0.100652195 0.000284418
v -0.116307099 0.100652179 0.000363481
v -0.116305386 0.134186582 -0.004986602
v -0.116304231 0.100634929 -0.000416834
v -0.116302556 0.100633213 -0.000495726
v -0.116301785 0.136394163 -0.00495
v -0.116301785 0.136394163 -0.004050002
v -0.11630161 0.134267237 -0.004900001
v -0.11630161 0.134267237 -0.0042
v -0.116299119 0.134244482 -0.00495
v -0.116297078 0.100641918 -0.000416834
v -0.116296246 0.136406362 -0.0049
v -0.116296246 0.136406362 -0.004100001
v -0.116295815 0.134283678 -0.004900001
v -0.116295815 0.134283678 -0.0042
v -0.1162954 0.100640201 -0.000495726
v -0.116294899 0.127820157 0.001000001
v -0.116294898 0.127820157 0.005349999
v -0.116293137 0.134318304 -0.004900001
v -0.116293137 0.134318304 -0.0042
v -0.116292962 0.134300875 -0.004900001
v -0.116292962 0.134300875 -0.0042
v -0.116292886 0.10062331 -9.8509e-05
v -0.116287545 0.134396631 -0.003999999
v -0.116287545 0.134396631 0.001000001
v -0.116285729 0.100630298 -9.8509e-05
v -0.116282837 0.13428034 -0.00495
v -0.116281617 0.135356397 -0.0042
v -0.116281617 0.135356398 -0.0049
v -0.116279805 0.134319605 -0.00495
v -0.116272435 0.135669332 -0.003999999
v -0.116272435 0.135669332 0.001000001
v -0.116268925 0.134223791 -0.004986602
v -0.116267964 0.100597789 -1.7039e-05
v -0.116260808 0.100604778 -1.7039e-05
v -0.116247712 0.100577053 0.000257875
v -0.116247387 0.134271227 -0.004986602
v -0.116243374 0.134323168 -0.004986602
v -0.116240559 0.100584041 0.000257875
v -0.116232476 0.134853536 -0.0042
v -0.116232476 0.134853537 -0.004900001
v -0.116227677 0.134195532 -0.004999999
v -0.116223301 0.134631838 -0.004999999
v -0.116217816 0.100546444 -0.000378786
v -0.116217377 0.100545993 0.000328321
v -0.116215878 0.135436377 -0.004999999
v -0.116210664 0.100553425 -0.000378786
v -0.116210225 0.100552974 0.000328321
v -0.116205598 0.100533931 0.000192754
v -0.116198445 0.100540912 0.000192754
v -0.116193612 0.134328031 -0.004999999
v -0.11618438 0.13556421 0.004000001
v -0.116182423 0.100510196 -0.00027389
v -0.116175271 0.100517185 -0.00027389
v -0.116171971 0.100499492 -0.000436674
v -0.116164819 0.100506481 -0.000436674
v -0.116157616 0.100484791 -0.000121279
v -0.116155408 0.100482532 0.000237356
v -0.116152497 0.134787798 -0.004999999
v -0.11615046 0.100491779 -0.000121279
v -0.116148255 0.100489521 0.000237356
v -0.116143719 0.135593305 0.003986604
v -0.116120084 0.100446361 -0.000273905
v -0.116113949 0.135614602 0.003949998
v -0.116112927 0.100453342 -0.000273905
v -0.116103055 0.135622396 -0.003999999
v -0.116103054 0.135622396 0.003900003
v -0.116101735 0.133901933 -0.003999999
v -0.116101735 0.133901934 -0.004999999
v -0.116096844 0.134668477 0.004000001
v -0.116089856 0.100415409 0.001849996
v -0.11607264 0.133861269 -0.004986602
v -0.11607264 0.133861269 -0.004013396
v -0.116051342 0.133831499 -0.00495
v -0.116051342 0.133831499 -0.004050002
v -0.116051315 0.134647809 0.003986604
v -0.116049832 0.134797296 -0.003999999
v -0.116049832 0.134797296 0.001000001
v -0.116047734 0.100372272 0.001624998
v -0.116047734 0.100372272 0.002074995
v -0.116044304 0.135263135 0.001000001
v -0.116044304 0.135263136 -0.003999999
v -0.116043545 0.133820604 -0.004900001
v -0.116043545 0.133820604 -0.004100001
v -0.116020607 0.135128072 0.004000001
v -0.116017986 0.134632676 0.003949998
v -0.116005787 0.134627137 0.003900003
v -0.116005787 0.134627138 -0.003999999
v -0.115993863 0.100317104 -0.000486151
v -0.115993768 0.100317012 0.000353765
v -0.115986707 0.100324093 -0.000486151
v -0.115986615 0.100323993 0.000353765
v -0.115979268 0.135219129 -0.0042
v -0.115979268 0.13521913 -0.0049
v -0.115973729 0.135231329 -0.00495
v -0.115970844 0.135132936 0.003986604
v -0.115962422 0.135046743 -0.004900001
v -0.115962422 0.135046743 -0.0042
v -0.1159586 0.135264658 -0.004986602
v -0.115954625 0.135035849 -0.00495
v -0.115949181 0.135058084 -0.004900001
v -0.115949181 0.135058084 -0.0042
v -0.115939278 0.135186258 -0.004900001
v -0.115939278 0.135186258 -0.0042
v -0.115938115 0.13507155 -0.004900001
v -0.115938115 0.13507155 -0.0042
v -0.115937928 0.135310183 -0.004999999
v -0.115934414 0.135136495 0.003949998
v -0.115933327 0.135006079 -0.004986602
v -0.115932656 0.100254428 0.001460283
v -0.115932656 0.100254428 0.00223971
v -0.115931874 0.100253628 -0.000407271
v -0.11593184 0.100253589 -0.000103415
v -0.115931832 0.100253582 -2.5557e-05
v -0.115931798 0.100253551 0.000274687
v -0.115929551 0.135086733 -0.004900001
v -0.115929551 0.135086733 -0.0042
v -0.115927064 0.135063978 -0.00495
v -0.115924718 0.100260616 -0.000407271
v -0.115924687 0.100260578 -0.000103415
v -0.115924676 0.10026057 -2.5557e-05
v -0.115924645 0.10026054 0.000274687
v -0.115921082 0.135137799 0.003900003
v -0.115921082 0.1351378 -0.004900001
v -0.115921082 0.1351378 -0.0042
v -0.115921082 0.1351378 -0.003999999
v -0.115918328 0.135177038 -0.00495
v -0.115910782 0.135099836 -0.00495
v -0.11590775 0.135139101 -0.00495
v -0.115904236 0.134965414 -0.004999999
v -0.115896866 0.135043287 -0.004986602
v -0.115885312 0.135192842 -0.004986602
v -0.115875332 0.135090723 -0.004986602
v -0.115871319 0.135142664 -0.004986602
v -0.115868344 0.133967359 -0.004999999
v -0.115868344 0.133967359 -0.003999999
v -0.115843163 0.136088529 -0.003999999
v -0.115843163 0.13608853 -0.004999999
v -0.115840214 0.135214434 -0.004999999
v -0.115826909 0.135078272 -0.004999999
v -0.115777737 0.135855142 -0.003999999
v -0.115777737 0.135855143 -0.004999999
v -0.11577546 0.100093456 0.001399996
v -0.11577546 0.100093456 0.002299997
v -0.115737073 0.135884237 -0.004986602
v -0.115737073 0.135884237 -0.004013396
v -0.115707307 0.135905535 -0.00495
v -0.115707307 0.135905535 -0.004050002
v -0.115706361 0.101488788 0.001351416
v -0.115706361 0.101488788 0.002351416
v -0.115696408 0.135913328 -0.0049
v -0.115696408 0.135913328 -0.004100001
v -0.115668637 0.099984066 -0.000103476
v -0.115668629 0.099984058 -2.5614e-05
v -0.115661484 0.099991054 -0.000103476
v -0.115661477 0.099991047 -2.5614e-05
v -0.115641568 0.134461782 -0.004999999
v -0.115641568 0.134461782 -0.003999999
v -0.115636586 0.099951244 0.000274618
v -0.115636574 0.099951236 0.000353681
v -0.11562943 0.099958233 0.000274618
v -0.115629422 0.099958217 0.000353681
v -0.115624512 0.099938885 -0.000486235
v -0.115624505 0.099938869 -0.000407343
v -0.11561826 0.099932476 0.001460283
v -0.11561826 0.099932476 0.00223971
v -0.11561736 0.099945865 -0.000486235
v -0.115617348 0.099945858 -0.000407343
v -0.115598744 0.101593883 0.001351416
v -0.115598744 0.101593883 0.002351416
v -0.115596039 0.13444111 -0.004013396
v -0.115596039 0.134441111 -0.004986602
v -0.115562714 0.134425981 -0.00495
v -0.115562714 0.134425981 -0.004050002
v -0.115550515 0.134420442 -0.004100001
v -0.115550515 0.134420443 -0.004900001
v -0.115545602 0.099858074 0.000274599
v -0.115545594 0.099858066 0.000353662
v -0.115538445 0.099865062 0.000274599
v -0.115538438 0.099865047 0.000353662
v -0.11552298 0.135176706 -0.004999999
v -0.11552298 0.135176706 -0.003999999
v -0.115518841 0.099830669 0.005699995
v -0.115517495 0.100974338 0.001849996
v -0.115503182 0.099814632 0.001624998
v -0.115503182 0.099814632 0.002074995
v -0.115475377 0.100931202 0.001624998
v -0.115475377 0.100931202 0.002074995
v -0.115473214 0.13518157 -0.004986602
v -0.115473214 0.13518157 -0.004013396
v -0.115472161 0.134635134 -0.004999999
v -0.115472161 0.134635134 -0.003999999
v -0.115462945 0.135411539 -0.004999999
v -0.115462945 0.135411539 -0.003999999
v -0.11546106 0.099771503 0.001849996
v -0.115447366 0.109770549 0.006499511
v -0.115446435 0.109775661 0.006499999
v -0.115436787 0.135185129 -0.00495
v -0.115436787 0.135185129 -0.004050002
v -0.115423451 0.13518643 -0.004900001
v -0.115423451 0.13518643 -0.004100001
v -0.115365403 0.099673549 -0.000486292
v -0.115365319 0.099673458 0.000274557
v -0.115360299 0.100813358 0.001460283
v -0.115360299 0.100813358 0.00223971
v -0.11535825 0.09968053 -0.000486292
v -0.115358166 0.099680446 0.000274557
v -0.115303425 0.099610081 -0.000486308
v -0.115303342 0.099609989 0.000274541
v -0.115296269 0.099617061 -0.000486308
v -0.115296185 0.099616977 0.000274541
v -0.115243444 0.109388774 0.006199996
v -0.115203099 0.100652385 0.001399996
v -0.115203099 0.100652385 0.002299997
v -0.115199718 0.126412403 0.006500001
v -0.115167384 0.126648404 0.006478509
v -0.115145454 0.126094822 0.006500001
v -0.115125674 0.12686343 0.006457932
v -0.115122697 0.099425007 0.000274499
v -0.115122689 0.099424999 0.000353567
v -0.115115544 0.099431995 0.000274499
v -0.115115536 0.099431987 0.000353567
v -0.115077992 0.135018713 1e-09
v -0.115045899 0.100491405 0.001460283
v -0.115045899 0.100491405 0.00223971
v -0.115016742 0.125799458 0.006500001
v -0.114952252 0.103026004 0.005699995
v -0.114936581 0.135017034 0.0001
v -0.114936581 0.135017034 0.001000001
v -0.114930821 0.100373561 0.002074995
v -0.114930821 0.100373562 0.001624998
v -0.114888699 0.100330433 0.001849996
v -0.11486272 0.126407978 0.006181397
v -0.114862266 0.126401707 0.005699998
v -0.114827892 0.126747296 0.005699998
v -0.114827892 0.126747296 0.006141389
v -0.114821075 0.125543492 0.006500001
v -0.114819282 0.126177777 0.006181397
v -0.114776366 0.126065197 0.005699998
v -0.114723472 0.125963994 0.006181397
v -0.114580558 0.12577837 0.005699997
v -0.114580558 0.12577837 0.006181397
v -0.114309033 0.100057888 0.001351415
v -0.114309033 0.100057888 0.002351415
v -0.114201417 0.100162983 0.001351415
v -0.114201417 0.100162983 0.002351415
v -0.113808031 0.115612232 0.0065
v -0.113622596 0.13104099 0.005699998
v -0.113612383 0.116019123 0.0065
v -0.113586915 0.107889812 0.006199996
v -0.113519197 0.115531155 0.005699996
v -0.113519197 0.115531155 0.006199996
v -0.113368696 0.115844151 0.005699996
v -0.113368696 0.115844151 0.006199996
v -0.113334302 0.107612774 0.006499999
v -0.113302083 0.107794475 0.006499999
v -0.113289366 0.11633456 0.0065
v -0.113120222 0.116086788 0.005699996
v -0.113120222 0.116086788 0.006199996
v -0.113056007 0.134236318 0.005699998
v -0.112877947 0.116520497 0.0065
v -0.112803747 0.116229817 0.005699996
v -0.112803747 0.116229817 0.006199996
v -0.112091679 0.097610714 -0.005000003
v -0.112091679 0.097610714 -0.004900004
v -0.112091679 0.097610714 -0.004100005
v -0.112091679 0.097610714 -0.004000003
v -0.112082463 0.098387112 -0.005000003
v -0.112082463 0.098387112 -0.004900004
v -0.112082463 0.098387112 -0.004100005
v -0.112082463 0.098387112 -0.004000003
v -0.112078698 0.097614025 -0.004050006
v -0.112078698 0.097614026 -0.004950004
v -0.112069565 0.098383496 -0.004950004
v -0.112069565 0.098383496 -0.004050006
v -0.112043232 0.097623082 -0.004986606
v -0.112043232 0.097623082 -0.0040134
v -0.112034321 0.0983736 -0.0040134
v -0.112034321 0.098373601 -0.004986606
v -0.111994786 0.097635449 -0.005000003
v -0.111994786 0.097635449 -0.004000003
v -0.111986184 0.098360089 -0.005000003
v -0.111986184 0.098360089 -0.004000003
v -0.111905702 0.113878895 0.005699996
v -0.111905702 0.113878895 0.006199996
v -0.111755201 0.114191883 0.005699996
v -0.111755201 0.114191883 0.006199996
v -0.111711461 0.09693372 -0.005000003
v -0.111711461 0.09693372 -0.004900004
v -0.11171146 0.09693372 -0.004100005
v -0.11171146 0.09693372 -0.004000003
v -0.11170934 0.097778912 -0.005000003
v -0.111701874 0.096943081 -0.004950004
v -0.111701874 0.096943081 -0.004050006
v -0.11168628 0.09905489 -0.005000003
v -0.11168628 0.09905489 -0.004900004
v -0.11168628 0.09905489 -0.004100005
v -0.11168628 0.09905489 -0.004000003
v -0.111676919 0.099045308 -0.004950004
v -0.111676919 0.099045308 -0.004050006
v -0.111675686 0.096968655 -0.004986606
v -0.111675686 0.096968655 -0.0040134
v -0.111675503 0.097646351 -0.005000003
v -0.111655659 0.097722012 -0.004986606
v -0.11165474 0.097799656 -0.004986606
v -0.111651345 0.099019116 -0.004986606
v -0.111651345 0.099019116 -0.0040134
v -0.111650055 0.097902203 -0.005000003
v -0.111639916 0.09700359 -0.005000003
v -0.111639916 0.09700359 -0.004000003
v -0.111634205 0.097674542 -0.004986606
v -0.111620194 0.097731068 -0.004950004
v -0.1116195 0.097789761 -0.004950004
v -0.111616865 0.11379781 0.006499999
v -0.111616414 0.098983349 -0.005000003
v -0.111616414 0.098983349 -0.004000003
v -0.11161512 0.097866429 -0.004986606
v -0.111607213 0.097734379 -0.004900004
v -0.111607213 0.097734379 -0.004200004
v -0.111607212 0.097734378 0.003899999
v -0.111607212 0.097734379 -0.004000003
v -0.111606598 0.097786137 -0.004900004
v -0.111606598 0.097786137 -0.004200004
v -0.111603978 0.097695179 -0.004950004
v -0.111601071 0.098251979 0.003899999
v -0.111601071 0.09825198 -0.004000003
v -0.111597809 0.097637272 -0.004986606
v -0.111594235 0.09773769 0.003949994
v -0.111589547 0.097840245 -0.004950004
v -0.111588169 0.098248363 0.003949995
v -0.111581868 0.097689251 -0.004900004
v -0.111581868 0.097689251 -0.004200004
v -0.111580189 0.097830662 -0.004900004
v -0.111580189 0.097830662 -0.004200004
v -0.111576462 0.097667004 -0.004950004
v -0.111568646 0.097677884 -0.004900004
v -0.111568646 0.097677884 -0.004200004
v -0.111564373 0.097566556 -0.005000003
v -0.111558766 0.097746746 0.0039866
v -0.111553654 0.097668988 -0.004900004
v -0.111553654 0.097668988 -0.004200004
v -0.111552929 0.098238468 0.0039866
v -0.111550862 0.097614697 -0.004986606
v -0.11154097 0.097649937 -0.004950004
v -0.111537346 0.097662838 -0.004900004
v -0.111537346 0.097662838 -0.004200004
v -0.111511518 0.114016911 0.006499999
v -0.111510323 0.097759113 0.000999997
v -0.111510323 0.097759113 0.003999998
v -0.111510323 0.097759114 -0.004000003
v -0.111506731 0.114434529 0.005699996
v -0.111506731 0.114434529 0.006199996
v -0.111504792 0.098224956 0.000999997
v -0.111504792 0.098224957 -0.004000003
v -0.111504791 0.098224956 0.003999998
v -0.111481751 0.107181011 0.0064
v -0.111481751 0.107181011 0.006499999
v -0.111460866 0.098576153 -0.005000003
v -0.111447327 0.098712292 -0.005000003
v -0.11143166 0.098115475 -0.005000003
v -0.111412419 0.098588521 -0.004986606
v -0.111402264 0.098690625 -0.004986606
v -0.111385365 0.098280385 -0.005000003
v -0.111376954 0.098597577 -0.004950004
v -0.111369279 0.098674763 -0.004950004
v -0.111363976 0.098600888 -0.004900004
v -0.111363976 0.098600888 -0.004200004
v -0.111357205 0.098668957 -0.004900004
v -0.111357205 0.098668957 -0.004200004
v -0.111353733 0.097283054 0.003899999
v -0.111353733 0.097283055 -0.004000003
v -0.111349446 0.098807873 -0.005000003
v -0.111344151 0.097292415 0.003949994
v -0.111342621 0.098062649 -0.004900004
v -0.111342621 0.098062649 -0.004200004
v -0.111337587 0.114186756 0.006499999
v -0.111336949 0.098697162 0.003899999
v -0.111336949 0.098697163 -0.004000003
v -0.111328854 0.098762311 -0.004986606
v -0.111327587 0.09868758 0.003949995
v -0.111317963 0.097317981 0.0039866
v -0.111314679 0.107157978 0.0064
v -0.111314679 0.107157978 0.006499999
v -0.111313782 0.098728955 -0.004950004
v -0.111308262 0.098716748 -0.004900004
v -0.111308262 0.098716748 -0.004200004
v -0.111302014 0.098661396 0.0039866
v -0.111282189 0.097352917 -0.004000003
v -0.111282189 0.097352917 0.000999997
v -0.111282188 0.097352916 0.003999998
v -0.111281846 0.098279156 -0.004900004
v -0.111281846 0.098279156 -0.004200004
v -0.111278752 0.107379246 0.0064
v -0.111278752 0.107379246 0.006499999
v -0.111270478 0.097484059 -0.005000003
v -0.111267083 0.098625622 -0.004000003
v -0.111267083 0.098625622 0.000999997
v -0.111267082 0.098625621 0.003999998
v -0.111247018 0.106972072 0.0064
v -0.111247018 0.106972072 0.006499999
v -0.111241971 0.107150219 0.0064
v -0.111241971 0.107150219 0.006499999
v -0.111240056 0.098721898 -0.004900004
v -0.111240056 0.098721898 -0.004200004
v -0.111236817 0.107062176 0.0064
v -0.111236817 0.107062176 0.006499999
v -0.111236435 0.098734799 -0.004950004
v -0.11122654 0.098770039 -0.004986606
v -0.111226289 0.106886425 0.0064
v -0.111226289 0.106886425 0.006499999
v -0.111217656 0.097573094 -0.004900004
v -0.111217656 0.097573094 -0.004200004
v -0.111213029 0.098818181 -0.005000003
v -0.111195249 0.107148632 0.0064
v -0.111195249 0.107148632 0.006499999
v -0.111190252 0.114577557 0.005699996
v -0.111190252 0.114577557 0.006199996
v -0.111176034 0.106812252 0.0064
v -0.111176034 0.106812252 0.006499999
v -0.111150811 0.097361516 -0.005000003
v -0.111116052 0.114286877 0.006499999
v -0.11108471 0.106759769 0.0064
v -0.11108471 0.106759769 0.006499999
v -0.11107531 0.097065739 -0.005000003
v -0.111065564 0.107333919 0.0064
v -0.111065564 0.107333919 0.006499999
v -0.111061234 0.10702972 0.0064
v -0.111061234 0.10702972 0.006499999
v -0.111060543 0.097412205 -0.004900004
v -0.111060543 0.097412205 -0.004200004
v -0.11106033 0.107069828 0.0064
v -0.11106033 0.107069828 0.006499999
v -0.111043682 0.096537541 -0.005000003
v -0.111043682 0.096537541 -0.004900005
v -0.111043682 0.096537541 -0.004100005
v -0.111043682 0.096537541 -0.004000003
v -0.111042829 0.106995373 0.0064
v -0.111042829 0.106995373 0.006499999
v -0.111042478 0.107111629 0.0064
v -0.111042478 0.107111629 0.006499999
v -0.111040062 0.096550435 -0.004950004
v -0.111040062 0.096550435 -0.004050006
v -0.111030171 0.096585675 -0.004986606
v -0.111030171 0.096585675 -0.0040134
v -0.111026863 0.097078106 -0.004986606
v -0.111016659 0.096633816 -0.005000003
v -0.111016659 0.096633816 -0.004000003
v -0.111010526 0.107151516 0.0064
v -0.111010526 0.107151516 0.006499999
v -0.111009286 0.099435109 -0.005000003
v -0.111009286 0.099435109 -0.004900004
v -0.111009286 0.099435109 -0.004100005
v -0.111009286 0.099435109 -0.004000003
v -0.111005974 0.099422131 -0.004950003
v -0.111005974 0.099422131 -0.004050006
v -0.11100541 0.097030636 -0.004986606
v -0.110998177 0.096952748 -0.005000003
v -0.110996918 0.099386662 -0.004986606
v -0.110996918 0.099386662 -0.0040134
v -0.110991398 0.097087163 -0.004950004
v -0.110987569 0.106978412 0.006499999
v -0.110987569 0.106978413 0.0064
v -0.110986829 0.10676585 0.0064
v -0.110986829 0.10676585 0.006499999
v -0.110984555 0.099338215 -0.004000003
v -0.110984555 0.099338216 -0.005000003
v -0.110978417 0.097090474 -0.004900004
v -0.110978417 0.097090474 -0.004200004
v -0.110975178 0.097051274 -0.004950004
v -0.110972649 0.097074025 -0.004900004
v -0.110972649 0.097074025 -0.004200004
v -0.110969014 0.096993367 -0.004986606
v -0.110964116 0.097058827 -0.004900004
v -0.110964115 0.097058827 -0.004200004
v -0.110953068 0.097045346 -0.004900004
v -0.110953068 0.097045346 -0.004200004
v -0.110947663 0.097023099 -0.004950004
v -0.11093649 0.107713474 0.0064
v -0.11093649 0.107713474 0.006499999
v -0.110922062 0.096970791 -0.004986606
v -0.110920823 0.107020031 0.0064
v -0.110920823 0.107020031 0.006499999
v -0.110920361 0.098632161 -0.004900004
v -0.110920361 0.098632161 -0.004200004
v -0.110919133 0.098735676 -0.005000003
v -0.110912171 0.097006032 -0.004950004
v -0.110908551 0.097018933 -0.004900004
v -0.110908551 0.097018933 -0.004200004
v -0.110908551 0.097018933 -0.004000003
v -0.11090855 0.097018932 0.003899999
v -0.11090493 0.097031826 0.003949994
v -0.110895039 0.097067066 0.0039866
v -0.110891026 0.106812847 0.0064
v -0.110891026 0.106812847 0.006499999
v -0.110885621 0.098950642 -0.004000003
v -0.11088562 0.098950641 0.003899999
v -0.110882305 0.098937664 0.003949995
v -0.110881523 0.097115207 0.003999997
v -0.110881523 0.097115208 -0.004000003
v -0.110881523 0.097115208 0.000999997
v -0.110873258 0.112917523 0.006349998
v -0.110873258 0.112917523 0.006499999
v -0.110873253 0.098902195 0.0039866
v -0.110872982 0.097002133 -0.004950004
v -0.110870224 0.096965634 -0.004986606
v -0.110870187 0.113176319 0.006349998
v -0.110870187 0.113176319 0.006499999
v -0.110866459 0.096915776 -0.005000003
v -0.110860886 0.098853748 0.000999997
v -0.110860886 0.098853748 0.003999998
v -0.110860886 0.098853749 -0.004000003
v -0.110856789 0.097018315 -0.004900004
v -0.110856789 0.097018315 -0.004200004
v -0.110832543 0.107561474 0.0064
v -0.110832543 0.107561474 0.006499999
v -0.110811657 0.09704366 -0.004900004
v -0.110811657 0.09704366 -0.004200004
v -0.110806622 0.106882488 0.0064
v -0.110806622 0.106882488 0.006499999
v -0.110802296 0.097034077 -0.004950004
v -0.110784822 0.107861584 0.0064
v -0.110784822 0.107861584 0.006499999
v -0.110776726 0.097007893 -0.004986606
v -0.110753171 0.098778042 -0.005000003
v -0.110746519 0.11269186 0.006349998
v -0.110746519 0.11269186 0.006499999
v -0.110741791 0.096972119 -0.005000003
v -0.110738126 0.113398915 0.006349998
v -0.110738126 0.113398915 0.006499999
v -0.110702477 0.098687779 -0.004900004
v -0.110702477 0.098687779 -0.004200004
v -0.11063469 0.108008198 0.0064
v -0.11063469 0.108008198 0.006499999
v -0.110631734 0.107764744 0.0064
v -0.110631734 0.107764744 0.006499999
v -0.110584031 0.107568005 0.0064
v -0.110584031 0.107568005 0.006499999
v -0.110574093 0.097275654 -0.004900004
v -0.110574093 0.097275654 -0.004200004
v -0.110534775 0.098991315 -0.005000003
v -0.110523927 0.112559796 0.006349998
v -0.110523927 0.112559796 0.006499999
v -0.110523396 0.097185391 -0.005000003
v -0.11051246 0.113525654 0.006349998
v -0.11051246 0.113525654 0.006499999
v -0.110499844 0.09895554 -0.004986606
v -0.110496621 0.107766422 0.0064
v -0.110496621 0.107766422 0.006499999
v -0.11049426 0.107436588 0.0064
v -0.11049426 0.107436588 0.006499999
v -0.110493447 0.107551952 0.0064
v -0.110493447 0.107551952 0.006499999
v -0.11047427 0.098929356 -0.004950004
v -0.110464909 0.098919766 -0.004900004
v -0.110464909 0.098919766 -0.004200004
v -0.110444512 0.099042012 -0.005000003
v -0.110432145 0.098993565 -0.004986606
v -0.110423092 0.098958096 -0.004950004
v -0.110419777 0.098945119 -0.004900004
v -0.110415684 0.097109676 0.000999997
v -0.110415684 0.097109676 0.003999997
v -0.110415684 0.097109677 -0.004000003
v -0.110403316 0.097061229 0.0039866
v -0.110402577 0.098947941 -0.004200004
v -0.110395043 0.098848224 0.003999998
v -0.110395043 0.098848225 -0.004000003
v -0.110395043 0.098848225 0.000999997
v -0.110394264 0.097025768 0.003949994
v -0.110392037 0.107287342 0.0064
v -0.110392037 0.107287342 0.006499999
v -0.11039095 0.097012784 -0.004000003
v -0.110390949 0.097012783 0.003899999
v -0.110381531 0.098896358 0.0039866
v -0.110371639 0.098931598 0.003949995
v -0.110368016 0.098944501 -0.004900004
v -0.110368016 0.098944501 -0.004000003
v -0.110368015 0.0989445 0.003899999
v -0.110364396 0.098957402 -0.004950004
v -0.110357437 0.097227757 -0.005000003
v -0.110356209 0.097331273 -0.004900004
v -0.110356209 0.097331273 -0.004200004
v -0.110354504 0.098992642 -0.004986606
v -0.110345044 0.107582302 0.0064
v -0.110345044 0.107582302 0.006499999
v -0.110341508 0.107336689 0.0064
v -0.110341508 0.107336689 0.006499999
v -0.110340993 0.099040776 -0.005000003
v -0.11033672 0.098929448 -0.004200004
v -0.110323498 0.098918088 -0.004900004
v -0.110313912 0.098927449 -0.004950004
v -0.110312455 0.098904607 -0.004900004
v -0.110303917 0.098889409 -0.004900004
v -0.110301388 0.09891216 -0.004950004
v -0.11029815 0.098872952 -0.004900004
v -0.11029815 0.098872952 -0.004200004
v -0.110292015 0.09662521 -0.005000003
v -0.110292015 0.09662521 -0.004000003
v -0.11029171 0.098894925 -0.004950004
v -0.110287728 0.098953023 -0.004986606
v -0.110285168 0.098876271 -0.004950004
v -0.110279648 0.096576764 -0.004986606
v -0.110279648 0.096576764 -0.0040134
v -0.110271157 0.098932797 -0.004986606
v -0.110270596 0.096541302 -0.004950004
v -0.110270596 0.096541302 -0.004050006
v -0.110267281 0.096528317 -0.005000003
v -0.110267281 0.096528317 -0.004900005
v -0.110267281 0.096528317 -0.004100005
v -0.110267281 0.096528317 -0.004000003
v -0.110265127 0.112556721 0.006349998
v -0.110265127 0.112556721 0.006499999
v -0.110259911 0.099329617 -0.005000003
v -0.110259911 0.099329617 -0.004000003
v -0.110258355 0.098910001 -0.004986606
v -0.11025366 0.113522579 0.006349998
v -0.11025366 0.113522579 0.006499999
v -0.110251954 0.098987958 -0.005000003
v -0.110249703 0.098885319 -0.004986606
v -0.110246396 0.099377751 -0.004986606
v -0.110246396 0.099377751 -0.0040134
v -0.110236504 0.099412991 -0.004950004
v -0.110236504 0.099412991 -0.004050006
v -0.110232884 0.099425893 -0.005000003
v -0.110232884 0.099425893 -0.004900004
v -0.110232884 0.099425893 -0.004100005
v -0.110232884 0.099425893 -0.004000003
v -0.110229863 0.098960988 -0.005000003
v -0.110216023 0.098551221 -0.004900004
v -0.110216023 0.098551221 -0.004200004
v -0.110212792 0.098930592 -0.005000003
v -0.110201256 0.098897687 -0.005000003
v -0.110125756 0.098601918 -0.005000003
v -0.110068585 0.108561016 0.0064
v -0.110068585 0.108561016 0.006499999
v -0.11006569 0.108317509 0.0064
v -0.11006569 0.108317509 0.006499999
v -0.110063542 0.097145253 -0.005000003
v -0.110058915 0.09839034 -0.004900004
v -0.110058915 0.09839034 -0.004200004
v -0.110050026 0.097193394 -0.004986606
v -0.110048618 0.097020053 0.005349996
v -0.110048618 0.097020054 0.000999997
v -0.110040135 0.097228635 -0.004950004
v -0.110039464 0.11268346 0.006349998
v -0.110039464 0.11268346 0.006499999
v -0.110036515 0.097241528 -0.004900005
v -0.110036515 0.097241528 -0.004200004
v -0.110031068 0.113390522 0.006349998
v -0.110031068 0.113390522 0.006499999
v -0.110009487 0.09733781 0.003999997
v -0.110009487 0.097337811 -0.004000003
v -0.110009487 0.097337811 0.000999997
v -0.110006089 0.098479375 -0.005000003
v -0.109994721 0.097684277 -0.004900004
v -0.109994721 0.097684277 -0.004200004
v -0.109994378 0.098610516 -0.004000003
v -0.109994377 0.098610515 0.003999998
v -0.109994377 0.098610516 0.000999997
v -0.109974552 0.097302036 0.0039866
v -0.109968304 0.097246686 -0.004900005
v -0.109968304 0.097246686 -0.004200004
v -0.109962788 0.097234479 -0.004950004
v -0.109958607 0.098645443 0.0039866
v -0.109948982 0.097275852 0.003949994
v -0.109947712 0.097201123 -0.004986606
v -0.109939621 0.097266262 0.003899999
v -0.109939621 0.097266263 -0.004000003
v -0.109933945 0.097900777 -0.004900004
v -0.109933945 0.097900777 -0.004200004
v -0.109932419 0.098671017 0.003949995
v -0.109927121 0.09715556 -0.005000003
v -0.109922833 0.098680378 0.003899999
v -0.109922833 0.098680379 -0.004000003
v -0.109919365 0.097294476 -0.004900005
v -0.109919365 0.097294476 -0.004200004
v -0.109914445 0.108334942 0.0064
v -0.109914445 0.108334942 0.006499999
v -0.109912594 0.097362546 -0.004900005
v -0.109912594 0.097362546 -0.004200004
v -0.109911206 0.108120525 0.0064
v -0.109911206 0.108120525 0.006499999
v -0.109907403 0.112906056 0.006349998
v -0.109907403 0.112906056 0.006499999
v -0.109907292 0.09728867 -0.004950004
v -0.109904329 0.11316486 0.006349998
v -0.109904329 0.11316486 0.006499999
v -0.109899613 0.097365857 -0.004950004
v -0.109891201 0.097683049 -0.005000003
v -0.109874302 0.097272809 -0.004986606
v -0.109864148 0.097374913 -0.004986606
v -0.10984491 0.097847958 -0.005000003
v -0.109831906 0.108792141 0.0064
v -0.109831906 0.108792141 0.006499999
v -0.109829243 0.097251141 -0.005000003
v -0.109815701 0.09738728 -0.005000003
v -0.10977823 0.108135815 0.0064
v -0.10977823 0.108135815 0.006499999
v -0.109774678 0.107890217 0.0064
v -0.109774678 0.107890217 0.006499999
v -0.109771778 0.097738476 -0.004000003
v -0.109771778 0.097738476 0.000999997
v -0.109771778 0.097738476 0.003999997
v -0.109766247 0.098204319 0.000999997
v -0.109766247 0.098204319 0.003999998
v -0.109766247 0.09820432 -0.004000003
v -0.10973922 0.098300595 -0.004900004
v -0.10973922 0.098300595 -0.004200004
v -0.1097356 0.098313496 -0.004950004
v -0.109725708 0.098348737 -0.004986606
v -0.109723637 0.097724964 0.0039866
v -0.109722912 0.098294438 -0.004900004
v -0.1097178 0.098216686 0.0039866
v -0.109717106 0.098306515 -0.004950004
v -0.109716493 0.108196102 0.0064
v -0.109716493 0.108196102 0.006499999
v -0.109713647 0.107949818 0.0064
v -0.109713647 0.107949818 0.006499999
v -0.109712193 0.09839687 -0.005000003
v -0.109707921 0.098285542 -0.004900004
v -0.109701245 0.098339497 -0.004986606
v -0.109700108 0.098296429 -0.004950004
v -0.109696381 0.098132771 -0.004900004
v -0.109696381 0.098132771 -0.004200004
v -0.109694703 0.098274182 -0.004900004
v -0.109688396 0.097715069 0.003949994
v -0.10968702 0.098123189 -0.004950004
v -0.109685116 0.098283543 -0.004950004
v -0.109683655 0.098260701 -0.004200004
v -0.109682335 0.098225735 0.003949994
v -0.109680158 0.108940334 0.0064
v -0.109680158 0.108940334 0.006499999
v -0.109679577 0.098384564 -0.005000003
v -0.109678757 0.098326161 -0.004986606
v -0.109675499 0.097711445 -0.004000003
v -0.109675499 0.097711445 0.003899999
v -0.109669968 0.098177289 -0.004900004
v -0.109669354 0.098229053 0.003899999
v -0.109669354 0.098229054 -0.004900004
v -0.109669354 0.098229054 -0.004000003
v -0.109666737 0.098194417 -0.004200004
v -0.109661446 0.098096997 -0.004986606
v -0.109660157 0.096980084 -0.005000003
v -0.109660157 0.096980084 -0.004000003
v -0.109658928 0.098309117 -0.004986606
v -0.109657071 0.098173672 -0.004950004
v -0.109656372 0.098232365 -0.004950004
v -0.109649594 0.098366772 -0.005000003
v -0.109636654 0.098959843 -0.005000003
v -0.109636654 0.098959843 -0.004000003
v -0.109626515 0.09806123 -0.005000003
v -0.109625222 0.09694431 -0.004986606
v -0.109625222 0.09694431 -0.0040134
v -0.109623158 0.098344052 -0.005000003
v -0.10962183 0.098163777 -0.004986606
v -0.109620907 0.098241414 -0.004986606
v -0.10960088 0.098994778 -0.004986606
v -0.10960088 0.098994778 -0.0040134
v -0.109599648 0.096918126 -0.004950004
v -0.109599648 0.096918126 -0.004050006
v -0.10959029 0.096908543 -0.005000003
v -0.10959029 0.096908543 -0.004900005
v -0.10959029 0.096908543 -0.004100005
v -0.10959029 0.096908543 -0.004000003
v -0.109574692 0.099020352 -0.004950004
v -0.109574692 0.099020352 -0.004050006
v -0.109573689 0.098150265 -0.005000003
v -0.109572461 0.098253781 -0.005000003
v -0.10956511 0.099029713 -0.005000003
v -0.10956511 0.099029713 -0.004900004
v -0.10956511 0.099029713 -0.004100005
v -0.10956511 0.099029713 -0.004000003
v -0.109542115 0.10836639 0.0064
v -0.109542115 0.10836639 0.006499999
v -0.1094241 0.109089436 0.0064
v -0.1094241 0.109089436 0.006499999
v -0.109409322 0.108989994 0.0064
v -0.109409322 0.108989994 0.006499999
v -0.109389661 0.10851527 0.0064
v -0.109389661 0.10851527 0.006499999
v -0.109386552 0.109200451 0.0064
v -0.109386552 0.109200451 0.006499999
v -0.109350923 0.10890382 0.0064
v -0.109350923 0.10890382 0.006499999
v -0.109290383 0.097603345 -0.005000003
v -0.109290383 0.097603345 -0.004000003
v -0.109288827 0.109322476 0.0064
v -0.109288827 0.109322476 0.006499999
v -0.109281781 0.098327985 -0.005000003
v -0.109281781 0.098327985 -0.004000003
v -0.109242245 0.097589825 -0.004986606
v -0.109242245 0.097589825 -0.0040134
v -0.109234857 0.10910886 0.0064
v -0.109234857 0.10910886 0.006499999
v -0.109233334 0.098340352 -0.004986606
v -0.109233334 0.098340352 -0.0040134
v -0.109228337 0.108861057 0.0064
v -0.109228337 0.108861057 0.006499999
v -0.109217988 0.109063801 0.0064
v -0.109217988 0.109063801 0.006499999
v -0.109207005 0.097579938 -0.004950004
v -0.109207005 0.097579938 -0.004050006
v -0.109200093 0.1091628 0.0064
v -0.109200093 0.1091628 0.006499999
v -0.109197869 0.098349408 -0.004950004
v -0.109197869 0.098349408 -0.004050006
v -0.109194107 0.097576314 -0.005000003
v -0.109194107 0.097576314 -0.004900005
v -0.109194107 0.097576314 -0.004100005
v -0.109194107 0.097576314 -0.004000003
v -0.109184887 0.098352719 -0.005000003
v -0.109184887 0.098352719 -0.004900004
v -0.109184887 0.098352719 -0.004100005
v -0.109184887 0.098352719 -0.004000003
v -0.109173845 0.119760571 0.0065
v -0.109159543 0.108739987 0.0064
v -0.109159543 0.108739987 0.006499999
v -0.109156697 0.108493702 0.0064
v -0.109156697 0.108493702 0.006499999
v -0.109143178 0.109079556 0.0064
v -0.109143178 0.109079556 0.006499999
v -0.109097947 0.108800137 0.0064
v -0.109097947 0.108800137 0.006499999
v -0.10909369 0.108555233 0.0064
v -0.10909369 0.108555233 0.006499999
v -0.109079511 0.108951321 0.0064
v -0.109079511 0.108951321 0.006499999
v -0.108933329 0.11999545 0.005699997
v -0.108933329 0.11999545 0.006181396
v -0.108922598 0.119558888 0.0065
v -0.108875695 0.109340763 0.0064
v -0.108875695 0.109340763 0.006499999
v -0.108845406 0.108044201 0.0064
v -0.108845406 0.108044201 0.006499999
v -0.108832246 0.109768345 0.0064
v -0.108832246 0.109768345 0.006499999
v -0.108828584 0.109525585 0.0064
v -0.108828584 0.109525585 0.006499999
v -0.108814352 0.119891476 0.006181396
v -0.108812734 0.109211834 0.0064
v -0.108812734 0.109211834 0.006499999
v -0.108781076 0.109818318 0.0064
v -0.108781076 0.109818318 0.006499999
v -0.108757932 0.109132168 0.0064
v -0.108757932 0.109132168 0.006499999
v -0.108738656 0.109229756 0.0064
v -0.108738656 0.109229756 0.006499999
v -0.108722135 0.109185047 0.0064
v -0.108722135 0.109185047 0.006499999
v -0.108721753 0.109428028 0.0064
v -0.108721753 0.109428028 0.006499999
v -0.108680483 0.119807545 0.006181396
v -0.108667832 0.108971096 0.0064
v -0.108667832 0.108971096 0.006499999
v -0.108651224 0.119792882 0.005699997
v -0.108630373 0.119423199 0.0065
v -0.108599229 0.109380261 0.0064
v -0.108599229 0.109380261 0.006499999
v -0.108570813 0.109091564 0.0064
v -0.108570813 0.109091564 0.006499999
v -0.108544744 0.1092981 0.0064
v -0.108544744 0.1092981 0.006499999
v -0.108535067 0.119745747 0.006181396
v -0.108532514 0.109201267 0.0064
v -0.108532514 0.109201267 0.006499999
v -0.108413118 0.109934185 0.0064
v -0.108413118 0.109934185 0.006499999
v -0.108370656 0.109972775 0.0064
v -0.108370656 0.109972775 0.006499999
v -0.108362245 0.109918736 0.0064
v -0.108362245 0.109918736 0.006499999
v -0.108316855 0.119699025 0.005699997
v -0.108314165 0.119361409 0.0065
v -0.108306317 0.10989954 0.0064
v -0.108306317 0.10989954 0.006499999
v -0.108279378 0.109650723 0.0064
v -0.108279378 0.109650723 0.006499999
v -0.108231468 0.095230038 0.001001416
v -0.108231468 0.095230038 0.002951421
v -0.108215226 0.107208958 0.0064
v -0.108215226 0.107208958 0.006499998
v -0.108210878 0.110375134 0.0064
v -0.108210878 0.110375134 0.006499999
v -0.108202066 0.110137402 0.0064
v -0.108202066 0.110137402 0.006499999
v -0.108144906 0.110439556 0.0064
v -0.108144906 0.110439556 0.006499999
v -0.108114408 0.109833592 0.0064
v -0.108114408 0.109833592 0.006499999
v -0.108050683 0.109573765 0.0064
v -0.108050683 0.109573765 0.006499999
v -0.107970541 0.119725179 0.005699997
v -0.107970541 0.119725179 0.006122696
v -0.10796539 0.110614865 0.0064
v -0.10796539 0.110614865 0.006499999
v -0.107936533 0.119426892 0.00646389
v -0.107925176 0.109787869 0.0064
v -0.107925176 0.109787869 0.006499999
v -0.107925138 0.10978571 0.0064
v -0.107925138 0.10978571 0.006499999
v -0.107924806 0.109779148 0.0064
v -0.107924806 0.109779148 0.006499999
v -0.10791422 0.110664837 0.0064
v -0.10791422 0.110664837 0.006499999
v -0.107873741 0.095579372 0.002951421
v -0.107873741 0.095579372 0.005351422
v -0.107864431 0.11944315 0.006456695
v -0.107859117 0.109760838 0.0064
v -0.107859117 0.109760838 0.006499999
v -0.107763246 0.110812268 0.0064
v -0.107763246 0.110812268 0.006499999
v -0.10770747 0.094693447 0.002951421
v -0.10770747 0.094693447 0.004951421
v -0.107579621 0.110657933 0.0064
v -0.107579621 0.110657933 0.006499999
v -0.107547856 0.110365239 0.0064
v -0.107547856 0.110365239 0.006499999
v -0.107524171 0.111045727 0.0064
v -0.107524171 0.111045727 0.006499999
v -0.10751164 0.1109679 0.0064
v -0.10751164 0.1109679 0.006499999
v -0.107511441 0.110966427 0.0064
v -0.107511441 0.110966427 0.006499999
v -0.107502198 0.110590336 0.0064
v -0.107502198 0.110590336 0.006499999
v -0.107478467 0.110758091 0.0064
v -0.107478467 0.110758091 0.006499999
v -0.107466661 0.110685223 0.0064
v -0.107466661 0.110685223 0.006499999
v -0.107456926 0.110625332 0.0064
v -0.107456926 0.110625332 0.006499999
v -0.107448041 0.110575207 0.0064
v -0.107448041 0.110575207 0.006499999
v -0.107439141 0.110531704 0.0064
v -0.107439141 0.110531704 0.006499999
v -0.10743401 0.107971844 0.0064
v -0.10743401 0.107971844 0.006499999
v -0.107399137 0.111167828 0.0064
v -0.107399137 0.111167828 0.006499999
v -0.107380406 0.110228314 0.0064
v -0.107380406 0.110228314 0.006499999
v -0.107349743 0.095042782 0.002951421
v -0.107349742 0.095042782 0.004951421
v -0.107336091 0.110914326 0.0064
v -0.107336091 0.110914326 0.006499999
v -0.107329255 0.111132939 0.0064
v -0.107329255 0.111132939 0.006499999
v -0.107327569 0.110870488 0.0064
v -0.107327569 0.110870488 0.006499999
v -0.10731912 0.110818554 0.0064
v -0.10731912 0.110818554 0.006499999
v -0.107309384 0.110752873 0.0064
v -0.107309384 0.110752873 0.006499999
v -0.107297731 0.110666912 0.0064
v -0.107297731 0.110666912 0.006499999
v -0.107267038 0.110441182 0.0064
v -0.107267038 0.110441182 0.006499999
v -0.10725575 0.110874638 0.0064
v -0.10725575 0.110874638 0.006499999
v -0.10718559 0.11041856 0.0064
v -0.10718559 0.11041856 0.006499999
v -0.10717217 0.111055821 0.0064
v -0.10717217 0.111055821 0.006499999
v -0.107160833 0.11140054 0.0064
v -0.107160833 0.11140054 0.006499999
v -0.107139512 0.110820042 0.0064
v -0.107139512 0.110820042 0.006499999
v -0.107112737 0.111026547 0.0064
v -0.107112737 0.111026547 0.006499999
v -0.107100358 0.110802235 0.0064
v -0.107100358 0.110802235 0.006499999
v -0.107070253 0.111155346 0.0064
v -0.107070253 0.111155346 0.006499999
v -0.107065866 0.111002804 0.0064
v -0.107065866 0.111002804 0.006499999
v -0.107042167 0.091150318 0.000999997
v -0.107042167 0.091150318 0.005699994
v -0.107042167 0.091150319 -0.003000004
v -0.107029828 0.11105093 0.0064
v -0.107029828 0.11105093 0.006499999
v -0.107028554 0.110982785 0.0064
v -0.107028554 0.110982785 0.006499999
v -0.107012052 0.111545834 0.0064
v -0.107012052 0.111545834 0.006499999
v -0.107004122 0.118019887 0.0065
v -0.106998991 0.118020696 0.006499511
v -0.106995744 0.110964695 0.0064
v -0.106995744 0.110964695 0.006499999
v -0.106973873 0.093942226 0.004951421
v -0.106973873 0.093942226 0.005351422
v -0.106893438 0.111523808 0.0064
v -0.106893438 0.111523808 0.006499999
v -0.106891961 0.110705296 0.0064
v -0.106891961 0.110705296 0.006499999
v -0.106889976 0.09654005 0.004951421
v -0.106889976 0.096540051 0.003571416
v -0.106819576 0.091018261 -0.003000004
v -0.106819576 0.091018261 0.000999997
v -0.106817472 0.111262974 0.0064
v -0.106817472 0.111262974 0.006499999
v -0.106810693 0.111254338 0.0064
v -0.106810693 0.111254338 0.006499999
v -0.106807395 0.090909909 -0.005000004
v -0.106807395 0.090909909 -0.003000004
v -0.106797288 0.110928135 0.0064
v -0.106797288 0.110928135 0.006499999
v -0.106777181 0.111776135 0.0064
v -0.106777181 0.111776135 0.006499999
v -0.106704862 0.108185978 0.0064
v -0.106704862 0.108185978 0.006499999
v -0.106693345 0.110899251 0.0064
v -0.106693345 0.110899251 0.006499999
v -0.106690375 0.090999691 0.005716733
v -0.106656484 0.111416081 0.0064
v -0.106656484 0.111416081 0.006499999
v -0.106653386 0.11141206 0.0064
v -0.106653386 0.11141206 0.006499999
v -0.106637677 0.111656407 0.0064
v -0.106637677 0.111656407 0.006499999
v -0.106634877 0.111915097 0.0064
v -0.106634877 0.111915097 0.006499999
v -0.106626987 0.090763745 -0.005000004
v -0.106626987 0.090763745 -0.003000004
v -0.106622164 0.117807767 0.006199996
v -0.106616146 0.094291561 0.004951421
v -0.106616146 0.094291561 0.005351422
v -0.106560775 0.091015186 0.000999997
v -0.106560775 0.091015187 -0.003000004
v -0.106545415 0.11174651 0.0064
v -0.106545415 0.11174651 0.006499999
v -0.106541794 0.105881176 0.0064
v -0.106541794 0.105881176 0.006499998
v -0.106533227 0.106602124 0.0064
v -0.106533227 0.106602124 0.006499998
v -0.106435933 0.111402447 0.0064
v -0.106435933 0.111402447 0.006499999
v -0.106433242 0.094819912 0.001601414
v -0.106433242 0.094819912 0.003701413
v -0.106430554 0.107103627 0.0064
v -0.106430554 0.107103627 0.006499998
v -0.106417736 0.090663129 -0.005000004
v -0.106417735 0.090663128 -0.003000004
v -0.106346399 0.111233769 0.0064
v -0.106346399 0.111233769 0.006499999
v -0.106343747 0.111492467 0.0064
v -0.106343747 0.111492467 0.006499999
v -0.106335109 0.091141925 0.005757138
v -0.106335109 0.091141926 -0.003000004
v -0.106335109 0.091141926 0.000999997
v -0.106328042 0.111736821 0.0064
v -0.106328042 0.111736821 0.006499999
v -0.106324868 0.111732861 0.0064
v -0.106324868 0.111732861 0.006499999
v -0.106243024 0.112195874 0.0064
v -0.106243024 0.112195874 0.006499999
v -0.106240342 0.107328755 0.0064
v -0.106240342 0.107328755 0.006499998
v -0.106226556 0.112110203 0.0064
v -0.106226556 0.112110203 0.006499999
v -0.10621021 0.112300885 0.0064
v -0.10621021 0.112300885 0.006499999
v -0.106204095 0.111372731 0.0064
v -0.106204095 0.111372731 0.006499999
v -0.106190917 0.090613484 -0.005000004
v -0.106190917 0.090613484 -0.003000004
v -0.106179501 0.105232464 0.0064
v -0.106179501 0.105232464 0.006499998
v -0.106178109 0.112042256 0.0064
v -0.106178109 0.112042256 0.006499999
v -0.106170732 0.111894536 0.0064
v -0.106170732 0.111894536 0.006499999
v -0.106163877 0.111885975 0.0064
v -0.106163877 0.111885975 0.006499999
v -0.106155644 0.107242024 0.0064
v -0.106155644 0.107242024 0.006499998
v -0.106109872 0.112426846 0.0064
v -0.106109872 0.112426846 0.006499999
v -0.106103719 0.112000485 0.0064
v -0.106103719 0.112000485 0.006499999
v -0.106087842 0.111625073 0.0064
v -0.106087842 0.111625073 0.006499999
v -0.106050058 0.111913945 0.0064
v -0.106050058 0.111913945 0.006499999
v -0.106046857 0.111966511 0.0064
v -0.106046857 0.111966511 0.006499999
v -0.10604054 0.112228223 0.0064
v -0.10604054 0.112228223 0.006499999
v -0.106035104 0.111858311 0.0064
v -0.106035104 0.111858311 0.006499999
v -0.106030011 0.11201228 0.0064
v -0.106030011 0.11201228 0.006499999
v -0.106025087 0.112186047 0.0064
v -0.106025087 0.112186047 0.006499999
v -0.106009439 0.112278584 0.0064
v -0.106009439 0.112278584 0.006499999
v -0.105997014 0.111803937 0.0064
v -0.105997014 0.111803937 0.006499999
v -0.105986068 0.095256596 0.003101415
v -0.105986068 0.095256596 0.003701413
v -0.105955407 0.112199704 0.0064
v -0.105955407 0.112199704 0.006499999
v -0.105899774 0.112032757 0.0064
v -0.105899774 0.112032757 0.006499999
v -0.105884763 0.111988049 0.0064
v -0.105884763 0.111988049 0.006499999
v -0.105874269 0.112074177 0.0064
v -0.105874269 0.112074177 0.006499999
v -0.10586781 0.111761876 0.0064
v -0.10586781 0.111761876 0.006499999
v -0.105853662 0.111979046 0.0064
v -0.105853662 0.111979046 0.006499999
v -0.105850057 0.109020733 0.0064
v -0.105850057 0.109020733 0.006499999
v -0.105827458 0.10114217 0.005349996
v -0.105827458 0.101142171 0.000999998
v -0.105822278 0.111998944 0.0064
v -0.105822278 0.111998944 0.006499999
v -0.105771434 0.095466198 0.002701417
v -0.105771434 0.095466198 0.003101415
v -0.105730256 0.112551213 0.0064
v -0.105730256 0.112551213 0.006499999
v -0.105714627 0.111855008 0.0064
v -0.105714627 0.111855008 0.006499999
v -0.105678952 0.112847653 0.0064
v -0.105678952 0.112847653 0.006499999
v -0.105676152 0.112472409 0.0064
v -0.105676152 0.112472409 0.006499999
v -0.105640244 0.110063222 0.0064
v -0.105640244 0.110063222 0.006499999
v -0.105610458 0.095623394 0.001601415
v -0.105610458 0.095623394 0.001901414
v -0.105569356 0.106230175 0.0064
v -0.105569356 0.106230175 0.006499998
v -0.10553957 0.104854878 0.0064
v -0.10553957 0.104854878 0.006499998
v -0.105509382 0.112875386 0.0064
v -0.105509382 0.112875386 0.006499999
v -0.105467369 0.095763127 0.001601415
v -0.105467369 0.095763127 0.001901414
v -0.105459076 0.097937374 0.003571416
v -0.105459076 0.097937374 0.004951421
v -0.105453675 0.105941265 0.0064
v -0.105453675 0.105941265 0.006499998
v -0.105446889 0.10651624 0.0064
v -0.105446889 0.10651624 0.006499998
v -0.105440454 0.112497815 0.0064
v -0.105440454 0.112497815 0.006499999
v -0.105436852 0.108113392 0.0064
v -0.105436852 0.108113392 0.006499998
v -0.105433416 0.112614552 0.0064
v -0.105433416 0.112614552 0.006499999
v -0.105426633 0.112605923 0.0064
v -0.105426633 0.112605923 0.006499999
v -0.105402038 0.092332622 0.005351422
v -0.105402038 0.092332623 0.001001416
v -0.105393121 0.113127721 0.0064
v -0.105393121 0.113127721 0.006499999
v -0.105388463 0.112422581 0.0064
v -0.105388463 0.112422581 0.006499999
v -0.105306392 0.095920323 0.002701417
v -0.105306392 0.095920323 0.003101415
v -0.105297706 0.092154987 0.005349995
v -0.105297706 0.092154988 0.000999997
v -0.105285535 0.112274029 0.0064
v -0.105285535 0.112274029 0.006499999
v -0.10527242 0.112767667 0.0064
v -0.10527242 0.112767667 0.006499999
v -0.105269262 0.112763715 0.0064
v -0.105269262 0.112763715 0.006499999
v -0.105253614 0.113007993 0.0064
v -0.105253614 0.113007993 0.006499999
v -0.105250814 0.113266682 0.0064
v -0.105250814 0.113266682 0.006499999
v -0.105167599 0.105818768 0.0064
v -0.105167599 0.105818768 0.006499998
v -0.10516295 0.116116124 0.006199996
v -0.105161363 0.113098073 0.0064
v -0.105161363 0.113098073 0.006499999
v -0.1050744 0.115829106 0.006499999
v -0.105051885 0.112754025 0.0064
v -0.105051885 0.112754025 0.006499999
v -0.104962339 0.112585355 0.0064
v -0.104962339 0.112585355 0.006499999
v -0.104959691 0.11284406 0.0064
v -0.104959691 0.11284406 0.006499999
v -0.104957567 0.113552113 0.0064
v -0.104957567 0.113552113 0.006499999
v -0.104943975 0.113088399 0.0064
v -0.104943975 0.113088399 0.006499999
v -0.104940816 0.113084454 0.0064
v -0.104940816 0.113084454 0.006499999
v -0.104891985 0.115856999 0.006499999
v -0.104878724 0.105934422 0.0064
v -0.104878724 0.105934422 0.006499998
v -0.104877121 0.096339527 0.002701417
v -0.104877121 0.096339527 0.003101415
v -0.104820039 0.112724309 0.0064
v -0.104820039 0.112724309 0.006499999
v -0.104818631 0.104846325 0.0064
v -0.104818631 0.104846325 0.006499998
v -0.104808595 0.108557469 0.0064
v -0.104808595 0.108557469 0.006499998
v -0.10479049 0.11352908 0.0064
v -0.10479049 0.11352908 0.006499999
v -0.104786672 0.113246121 0.0064
v -0.104786672 0.113246121 0.006499999
v -0.104779821 0.113237553 0.0064
v -0.104779821 0.113237553 0.006499999
v -0.104772206 0.107005681 0.0064
v -0.104772206 0.107005681 0.006499998
v -0.104754571 0.11375034 0.006400001
v -0.104754571 0.11375034 0.006499999
v -0.104722822 0.11334319 0.0064
v -0.104722822 0.11334319 0.006499999
v -0.104717782 0.113521321 0.0064
v -0.104717782 0.113521321 0.006499999
v -0.104716144 0.096496724 0.001601415
v -0.104716144 0.096496724 0.001901414
v -0.104712705 0.113433209 0.0064
v -0.104712705 0.113433209 0.006499999
v -0.104703786 0.112976651 0.0064
v -0.104703786 0.112976651 0.006499999
v -0.104702108 0.113257527 0.0064
v -0.104702108 0.113257527 0.006499999
v -0.104686584 0.093031284 0.003701413
v -0.104686584 0.093031285 0.001601414
v -0.104671132 0.113519666 0.0064
v -0.104671132 0.113519666 0.006499999
v -0.104655351 0.11087093 0.0064
v -0.104655351 0.11087093 0.006499999
v -0.104651922 0.113183286 0.0064
v -0.104651922 0.113183286 0.006499999
v -0.104573055 0.096636456 0.001601415
v -0.104573055 0.096636456 0.001901414
v -0.104563771 0.111114438 0.0064
v -0.104563771 0.111114438 0.006499999
v -0.104560525 0.113130872 0.0064
v -0.104560525 0.113130872 0.006499999
v -0.104541368 0.113705029 0.0064
v -0.104541368 0.113705029 0.006499999
v -0.104537122 0.113400754 0.0064
v -0.104537122 0.113400754 0.006499999
v -0.104536218 0.113440862 0.0064
v -0.104536218 0.113440862 0.006499999
v -0.104518651 0.113366475 0.0064
v -0.104518651 0.113366475 0.006499999
v -0.1045183 0.113482732 0.0064
v -0.1045183 0.113482732 0.006499999
v -0.104486341 0.113522618 0.0064
v -0.104486341 0.113522618 0.006499999
v -0.104475315 0.09889806 0.002951421
v -0.104475315 0.09889806 0.005351423
v -0.104463392 0.113349507 0.0064
v -0.104463392 0.113349507 0.006499999
v -0.104462713 0.113136884 0.0064
v -0.104462713 0.113136884 0.006499999
v -0.104412313 0.114084569 0.006400001
v -0.104412313 0.114084569 0.006499999
v -0.104412079 0.096793652 0.002701417
v -0.104412079 0.096793652 0.003101415
v -0.104396634 0.113391133 0.0064
v -0.104396634 0.113391133 0.006499999
v -0.104366845 0.113183942 0.0064
v -0.104366845 0.113183942 0.006499999
v -0.104308359 0.113932576 0.006400001
v -0.104308359 0.113932576 0.006499999
v -0.104282434 0.113253598 0.0064
v -0.104282434 0.113253598 0.006499999
v -0.104260637 0.114232694 0.006400001
v -0.104260637 0.114232694 0.006499999
v -0.10423941 0.093467968 0.003101414
v -0.10423941 0.093467968 0.003701413
v -0.104197441 0.097003254 0.003101415
v -0.104197441 0.097003254 0.003701413
v -0.104169941 0.105208607 0.0064
v -0.104169941 0.105208607 0.006499998
v -0.104117588 0.099247387 0.002951421
v -0.104117588 0.099247388 0.001001416
v -0.10410984 0.093328961 -0.000925243
v -0.104102855 0.093321805 -0.000925243
v -0.104060546 0.093642635 0.004951421
v -0.104060546 0.093642636 0.003571416
v -0.10405985 0.113939099 0.006400001
v -0.10405985 0.113939099 0.006499999
v -0.104043415 0.093393826 -0.000925193
v -0.104036426 0.09338667 -0.000925193
v -0.104024776 0.093677571 0.002701417
v -0.104024776 0.093677571 0.003101414
v -0.10401987 0.093416821 -0.000615463
v -0.104019634 0.09341705 -0.001234546
v -0.104012882 0.093409665 -0.000615463
v -0.104012649 0.093409894 -0.001234546
v -0.103975357 0.093460286 -0.000675029
v -0.103975166 0.093460477 -0.001174915
v -0.103970147 0.113807622 0.0064
v -0.103970147 0.113807622 0.006499999
v -0.103968372 0.093453129 -0.000675029
v -0.103968181 0.09345332 -0.001174915
v -0.103951317 0.09836147 0.002951421
v -0.103951317 0.09836147 0.004951421
v -0.103867364 0.113658925 0.0064
v -0.103867364 0.113658925 0.006499999
v -0.1038638 0.093834767 0.001601414
v -0.103863799 0.093834767 0.001901414
v -0.103838204 0.106950528 0.0064
v -0.103838204 0.106950528 0.006499998
v -0.103832445 0.120781499 0.005699997
v -0.103801536 0.093630032 -0.000495067
v -0.103801506 0.093630063 -0.000575336
v -0.103801239 0.093630322 -0.001274002
v -0.103801208 0.093630353 -0.001354274
v -0.103794548 0.093622876 -0.000495067
v -0.103794517 0.093622906 -0.000575336
v -0.10379425 0.093623166 -0.001274002
v -0.10379422 0.093623196 -0.001354274
v -0.103750267 0.097439938 0.001601415
v -0.103750267 0.097439938 0.003701413
v -0.103737458 0.108016148 0.0064
v -0.103737458 0.108016148 0.006499998
v -0.10372071 0.093974499 0.001601414
v -0.10372071 0.093974499 0.001901414
v -0.103611663 0.093815449 -0.000707145
v -0.103604679 0.093808293 -0.000707145
v -0.10360337 0.093823552 -0.00113364
v -0.103596382 0.093816396 -0.00113364
v -0.10359359 0.098710797 0.002951421
v -0.10359359 0.098710797 0.004951421
v -0.103563003 0.093862965 -0.000657844
v -0.103559734 0.094131703 0.002701417
v -0.103559734 0.094131703 0.003101414
v -0.103556018 0.093855809 -0.000657844
v -0.10355418 0.093871587 -0.001181835
v -0.103547191 0.09386443 -0.001181835
v -0.103483871 0.093940244 -0.00134439
v -0.103476882 0.093933087 -0.00134439
v -0.103421264 0.094001378 -0.001344345
v -0.103414276 0.093994229 -0.001344345
v -0.103404315 0.091767606 -0.005000004
v -0.103404315 0.091767606 -0.003000004
v -0.10339817 0.092285207 -0.005000004
v -0.10339817 0.092285207 -0.003000004
v -0.103370988 0.108545415 0.0064
v -0.103370988 0.108545415 0.006499998
v -0.103369992 0.1085444 0.0064
v -0.103369992 0.1085444 0.006499998
v -0.103367355 0.094054021 -0.001155513
v -0.10336037 0.094046872 -0.001155513
v -0.103344955 0.094075894 -0.001079017
v -0.10333797 0.094068745 -0.001079017
v -0.103253265 0.09416544 -0.000756488
v -0.103246276 0.094158284 -0.000756488
v -0.103237762 0.094180577 -0.000693775
v -0.103234756 0.094183514 -0.000496025
v -0.103230773 0.094173421 -0.000693775
v -0.103229518 0.094188626 -0.000657596
v -0.103227767 0.094176358 -0.000496025
v -0.103224403 0.094193623 -0.000496017
v -0.103222602 0.094195378 -0.000693763
v -0.10322253 0.09418147 -0.000657596
v -0.10321772 0.097610249 0.004951421
v -0.10321772 0.097610249 0.005351422
v -0.103217414 0.094186467 -0.000496017
v -0.103215614 0.094188229 -0.000693763
v -0.10320668 0.094210927 -0.000757484
v -0.103199695 0.094203778 -0.000757484
v -0.103150836 0.091316274 -0.005000004
v -0.103150836 0.091316274 -0.003000004
v -0.103134048 0.09273039 -0.005000004
v -0.103134048 0.09273039 -0.003000004
v -0.103130462 0.0945509 0.002701417
v -0.103130462 0.0945509 0.003101414
v -0.103113758 0.094301671 -0.001078846
v -0.103106773 0.094294515 -0.001078846
v -0.103091793 0.094323125 -0.001155307
v -0.103084804 0.094315968 -0.001155307
v -0.103037002 0.09437663 -0.001344059
v -0.103030014 0.094369473 -0.001344059
v -0.102969715 0.094442334 -0.001344009
v -0.102969486 0.094708096 0.001601414
v -0.102969486 0.094708096 0.001901414
v -0.102962726 0.094435185 -0.001344009
v -0.102859993 0.097959576 0.004951421
v -0.102859993 0.097959576 0.005351422
v -0.102856163 0.09455322 -0.000495742
v -0.102855838 0.09455354 -0.001343925
v -0.102849174 0.094546071 -0.000495742
v -0.102848854 0.094546384 -0.001343925
v -0.102845439 0.094563695 -0.000495735
v -0.102838455 0.094556538 -0.000495735
v -0.102826396 0.094847828 0.001901414
v -0.102826396 0.094847829 0.001601414
v -0.102801812 0.107962567 0.0064
v -0.102801812 0.107962567 0.006499998
v -0.10280125 0.094606847 -0.000683113
v -0.102799514 0.09460854 -0.000706539
v -0.10279877 0.094609265 -0.000719974
v -0.102796039 0.094611935 -0.00077716
v -0.102795822 0.094612149 -0.001343879
v -0.102794262 0.09459969 -0.000683113
v -0.10279253 0.094601384 -0.000706539
v -0.102791782 0.094602116 -0.000719974
v -0.102789051 0.094604779 -0.00077716
v -0.102788833 0.094604993 -0.001343879
v -0.102785339 0.09462238 -0.000714454
v -0.102778354 0.094615231 -0.000714454
v -0.102759811 0.094647313 -0.000759563
v -0.102752826 0.094640157 -0.000759563
v -0.10270565 0.091052152 -0.005000004
v -0.10270565 0.091052152 -0.003000004
v -0.10268272 0.092983869 -0.005000004
v -0.10268272 0.092983869 -0.003000004
v -0.10266542 0.095005032 0.002701417
v -0.10266542 0.095005032 0.003101414
v -0.102629646 0.095039959 0.003571416
v -0.102629646 0.095039959 0.004951421
v -0.102486709 0.094914006 -0.001088024
v -0.102479724 0.09490685 -0.001088024
v -0.102450782 0.095214627 0.003101414
v -0.102450782 0.095214627 0.003701413
v -0.102449836 0.094950009 -0.000503707
v -0.102449623 0.094950223 -0.001070426
v -0.10244738 0.094952413 -0.001130714
v -0.102445274 0.094954472 -0.001165851
v -0.102442852 0.09494286 -0.000503707
v -0.102442634 0.094943067 -0.001070426
v -0.102440395 0.094945256 -0.001130714
v -0.102438285 0.094947316 -0.001165851
v -0.102400711 0.094997983 -0.001352199
v -0.102393726 0.094990834 -0.001352199
v -0.102390682 0.095007779 -0.000503665
v -0.102390361 0.095008092 -0.001352191
v -0.102383697 0.095000623 -0.000503665
v -0.102383373 0.095000943 -0.001352191
v -0.102264793 0.100428075 0.000999997
v -0.102264793 0.100428075 0.001699994
v -0.102199841 0.10042162 0.000999997
v -0.102188049 0.09104601 -0.005000004
v -0.102188049 0.09104601 -0.003000004
v -0.102165119 0.092977719 -0.003000004
v -0.102165119 0.09297772 -0.005000004
v -0.102003608 0.09565131 0.003701413
v -0.102003608 0.095651311 0.001601414
v -0.101977238 0.100708882 0.003199994
v -0.101821128 0.090178845 -0.003000004
v -0.101821128 0.090178846 -0.005000004
v -0.10173672 0.091299489 -0.005000004
v -0.10173672 0.091299489 -0.003000004
v -0.101727308 0.119057256 0.005699996
v -0.101719932 0.092713597 -0.003000004
v -0.101719932 0.092713598 -0.005000004
v -0.10168468 0.095683239 0.006499997
v -0.101684651 0.100924718 -0.000497901
v -0.101611794 0.107706731 0.0064
v -0.101611794 0.107706731 0.006499998
v -0.101531577 0.090192266 -0.005000004
v -0.101531577 0.090192266 -0.003000004
v -0.101472598 0.091744672 -0.005000004
v -0.101472598 0.091744672 -0.003000004
v -0.101466453 0.092262273 -0.005000004
v -0.101466453 0.092262273 -0.003000004
v -0.101364925 0.098790936 0.004199994
v -0.101364925 0.098790937 -0.000800006
v -0.101315254 0.098839437 -0.00116611
v -0.101288158 0.096349972 0.005351422
v -0.101288158 0.096349973 0.001001416
v -0.101269073 0.098884534 0.004699994
v -0.101258037 0.090288167 -0.005000004
v -0.101258037 0.090288167 -0.003000004
v -0.10119162 0.101476071 0.00429807
v -0.101173138 0.098978223 -0.00148138
v -0.101076545 0.096277104 0.000999997
v -0.101076545 0.096277104 0.005349996
v -0.10102349 0.090458486 -0.005000004
v -0.10102349 0.090458486 -0.003000004
v -0.101007202 0.099140263 0.005066022
v -0.100958313 0.099188009 -0.001702037
v -0.100859238 0.099284757 -0.001756061
v -0.100755527 0.09938603 -0.001788959
v -0.100678047 0.101907705 -0.001382613
v -0.100666263 0.098075482 0.004199994
v -0.100666263 0.098075483 -0.000800006
v -0.100649475 0.099489598 0.005199994
v -0.100649475 0.099489599 -0.001800006
v -0.100616592 0.09812399 -0.00116611
v -0.100570411 0.098169087 0.004699994
v -0.100474476 0.098262769 -0.00148138
v -0.100456552 0.121334127 0.005699996
v -0.100358814 0.099773435 0.001537911
v -0.100308536 0.098424817 0.005066022
v -0.100302135 0.098431066 0.00146845
v -0.100281848 0.097053159 0.002394589
v -0.100268095 0.117365614 0.005699996
v -0.100259647 0.098472555 -0.001702037
v -0.100216106 0.099912801 0.002606496
v -0.100160572 0.098569303 -0.001756061
v -0.100152736 0.097179235 0.000331914
v -0.100118443 0.102524068 0.004699995
v -0.100100143 0.100026037 0.000512761
v -0.100098266 0.098630155 0.002994992
v -0.100056866 0.098670583 -0.001788959
v -0.099950813 0.098774144 0.005199994
v -0.099950813 0.098774145 -0.001800006
v -0.099932606 0.098791921 3.945e-06
v -0.099710258 0.100406774 0.00343218
v -0.099655788 0.097664525 0.004271146
v -0.099609874 0.097709363 0.000999997
v -0.099609874 0.097709363 0.001699994
v -0.099603469 0.097715619 0.001468449
v -0.099579853 0.097738683 0.000999997
v -0.099509403 0.100602918 -0.000194274
v -0.099488972 0.103068884 -0.001382613
v -0.099488414 0.096430257 0.000825673
v -0.099399601 0.0979147 0.002994992
v -0.099375625 0.099335835 0.00417455
v -0.099363876 0.096272328 0.001025014
v -0.099322319 0.09799017 0.003199994
v -0.099303055 0.098008985 -0.001364181
v -0.099233944 0.098076474 3.945e-06
v -0.099171961 0.120018667 0.005699996
v -0.099088695 0.099616033 -0.001006103
v -0.09907304 0.096835882 -0.000501731
v -0.099064663 0.098241781 -0.000497901
v -0.099045265 0.103572057 0.00429807
v -0.098994904 0.107814405 0.000999998
v -0.098994904 0.107814405 0.005349997
v -0.09897681 0.101123014 0.003793729
v -0.098952865 0.095974828 0.002562859
v -0.098904888 0.09588191 0.001034821
v -0.098828391 0.095816838 0.002363537
v -0.098744888 0.101349493 -0.000393741
v -0.098723346 0.095779645 0.000842038
v -0.098676963 0.098620381 0.00417455
v -0.098601825 0.097296041 0.001044179
v -0.098544589 0.096373525 0.003865514
v -0.098536697 0.098757359 0.00429807
v -0.098492267 0.097123479 0.001239827
v -0.098482369 0.104051862 -0.000497901
v -0.098442318 0.098849522 0.005458768
v -0.09839003 0.098900587 -0.001006103
v -0.098369403 0.095426427 0.00235373
v -0.098340084 0.097551641 -0.001526199
v -0.098327846 0.100359029 0.004691045
v -0.098322162 0.097569143 0.000188512
v -0.098318107 0.096175374 -0.000450004
v -0.098259648 0.104339246 0.003199995
v -0.098212292 0.101869596 0.003594266
v -0.098187797 0.095324224 0.002546494
v -0.098112762 0.096795224 0.002355813
v -0.098073066 0.096694211 0.001239827
v -0.09805806 0.099224767 -0.001382613
v -0.09801144 0.102065733 -3.2191e-05
v -0.0980032 0.09662267 0.002160165
v -0.097996525 0.100682577 -0.001291057
v -0.097972092 0.104620054 0.000999998
v -0.097972092 0.104620054 0.001699995
v -0.097967179 0.104554968 0.000999998
v -0.097960468 0.099320066 -0.002239234
v -0.097903163 0.096580587 0.001044179
v -0.097846248 0.098033887 -0.00047668
v -0.097833099 0.097068326 0.003211476
v -0.097825115 0.097076116 0.004871137
v -0.097789657 0.095713025 0.003813786
v -0.097652248 0.09486881 0.000864952
v -0.097629181 0.099643582 0.004691045
v -0.0976235 0.096853689 0.000188511
v -0.097621555 0.10244647 0.002887235
v -0.097604415 0.096872327 -0.001447551
v -0.097584003 0.096193395 0.002160164
v -0.09752793 0.09471066 0.00106424
v -0.097505592 0.102559713 0.000793496
v -0.09746352 0.099805356 0.004699994
v -0.0974141 0.09607977 0.002355813
v -0.097390392 0.098479048 -0.002106773
v -0.097362885 0.102699071 0.001862077
v -0.097357185 0.097533071 0.003876668
v -0.097297863 0.09996713 -0.001291057
v -0.097261203 0.095250677 -0.00037759
v -0.097235676 0.101425573 0.004406095
v -0.097234062 0.098631712 -0.000867572
v -0.097147586 0.097318433 -0.00047668
v -0.097141915 0.106059385 0.001001417
v -0.097141915 0.106059385 0.002951421
v -0.097134433 0.096352872 0.003211476
v -0.097116691 0.094413388 0.002523579
v -0.09710804 0.098475225 -0.002128009
v -0.097089446 0.09639681 0.004792493
v -0.097072224 0.102982915 0.005199995
v -0.097072224 0.102982916 -0.001800006
v -0.097068942 0.094320249 0.001074044
v -0.097060216 0.117856184 0.005699996
v -0.096992446 0.094255178 0.002324311
v -0.096966575 0.100290639 0.005639226
v -0.096954353 0.098625311 -0.000909744
v -0.096948746 0.10170577 -0.000774558
v -0.096925033 0.095578954 0.001044178
v -0.096893131 0.097986234 0.005441792
v -0.096887168 0.094218213 0.000881321
v -0.096868984 0.100385938 -0.001382613
v -0.096815475 0.0954064 0.001239827
v -0.096784188 0.106408719 0.005351423
v -0.096784188 0.10640872 0.002951421
v -0.096781038 0.11256211 -0.005000002
v -0.096781038 0.11256211 -0.004900004
v -0.096781038 0.11256211 -0.004100004
v -0.096781038 0.11256211 -0.004000002
v -0.096771821 0.113338515 -0.005000002
v -0.096771821 0.113338515 -0.004900003
v -0.096771821 0.113338515 -0.004100004
v -0.096771821 0.113338515 -0.004000002
v -0.096768056 0.112565421 -0.004950003
v -0.096768056 0.112565421 -0.004050005
v -0.09675892 0.113334891 -0.004950003
v -0.09675892 0.113334891 -0.004050005
v -0.096744998 0.098130895 0.00426756
v -0.096732753 0.09478832 0.003741368
v -0.096732591 0.112574477 -0.004986605
v -0.096732591 0.112574477 -0.004013399
v -0.09672368 0.113324996 -0.004986605
v -0.09672368 0.113324996 -0.004013399
v -0.096714497 0.103332242 0.005066022
v -0.096714497 0.103332243 -0.00166603
v -0.096684144 0.112586844 -0.005000002
v -0.096684144 0.112586844 -0.004000002
v -0.096681827 0.098052809 -0.002072399
v -0.096680019 0.09777503 -0.002013961
v -0.096675542 0.113311484 -0.005000002
v -0.096675542 0.113311484 -0.004000002
v -0.096658523 0.096817617 0.003876668
v -0.09664537 0.095852056 0.000188511
v -0.096617916 0.105522802 0.002951421
v -0.096617916 0.105522802 0.004951421
v -0.09661079 0.097982404 0.005463117
v -0.096574474 0.095921293 -0.001337444
v -0.096537014 0.100710126 0.004406095
v -0.0965354 0.097916258 -0.000867572
v -0.096535156 0.098196043 -0.000909744
v -0.096533462 0.093864759 0.002314507
v -0.096506271 0.094590169 -0.000325863
v -0.096484726 0.100761183 -0.002058776
v -0.096465289 0.098124494 0.004309735
v -0.096452625 0.103587972 0.004699995
v -0.096452625 0.103587973 -0.001300006
v -0.096435969 0.095078138 0.002355812
v -0.096400819 0.111885115 -0.005000002
v -0.096400819 0.111885115 -0.004900004
v -0.096400819 0.111885115 -0.004100004
v -0.096400819 0.111885115 -0.004000002
v -0.096398698 0.112730307 -0.005000002
v -0.096396278 0.094977132 0.001239827
v -0.096391765 0.102249685 0.003396047
v -0.096391233 0.111894477 -0.004950003
v -0.096391233 0.111894477 -0.004050005
v -0.096390346 0.100853345 0.00429807
v -0.096375638 0.114006286 -0.005000002
v -0.096375638 0.114006286 -0.004900003
v -0.096375638 0.114006286 -0.004100004
v -0.096375638 0.114006286 -0.004000002
v -0.096373558 0.102267461 0.005199994
v -0.096373558 0.102267462 -0.001800006
v -0.096366277 0.113996703 -0.004950003
v -0.096366277 0.113996703 -0.004050005
v -0.096365045 0.11192005 -0.004986605
v -0.096365045 0.11192005 -0.004013399
v -0.096364858 0.112597747 -0.005000002
v -0.09635677 0.103681577 0.004199994
v -0.09635677 0.103681578 -0.000800006
v -0.096351611 0.093762799 0.00250721
v -0.096345018 0.112673407 -0.004986605
v -0.096344095 0.112751052 -0.004986605
v -0.096340703 0.113970519 -0.004986605
v -0.096340703 0.113970519 -0.004013399
v -0.09633941 0.112853598 -0.005000002
v -0.096329271 0.111954985 -0.005000002
v -0.096329271 0.111954985 -0.004000002
v -0.096326411 0.094905584 0.002160164
v -0.096323564 0.112625937 -0.004986605
v -0.096309552 0.112682464 -0.004950003
v -0.096308854 0.112741156 -0.004950003
v -0.096305768 0.113934745 -0.005000002
v -0.096305768 0.113934745 -0.004000002
v -0.096304479 0.112817832 -0.004986605
v -0.096296571 0.112685774 0.0039
v -0.096296571 0.112685775 -0.004900004
v -0.096296571 0.112685775 -0.004200003
v -0.096296571 0.112685775 -0.004000002
v -0.096295957 0.11273754 -0.004900004
v -0.096295957 0.11273754 -0.004200003
v -0.096295898 0.099268316 0.004309735
v -0.096295654 0.099548101 0.00426756
v -0.096293332 0.112646575 -0.004950003
v -0.096290426 0.113203376 -0.004000002
v -0.096290425 0.113203375 0.0039
v -0.096287168 0.112588668 -0.004986605
v -0.096283589 0.112689093 0.003949995
v -0.096278905 0.11279164 -0.004950003
v -0.096277528 0.113199759 0.003949995
v -0.096271222 0.112640647 -0.004900004
v -0.096271222 0.112640647 -0.004200003
v -0.096269544 0.112782058 -0.004900004
v -0.096269544 0.112782058 -0.004200003
v -0.096265817 0.112618399 -0.004950003
v -0.096260189 0.105872129 0.002951421
v -0.096260189 0.105872129 0.004951421
v -0.096258004 0.112629279 -0.004900004
v -0.096258004 0.112629279 -0.004200003
v -0.096253732 0.112517951 -0.005000002
v -0.09625008 0.100990324 -0.000774558
v -0.096248124 0.112698141 0.003986601
v -0.096243013 0.112620391 -0.004900004
v -0.096243013 0.112620391 -0.004200003
v -0.096242288 0.113189863 0.003986601
v -0.09624022 0.112566092 -0.004986605
v -0.096230325 0.112601333 -0.004950003
v -0.096226705 0.112614234 -0.004900004
v -0.096226705 0.112614234 -0.004200003
v -0.096226371 0.094863508 0.001044178
v -0.096226105 0.102411459 0.000404996
v -0.096199678 0.112710509 -0.004000002
v -0.096199678 0.112710509 0.000999998
v -0.096199677 0.112710508 0.003999998
v -0.09619415 0.113176352 -0.004000002
v -0.09619415 0.113176352 0.000999998
v -0.09619415 0.113176352 0.003999998
v -0.096184577 0.097559987 0.005407506
v -0.096182758 0.097282216 0.005348981
v -0.09616946 0.096316801 -0.00047668
v -0.096156306 0.095351239 0.003211476
v -0.096150224 0.113527549 -0.005000002
v -0.096142211 0.099418393 0.005528005
v -0.096139324 0.099700757 0.005506764
v -0.096136686 0.113663688 -0.005000002
v -0.096121015 0.113066871 -0.005000002
v -0.096101777 0.113539916 -0.004986605
v -0.096091623 0.11364202 -0.004986605
v -0.096074724 0.11323178 -0.005000002
v -0.096066312 0.113548972 -0.004950003
v -0.096059505 0.095445767 0.004682385
v -0.096058637 0.113626159 -0.004950003
v -0.096053331 0.113552283 -0.004900003
v -0.096053331 0.113552283 -0.004200003
v -0.09604656 0.113620353 -0.004900003
v -0.09604656 0.113620353 -0.004200003
v -0.096046336 0.097415441 0.00426756
v -0.096046089 0.097695226 0.004309735
v -0.096043092 0.112234449 0.0039
v -0.096043092 0.11223445 -0.004000002
v -0.096038804 0.113759269 -0.005000002
v -0.096033505 0.112243811 0.003949995
v -0.09603198 0.113014045 -0.004900003
v -0.09603198 0.113014045 -0.004200003
v -0.096026304 0.113648566 -0.004000002
v -0.096026303 0.113648565 0.0039
v -0.096022236 0.10261054 0.001931543
v -0.096018213 0.113713706 -0.004986605
v -0.096016946 0.113638975 0.003949995
v -0.096015835 0.102616796 0.005066022
v -0.096015835 0.102616797 -0.00166603
v -0.096007317 0.112269384 0.003986601
v -0.096003141 0.11368035 -0.004950003
v -0.095997621 0.113668143 -0.004900003
v -0.095997621 0.113668143 -0.004200003
v -0.095991372 0.113612791 0.003986601
v -0.09597782 0.09412782 0.003689648
v -0.095971547 0.112304312 0.000999998
v -0.095971547 0.112304312 0.003999998
v -0.095971547 0.112304313 -0.004000002
v -0.095971204 0.113230552 -0.004900003
v -0.095971204 0.113230552 -0.004200003
v -0.095959836 0.112435454 -0.005000002
v -0.095956437 0.113577017 0.000999998
v -0.095956437 0.113577017 0.003999999
v -0.095956437 0.113577018 -0.004000002
v -0.095946708 0.09513661 0.000188511
v -0.09592941 0.113673293 -0.004900003
v -0.09592941 0.113673293 -0.004200003
v -0.09592579 0.113686194 -0.004950003
v -0.095915899 0.113721435 -0.004986605
v -0.09590721 0.094476316 0.002160164
v -0.09590701 0.112524489 -0.004900004
v -0.09590701 0.112524489 -0.004200003
v -0.095902387 0.113769576 -0.005000002
v -0.095884319 0.104771573 0.005351423
v -0.095884319 0.104771574 0.004951421
v -0.095876701 0.098839048 0.004309735
v -0.095862381 0.101368925 -0.000497901
v -0.095840169 0.112312911 -0.005000002
v -0.095838805 0.095241979 -0.001258796
v -0.095816051 0.093307386 0.00090424
v -0.095806835 0.0987675 -0.000909744
v -0.095806591 0.099047285 -0.000867572
v -0.095782471 0.10738693 0.003571417
v -0.095782471 0.10738693 0.004951422
v -0.095764669 0.112017135 -0.005000002
v -0.09575396 0.102872526 -0.001300006
v -0.095753959 0.102872526 0.004699994
v -0.095749902 0.112363608 -0.004900004
v -0.095749902 0.112363608 -0.004200003
v -0.095737308 0.094362691 0.002355812
v -0.095733041 0.111488936 -0.005000002
v -0.095733041 0.111488936 -0.004900004
v -0.095733041 0.111488936 -0.004100004
v -0.095733041 0.111488936 -0.004000002
v -0.095730029 0.098982274 0.005472386
v -0.095729421 0.11150183 -0.004950003
v -0.095729421 0.11150183 -0.004050005
v -0.095719529 0.11153707 -0.004986605
v -0.095719529 0.11153707 -0.004013399
v -0.095716222 0.112029502 -0.004986605
v -0.095706014 0.111585212 -0.005000002
v -0.095706014 0.111585212 -0.004000002
v -0.095698644 0.114386504 -0.005000002
v -0.095698644 0.114386504 -0.004900003
v -0.095698644 0.114386504 -0.004100004
v -0.095698644 0.114386504 -0.004000002
v -0.095695329 0.114373526 -0.004050005
v -0.095695329 0.114373527 -0.004950003
v -0.095694768 0.111982032 -0.004986605
v -0.0956931 0.101534231 0.003396047
v -0.095691985 0.093149 0.001103462
v -0.095687532 0.111904151 -0.005000002
v -0.095686277 0.114338057 -0.004013399
v -0.095686277 0.114338058 -0.004986605
v -0.095685497 0.096789411 -0.00188401
v -0.095683467 0.100145917 0.003876668
v -0.095680757 0.112038558 -0.004950003
v -0.095680392 0.095815984 0.003876668
v -0.09567391 0.114289611 -0.005000002
v -0.09567391 0.114289611 -0.004000002
v -0.095667775 0.112041869 -0.004900004
v -0.095667775 0.112041869 -0.004200003
v -0.095664537 0.112002669 -0.004950003
v -0.095662008 0.11202542 -0.004900004
v -0.095662007 0.11202542 -0.004200003
v -0.095661331 0.09890959 -0.002063129
v -0.095658455 0.099191938 -0.002041805
v -0.095658372 0.111944762 -0.004986605
v -0.095658108 0.102966123 0.004199994
v -0.095658108 0.102966124 -0.000800006
v -0.09565347 0.112010222 -0.004900004
v -0.09565347 0.112010222 -0.004200003
v -0.095642427 0.111996741 -0.004900004
v -0.095642427 0.111996741 -0.004200003
v -0.095637021 0.111974494 -0.004950003
v -0.095623989 0.10160172 0.004764173
v -0.095611421 0.111922187 -0.004986605
v -0.09560972 0.113583556 -0.004900003
v -0.09560972 0.113583556 -0.004200003
v -0.095608487 0.113687072 -0.005000002
v -0.095604725 0.101620534 0.003199994
v -0.095601529 0.111957427 -0.004950003
v -0.095597909 0.111970327 0.0039
v -0.095597909 0.111970328 -0.004900004
v -0.095597909 0.111970328 -0.004200003
v -0.095597909 0.111970328 -0.004000002
v -0.095596992 0.098832647 0.00426756
v -0.095594289 0.111983221 0.003949995
v -0.095584393 0.112018469 0.003986601
v -0.095574975 0.113902044 0.0039
v -0.095574975 0.113902045 -0.004000002
v -0.095571664 0.113889059 0.003949995
v -0.095570882 0.112066603 -0.004000002
v -0.095570882 0.112066603 0.000999998
v -0.095570882 0.112066603 0.003999998
v -0.095562608 0.113853598 0.003986601
v -0.095562341 0.111953528 -0.004950003
v -0.095559583 0.111917029 -0.004986605
v -0.09555727 0.096914625 -0.000867572
v -0.095555818 0.111867171 -0.005000002
v -0.095550245 0.113805152 -0.004000002
v -0.095550244 0.113805151 0.000999998
v -0.095550244 0.113805151 0.003999999
v -0.095546148 0.11196971 -0.004900004
v -0.095546147 0.11196971 -0.004200003
v -0.095527443 0.101696005 0.000404996
v -0.095526592 0.105120908 0.004951421
v -0.095526592 0.105120908 0.005351423
v -0.095501016 0.111995063 -0.004900004
v -0.095501016 0.111995063 -0.004200003
v -0.095491655 0.111985473 -0.004950003
v -0.095470794 0.095601354 -0.00047668
v -0.095466081 0.111959289 -0.004986605
v -0.095457641 0.094635793 0.003211476
v -0.095452369 0.098973874 0.005413953
v -0.095449367 0.093665472 -0.000253448
v -0.095442529 0.113729438 -0.005000002
v -0.09543115 0.111923514 -0.005000002
v -0.095403186 0.096785551 -0.001905559
v -0.095391836 0.113639174 -0.004900003
v -0.095391836 0.113639174 -0.004200003
v -0.095387638 0.098338232 -0.000909744
v -0.095347191 0.10187203 0.000999997
v -0.095343693 0.105649259 0.003701414
v -0.095343693 0.10564926 0.001601415
v -0.095323836 0.094766461 0.004603734
v -0.095323574 0.101895094 0.001931542
v -0.095317169 0.101901342 0.000999997
v -0.095317169 0.101901342 0.001699994
v -0.095280486 0.092851979 0.002484291
v -0.095277561 0.096908232 -0.000909744
v -0.095271255 0.10194618 -0.000871154
v -0.095263448 0.11222705 -0.004900004
v -0.095263448 0.11222705 -0.004200003
v -0.095249149 0.098473471 -0.002007518
v -0.09524824 0.093861875 0.001044178
v -0.095233001 0.092758581 0.00111327
v -0.095224134 0.11394271 -0.005000002
v -0.095212754 0.112136786 -0.005000002
v -0.095207554 0.10061067 0.003211476
v -0.0951944 0.099645109 -0.00047668
v -0.095189632 0.100628171 0.00492619
v -0.095189203 0.113906936 -0.004986605
v -0.095188235 0.096296598 0.005219021
v -0.095163629 0.113880752 -0.004950003
v -0.095156501 0.092693517 0.002285088
v -0.095154268 0.113871161 -0.004200003
v -0.095154268 0.113871162 -0.004900003
v -0.095138682 0.093689321 0.001239826
v -0.095133867 0.113993407 -0.005000002
v -0.095121503 0.113944961 -0.004986605
v -0.095112447 0.113909492 -0.004950003
v -0.095109136 0.113896514 -0.004900003
v -0.095107925 0.098331831 -0.000867572
v -0.095105039 0.112061072 -0.004000002
v -0.095105039 0.112061072 0.000999998
v -0.095105038 0.112061071 0.003999998
v -0.095092671 0.112012625 0.003986601
v -0.095091935 0.113899337 -0.004200003
v -0.095084401 0.11379962 0.000999998
v -0.095084401 0.11379962 0.003999998
v -0.095084401 0.113799621 -0.004000002
v -0.095083619 0.111977163 0.003949995
v -0.095080308 0.111964178 0.0039
v -0.095080308 0.111964179 -0.004000002
v -0.095070889 0.113847761 0.003986601
v -0.095068206 0.096413808 0.00426756
v -0.095060994 0.113883001 0.003949995
v -0.095057374 0.113895895 0.0039
v -0.095057374 0.113895896 -0.004900003
v -0.095057374 0.113895896 -0.004000002
v -0.095053754 0.113908797 -0.004950003
v -0.095050959 0.092656804 0.000920609
v -0.095046792 0.112179152 -0.005000002
v -0.095045564 0.112282668 -0.004900004
v -0.095045564 0.112282668 -0.004200003
v -0.095043863 0.113944038 -0.004986605
v -0.095030347 0.113992179 -0.005000002
v -0.095026075 0.113880851 -0.004200003
v -0.095012857 0.113869483 -0.004900003
v -0.09500327 0.113878844 -0.004950003
v -0.095001809 0.113856002 -0.004900003
v -0.094993276 0.113840804 -0.004900003
v -0.094990747 0.113863555 -0.004950003
v -0.094987508 0.113824355 -0.004900003
v -0.094987508 0.113824355 -0.004200003
v -0.094985878 0.105998678 0.003101415
v -0.094985878 0.105998678 0.003701414
v -0.094984802 0.099430471 0.003876668
v -0.09498173 0.095100538 0.003876667
v -0.094981374 0.111576613 -0.005000002
v -0.094981374 0.111576613 -0.004000002
v -0.094981065 0.11384632 -0.004950003
v -0.094977083 0.113904418 -0.004986605
v -0.094976974 0.096363134 -0.001849949
v -0.094975124 0.096085394 -0.001791183
v -0.094974527 0.113827666 -0.004950003
v -0.094971504 0.098465055 -0.001948986
v -0.094969007 0.111528167 -0.004986605
v -0.094969007 0.111528167 -0.004013399
v -0.094968577 0.094134977 0.000188511
v -0.094960515 0.113884193 -0.004986605
v -0.094959954 0.111492698 -0.004950003
v -0.094959954 0.111492698 -0.004050005
v -0.094956639 0.11147972 -0.005000002
v -0.094956639 0.11147972 -0.004900004
v -0.094956639 0.11147972 -0.004100004
v -0.094956639 0.11147972 -0.004000002
v -0.09494927 0.114281013 -0.005000002
v -0.09494927 0.114281013 -0.004000002
v -0.094947713 0.113861396 -0.004986605
v -0.094941312 0.113939353 -0.005000002
v -0.094939061 0.113836722 -0.004986605
v -0.094935754 0.114329154 -0.004986605
v -0.094935754 0.114329154 -0.004013399
v -0.09492789 0.100883772 0.002355813
v -0.094925863 0.114364394 -0.004950003
v -0.094925863 0.114364394 -0.004050005
v -0.094922243 0.114377288 -0.005000002
v -0.094922243 0.114377288 -0.004900003
v -0.094922243 0.114377288 -0.004100004
v -0.094922243 0.114377288 -0.004000002
v -0.094920913 0.093203122 0.00361723
v -0.094919221 0.113912383 -0.005000002
v -0.094905936 0.09629273 0.005240666
v -0.094905381 0.113502616 -0.004900003
v -0.094905381 0.113502616 -0.004200003
v -0.09490215 0.113881988 -0.005000002
v -0.094890615 0.11384909 -0.005000002
v -0.094858608 0.096199178 -0.000867572
v -0.094858363 0.096478956 -0.000909744
v -0.094815114 0.113553313 -0.005000002
v -0.094808864 0.094290945 -0.001148689
v -0.094788497 0.096407415 0.004309735
v -0.094774307 0.102431471 0.003068074
v -0.094759177 0.093361059 0.002355812
v -0.094757984 0.100770139 0.002160165
v -0.094752896 0.112096648 -0.005000002
v -0.094748273 0.113341735 -0.004900004
v -0.094748273 0.113341735 -0.004200003
v -0.094739385 0.11214479 -0.004986605
v -0.094729493 0.11218003 -0.004950003
v -0.094726475 0.100102057 -0.001471145
v -0.094725869 0.112192931 -0.004900004
v -0.094725869 0.112192931 -0.004200003
v -0.094719485 0.093260053 0.001239826
v -0.09471849 0.100109854 0.000188512
v -0.094698846 0.112289206 -0.004000002
v -0.094698846 0.112289206 0.000999998
v -0.094698846 0.112289206 0.003999998
v -0.094697516 0.092303098 0.00227528
v -0.094695447 0.11343077 -0.005000002
v -0.09469443 0.093004972 -0.000201721
v -0.094684079 0.112635673 -0.004900004
v -0.094684079 0.112635673 -0.004200003
v -0.094683736 0.113561911 0.000999998
v -0.094683736 0.113561911 0.003999998
v -0.094683736 0.113561912 -0.004000002
v -0.094681812 0.106295606 0.003101415
v -0.094681812 0.106295607 0.002701417
v -0.094663911 0.112253431 0.003986601
v -0.094657663 0.112198081 -0.004900004
v -0.094657663 0.112198081 -0.004200003
v -0.094652143 0.112185874 -0.004950003
v -0.094649619 0.093188505 0.002160164
v -0.094647962 0.113596838 0.003986601
v -0.094645195 0.102557547 0.001005403
v -0.094638337 0.112227247 0.003949995
v -0.094637071 0.112152518 -0.004986605
v -0.09462898 0.112217658 -0.004000002
v -0.094628979 0.112217657 0.0039
v -0.094623304 0.11285218 -0.004900004
v -0.094623304 0.11285218 -0.004200003
v -0.094621777 0.113622412 0.003949995
v -0.094619106 0.097551236 0.004309735
v -0.094618861 0.097831014 0.00426756
v -0.094616479 0.112106956 -0.005000002
v -0.094612191 0.113631773 0.0039
v -0.094612191 0.113631774 -0.004000002
v -0.09460872 0.112245871 -0.004200003
v -0.09460872 0.112245872 -0.004900004
v -0.094601953 0.112313941 -0.004900004
v -0.094601953 0.112313941 -0.004200003
v -0.094596646 0.112240066 -0.004950003
v -0.094588971 0.112317252 -0.004950003
v -0.09458056 0.112634444 -0.005000002
v -0.094563661 0.112224204 -0.004986605
v -0.094553506 0.112326308 -0.004986605
v -0.094549579 0.093146421 0.001044178
v -0.094534269 0.112799354 -0.005000002
v -0.094527976 0.099876577 0.004847539
v -0.094520836 0.10645281 0.001601415
v -0.094520836 0.10645281 0.001901414
v -0.094518598 0.112202537 -0.005000002
v -0.094515391 0.092201406 0.002467918
v -0.094508892 0.099895216 0.003211476
v -0.094505059 0.112338676 -0.005000002
v -0.094495739 0.098929655 -0.00047668
v -0.09449348 0.097673909 0.005305547
v -0.094492667 0.094599722 -0.000476681
v -0.094490634 0.097956235 0.005284001
v -0.094479724 0.095870313 0.005185055
v -0.094479514 0.09363416 0.003211476
v -0.094477862 0.09559258 0.005126187
v -0.094461133 0.112689871 0.000999998
v -0.094461133 0.112689871 0.003999998
v -0.094461133 0.112689872 -0.004000002
v -0.094456676 0.101343923 0.003901723
v -0.094455606 0.113155714 0.000999998
v -0.094455606 0.113155715 -0.004000002
v -0.094455605 0.113155714 0.003999998
v -0.094438827 0.100382955 0.001044179
v -0.094428579 0.11325199 -0.004900004
v -0.094428579 0.11325199 -0.004200003
v -0.094424958 0.113264892 -0.004950003
v -0.094415063 0.113300132 -0.004986605
v -0.094412995 0.112676359 0.003986601
v -0.094412271 0.113245833 -0.004900004
v -0.094407159 0.113168081 0.003986601
v -0.094406465 0.113257911 -0.004950003
v -0.094401551 0.113348273 -0.005000002
v -0.094397279 0.113236945 -0.004900004
v -0.094390603 0.1132909 -0.004986605
v -0.094389463 0.113247825 -0.004950003
v -0.09438574 0.113084167 -0.004900004
v -0.09438574 0.113084167 -0.004200003
v -0.094384061 0.113225577 -0.004900004
v -0.094377755 0.112666464 0.003949995
v -0.094377747 0.106592543 0.001601415
v -0.094377747 0.106592543 0.001901414
v -0.094376378 0.113074584 -0.004950003
v -0.094374475 0.113234939 -0.004950003
v -0.094373014 0.113212096 -0.004200003
v -0.094371693 0.11317713 0.003949995
v -0.094369544 0.095698362 0.00426756
v -0.0943693 0.095978147 0.004309735
v -0.094368936 0.11333596 -0.005000002
v -0.094368116 0.113277557 -0.004986605
v -0.094364854 0.112662848 -0.004000002
v -0.094364854 0.112662848 0.0039
v -0.094359327 0.113128684 -0.004900004
v -0.094358712 0.113180449 -0.004000002
v -0.094358712 0.113180449 0.0039
v -0.094358712 0.11318045 -0.004900004
v -0.094356096 0.11314582 -0.004200003
v -0.094350805 0.113048392 -0.004986605
v -0.094349511 0.111931479 -0.005000002
v -0.094349511 0.111931479 -0.004000002
v -0.094348287 0.113260512 -0.004986605
v -0.094346425 0.113125068 -0.004950003
v -0.094345731 0.113183761 -0.004950003
v -0.094338952 0.113318168 -0.005000002
v -0.094338787 0.100340872 0.002160165
v -0.094326009 0.113911239 -0.005000002
v -0.094326009 0.113911239 -0.004000002
v -0.094315873 0.113012626 -0.005000002
v -0.09431458 0.111895705 -0.004986605
v -0.09431458 0.111895705 -0.004013399
v -0.094312513 0.113295447 -0.005000002
v -0.094312485 0.10316197 0.001001416
v -0.094312485 0.10316197 0.005351423
v -0.094311185 0.113115172 -0.004986605
v -0.094310266 0.113192817 -0.004986605
v -0.094293895 0.093815427 0.004493626
v -0.094290239 0.113946174 -0.004986605
v -0.094290239 0.113946174 -0.004013399
v -0.094289006 0.111869521 -0.004950003
v -0.094289006 0.111869521 -0.004050005
v -0.094279645 0.111859939 -0.005000002
v -0.094279645 0.111859939 -0.004900004
v -0.094279645 0.111859939 -0.004100004
v -0.094279645 0.111859939 -0.004000002
v -0.094269916 0.093419523 0.000188511
v -0.094268921 0.100269331 0.001239827
v -0.094264051 0.113971747 -0.004050005
v -0.094264051 0.113971748 -0.004950003
v -0.094263047 0.113101661 -0.005000002
v -0.094261819 0.113205184 -0.005000002
v -0.094254464 0.113981109 -0.005000002
v -0.094254464 0.113981109 -0.004900003
v -0.094254464 0.113981109 -0.004100004
v -0.094254464 0.113981109 -0.004000002
v -0.094243996 0.102949339 0.000999997
v -0.094243995 0.102949338 0.005349996
v -0.094230418 0.092759237 0.002160164
v -0.094229229 0.100168318 0.002355813
v -0.09421677 0.106749739 0.002701418
v -0.09421677 0.106749739 0.003101415
v -0.094199908 0.097121961 0.004309735
v -0.094165976 0.092542615 0.003565502
v -0.094130042 0.097050421 -0.000909744
v -0.094129798 0.097330198 -0.000867572
v -0.094081298 0.09723779 0.005249936
v -0.094073195 0.093611631 -0.001070038
v -0.094064815 0.09935047 -0.001392497
v -0.094060515 0.092645612 0.002355812
v -0.094041305 0.101749555 0.002574315
v -0.094019828 0.0993944 0.000188512
v -0.094012603 0.097165106 -0.001840679
v -0.094009769 0.097447416 -0.001819034
v -0.094007 0.100804647 -0.000465522
v -0.094006675 0.098428838 0.003876668
v -0.0940036 0.094098905 0.003876667
v -0.093980598 0.095099775 -0.001661209
v -0.093979741 0.11255474 -0.005000002
v -0.093979741 0.11255474 -0.004000002
v -0.093971139 0.11327938 -0.005000002
v -0.093971139 0.11327938 -0.004000002
v -0.093931604 0.112541228 -0.004986605
v -0.093931604 0.112541228 -0.004013399
v -0.093922693 0.113291747 -0.004986605
v -0.093922692 0.113291747 -0.004013399
v -0.0939202 0.097115568 0.00426756
v -0.093896363 0.112531333 -0.004950003
v -0.093896363 0.112531333 -0.004050005
v -0.093887227 0.113300803 -0.004950003
v -0.093887227 0.113300803 -0.004050005
v -0.093886375 0.101621298 0.002374978
v -0.093883462 0.112527709 -0.005000002
v -0.093883462 0.112527709 -0.004900004
v -0.093883462 0.112527709 -0.004100004
v -0.093883462 0.112527709 -0.004000002
v -0.093880477 0.095197546 -0.000867573
v -0.093874246 0.113304114 -0.005000002
v -0.093874246 0.113304114 -0.004900004
v -0.093874246 0.113304114 -0.004100004
v -0.093874246 0.113304114 -0.004000002
v -0.093849723 0.099840055 0.001239827
v -0.093843659 0.112844778 0.005349997
v -0.093843659 0.112844779 0.000999998
v -0.093814281 0.10057353 0.003849996
v -0.093803683 0.097229345 0.005191174
v -0.093794002 0.093884275 -0.000476681
v -0.093787499 0.107168936 0.002701418
v -0.093787499 0.107168936 0.003101415
v -0.093780848 0.092918714 0.003211476
v -0.093779544 0.091522268 0.002255669
v -0.093740161 0.099667501 0.001044179
v -0.093710845 0.096621145 -0.000909744
v -0.093698329 0.095095877 -0.001683109
v -0.093676253 0.091623128 0.00060553
v -0.093626522 0.10732614 0.001601415
v -0.093626522 0.10732614 0.001901414
v -0.093601657 0.098824354 0.004737439
v -0.093600768 0.095191145 -0.000909744
v -0.093600421 0.096728979 -0.001785064
v -0.09359872 0.101203344 0.000837129
v -0.093597034 0.103860639 0.003701413
v -0.093597034 0.10386064 0.001601415
v -0.093558223 0.093136113 0.004414974
v -0.093530761 0.098893583 0.003211476
v -0.093517612 0.097928022 -0.00047668
v -0.093506965 0.101153173 0.00236517
v -0.093493031 0.109622656 0.003571417
v -0.093493031 0.109622656 0.004951422
v -0.093483433 0.107465872 0.001601415
v -0.093483433 0.107465872 0.001901414
v -0.093483336 0.094606961 0.004996205
v -0.093443733 0.101075155 0.001036454
v -0.093431133 0.096614752 -0.000867572
v -0.093409042 0.100969259 0.00255795
v -0.093391414 0.094696729 0.004267559
v -0.093364605 0.100034247 -0.000413799
v -0.093322814 0.096720526 -0.0017262
v -0.093322457 0.107623068 0.002701418
v -0.093322457 0.107623068 0.003101415
v -0.093308009 0.097713392 0.003876668
v -0.093304938 0.093383458 0.003876667
v -0.093278697 0.092011358 0.003756916
v -0.093272117 0.094673452 -0.001627499
v -0.093270221 0.094395765 -0.001568363
v -0.093251098 0.099166685 0.002355813
v -0.093242363 0.103927465 0.006499998
v -0.09323922 0.10421005 0.003701413
v -0.09323922 0.104210051 0.003101415
v -0.093201083 0.094603055 0.005018216
v -0.093181815 0.094482092 -0.000867573
v -0.093181571 0.094761877 -0.000909744
v -0.0931385 0.098298239 -0.00128239
v -0.093111705 0.094690336 0.004309735
v -0.093081191 0.09905306 0.002160165
v -0.093064323 0.100607031 0.001046262
v -0.093041698 0.098392767 0.000188511
v -0.093022849 0.092261205 0.00153791
v -0.092996508 0.092286932 -0.000751347
v -0.092966465 0.100423048 0.000853497
v -0.092953041 0.104489515 0.003571416
v -0.092953041 0.104489515 0.004951421
v -0.092942313 0.09583415 0.004309735
v -0.092942069 0.096113935 0.00426756
v -0.092940002 0.098072767 0.004658787
v -0.092935154 0.104506987 0.002701417
v -0.092935154 0.104506987 0.003101415
v -0.092914928 0.09949497 0.003777577
v -0.092893189 0.108042265 0.002701418
v -0.092893189 0.108042265 0.003101415
v -0.092880141 0.092400564 0.002606495
v -0.092844752 0.095929426 0.005083096
v -0.092841948 0.096211706 0.0050612
v -0.092832099 0.098178136 0.003211476
v -0.092818946 0.097212576 -0.00047668
v -0.092774867 0.094180631 0.004962605
v -0.092774178 0.104664183 0.001601415
v -0.092774178 0.104664183 0.001901414
v -0.092772959 0.093902952 0.004903355
v -0.092764178 0.092513807 0.00051276
v -0.092762035 0.098665869 0.001044179
v -0.092732212 0.108199469 0.001601415
v -0.092732212 0.108199469 0.001901415
v -0.092692752 0.093981275 0.004267559
v -0.092692508 0.09426106 0.004309735
v -0.092661994 0.098623792 0.002160164
v -0.092631088 0.104803915 0.001601415
v -0.092631088 0.104803915 0.001901414
v -0.092592128 0.098552244 0.001239827
v -0.092589119 0.108339201 0.001601415
v -0.092589119 0.108339201 0.001901415
v -0.092552436 0.098451238 0.002355813
v -0.092523887 0.099876837 0.002535039
v -0.092523116 0.095404882 0.004309735
v -0.092491314 0.110600866 0.005351423
v -0.092491314 0.110600867 0.002951422
v -0.09247684 0.097546652 -0.001203743
v -0.092470112 0.104961111 0.002701417
v -0.092470112 0.104961111 0.003101415
v -0.092465251 0.098955694 -0.000341381
v -0.092462242 0.104703261 -0.00049628
v -0.092461922 0.104703574 -0.001336192
v -0.092455254 0.104696112 -0.00049628
v -0.092454933 0.104696417 -0.001336192
v -0.09245325 0.095333334 -0.000909744
v -0.092453006 0.095613119 -0.000867573
v -0.09243257 0.095493307 0.005027485
v -0.092428143 0.108496397 0.002701418
v -0.092428143 0.108496397 0.003101415
v -0.092398743 0.104765273 -0.000575469
v -0.092398605 0.10476541 -0.000938926
v -0.092398575 0.104765433 -0.001017821
v -0.092398453 0.104765555 -0.001336146
v -0.092391754 0.104758116 -0.000575469
v -0.092391617 0.104758254 -0.000938926
v -0.092391586 0.104758284 -0.001017821
v -0.092391464 0.104758399 -0.001336146
v -0.092374289 0.092894544 0.003432179
v -0.092368736 0.0997488 0.002335751
v -0.092363872 0.095420614 -0.001618229
v -0.092361083 0.095702887 -0.001596218
v -0.092343036 0.09767732 0.000188511
v -0.092329883 0.096711759 0.003876668
v -0.092307917 0.092959363 0.004707012
v -0.092290043 0.10487142 -0.000575389
v -0.092289906 0.10487155 -0.000938846
v -0.092286255 0.104875121 -0.00049615
v -0.092286057 0.104875311 -0.001017737
v -0.092283058 0.104864264 -0.000575389
v -0.092282921 0.104864401 -0.000938846
v -0.092279266 0.104867964 -0.00049615
v -0.092279068 0.104868163 -0.001017737
v -0.092272533 0.098724569 0.003725857
v -0.092243407 0.095398481 0.004267559
v -0.092173438 0.093090689 -0.000194275
v -0.092172931 0.098122976 0.001239827
v -0.092154998 0.095484815 0.00496835
v -0.092137776 0.105020117 -0.000756488
v -0.092133588 0.110950202 0.001001417
v -0.092133587 0.110950201 0.002951422
v -0.092131317 0.105026419 -0.000561145
v -0.092131168 0.105026564 -0.000951476
v -0.092130787 0.105012961 -0.000756488
v -0.092124329 0.10501927 -0.000561145
v -0.092124184 0.105019415 -0.000951476
v -0.092124077 0.108793333 0.003101415
v -0.092124077 0.108793333 0.003701414
v -0.09208131 0.099330626 0.000876412
v -0.092072582 0.105083777 -0.000756438
v -0.092065594 0.105076628 -0.000756438
v -0.092063369 0.097950422 0.001044178
v -0.09204084 0.105380316 0.002701417
v -0.09204084 0.105380316 0.003101415
v -0.092034053 0.094904066 -0.000909744
v -0.092013682 0.097020536 0.00454868
v -0.09199997 0.105154692 -0.000495936
v -0.091992981 0.105147536 -0.000495936
v -0.091989326 0.099280676 0.002325947
v -0.091967316 0.110064276 0.002951422
v -0.091967316 0.110064276 0.004951422
v -0.09195169 0.094984495 -0.001562614
v -0.091931694 0.105221358 -0.000495887
v -0.091926093 0.099202658 0.00107568
v -0.091924706 0.105214209 -0.000495887
v -0.091922439 0.093335798 -0.001451389
v -0.091891639 0.099096533 0.00251867
v -0.091879864 0.105537512 0.001601415
v -0.091879864 0.105537512 0.001901414
v -0.091853969 0.097176504 0.003211476
v -0.09184082 0.096210943 -0.000476681
v -0.091822856 0.098185293 -0.000289653
v -0.091805161 0.105344924 -0.001055274
v -0.091800736 0.105349249 -0.001344313
v -0.091798172 0.105337775 -0.001055274
v -0.091793751 0.105342093 -0.001344313
v -0.091790383 0.105359358 -0.001344306
v -0.091788735 0.105360968 -0.001146903
v -0.091783398 0.105352202 -0.001344306
v -0.091782337 0.105367209 -0.001112101
v -0.091781746 0.105353812 -0.001146903
v -0.091775353 0.10536006 -0.001112101
v -0.091768929 0.105380309 -0.001055247
v -0.091766266 0.109142744 0.003701414
v -0.091766266 0.109142745 0.001601415
v -0.09176194 0.105373152 -0.001055247
v -0.09175434 0.094897673 -0.000867573
v -0.091736774 0.105677244 0.001601415
v -0.091736774 0.105677244 0.001901414
v -0.091674136 0.094975996 -0.001503365
v -0.091640845 0.093610784 0.003793728
v -0.091631217 0.095996305 0.003876667
v -0.091626209 0.105519675 -0.000746463
v -0.091619225 0.105512526 -0.000746463
v -0.091613781 0.105531813 -0.000695464
v -0.091612999 0.105532576 -0.00048738
v -0.091609589 0.110413611 0.002951422
v -0.091609589 0.110413611 0.004951422
v -0.091607754 0.105537695 -0.000665145
v -0.091606796 0.105524657 -0.000695464
v -0.091606011 0.105525427 -0.00048738
v -0.091602154 0.105543166 -0.000487372
v -0.091602074 0.10554325 -0.000695456
v -0.091600769 0.105530547 -0.000665145
v -0.091595165 0.105536017 -0.000487372
v -0.091595089 0.105536093 -0.000695456
v -0.091589977 0.10555506 -0.000746432
v -0.091582993 0.105547904 -0.000746432
v -0.091575798 0.10583444 0.002701417
v -0.091575798 0.10583444 0.003101415
v -0.091574306 0.097449606 0.002355813
v -0.091550525 0.096494429 -0.001093632
v -0.091546684 0.098734533 0.001085484
v -0.091449066 0.098550314 0.000892781
v -0.091445915 0.105695738 -0.001055007
v -0.091438931 0.10568859 -0.001055007
v -0.091428059 0.105713179 -0.001344039
v -0.091426411 0.105714789 -0.001146632
v -0.091422474 0.105718634 -0.001124579
v -0.091421074 0.105706023 -0.001344039
v -0.091420754 0.105720313 -0.001111834
v -0.091419422 0.105707633 -0.001146632
v -0.091417214 0.105723769 -0.001344031
v -0.091415486 0.105711478 -0.001124579
v -0.091413765 0.105713156 -0.001111834
v -0.091410229 0.105716612 -0.001344031
v -0.091409683 0.105731124 -0.00105498
v -0.091408919 0.093837263 -0.000393742
v -0.091404399 0.097335981 0.002160164
v -0.091402699 0.105723967 -0.00105498
v -0.091373183 0.097646009 0.003653439
v -0.091364906 0.096675688 0.000188511
v -0.091352027 0.096268949 0.004470028
v -0.091284313 0.105853552 -0.000495402
v -0.091277329 0.105846396 -0.000495402
v -0.091233719 0.109313055 0.004951422
v -0.091233719 0.109313055 0.005351423
v -0.091220108 0.105916251 -0.000495356
v -0.09121312 0.105909094 -0.000495356
v -0.091155307 0.09646105 0.003211476
v -0.09114653 0.106253645 0.002701417
v -0.09114653 0.106253645 0.003101415
v -0.091142154 0.095495489 -0.000476681
v -0.091127326 0.094112249 0.004851383
v -0.091106976 0.106026724 -0.000485625
v -0.091106655 0.106027045 -0.001335185
v -0.091099991 0.106019576 -0.000485625
v -0.091099667 0.106019889 -0.001335185
v -0.091098351 0.106035155 -0.000485617
v -0.091091362 0.106027999 -0.000485617
v -0.091085242 0.09694879 0.001044178
v -0.091048607 0.106083724 -0.00068574
v -0.091046871 0.106085425 -0.000719504
v -0.09104512 0.106087134 -0.000780478
v -0.091044911 0.10608734 -0.001335139
v -0.091041622 0.106076575 -0.00068574
v -0.091039883 0.106078269 -0.000719504
v -0.091038136 0.106079978 -0.000780478
v -0.091037922 0.106080184 -0.001335139
v -0.091033066 0.106098906 -0.000719149
v -0.091026081 0.10609175 -0.000719149
v -0.091006499 0.098004087 0.002495751
v -0.09100507 0.106126242 -0.000772181
v -0.090998085 0.106119086 -0.000772181
v -0.090985554 0.106410841 0.001601415
v -0.090985554 0.106410841 0.001901414
v -0.090985202 0.096906713 0.002160164
v -0.090923507 0.097106733 -0.000217239
v -0.090915336 0.096835165 0.001239827
v -0.090888869 0.095742834 -0.001014984
v -0.090876326 0.094357359 0.003594265
v -0.090875992 0.10966239 0.004951422
v -0.090875992 0.10966239 0.005351423
v -0.090875644 0.096734152 0.002355812
v -0.090851096 0.097876303 0.002296528
v -0.090842461 0.106550574 0.001601415
v -0.090842461 0.106550574 0.001901414
v -0.090825882 0.10630123 -0.001093131
v -0.090818894 0.106294074 -0.001093131
v -0.090818657 0.10630828 -0.000973235
v -0.090815159 0.106311698 -0.001093123
v -0.090811669 0.106301131 -0.000973235
v -0.090808174 0.106304541 -0.001093123
v -0.090741847 0.094488684 -0.001307022
v -0.090730788 0.096875608 0.003601712
v -0.090681484 0.10670777 0.002701417
v -0.090681484 0.10670777 0.003101415
v -0.090675475 0.094553503 -3.2192e-05
v -0.090666244 0.095960241 0.000188511
v -0.090663601 0.106725241 0.003571416
v -0.090663601 0.106725241 0.004951421
v -0.090633259 0.106489333 -0.000771907
v -0.09062627 0.106482177 -0.000771907
v -0.090606167 0.106515792 -0.000717452
v -0.090599178 0.106508635 -0.000717452
v -0.090593571 0.10652809 -0.000780143
v -0.090593361 0.106528296 -0.001334803
v -0.090592362 0.106529265 -0.000719855
v -0.090591019 0.106530577 -0.000685401
v -0.090586586 0.106520934 -0.000780143
v -0.090586373 0.10652114 -0.001334803
v -0.090585373 0.106522116 -0.000719855
v -0.090584034 0.106523421 -0.000685401
v -0.090563934 0.097457869 0.000915699
v -0.090541428 0.106579001 -0.000485205
v -0.090534443 0.106571852 -0.000485205
v -0.090532063 0.106588149 -0.000485198
v -0.090531738 0.106588469 -0.001334758
v -0.090526203 0.104343543 -0.005000003
v -0.090526203 0.104343543 -0.003000003
v -0.090525078 0.106581 -0.000485198
v -0.090524754 0.106581313 -0.001334758
v -0.090520058 0.104861144 -0.005000003
v -0.090520058 0.104861144 -0.003000003
v -0.090496139 0.096405897 0.001239826
v -0.090471686 0.097408178 0.002286721
v -0.090408454 0.097330153 0.001114903
v -0.090386577 0.096233343 0.001044178
v -0.090377419 0.107004706 0.003101415
v -0.090377419 0.107004706 0.003701414
v -0.090374263 0.097223768 0.002479378
v -0.09028559 0.09493424 0.002887234
v -0.090281116 0.096336332 -0.000165512
v -0.090272724 0.103892218 -0.003000003
v -0.090272724 0.103892219 -0.005000003
v -0.090255936 0.105306327 -0.005000003
v -0.090255936 0.105306327 -0.003000003
v -0.090169627 0.095047483 0.000793495
v -0.09005326 0.095161115 0.004151341
v -0.090029044 0.096862028 0.00112471
v -0.090026919 0.095186842 0.001862076
v -0.090019608 0.107354124 0.003701414
v -0.090019608 0.107354125 0.001601415
v -0.089931701 0.096677542 0.000932072
v -0.089827541 0.103628096 -0.003000003
v -0.089827541 0.103628097 -0.005000003
v -0.089804608 0.105559806 -0.005000003
v -0.089804608 0.105559806 -0.003000003
v -0.089771068 0.09543669 -0.000356926
v -0.089373511 0.095824919 0.002794461
v -0.08930994 0.103621947 -0.005000003
v -0.08930994 0.103621947 -0.003000003
v -0.089304157 0.108052786 0.005351423
v -0.089304157 0.108052787 0.001001417
v -0.089287007 0.105553664 -0.005000003
v -0.089287006 0.105553664 -0.003000003
v -0.089270225 0.095925779 0.001144322
v -0.089092751 0.107979712 0.000999998
v -0.089092751 0.107979712 0.005349996
v -0.088858608 0.103875426 -0.005000003
v -0.088858608 0.103875426 -0.003000003
v -0.088841824 0.105289542 -0.005000003
v -0.088841824 0.105289542 -0.003000003
v -0.088594486 0.104320609 -0.005000003
v -0.088594486 0.104320609 -0.003000003
v -0.088591935 0.10846878 -0.003000003
v -0.088591934 0.108468779 0.000999998
v -0.088591934 0.108468779 0.005757139
v -0.088588345 0.10483821 -0.005000003
v -0.088588345 0.10483821 -0.003000003
v -0.088583542 0.109175833 0.005699995
v -0.088583542 0.109175834 -0.003000003
v -0.088583542 0.109175834 0.000999998
v -0.088459874 0.108691375 -0.003000003
v -0.088459873 0.108691375 0.000999998
v -0.088456803 0.108950171 0.000999998
v -0.088456803 0.108950172 -0.003000003
v -0.088441299 0.10882057 0.005716734
v -0.088348771 0.108935424 -0.005000003
v -0.088348771 0.108935424 -0.003000003
v -0.088206933 0.108751594 -0.005000003
v -0.088206932 0.108751594 -0.003000003
v -0.088111309 0.108540016 -0.005000003
v -0.088111309 0.108540016 -0.003000003
v -0.088067059 0.108312087 -0.003000003
v -0.088067059 0.108312088 -0.005000003
v -0.088034782 0.103142432 -0.005000003
v -0.088034782 0.103142432 -0.003000003
v -0.087858936 0.103372871 -0.005000003
v -0.087858936 0.103372871 -0.003000003
v -0.087756573 0.103644057 -0.003000003
v -0.087756573 0.103644058 -0.005000003
v -0.087736286 0.103933211 -0.003000003
v -0.087736286 0.103933212 -0.005000003
f 200 209 199
f 199 209 210
f 210 212 211
f 209 212 210
f 211 202 201
f 212 202 211
f 201 198 197
f 202 198 201
f 197 191 192
f 198 191 197
f 192 188 187
f 191 188 192
f 688 679 685
f 688 678 679
f 684 678 688
f 679 675 685
f 685 675 681
f 684 674 678
f 684 672 674
f 672 667 674
f 675 670 681
f 672 665 667
f 665 662 667
f 665 659 662
f 659 656 662
f 663 654 670
f 670 652 681
f 654 652 670
f 663 649 654
f 652 647 681
f 658 641 663
f 663 641 649
f 658 639 641
f 658 637 639
f 658 636 637
f 645 633 658
f 658 633 636
f 645 631 633
f 643 629 645
f 645 629 631
f 643 627 629
f 656 626 643
f 643 626 627
f 659 624 656
f 656 624 626
f 659 621 624
f 647 620 681
f 659 595 621
f 618 597 620
f 620 597 681
f 616 597 618
f 606 569 607
f 607 569 610
f 610 569 611
f 569 572 611
f 616 572 597
f 611 572 613
f 613 572 616
f 597 565 594
f 594 565 578
f 578 565 567
f 572 565 597
f 575 564 585
f 585 564 588
f 588 564 590
f 590 564 592
f 600 564 606
f 592 564 600
f 606 564 569
f 575 557 564
f 573 557 575
f 565 559 567
f 555 548 559
f 559 550 567
f 548 550 559
f 555 543 548
f 550 546 567
f 595 541 581
f 581 541 573
f 573 541 557
f 557 541 552
f 659 541 595
f 555 540 543
f 541 536 552
f 552 536 537
f 536 535 537
f 535 530 537
f 537 530 531
f 540 527 543
f 533 527 540
f 533 523 527
f 531 523 533
f 530 520 531
f 531 520 523
f 546 518 567
f 522 518 526
f 526 518 546
f 522 516 518
f 530 509 520
f 507 480 513
f 511 481 505
f 513 481 511
f 480 481 513
f 505 475 494
f 481 475 505
f 501 473 507
f 507 473 480
f 498 469 501
f 501 469 473
f 475 472 494
f 494 472 490
f 472 468 490
f 454 452 495
f 495 452 498
f 495 448 454
f 503 448 495
f 452 449 498
f 469 449 465
f 498 449 469
f 449 445 465
f 465 445 462
f 485 444 483
f 487 444 491
f 483 444 487
f 485 441 444
f 490 441 485
f 468 441 490
f 503 437 448
f 468 439 441
f 463 439 468
f 462 434 456
f 445 434 462
f 444 436 491
f 516 436 518
f 491 436 499
f 499 436 516
f 518 436 477
f 463 431 439
f 457 431 463
f 436 432 477
f 477 432 459
f 434 427 456
f 456 424 457
f 427 424 456
f 457 424 431
f 432 428 459
f 503 423 437
f 509 423 503
f 428 420 459
f 428 419 420
f 428 416 419
f 428 414 416
f 509 411 423
f 530 411 509
f 530 408 411
f 387 379 385
f 385 375 383
f 379 375 385
f 383 373 381
f 381 373 377
f 375 373 383
f 373 371 377
f 392 361 390
f 345 328 352
f 352 328 355
f 355 328 359
f 359 328 361
f 345 317 328
f 343 317 345
f 343 311 317
f 287 289 377
f 289 286 377
f 377 283 287
f 315 281 371
f 371 281 377
f 377 281 283
f 269 271 279
f 279 271 278
f 278 271 276
f 271 266 276
f 315 263 281
f 279 263 269
f 281 263 279
f 286 267 377
f 273 267 286
f 273 261 267
f 261 250 267
f 310 245 315
f 315 245 263
f 311 234 310
f 310 234 245
f 343 223 311
f 311 223 234
f 349 218 343
f 343 218 223
f 266 214 276
f 276 214 228
f 214 207 228
f 228 207 221
f 221 207 220
f 243 210 216
f 210 211 216
f 250 203 267
f 267 203 255
f 255 203 247
f 231 203 235
f 230 203 231
f 235 203 238
f 238 203 239
f 239 203 242
f 242 203 250
f 247 205 243
f 203 205 247
f 211 201 216
f 243 199 210
f 205 199 243
f 207 193 220
f 201 197 216
f 205 196 199
f 230 171 203
f 220 171 225
f 193 171 220
f 225 171 230
f 177 171 183
f 183 171 193
f 205 175 196
f 196 175 189
f 189 175 185
f 185 175 180
f 180 175 181
f 197 155 216
f 187 155 192
f 192 155 197
f 175 153 181
f 187 153 155
f 181 153 187
f 177 151 171
f 163 151 165
f 165 151 167
f 167 151 170
f 173 151 177
f 170 151 173
f 153 148 155
f 148 149 155
f 160 139 163
f 163 141 151
f 139 141 163
f 149 145 155
f 153 144 148
f 141 138 151
f 160 135 139
f 145 133 155
f 153 132 144
f 138 129 151
f 160 125 135
f 135 125 127
f 218 125 161
f 161 125 158
f 158 125 160
f 129 120 151
f 127 103 118
f 125 103 127
f 118 97 105
f 105 97 100
f 103 97 118
f 153 95 132
f 132 95 121
f 121 95 113
f 113 95 109
f 102 93 107
f 107 93 120
f 120 93 151
f 102 91 93
f 100 91 102
f 97 91 100
f 95 90 109
f 133 90 155
f 109 90 111
f 111 90 115
f 115 90 123
f 123 90 133
f 87 83 95
f 81 83 87
f 86 77 79
f 93 77 86
f 83 76 95
f 95 76 90
f 87 73 81
f 79 71 86
f 91 69 93
f 93 69 77
f 87 66 73
f 76 67 90
f 71 63 86
f 91 61 69
f 87 57 66
f 63 55 86
f 57 44 49
f 87 44 57
f 48 37 55
f 55 37 86
f 61 31 53
f 53 31 45
f 45 31 33
f 91 31 61
f 39 29 42
f 42 29 52
f 52 29 59
f 59 29 67
f 67 29 90
f 37 25 44
f 25 27 44
f 27 24 44
f 37 21 25
f 37 18 21
f 24 19 44
f 18 3 14
f 37 3 18
f 14 3 9
f 9 3 6
f 33 3 36
f 36 3 48
f 31 3 33
f 48 3 37
f 49 1 39
f 44 1 49
f 6 1 8
f 8 1 12
f 12 1 15
f 15 1 19
f 39 1 29
f 19 1 44
f 3 1 6
f 328 390 361
f 530 125 408
f 408 125 349
f 349 125 218
f 281 282 284
f 281 284 283
f 275 277 276
f 276 277 278
f 278 280 279
f 277 280 278
f 279 282 281
f 280 282 279
f 227 276 228
f 275 276 227
f 226 219 225
f 225 219 220
f 220 222 221
f 219 222 220
f 221 227 228
f 222 227 221
f 229 226 225
f 229 225 230
f 232 230 231
f 232 229 230
f 236 231 235
f 236 232 231
f 241 240 242
f 242 240 239
f 238 237 235
f 239 237 238
f 240 237 239
f 237 236 235
f 274 262 273
f 261 262 250
f 273 262 261
f 250 249 242
f 262 249 250
f 249 241 242
f 286 285 274
f 286 274 273
f 284 288 283
f 283 288 287
f 287 290 289
f 288 290 287
f 289 285 286
f 290 285 289
f 436 443 435
f 436 444 443
f 430 440 431
f 431 440 439
f 439 442 441
f 440 442 439
f 441 443 444
f 442 443 441
f 430 431 424
f 425 430 424
f 426 424 427
f 426 425 424
f 433 427 434
f 433 426 427
f 451 450 452
f 452 450 449
f 449 446 445
f 450 446 449
f 445 433 434
f 446 433 445
f 452 454 453
f 452 453 451
f 408 409 411
f 409 412 411
f 411 422 423
f 423 422 437
f 412 422 411
f 422 438 437
f 437 447 448
f 448 447 454
f 438 447 437
f 447 453 454
f 408 349 409
f 409 349 350
f 351 346 352
f 352 346 345
f 345 344 343
f 346 344 345
f 343 350 349
f 344 350 343
f 362 360 361
f 361 360 359
f 359 356 355
f 360 356 359
f 355 351 352
f 356 351 355
f 391 405 406
f 362 391 406
f 361 392 391
f 361 391 362
f 397 388 386
f 397 386 384
f 391 389 393
f 391 393 396
f 478 401 397
f 478 384 382
f 478 397 384
f 460 404 401
f 460 401 478
f 405 396 400
f 405 400 404
f 405 391 396
f 407 405 404
f 407 404 460
f 410 407 460
f 517 382 378
f 517 478 382
f 421 410 460
f 418 410 421
f 417 410 418
f 415 410 417
f 393 394 396
f 396 395 400
f 394 395 396
f 395 399 400
f 400 403 404
f 404 403 401
f 399 403 400
f 401 402 397
f 403 402 401
f 402 398 397
f 389 391 390
f 390 391 392
f 389 328 327
f 389 327 394
f 390 328 389
f 393 389 394
f 316 309 315
f 315 309 310
f 310 312 311
f 309 312 310
f 311 318 317
f 317 318 328
f 312 318 311
f 318 327 328
f 358 371 372
f 315 371 358
f 357 358 372
f 324 315 358
f 316 324 323
f 316 315 324
f 326 325 332
f 331 332 330
f 331 326 332
f 329 330 323
f 329 331 330
f 324 329 323
f 326 321 325
f 325 321 322
f 320 321 319
f 320 322 321
f 314 319 313
f 314 320 319
f 307 313 308
f 307 314 313
f 308 306 307
f 305 306 308
f 305 304 306
f 306 304 303
f 303 301 302
f 304 301 303
f 302 299 300
f 301 299 302
f 299 257 300
f 300 257 258
f 259 260 253
f 253 254 251
f 260 254 253
f 254 252 251
f 251 258 257
f 252 258 251
f 260 259 292
f 260 292 291
f 291 292 293
f 293 294 295
f 292 294 293
f 294 296 295
f 295 297 298
f 296 297 295
f 365 366 298
f 365 298 297
f 364 368 363
f 363 368 367
f 367 369 370
f 368 369 367
f 370 366 365
f 369 366 370
f 340 339 363
f 363 339 364
f 336 340 335
f 336 339 340
f 334 335 333
f 334 336 335
f 337 333 338
f 337 334 333
f 338 342 337
f 337 342 341
f 365 367 370
f 363 367 365
f 340 363 365
f 329 354 348
f 329 348 331
f 326 348 342
f 326 331 348
f 324 358 354
f 324 354 329
f 321 342 338
f 321 326 342
f 319 338 333
f 319 321 338
f 313 333 335
f 313 319 333
f 308 335 340
f 308 313 335
f 299 304 305
f 299 301 304
f 299 305 308
f 297 340 365
f 292 296 294
f 292 297 296
f 257 292 259
f 257 308 340
f 257 340 297
f 257 299 308
f 257 297 292
f 251 259 253
f 251 257 259
f 358 357 353
f 354 358 353
f 348 353 347
f 348 347 341
f 348 354 353
f 342 348 341
f 380 376 379
f 379 376 375
f 375 374 373
f 376 374 375
f 373 372 371
f 374 372 373
f 388 380 379
f 387 388 379
f 398 380 388
f 397 398 388
f 386 387 385
f 386 388 387
f 384 386 385
f 384 385 383
f 382 383 381
f 382 381 377
f 382 384 383
f 378 382 377
f 267 255 268
f 268 255 256
f 256 247 248
f 255 247 256
f 248 243 244
f 247 243 248
f 91 92 32
f 31 91 32
f 3 32 4
f 3 4 2
f 3 31 32
f 1 3 2
f 29 2 30
f 29 1 2
f 90 30 89
f 90 29 30
f 155 89 156
f 155 156 215
f 155 90 89
f 216 155 215
f 243 215 244
f 243 216 215
f 91 97 92
f 92 97 98
f 98 103 104
f 97 103 98
f 104 125 126
f 103 125 104
f 125 530 126
f 126 530 529
f 562 579 580
f 562 580 561
f 556 562 561
f 551 556 561
f 542 556 551
f 529 542 551
f 536 541 542
f 535 536 542
f 530 542 529
f 530 535 542
f 568 583 577
f 583 593 577
f 593 604 598
f 583 604 593
f 604 615 617
f 604 619 598
f 617 619 604
f 604 614 615
f 604 612 614
f 612 601 609
f 609 601 608
f 604 601 612
f 601 605 608
f 605 579 599
f 601 579 605
f 579 591 599
f 579 589 591
f 579 587 589
f 579 586 587
f 651 682 648
f 648 682 619
f 619 682 598
f 579 576 586
f 579 562 576
f 651 669 682
f 653 669 651
f 653 664 669
f 642 664 650
f 650 664 653
f 562 574 576
f 669 676 682
f 642 657 664
f 634 657 635
f 635 657 638
f 638 657 640
f 640 657 642
f 556 582 562
f 562 582 574
f 556 596 582
f 676 686 682
f 676 680 686
f 634 646 657
f 632 646 634
f 632 630 646
f 625 644 628
f 628 644 630
f 630 644 646
f 677 687 680
f 680 687 686
f 623 655 625
f 625 655 644
f 673 683 677
f 677 683 687
f 668 671 673
f 673 671 683
f 655 660 661
f 622 660 623
f 623 660 655
f 661 666 668
f 660 666 661
f 668 666 671
f 542 660 556
f 556 660 596
f 596 660 622
f 583 584 603
f 604 583 603
f 601 603 602
f 601 604 603
f 579 602 580
f 579 601 602
f 541 660 542
f 541 659 660
f 672 684 683
f 672 683 671
f 665 671 666
f 665 672 671
f 659 666 660
f 659 665 666
f 685 682 686
f 685 681 682
f 688 686 687
f 688 685 686
f 684 687 683
f 684 688 687
f 681 597 682
f 682 597 598
f 597 594 598
f 593 594 577
f 598 594 593
f 577 578 568
f 594 578 577
f 578 567 568
f 378 267 268
f 377 267 378
f 584 517 378
f 584 378 268
f 568 517 584
f 583 568 584
f 567 518 517
f 567 517 568
f 478 518 477
f 478 517 518
f 460 477 459
f 460 478 477
f 421 459 420
f 421 460 459
f 421 420 419
f 418 419 416
f 418 421 419
f 417 418 416
f 415 416 414
f 415 417 416
f 432 415 428
f 428 415 414
f 436 435 432
f 432 435 415
f 435 429 415
f 410 413 407
f 415 413 410
f 429 413 415
f 407 406 405
f 413 406 407
f 503 504 509
f 509 510 520
f 504 510 509
f 510 519 520
f 520 524 523
f 519 524 520
f 523 528 527
f 524 528 523
f 503 496 504
f 503 495 496
f 508 502 507
f 507 502 501
f 501 497 498
f 502 497 501
f 498 496 495
f 497 496 498
f 514 508 507
f 514 513 511
f 514 507 513
f 512 514 511
f 506 511 505
f 506 512 511
f 486 489 485
f 485 489 490
f 494 493 505
f 490 493 494
f 489 493 490
f 493 506 505
f 485 483 484
f 485 484 486
f 500 492 499
f 499 492 491
f 491 488 487
f 492 488 491
f 487 484 483
f 488 484 487
f 525 521 526
f 526 521 522
f 522 515 516
f 521 515 522
f 516 500 499
f 515 500 516
f 545 525 526
f 546 545 526
f 544 547 543
f 543 547 548
f 548 549 550
f 547 549 548
f 550 545 546
f 549 545 550
f 528 544 543
f 527 528 543
f 464 458 463
f 463 458 457
f 457 455 456
f 458 455 457
f 456 461 462
f 455 461 456
f 465 466 469
f 462 466 465
f 461 466 462
f 466 470 469
f 469 474 473
f 470 474 469
f 474 479 473
f 473 479 480
f 480 482 481
f 479 482 480
f 481 476 475
f 482 476 481
f 475 471 472
f 476 471 475
f 472 467 468
f 471 467 472
f 468 464 463
f 467 464 468
f 658 663 657
f 657 663 664
f 664 670 669
f 663 670 664
f 669 675 676
f 676 675 680
f 670 675 669
f 680 679 677
f 675 679 680
f 679 678 677
f 677 674 673
f 678 674 677
f 674 667 673
f 673 667 668
f 668 662 661
f 667 662 668
f 661 656 655
f 662 656 661
f 655 643 644
f 656 643 655
f 644 645 646
f 646 645 657
f 643 645 644
f 645 658 657
f 614 612 613
f 611 612 610
f 613 612 611
f 612 609 610
f 610 608 607
f 609 608 610
f 620 619 618
f 619 617 618
f 616 615 613
f 618 615 616
f 617 615 618
f 615 614 613
f 619 647 648
f 620 647 619
f 642 650 641
f 641 650 649
f 649 653 654
f 650 653 649
f 654 651 652
f 653 651 654
f 652 648 647
f 651 648 652
f 640 641 639
f 640 642 641
f 638 639 637
f 638 640 639
f 635 637 636
f 635 638 637
f 634 635 636
f 634 636 633
f 632 633 631
f 632 634 633
f 630 631 629
f 630 632 631
f 622 623 621
f 621 623 624
f 624 625 626
f 623 625 624
f 626 628 627
f 625 628 626
f 627 630 629
f 628 630 627
f 621 595 622
f 622 595 596
f 586 576 585
f 585 576 575
f 575 574 573
f 576 574 575
f 573 582 581
f 574 582 573
f 581 596 595
f 582 596 581
f 591 589 592
f 592 589 590
f 590 587 588
f 589 587 590
f 588 586 585
f 587 586 588
f 599 592 600
f 599 591 592
f 605 600 606
f 605 599 600
f 608 606 607
f 608 605 606
f 264 270 263
f 263 270 269
f 269 272 271
f 270 272 269
f 271 265 266
f 272 265 271
f 245 246 263
f 263 246 264
f 217 224 218
f 218 224 223
f 223 233 234
f 224 233 223
f 234 246 245
f 233 246 234
f 162 218 161
f 217 218 162
f 163 164 160
f 164 159 160
f 160 157 158
f 159 157 160
f 158 162 161
f 157 162 158
f 169 168 170
f 170 168 167
f 167 166 165
f 168 166 167
f 165 164 163
f 166 164 165
f 174 170 173
f 174 169 170
f 178 173 177
f 178 174 173
f 184 177 183
f 184 178 177
f 213 208 214
f 214 208 207
f 207 194 193
f 208 194 207
f 193 184 183
f 194 184 193
f 266 265 213
f 266 213 214
f 539 534 540
f 540 534 533
f 531 532 537
f 533 532 531
f 534 532 533
f 532 538 537
f 552 553 557
f 537 553 552
f 538 553 537
f 553 558 557
f 557 563 564
f 558 563 557
f 563 570 564
f 569 570 572
f 564 570 569
f 570 571 572
f 572 566 565
f 571 566 572
f 559 560 555
f 565 560 559
f 566 560 565
f 555 554 540
f 560 554 555
f 554 539 540
f 88 43 87
f 87 43 44
f 37 38 86
f 44 38 37
f 43 38 44
f 86 85 93
f 38 85 86
f 93 94 151
f 85 94 93
f 94 152 151
f 151 172 171
f 152 172 151
f 172 204 171
f 171 204 203
f 203 206 205
f 204 206 203
f 175 176 153
f 205 176 175
f 206 176 205
f 153 154 95
f 176 154 153
f 154 96 95
f 95 88 87
f 96 88 95
f 108 101 107
f 107 101 102
f 102 99 100
f 101 99 102
f 100 106 105
f 99 106 100
f 118 117 127
f 105 117 118
f 106 117 105
f 117 128 127
f 127 136 135
f 128 136 127
f 136 140 135
f 135 140 139
f 139 142 141
f 140 142 139
f 141 137 138
f 142 137 141
f 138 130 129
f 137 130 138
f 129 119 120
f 130 119 129
f 120 108 107
f 119 108 120
f 47 35 48
f 48 35 36
f 36 34 33
f 35 34 36
f 33 46 45
f 34 46 33
f 53 54 61
f 45 54 53
f 46 54 45
f 54 62 61
f 61 70 69
f 62 70 61
f 70 78 69
f 69 78 77
f 77 80 79
f 78 80 77
f 79 72 71
f 80 72 79
f 71 64 63
f 72 64 71
f 63 56 55
f 64 56 63
f 55 47 48
f 56 47 55
f 11 7 12
f 12 7 8
f 8 5 6
f 7 5 8
f 6 10 9
f 5 10 6
f 14 13 18
f 9 13 14
f 10 13 9
f 13 17 18
f 18 22 21
f 17 22 18
f 22 26 21
f 21 26 25
f 25 28 27
f 26 28 25
f 27 23 24
f 28 23 27
f 24 20 19
f 23 20 24
f 19 16 15
f 20 16 19
f 15 11 12
f 16 11 15
f 51 41 52
f 52 41 42
f 42 40 39
f 41 40 42
f 39 50 49
f 40 50 39
f 57 58 66
f 49 58 57
f 50 58 49
f 58 65 66
f 66 74 73
f 65 74 66
f 74 82 73
f 73 82 81
f 81 84 83
f 82 84 81
f 83 75 76
f 84 75 83
f 76 68 67
f 75 68 76
f 67 60 59
f 68 60 67
f 59 51 52
f 60 51 59
f 116 112 115
f 115 112 111
f 111 110 109
f 112 110 111
f 109 114 113
f 110 114 109
f 121 122 132
f 113 122 121
f 114 122 113
f 122 131 132
f 132 143 144
f 131 143 132
f 143 147 144
f 144 147 148
f 148 150 149
f 147 150 148
f 149 146 145
f 150 146 149
f 145 134 133
f 146 134 145
f 133 124 123
f 134 124 133
f 123 116 115
f 124 116 123
f 571 602 603
f 571 570 602
f 566 603 584
f 566 571 603
f 563 580 602
f 563 602 570
f 558 561 580
f 558 580 563
f 560 566 584
f 551 558 553
f 551 561 558
f 549 560 584
f 547 554 560
f 547 560 549
f 545 549 584
f 544 554 547
f 539 554 544
f 529 553 538
f 529 538 532
f 529 551 553
f 528 539 544
f 528 534 539
f 525 545 584
f 524 532 534
f 524 534 528
f 519 532 524
f 519 529 532
f 510 529 519
f 479 508 514
f 482 479 514
f 482 512 506
f 482 514 512
f 476 482 506
f 476 506 493
f 474 508 479
f 474 502 508
f 470 502 474
f 470 497 502
f 471 476 493
f 471 493 489
f 467 471 489
f 451 453 496
f 447 504 496
f 447 496 453
f 450 470 466
f 450 497 470
f 450 496 497
f 450 451 496
f 446 466 461
f 446 450 466
f 443 489 486
f 443 486 484
f 443 488 492
f 443 484 488
f 442 467 489
f 442 489 443
f 438 504 447
f 440 464 467
f 440 467 442
f 433 446 461
f 433 461 455
f 435 492 500
f 435 515 521
f 435 500 515
f 435 443 492
f 430 464 440
f 430 458 464
f 426 433 455
f 425 426 455
f 425 458 430
f 425 455 458
f 429 435 521
f 429 521 525
f 422 504 438
f 422 510 504
f 412 510 422
f 412 529 510
f 413 429 525
f 409 529 412
f 402 403 406
f 402 406 413
f 399 406 403
f 398 413 525
f 398 402 413
f 398 525 584
f 395 406 399
f 394 406 395
f 369 376 380
f 368 376 369
f 368 374 376
f 364 372 374
f 364 374 368
f 366 398 584
f 366 369 380
f 366 380 398
f 347 353 357
f 341 347 357
f 339 337 341
f 339 372 364
f 339 357 372
f 339 341 357
f 334 339 336
f 334 337 339
f 327 346 351
f 327 351 356
f 327 356 360
f 327 360 362
f 325 330 332
f 323 330 325
f 318 344 346
f 318 346 327
f 307 325 322
f 307 320 314
f 307 322 320
f 307 316 323
f 307 323 325
f 306 309 316
f 306 312 309
f 306 316 307
f 303 312 306
f 303 318 312
f 302 318 303
f 302 350 344
f 302 344 318
f 300 350 302
f 288 291 293
f 290 288 293
f 290 293 295
f 284 291 288
f 285 295 298
f 285 290 295
f 282 291 284
f 280 291 282
f 272 270 280
f 272 280 277
f 265 272 277
f 265 277 275
f 268 285 298
f 268 274 285
f 262 274 268
f 260 291 280
f 260 280 270
f 260 270 264
f 249 262 268
f 246 260 264
f 233 254 260
f 233 260 246
f 224 252 254
f 224 254 233
f 217 258 252
f 217 252 224
f 213 265 275
f 213 275 227
f 213 227 222
f 208 222 219
f 208 213 222
f 209 244 215
f 212 209 215
f 204 256 248
f 204 268 256
f 204 249 268
f 204 232 236
f 204 229 232
f 204 240 241
f 204 237 240
f 204 236 237
f 204 241 249
f 206 248 244
f 206 204 248
f 200 244 209
f 200 206 244
f 202 212 215
f 194 208 219
f 195 206 200
f 198 202 215
f 172 178 184
f 172 184 194
f 172 219 226
f 172 226 229
f 172 229 204
f 172 194 219
f 176 206 195
f 176 195 190
f 176 190 186
f 176 186 179
f 176 179 182
f 156 198 215
f 156 188 191
f 156 191 198
f 154 182 188
f 154 188 156
f 154 176 182
f 152 178 172
f 152 168 169
f 152 166 168
f 152 164 166
f 152 174 178
f 152 169 174
f 147 154 156
f 150 147 156
f 140 159 164
f 142 140 164
f 142 164 152
f 143 154 147
f 146 150 156
f 136 159 140
f 137 142 152
f 131 154 143
f 134 146 156
f 130 137 152
f 126 258 217
f 126 217 162
f 126 157 159
f 126 162 157
f 126 159 136
f 126 136 128
f 119 130 152
f 104 128 117
f 104 126 128
f 98 104 117
f 98 117 106
f 98 106 99
f 94 108 119
f 94 101 108
f 94 119 152
f 96 131 122
f 96 122 114
f 96 114 110
f 96 154 131
f 92 98 99
f 92 101 94
f 92 99 101
f 89 116 124
f 89 124 134
f 89 110 112
f 89 112 116
f 89 96 110
f 89 134 156
f 84 82 88
f 84 88 96
f 78 94 85
f 80 78 85
f 74 88 82
f 75 84 96
f 75 96 89
f 70 92 94
f 70 94 78
f 72 80 85
f 65 88 74
f 68 75 89
f 64 72 85
f 62 92 70
f 58 88 65
f 56 64 85
f 43 58 50
f 43 88 58
f 38 56 85
f 38 47 56
f 32 92 62
f 32 62 54
f 32 54 46
f 32 46 34
f 30 51 60
f 30 60 68
f 30 68 89
f 30 40 41
f 30 41 51
f 26 38 43
f 28 26 43
f 23 28 43
f 22 38 26
f 17 38 22
f 20 23 43
f 4 47 38
f 4 17 13
f 4 13 10
f 4 10 5
f 4 38 17
f 4 34 35
f 4 35 47
f 4 32 34
f 2 43 50
f 2 50 40
f 2 11 16
f 2 16 20
f 2 5 7
f 2 7 11
f 2 40 30
f 2 4 5
f 2 20 43
f 126 529 300
f 300 529 350
f 350 529 409
f 126 300 258
f 584 268 298
f 584 298 366
f 394 327 362
f 362 406 394
f 188 182 187
f 187 182 181
f 181 179 180
f 182 179 181
f 180 186 185
f 179 186 180
f 189 190 196
f 185 190 189
f 186 190 185
f 190 195 196
f 196 200 199
f 195 200 196
f 1347 1419 1333
f 1347 1435 1419
f 1228 1333 1221
f 1228 1347 1333
f 985 1221 1006
f 985 1228 1221
f 881 985 1006
f 867 985 881
f 792 867 881
f 771 867 792
f 770 792 786
f 770 771 792
f 847 933 859
f 847 920 933
f 920 1043 933
f 920 1031 1043
f 1031 1159 1043
f 1031 1169 1159
f 1169 1274 1159
f 1169 1288 1274
f 1274 1360 1346
f 1288 1360 1274
f 1346 1362 1350
f 1360 1362 1346
f 1401 1399 1397
f 1397 1399 1395
f 1423 1407 1427
f 1410 1407 1401
f 1427 1407 1410
f 1401 1407 1399
f 1395 1319 1317
f 1317 1319 1194
f 1399 1319 1395
f 1339 1327 1423
f 1423 1327 1407
f 1399 1327 1319
f 1407 1327 1399
f 1319 1196 1194
f 1212 1197 1339
f 1327 1197 1319
f 1319 1197 1196
f 1339 1197 1327
f 1194 999 1004
f 1197 999 1196
f 1196 999 1194
f 983 989 1212
f 1197 989 999
f 1212 989 1197
f 808 886 804
f 1004 886 888
f 888 886 808
f 999 886 1004
f 804 879 795
f 795 879 778
f 778 879 869
f 869 879 983
f 886 879 804
f 989 879 999
f 983 879 989
f 999 879 886
f 803 885 807
f 807 885 887
f 868 878 777
f 794 878 803
f 777 878 794
f 803 878 885
f 887 998 1003
f 885 998 887
f 982 988 868
f 868 988 878
f 885 988 998
f 878 988 885
f 1003 1195 1193
f 998 1195 1003
f 1211 1198 982
f 998 1198 1195
f 988 1198 998
f 982 1198 988
f 1193 1320 1316
f 1195 1320 1193
f 1422 1326 1338
f 1338 1326 1211
f 1195 1326 1320
f 1198 1326 1195
f 1211 1326 1198
f 1396 1398 1400
f 1316 1398 1394
f 1394 1398 1396
f 1320 1398 1316
f 1400 1406 1409
f 1409 1406 1426
f 1426 1406 1422
f 1398 1406 1400
f 1326 1406 1320
f 1422 1406 1326
f 1320 1406 1398
f 809 808 810
f 809 807 808
f 892 810 893
f 892 809 810
f 1013 893 1014
f 1013 892 893
f 1203 1014 1204
f 1203 1204 1322
f 1203 1013 1014
f 1321 1203 1322
f 1396 1322 1397
f 1396 1321 1322
f 737 738 739
f 736 739 733
f 736 737 739
f 734 736 733
f 833 834 835
f 832 835 829
f 832 833 835
f 828 832 829
f 1491 1493 1492
f 1491 1490 1493
f 1489 1492 1488
f 1489 1491 1492
f 1504 1502 1501
f 1504 1503 1502
f 1499 1501 1500
f 1499 1504 1501
f 820 821 818
f 821 817 818
f 818 812 811
f 817 812 818
f 812 802 811
f 811 780 779
f 802 780 811
f 745 740 746
f 746 740 743
f 743 722 723
f 740 722 743
f 723 711 710
f 722 711 723
f 724 713 725
f 718 713 712
f 720 713 718
f 725 713 720
f 1332 1389 1312
f 1332 1418 1389
f 1220 1312 1192
f 1220 1332 1312
f 1005 1192 1020
f 1005 1220 1192
f 880 1020 901
f 880 1005 1020
f 791 901 816
f 791 880 901
f 815 791 816
f 785 791 815
f 860 946 903
f 860 932 946
f 932 1052 946
f 932 1042 1052
f 1042 1152 1052
f 1042 1160 1152
f 1152 1275 1262
f 1160 1275 1152
f 1275 1305 1262
f 1275 1345 1305
f 1305 1349 1306
f 1345 1349 1305
f 859 933 860
f 860 933 932
f 932 1043 1042
f 933 1043 932
f 1042 1159 1160
f 1043 1159 1042
f 1275 1274 1345
f 1160 1274 1275
f 1159 1274 1160
f 1274 1346 1345
f 1345 1350 1349
f 1346 1350 1345
f 1373 1368 1372
f 1372 1368 1369
f 1369 1293 1292
f 1368 1293 1369
f 1292 1179 1178
f 1293 1179 1292
f 1178 1026 1027
f 1179 1026 1178
f 1027 915 914
f 1026 915 1027
f 914 836 837
f 915 836 914
f 1419 1418 1332
f 1333 1332 1220
f 1333 1419 1332
f 1221 1333 1220
f 1006 1220 1005
f 1006 1221 1220
f 881 1005 880
f 881 880 791
f 881 1006 1005
f 792 881 791
f 786 791 785
f 786 792 791
f 1355 1353 1356
f 1356 1353 1354
f 1354 1282 1283
f 1353 1282 1354
f 1283 1166 1165
f 1165 1166 1038
f 1282 1166 1283
f 1038 1037 924
f 1166 1037 1038
f 1037 923 924
f 924 854 853
f 923 854 924
f 1108 1109 1115
f 1115 1114 1121
f 1109 1114 1115
f 1121 1120 1125
f 1114 1120 1121
f 1120 1126 1125
f 1125 1130 1131
f 1126 1130 1125
f 1131 1141 1140
f 1130 1141 1131
f 1140 1142 1143
f 1141 1142 1140
f 1142 1138 1143
f 1143 1138 1139
f 1139 1136 1135
f 1138 1136 1139
f 1135 1133 1132
f 1136 1133 1135
f 1247 1241 1246
f 1246 1241 1240
f 1240 1233 1232
f 1241 1233 1240
f 1232 1205 1206
f 1233 1205 1232
f 1217 1190 1216
f 1216 1190 1191
f 1191 1174 1175
f 1190 1174 1191
f 1175 1155 1156
f 1174 1155 1175
f 1149 1148 1144
f 1156 1148 1149
f 1155 1148 1156
f 1148 1145 1144
f 1062 1063 1067
f 1067 1066 1070
f 1063 1066 1067
f 1070 1069 1073
f 1066 1069 1070
f 1069 1072 1073
f 1096 1090 1097
f 1097 1090 1091
f 1091 1084 1085
f 1090 1084 1091
f 1085 1079 1080
f 1084 1079 1085
f 1080 1075 1074
f 1079 1075 1080
f 1074 1064 1065
f 1075 1064 1074
f 1065 1063 1062
f 1064 1063 1065
f 1348 1435 1347
f 1348 1434 1435
f 1227 1347 1228
f 1227 1348 1347
f 984 1228 985
f 984 1227 1228
f 866 867 771
f 866 985 867
f 866 984 985
f 772 866 771
f 769 771 770
f 769 772 771
f 769 770 861
f 862 769 861
f 979 861 980
f 979 862 861
f 1222 980 1223
f 1222 979 980
f 1342 1343 1432
f 1342 1223 1343
f 1342 1222 1223
f 1433 1342 1432
f 1434 1432 1435
f 1434 1433 1432
f 1444 1468 1457
f 1444 1457 1449
f 1444 1449 1447
f 1414 1420 1408
f 1414 1408 1403
f 1414 1403 1390
f 1487 1488 1492
f 1487 1492 1493
f 1487 1493 1490
f 1482 1487 1490
f 1482 1484 1487
f 1357 1365 1359
f 1357 1371 1365
f 1302 1301 1298
f 1512 1509 1505
f 1512 1505 1496
f 1296 1302 1298
f 1510 1496 1476
f 1510 1512 1496
f 1280 1311 1302
f 1280 1302 1296
f 1423 1468 1444
f 1423 1482 1490
f 1423 1470 1482
f 1423 1476 1470
f 1423 1479 1468
f 1423 1490 1479
f 1423 1444 1430
f 1339 1335 1311
f 1339 1357 1335
f 1339 1423 1430
f 1339 1414 1390
f 1339 1371 1357
f 1339 1416 1414
f 1339 1430 1416
f 1339 1378 1371
f 1339 1390 1378
f 1500 1501 1502
f 1500 1502 1503
f 1498 1500 1503
f 1494 1498 1503
f 1486 1494 1503
f 1486 1503 1507
f 1251 1267 1259
f 1251 1259 1255
f 1251 1255 1253
f 1467 1465 1461
f 1464 1467 1461
f 1150 1170 1164
f 1150 1164 1158
f 1427 1510 1476
f 1427 1486 1507
f 1427 1459 1486
f 1427 1452 1459
f 1427 1461 1452
f 1427 1476 1423
f 1427 1507 1510
f 1212 1280 1267
f 1212 1213 1170
f 1212 1243 1213
f 1212 1251 1243
f 1212 1267 1251
f 1212 1311 1280
f 1212 1339 1311
f 1451 1461 1427
f 1451 1464 1461
f 1128 1170 1150
f 1128 1212 1170
f 1446 1451 1427
f 1116 1212 1128
f 1083 1092 1087
f 1424 1431 1437
f 1424 1437 1440
f 1424 1440 1446
f 1081 1116 1092
f 1081 1092 1083
f 1392 1446 1427
f 1392 1424 1446
f 1071 1212 1116
f 1071 1116 1081
f 978 1019 997
f 1374 1376 1380
f 1374 1380 1381
f 973 1019 978
f 1341 1374 1381
f 1341 1367 1374
f 1341 1384 1392
f 1341 1381 1384
f 1341 1392 1427
f 983 1019 973
f 983 1051 1019
f 983 1071 1051
f 983 973 959
f 983 1212 1071
f 1351 1367 1341
f 952 983 959
f 939 944 943
f 1309 1351 1341
f 1309 1313 1325
f 1309 1325 1336
f 1309 1336 1351
f 937 983 952
f 937 944 939
f 937 952 944
f 1290 1309 1341
f 931 983 937
f 1278 1290 1341
f 1266 1270 1271
f 884 900 896
f 1264 1266 1271
f 872 900 884
f 1257 1264 1271
f 857 900 872
f 1225 1271 1278
f 1225 1278 1341
f 1225 1257 1271
f 869 983 931
f 869 919 900
f 869 931 919
f 869 900 857
f 1249 1257 1225
f 842 869 857
f 1235 1249 1225
f 834 869 842
f 828 833 832
f 1186 1210 1229
f 1186 1229 1235
f 1186 1235 1225
f 825 834 833
f 825 828 823
f 825 823 822
f 825 869 834
f 825 833 828
f 827 869 825
f 826 869 827
f 820 869 826
f 1154 1186 1225
f 818 869 820
f 1134 1154 1225
f 811 869 818
f 767 779 773
f 1112 1118 1122
f 1112 1122 1123
f 764 779 767
f 1088 1112 1123
f 1088 1123 1134
f 758 811 779
f 758 779 764
f 996 1076 1088
f 996 1088 1134
f 996 1134 1225
f 778 811 758
f 778 869 811
f 778 758 753
f 736 738 737
f 731 738 736
f 731 736 734
f 735 738 731
f 1035 1041 1049
f 1035 1049 1054
f 1035 1054 1076
f 1035 1076 996
f 742 738 735
f 742 753 738
f 744 778 753
f 744 753 742
f 994 1035 996
f 752 778 744
f 746 778 752
f 968 994 996
f 743 778 746
f 723 778 743
f 957 968 996
f 949 954 956
f 949 956 957
f 698 710 704
f 698 704 700
f 942 957 996
f 942 949 957
f 694 778 723
f 694 710 698
f 694 723 710
f 929 942 996
f 691 778 694
f 717 782 778
f 717 778 691
f 898 996 871
f 898 929 996
f 907 929 898
f 907 913 929
f 702 717 691
f 702 691 690
f 728 782 717
f 908 911 913
f 908 913 907
f 697 702 690
f 697 690 693
f 874 898 871
f 725 782 728
f 720 782 725
f 718 782 720
f 851 874 871
f 712 782 718
f 774 871 782
f 774 788 871
f 844 850 851
f 838 851 871
f 838 844 851
f 707 782 712
f 707 712 709
f 707 709 705
f 830 838 871
f 715 782 707
f 789 871 788
f 760 774 782
f 814 871 789
f 814 830 871
f 730 782 715
f 730 760 782
f 800 789 784
f 800 784 796
f 800 814 789
f 747 760 730
f 747 755 757
f 747 757 760
f 1256 1265 1264
f 1256 1264 1257
f 1250 1257 1249
f 1250 1256 1257
f 1236 1249 1235
f 1236 1250 1249
f 1366 1375 1374
f 1366 1374 1367
f 1352 1367 1351
f 1352 1366 1367
f 1337 1351 1336
f 1337 1352 1351
f 1450 1463 1464
f 1450 1464 1451
f 1445 1451 1446
f 1445 1450 1451
f 1439 1446 1440
f 1439 1445 1446
f 1511 1513 1512
f 1511 1512 1510
f 1508 1510 1507
f 1508 1511 1510
f 1504 1507 1503
f 1504 1508 1507
f 1469 1456 1457
f 1469 1457 1468
f 1480 1468 1479
f 1480 1469 1468
f 1491 1479 1490
f 1491 1480 1479
f 1377 1370 1371
f 1377 1371 1378
f 1391 1378 1390
f 1391 1377 1378
f 1404 1390 1403
f 1404 1391 1390
f 1268 1260 1259
f 1268 1259 1267
f 1281 1267 1280
f 1281 1268 1267
f 1297 1280 1296
f 1297 1281 1280
f 1117 1093 1092
f 1117 1092 1116
f 1129 1116 1128
f 1129 1117 1116
f 1151 1128 1150
f 1151 1129 1128
f 953 945 944
f 953 944 952
f 960 952 959
f 960 953 952
f 974 959 973
f 974 960 959
f 843 835 834
f 843 834 842
f 858 842 857
f 858 843 842
f 873 857 872
f 873 858 857
f 754 739 738
f 754 738 753
f 759 753 758
f 759 754 753
f 765 758 764
f 765 759 758
f 692 689 690
f 692 690 691
f 695 691 694
f 695 692 691
f 699 694 698
f 699 695 694
f 729 748 747
f 729 747 730
f 716 730 715
f 716 729 730
f 708 715 707
f 708 716 715
f 831 839 838
f 831 838 830
f 813 830 814
f 813 831 830
f 801 814 800
f 801 813 814
f 1089 1113 1112
f 1089 1112 1088
f 1077 1088 1076
f 1077 1089 1088
f 1055 1076 1054
f 1055 1077 1076
f 1237 1157 1147
f 1237 1177 1157
f 1237 1187 1177
f 1226 1187 1237
f 1236 1226 1237
f 1250 1236 1237
f 1256 1237 1261
f 1256 1250 1237
f 1265 1256 1261
f 1272 1261 1273
f 1269 1265 1261
f 1269 1261 1272
f 1279 1273 1261
f 1287 1279 1261
f 1318 1291 1287
f 1318 1300 1291
f 1318 1310 1300
f 1315 1310 1318
f 1337 1315 1318
f 1352 1337 1318
f 1364 1352 1318
f 1366 1352 1364
f 1375 1366 1364
f 1382 1364 1383
f 1379 1375 1364
f 1379 1364 1382
f 1385 1383 1364
f 1387 1385 1364
f 1428 1393 1387
f 1428 1402 1393
f 1428 1425 1402
f 1436 1425 1428
f 1439 1436 1428
f 1445 1439 1428
f 1442 1445 1428
f 1450 1445 1442
f 1463 1450 1442
f 1460 1442 1455
f 1466 1463 1442
f 1466 1442 1460
f 1453 1455 1442
f 1458 1453 1442
f 1473 1462 1458
f 1473 1474 1462
f 1473 1485 1474
f 1497 1485 1473
f 1499 1497 1473
f 1504 1499 1473
f 1508 1504 1473
f 1478 1508 1473
f 1511 1508 1478
f 1513 1511 1478
f 1495 1478 1481
f 1506 1513 1478
f 1506 1478 1495
f 1475 1481 1478
f 1471 1475 1478
f 1454 1472 1471
f 1454 1477 1472
f 1454 1483 1477
f 1489 1483 1454
f 1491 1489 1454
f 1480 1491 1454
f 1441 1480 1454
f 1469 1480 1441
f 1456 1469 1441
f 1443 1441 1438
f 1448 1456 1441
f 1448 1441 1443
f 1429 1438 1441
f 1421 1429 1441
f 1386 1411 1421
f 1386 1405 1411
f 1386 1415 1405
f 1417 1415 1386
f 1404 1417 1386
f 1391 1404 1386
f 1377 1386 1361
f 1377 1391 1386
f 1370 1377 1361
f 1358 1361 1344
f 1363 1370 1361
f 1363 1361 1358
f 1334 1344 1361
f 1314 1334 1361
f 1284 1307 1314
f 1284 1304 1307
f 1284 1303 1304
f 1299 1303 1284
f 1297 1299 1284
f 1281 1297 1284
f 1258 1281 1284
f 1268 1281 1258
f 1260 1268 1258
f 1252 1258 1248
f 1254 1260 1258
f 1254 1258 1252
f 1242 1248 1258
f 1234 1242 1258
f 1146 1207 1234
f 1146 1184 1207
f 1146 1171 1184
f 1161 1171 1146
f 1151 1161 1146
f 1129 1151 1146
f 1102 1129 1146
f 1117 1129 1102
f 1093 1117 1102
f 1082 1102 1078
f 1086 1093 1102
f 1086 1102 1082
f 1068 1078 1102
f 1058 1068 1102
f 972 1050 1058
f 972 1030 1050
f 972 1018 1030
f 981 1018 972
f 974 981 972
f 960 974 972
f 948 960 972
f 953 960 948
f 945 953 948
f 938 948 936
f 940 945 948
f 940 948 938
f 930 936 948
f 922 930 948
f 891 918 922
f 891 909 918
f 891 899 909
f 894 899 891
f 873 894 891
f 858 873 891
f 843 891 845
f 843 858 891
f 835 843 845
f 824 845 821
f 829 835 845
f 829 845 824
f 817 821 845
f 776 812 817
f 776 802 812
f 776 780 802
f 768 780 776
f 765 768 776
f 759 765 776
f 762 759 776
f 754 759 762
f 739 754 762
f 733 739 762
f 741 762 749
f 732 733 762
f 732 762 741
f 751 749 762
f 745 751 762
f 726 740 745
f 726 722 740
f 726 711 722
f 701 711 726
f 699 701 726
f 695 699 726
f 719 695 726
f 692 695 719
f 689 692 719
f 703 719 714
f 696 689 719
f 696 719 703
f 721 714 719
f 727 721 719
f 750 713 724
f 750 724 727
f 706 713 750
f 708 706 750
f 716 708 750
f 729 750 763
f 729 716 750
f 748 729 763
f 761 763 766
f 756 748 763
f 756 763 761
f 775 766 763
f 783 775 763
f 819 793 783
f 819 799 793
f 819 790 799
f 787 790 819
f 801 787 819
f 813 801 819
f 831 819 848
f 831 813 819
f 839 831 848
f 852 848 865
f 846 839 848
f 846 848 852
f 875 865 848
f 895 875 848
f 1059 1000 977
f 1059 1021 1000
f 1059 1034 1021
f 1044 1034 1059
f 1055 1044 1059
f 1077 1055 1059
f 1103 1077 1059
f 1089 1077 1103
f 1113 1089 1103
f 1124 1103 1127
f 1119 1113 1103
f 1119 1103 1124
f 1137 1127 1103
f 1147 1137 1103
f 1025 993 1024
f 1024 993 992
f 992 970 971
f 993 970 992
f 971 964 965
f 970 964 971
f 965 962 963
f 964 962 965
f 963 966 967
f 962 966 963
f 975 976 1002
f 967 976 975
f 966 976 967
f 976 1001 1002
f 1072 1025 1073
f 1073 1025 1024
f 1094 1099 1095
f 1095 1099 1098
f 1098 1100 1101
f 1099 1100 1098
f 1101 1096 1097
f 1100 1096 1101
f 1145 1094 1144
f 1144 1094 1095
f 1172 1189 1173
f 1173 1189 1188
f 1188 1214 1215
f 1189 1214 1188
f 1215 1217 1216
f 1214 1217 1215
f 1205 1173 1206
f 1172 1173 1205
f 1183 1182 1201
f 1201 1202 1231
f 1182 1202 1201
f 1202 1230 1231
f 1231 1239 1238
f 1230 1239 1231
f 1238 1245 1244
f 1239 1245 1238
f 1244 1247 1246
f 1245 1247 1244
f 1133 1182 1132
f 1132 1182 1183
f 1110 1107 1111
f 1111 1107 1106
f 1106 1105 1104
f 1107 1105 1106
f 1104 1109 1108
f 1105 1109 1104
f 1060 1110 1061
f 1061 1110 1111
f 1033 1016 1032
f 1032 1016 1015
f 1015 990 991
f 1016 990 1015
f 991 1008 1007
f 990 1008 991
f 1007 1023 1022
f 1008 1023 1007
f 1022 1047 1048
f 1023 1047 1022
f 1056 1057 1061
f 1048 1057 1056
f 1047 1057 1048
f 1057 1060 1061
f 1001 1033 1002
f 1002 1033 1032
f 853 854 856
f 856 855 926
f 854 855 856
f 855 927 926
f 926 1039 1040
f 927 1039 926
f 1040 1167 1168
f 1039 1167 1040
f 1168 1285 1286
f 1167 1285 1168
f 1286 1355 1356
f 1285 1355 1286
f 1353 1388 1308
f 1353 1308 1282
f 1166 1308 1185
f 1166 1282 1308
f 1355 1389 1388
f 1355 1388 1353
f 1312 1389 1355
f 1037 1185 1017
f 1037 1166 1185
f 1285 1312 1355
f 1167 1312 1285
f 1192 1312 1167
f 897 923 1037
f 897 1037 1017
f 854 923 897
f 815 854 897
f 1020 1167 1039
f 1020 1192 1167
f 927 1020 1039
f 901 1020 927
f 816 855 854
f 816 927 855
f 816 854 815
f 816 901 927
f 877 786 785
f 877 785 876
f 987 876 986
f 987 877 876
f 1200 986 1199
f 1200 1199 1328
f 1200 987 986
f 1329 1200 1328
f 1413 1328 1412
f 1413 1412 1418
f 1413 1329 1328
f 1419 1413 1418
f 941 949 942
f 941 950 949
f 928 942 929
f 928 941 942
f 912 929 913
f 912 928 929
f 920 776 817
f 920 817 845
f 920 845 891
f 920 891 922
f 1031 922 948
f 1031 948 972
f 1031 972 1058
f 1031 1058 1102
f 1031 920 922
f 1169 1102 1146
f 1169 1146 1234
f 1169 1234 1258
f 1169 1031 1102
f 847 726 745
f 847 745 762
f 847 762 776
f 847 776 920
f 1284 1169 1258
f 719 726 847
f 849 750 727
f 849 727 719
f 849 719 847
f 1288 1169 1284
f 1288 1284 1314
f 1288 1314 1361
f 1386 1288 1361
f 763 750 849
f 1421 1288 1386
f 783 763 849
f 921 819 783
f 921 783 849
f 1360 1288 1421
f 1360 1421 1441
f 1454 1360 1441
f 848 819 921
f 1471 1360 1454
f 895 848 921
f 1478 1360 1471
f 925 895 921
f 1036 925 921
f 1362 1360 1478
f 1473 1362 1478
f 951 925 1036
f 977 951 1036
f 1458 1362 1473
f 1442 1362 1458
f 1059 977 1036
f 1428 1289 1362
f 1428 1362 1442
f 1103 1036 1176
f 1103 1059 1036
f 1387 1289 1428
f 1147 1103 1176
f 1364 1289 1387
f 1237 1147 1176
f 1318 1289 1364
f 1261 1237 1176
f 1287 1176 1289
f 1287 1289 1318
f 1287 1261 1176
f 1238 1369 1292
f 1238 1244 1369
f 1246 1372 1369
f 1246 1369 1244
f 1231 1238 1292
f 1240 1372 1246
f 1140 1201 1231
f 1140 1231 1292
f 1131 1292 1178
f 1131 1140 1292
f 1125 1131 1178
f 1143 1201 1140
f 1139 1201 1143
f 1135 1201 1139
f 1135 1183 1201
f 1121 1125 1178
f 1121 1178 1027
f 1132 1183 1135
f 1115 1121 1027
f 1188 1240 1232
f 1215 1240 1188
f 1215 1372 1240
f 1173 1188 1232
f 1173 1232 1206
f 1216 1295 1372
f 1216 1372 1215
f 1191 1295 1216
f 1175 1295 1191
f 1061 1106 1104
f 1061 1111 1106
f 1056 1061 1104
f 1056 1104 1108
f 1056 1108 1115
f 1048 1115 1027
f 1048 1056 1115
f 1022 1048 1027
f 1098 1149 1144
f 1098 1144 1095
f 1101 1149 1098
f 1097 1149 1101
f 1091 1156 1149
f 1091 1149 1097
f 914 1007 1022
f 914 1022 1027
f 1181 1295 1175
f 1181 1175 1156
f 1181 1091 1085
f 1181 1156 1091
f 1002 1032 1015
f 1024 1070 1073
f 1024 1067 1070
f 975 1002 1015
f 992 1065 1062
f 992 1062 1067
f 992 1067 1024
f 967 1015 991
f 967 975 1015
f 971 1065 992
f 1029 1080 1074
f 1029 1085 1080
f 1029 1181 1085
f 837 967 991
f 837 963 967
f 837 991 1007
f 837 1007 914
f 917 1065 971
f 917 971 965
f 917 1074 1065
f 917 1029 1074
f 841 963 837
f 841 917 965
f 841 965 963
f 924 915 1026
f 1038 924 1026
f 853 836 915
f 853 915 924
f 1165 1026 1179
f 1165 1038 1026
f 856 840 836
f 856 836 853
f 1283 1179 1293
f 1283 1165 1179
f 916 856 926
f 916 840 856
f 1368 1354 1283
f 1368 1283 1293
f 1356 1354 1368
f 1028 926 1040
f 1028 916 926
f 1373 1356 1368
f 1286 1356 1373
f 1180 1040 1168
f 1180 1028 1040
f 1294 1168 1286
f 1294 1286 1373
f 1294 1180 1168
f 836 840 837
f 837 840 841
f 841 916 917
f 840 916 841
f 917 1028 1029
f 916 1028 917
f 1029 1180 1181
f 1181 1180 1295
f 1028 1180 1029
f 1180 1294 1295
f 1295 1373 1372
f 1294 1373 1295
f 1023 946 1052
f 1008 903 946
f 1008 946 1023
f 1047 1023 1052
f 990 903 1008
f 1120 1052 1152
f 1114 1057 1047
f 1114 1047 1052
f 1114 1052 1120
f 1126 1120 1152
f 1109 1057 1114
f 1105 1057 1109
f 1105 1060 1057
f 1107 1060 1105
f 1130 1126 1152
f 1110 1060 1107
f 1262 1141 1130
f 1262 1130 1152
f 966 1016 976
f 966 990 1016
f 966 903 990
f 1001 976 1016
f 1001 1016 1033
f 962 904 903
f 962 903 966
f 964 904 962
f 1202 1136 1138
f 1202 1138 1142
f 1202 1142 1141
f 1182 1136 1202
f 1182 1133 1136
f 1230 1202 1141
f 1230 1141 1262
f 1239 1230 1262
f 1069 1025 1072
f 1066 993 1025
f 1066 1025 1069
f 1063 993 1066
f 1305 1247 1245
f 1305 1245 1239
f 1305 1239 1262
f 947 964 970
f 947 904 964
f 1064 970 993
f 1064 993 1063
f 1064 947 970
f 1075 947 1064
f 1172 1205 1233
f 1189 1233 1241
f 1189 1172 1233
f 1145 1099 1094
f 1214 1189 1241
f 1148 1096 1100
f 1148 1100 1099
f 1148 1099 1145
f 1155 1090 1096
f 1155 1096 1148
f 1306 1217 1214
f 1306 1241 1247
f 1306 1247 1305
f 1306 1214 1241
f 1053 1075 1079
f 1053 1079 1084
f 1053 947 1075
f 1153 1084 1090
f 1153 1155 1174
f 1153 1090 1155
f 1153 1053 1084
f 1263 1217 1306
f 1263 1153 1174
f 1263 1174 1190
f 1263 1190 1217
f 1349 1350 1276
f 1276 1277 1163
f 1350 1277 1276
f 1277 1162 1163
f 1163 1046 1045
f 1162 1046 1163
f 1045 935 934
f 1046 935 1045
f 934 864 863
f 935 864 934
f 863 859 860
f 864 859 863
f 1349 1276 1306
f 1306 1276 1263
f 1263 1163 1153
f 1276 1163 1263
f 1153 1045 1053
f 1163 1045 1153
f 1053 934 947
f 1045 934 1053
f 934 904 947
f 934 863 904
f 863 903 904
f 863 860 903
f 925 902 895
f 925 905 902
f 925 906 905
f 910 906 925
f 912 910 925
f 928 912 925
f 941 925 951
f 941 928 925
f 950 941 951
f 958 951 961
f 955 950 951
f 955 951 958
f 969 961 951
f 977 969 951
f 897 785 815
f 876 785 897
f 1017 876 897
f 986 876 1017
f 1199 1017 1185
f 1199 986 1017
f 1328 1185 1308
f 1328 1199 1185
f 1412 1308 1388
f 1412 1328 1308
f 1418 1388 1389
f 1418 1412 1388
f 957 958 968
f 958 961 968
f 961 969 968
f 968 977 994
f 969 977 968
f 977 1000 994
f 1000 1021 994
f 994 1034 1035
f 1021 1034 994
f 1055 1054 1049
f 1044 1041 1035
f 1044 1049 1041
f 1044 1055 1049
f 1034 1044 1035
f 954 949 950
f 954 950 955
f 956 954 955
f 957 955 958
f 957 956 955
f 1123 1124 1134
f 1124 1127 1134
f 1127 1137 1134
f 1134 1147 1154
f 1137 1147 1134
f 1147 1157 1154
f 1157 1177 1154
f 1154 1187 1186
f 1177 1187 1154
f 851 852 874
f 852 865 874
f 865 875 874
f 874 895 898
f 875 895 874
f 895 902 898
f 902 905 898
f 898 906 907
f 905 906 898
f 760 761 774
f 761 766 774
f 766 775 774
f 774 783 788
f 775 783 774
f 783 793 788
f 793 799 788
f 788 790 789
f 799 790 788
f 702 703 717
f 703 714 717
f 717 721 728
f 714 721 717
f 721 727 728
f 728 724 725
f 727 724 728
f 742 741 744
f 744 749 752
f 741 749 744
f 752 751 746
f 749 751 752
f 751 745 746
f 826 824 820
f 827 824 826
f 825 824 827
f 824 821 820
f 937 938 931
f 938 936 931
f 936 930 931
f 931 922 919
f 930 922 931
f 922 918 919
f 918 909 919
f 919 899 900
f 909 899 919
f 1081 1082 1071
f 1082 1078 1071
f 1078 1068 1071
f 1071 1058 1051
f 1068 1058 1071
f 1058 1050 1051
f 1050 1030 1051
f 1051 1018 1019
f 1030 1018 1051
f 1251 1252 1243
f 1252 1248 1243
f 1248 1242 1243
f 1243 1234 1213
f 1242 1234 1243
f 1234 1207 1213
f 1207 1184 1213
f 1213 1171 1170
f 1184 1171 1213
f 1357 1358 1335
f 1358 1344 1335
f 1344 1334 1335
f 1335 1314 1311
f 1334 1314 1335
f 1314 1307 1311
f 1307 1304 1311
f 1311 1303 1302
f 1304 1303 1311
f 1444 1443 1430
f 1443 1438 1430
f 1438 1429 1430
f 1430 1421 1416
f 1429 1421 1430
f 1421 1411 1416
f 1411 1405 1416
f 1416 1415 1414
f 1405 1415 1416
f 1496 1495 1476
f 1495 1481 1476
f 1481 1475 1476
f 1476 1471 1470
f 1475 1471 1476
f 1471 1472 1470
f 1472 1477 1470
f 1470 1483 1482
f 1477 1483 1470
f 1461 1460 1452
f 1460 1455 1452
f 1455 1453 1452
f 1452 1458 1459
f 1453 1458 1452
f 1458 1462 1459
f 1462 1474 1459
f 1459 1485 1486
f 1474 1485 1459
f 1381 1382 1384
f 1382 1383 1384
f 1383 1385 1384
f 1384 1387 1392
f 1385 1387 1384
f 1387 1393 1392
f 1393 1402 1392
f 1392 1425 1424
f 1402 1425 1392
f 1271 1272 1278
f 1272 1273 1278
f 1273 1279 1278
f 1278 1287 1290
f 1279 1287 1278
f 1287 1291 1290
f 1291 1300 1290
f 1290 1310 1309
f 1300 1310 1290
f 1236 1235 1229
f 1226 1210 1186
f 1226 1229 1210
f 1226 1236 1229
f 1187 1226 1186
f 1118 1112 1113
f 1118 1113 1119
f 1122 1118 1119
f 1123 1119 1124
f 1123 1122 1119
f 1337 1336 1325
f 1315 1313 1309
f 1315 1325 1313
f 1315 1337 1325
f 1310 1315 1309
f 1266 1264 1265
f 1266 1265 1269
f 1270 1266 1269
f 1271 1269 1272
f 1271 1270 1269
f 1439 1440 1437
f 1436 1431 1424
f 1436 1437 1431
f 1436 1439 1437
f 1425 1436 1424
f 1376 1374 1375
f 1376 1375 1379
f 1380 1376 1379
f 1381 1379 1382
f 1381 1380 1379
f 1499 1500 1498
f 1497 1494 1486
f 1497 1498 1494
f 1497 1499 1498
f 1485 1497 1486
f 1467 1464 1463
f 1467 1463 1466
f 1465 1467 1466
f 1461 1466 1460
f 1461 1465 1466
f 1489 1487 1484
f 1489 1488 1487
f 1483 1484 1482
f 1483 1489 1484
f 1509 1512 1513
f 1509 1513 1506
f 1505 1509 1506
f 1496 1506 1495
f 1496 1505 1506
f 1404 1403 1408
f 1417 1420 1414
f 1417 1408 1420
f 1417 1404 1408
f 1415 1417 1414
f 1449 1457 1456
f 1449 1456 1448
f 1447 1449 1448
f 1444 1448 1443
f 1444 1447 1448
f 1297 1296 1298
f 1299 1301 1302
f 1299 1298 1301
f 1299 1297 1298
f 1303 1299 1302
f 1365 1371 1370
f 1365 1370 1363
f 1359 1365 1363
f 1357 1363 1358
f 1357 1359 1363
f 1151 1150 1158
f 1161 1164 1170
f 1161 1158 1164
f 1161 1151 1158
f 1171 1161 1170
f 1255 1259 1260
f 1255 1260 1254
f 1253 1255 1254
f 1251 1254 1252
f 1251 1253 1254
f 974 973 978
f 981 997 1019
f 981 978 997
f 981 974 978
f 1018 981 1019
f 1087 1092 1093
f 1087 1093 1086
f 1083 1087 1086
f 1081 1086 1082
f 1081 1083 1086
f 873 872 884
f 894 896 900
f 894 884 896
f 894 873 884
f 899 894 900
f 943 944 945
f 943 945 940
f 939 943 940
f 937 940 938
f 937 939 940
f 765 764 767
f 768 773 779
f 768 767 773
f 768 765 767
f 780 768 779
f 823 828 829
f 822 829 824
f 822 823 829
f 825 822 824
f 699 698 700
f 701 704 710
f 701 700 704
f 701 699 700
f 711 701 710
f 731 734 733
f 731 733 732
f 735 731 732
f 742 732 741
f 742 735 732
f 708 707 705
f 706 709 712
f 706 705 709
f 706 708 705
f 713 706 712
f 693 690 689
f 693 689 696
f 697 693 696
f 702 696 703
f 702 697 696
f 801 800 796
f 787 784 789
f 787 796 784
f 787 801 796
f 790 787 789
f 755 747 748
f 755 748 756
f 757 755 756
f 760 756 761
f 760 757 756
f 912 913 911
f 910 908 907
f 910 911 908
f 910 912 911
f 906 910 907
f 844 838 839
f 844 839 846
f 850 844 846
f 851 846 852
f 851 850 846
f 868 862 979
f 982 868 979
f 777 769 862
f 777 862 868
f 1211 979 1222
f 1211 982 979
f 781 772 769
f 781 769 777
f 1338 1222 1342
f 1338 1211 1222
f 870 772 781
f 1422 1338 1342
f 866 772 870
f 1433 1422 1342
f 984 870 995
f 984 866 870
f 1434 1426 1422
f 1434 1422 1433
f 1227 995 1224
f 1227 984 995
f 1348 1224 1340
f 1348 1340 1426
f 1348 1426 1434
f 1348 1227 1224
f 1394 1396 1397
f 1394 1397 1395
f 1316 1395 1317
f 1316 1394 1395
f 1193 1317 1194
f 1193 1316 1317
f 1003 1194 1004
f 1003 1193 1194
f 887 1004 888
f 887 1003 1004
f 807 888 808
f 807 887 888
f 1400 1323 1396
f 1396 1323 1321
f 1340 1330 1426
f 1409 1330 1400
f 1426 1330 1409
f 1400 1330 1323
f 1321 1208 1203
f 1323 1208 1321
f 1224 1218 1340
f 1340 1218 1330
f 1323 1218 1208
f 1330 1218 1323
f 1203 1012 1013
f 1208 1012 1203
f 870 1010 995
f 995 1010 1224
f 1208 1010 1012
f 1218 1010 1208
f 1224 1010 1218
f 1013 889 892
f 1010 889 1012
f 1012 889 1013
f 1010 882 889
f 870 882 1010
f 892 805 809
f 809 805 807
f 807 805 803
f 889 805 892
f 777 798 781
f 781 798 870
f 803 798 794
f 794 798 777
f 870 798 882
f 882 798 889
f 805 798 803
f 889 798 805
f 804 806 808
f 808 806 810
f 782 797 778
f 795 797 804
f 778 797 795
f 804 797 806
f 810 890 893
f 806 890 810
f 871 883 782
f 782 883 797
f 806 883 890
f 797 883 806
f 893 1011 1014
f 890 1011 893
f 996 1009 871
f 890 1009 1011
f 883 1009 890
f 871 1009 883
f 1014 1209 1204
f 1009 1209 1011
f 1011 1209 1014
f 1225 1219 996
f 996 1219 1009
f 1009 1219 1209
f 1204 1324 1322
f 1322 1324 1397
f 1397 1324 1401
f 1401 1324 1410
f 1209 1324 1204
f 1427 1331 1341
f 1341 1331 1225
f 1410 1331 1427
f 1219 1331 1209
f 1225 1331 1219
f 1324 1331 1410
f 1209 1331 1324
f 1362 1289 1350
f 1350 1289 1277
f 1277 1176 1162
f 1289 1176 1277
f 1162 1036 1046
f 1176 1036 1162
f 1036 935 1046
f 1036 921 935
f 935 849 864
f 921 849 935
f 864 847 859
f 849 847 864
f 861 770 786
f 861 786 877
f 980 877 987
f 980 861 877
f 1223 987 1200
f 1223 980 987
f 1329 1223 1200
f 1343 1223 1329
f 1432 1329 1413
f 1432 1343 1329
f 1435 1413 1419
f 1435 1432 1413
f 6150 5232 6201
f 5232 5252 6201
f 6201 5260 6210
f 6210 5260 6207
f 5252 5260 6201
f 5260 5256 6207
f 6207 5237 6167
f 5256 5237 6207
f 6167 5216 6107
f 6107 5216 6015
f 5237 5216 6167
f 5216 5196 6015
f 5164 5188 5186
f 5164 5169 5188
f 5163 5186 5181
f 5163 5164 5186
f 5162 5181 5179
f 5162 5163 5181
f 5280 5560 5393
f 5280 5403 5560
f 5239 5393 5262
f 5239 5280 5393
f 5206 5262 5225
f 5206 5239 5262
f 5189 5225 5204
f 5189 5206 5225
f 5176 5204 5194
f 5176 5189 5204
f 5185 5194 5199
f 5185 5176 5194
f 5925 5924 6045
f 5848 6045 5939
f 5848 5925 6045
f 5650 5894 5858
f 5649 5894 5650
f 5707 5939 5895
f 5707 5848 5939
f 5473 5650 5858
f 5473 5858 5687
f 5473 5687 5570
f 5627 5707 5895
f 5311 5573 5509
f 5310 5573 5311
f 5705 5895 5891
f 5705 5627 5895
f 5705 5591 5627
f 5749 5705 5891
f 5324 5473 5570
f 5324 5570 5474
f 5600 5591 5705
f 5600 5505 5591
f 5584 5505 5600
f 5253 5509 5319
f 5253 5319 5263
f 5253 5311 5509
f 5844 5891 5923
f 5844 5749 5891
f 5283 5324 5474
f 5243 5271 5259
f 5227 5243 5259
f 5323 5275 5283
f 5323 5474 5505
f 5323 5283 5474
f 5353 5505 5584
f 5353 5323 5505
f 5230 5263 5249
f 5230 5253 5263
f 5904 5923 6004
f 5904 5844 5923
f 5277 5255 5275
f 5277 5275 5323
f 5270 5255 5277
f 5203 5227 5207
f 5203 5243 5227
f 5449 5353 5584
f 5449 5584 5677
f 5217 5230 5249
f 5959 5904 6004
f 6123 5959 6004
f 6123 5956 5959
f 5233 5255 5270
f 5226 5255 5233
f 5226 5214 5217
f 5226 5249 5255
f 5226 5217 5249
f 5580 5449 5677
f 5580 5677 5818
f 5580 5818 5912
f 5215 5214 5226
f 5215 5201 5214
f 5182 5207 5198
f 5182 5203 5207
f 5213 5201 5215
f 5248 5233 5270
f 5248 5270 5301
f 5987 5956 6123
f 5987 5930 5956
f 5758 5580 5912
f 5952 5758 5912
f 5952 5930 5987
f 5952 5756 5758
f 5952 5912 5930
f 5177 5182 5198
f 5177 5198 5201
f 5177 5201 5213
f 5177 5213 5220
f 5272 5248 5301
f 5272 5301 5423
f 5272 5423 5598
f 5847 5756 5952
f 5847 5679 5756
f 5411 5272 5598
f 5191 5220 5247
f 5191 5177 5220
f 5753 5411 5598
f 5753 5679 5847
f 5753 5598 5679
f 5753 5410 5411
f 5224 5191 5247
f 5224 5247 5282
f 5489 5410 5753
f 5489 5318 5410
f 5415 5224 5282
f 5415 5318 5489
f 5415 5282 5318
f 5278 5224 5415
f 5175 5200 5187
f 5171 5200 5175
f 5166 5200 5171
f 5200 5228 5187
f 5228 5344 5187
f 5166 5185 5200
f 5228 5264 5344
f 5166 5176 5185
f 5481 5336 5523
f 5442 5336 5481
f 5344 5336 5442
f 5264 5336 5344
f 5336 5439 5523
f 5176 5167 5189
f 5166 5167 5176
f 5167 5170 5189
f 5170 5172 5189
f 5172 5179 5189
f 5179 5181 5189
f 5181 5186 5189
f 5189 5188 5206
f 5186 5188 5189
f 5188 5239 5206
f 5280 5524 5403
f 5403 5524 5439
f 5439 5524 5523
f 5280 5480 5524
f 5239 5345 5280
f 5280 5443 5480
f 5345 5443 5280
f 5188 5345 5239
f 5274 5328 5307
f 5274 5352 5328
f 5163 5162 5164
f 5274 5237 5352
f 5169 5216 5274
f 5274 5216 5237
f 5156 5149 5162
f 5237 5256 5352
f 5169 5196 5216
f 5164 5148 5169
f 5162 5148 5164
f 5149 5148 5162
f 5256 5260 5352
f 5148 5184 5169
f 5169 5184 5196
f 5148 5174 5184
f 5252 5351 5260
f 5260 5351 5352
f 5327 5273 5306
f 5351 5273 5327
f 5232 5273 5252
f 5212 5273 5232
f 5252 5273 5351
f 5174 5147 5180
f 5180 5147 5190
f 5148 5147 5174
f 5152 5168 5147
f 5190 5168 5212
f 5147 5168 5190
f 5212 5168 5273
f 5152 5161 5168
f 5243 5262 5325
f 5325 5393 5586
f 5262 5393 5325
f 5243 5225 5262
f 5393 5560 5586
f 5243 5203 5225
f 5560 5721 5586
f 5203 5204 5225
f 5560 5581 5721
f 5203 5182 5204
f 5581 5689 5721
f 5182 5194 5204
f 5581 5504 5689
f 5182 5177 5194
f 5504 5530 5689
f 5177 5199 5194
f 5504 5320 5530
f 5199 5191 5218
f 5177 5191 5199
f 5250 5278 5320
f 5320 5278 5530
f 5218 5224 5250
f 5191 5224 5218
f 5250 5224 5278
f 6017 5987 6123
f 6112 6123 6208
f 6112 6017 6123
f 5886 5952 5953
f 5847 5952 5886
f 6164 6208 6219
f 6164 6112 6208
f 5945 5886 5953
f 5945 5953 6035
f 5945 6035 6110
f 6200 6164 6219
f 5569 5753 5755
f 5489 5753 5569
f 6209 6219 6226
f 6209 6200 6219
f 6209 6195 6200
f 6213 6209 6226
f 6013 5945 6110
f 6013 6110 6141
f 6196 6195 6209
f 6196 6154 6195
f 6183 6154 6196
f 5745 5755 5898
f 5745 5569 5755
f 6202 6226 6218
f 6202 6213 6226
f 6046 6013 6141
f 5278 5415 5416
f 5596 5278 5416
f 6092 6038 6046
f 6092 6141 6154
f 6092 6046 6141
f 6093 6154 6183
f 6093 6092 6154
f 5885 5898 5948
f 5885 5948 5973
f 5885 5745 5898
f 6149 6218 6163
f 6149 6202 6218
f 6043 5999 6038
f 6043 6038 6092
f 6028 5999 6043
f 5530 5596 5762
f 5530 5278 5596
f 6051 6093 6183
f 6051 6183 6147
f 5915 5885 5973
f 6069 6149 6163
f 6045 6069 6163
f 6045 6041 6069
f 5940 5999 6028
f 5936 5999 5940
f 5936 5907 5915
f 5936 5973 5999
f 5936 5915 5973
f 5977 6051 6147
f 5977 6147 6091
f 5977 6091 6001
f 5913 5872 5907
f 5913 5907 5936
f 5689 5762 5851
f 5689 5530 5762
f 5901 5872 5913
f 5917 5940 6028
f 5917 6028 5980
f 5924 6041 6045
f 5924 6000 6041
f 5918 5977 6001
f 5894 5918 6001
f 5894 6000 5924
f 5894 6001 6000
f 5894 5900 5918
f 5721 5872 5901
f 5721 5851 5872
f 5721 5689 5851
f 5721 5901 5855
f 5849 5917 5980
f 5849 5980 5933
f 5849 5933 5854
f 5649 5900 5894
f 5649 5853 5900
f 5652 5849 5854
f 5586 5721 5855
f 5586 5855 5697
f 5573 5652 5854
f 5573 5853 5649
f 5573 5589 5652
f 5573 5854 5853
f 5325 5586 5697
f 5325 5697 5521
f 5310 5589 5573
f 5310 5520 5589
f 5271 5325 5521
f 5271 5520 5310
f 5271 5521 5520
f 5243 5325 5271
f 5925 5848 5931
f 5848 5887 5931
f 5707 5827 5848
f 5848 5827 5887
f 5707 5743 5827
f 5707 5627 5743
f 5591 5603 5700
f 5591 5505 5603
f 5474 5570 5590
f 5590 5570 5655
f 5570 5754 5655
f 5570 5687 5754
f 5687 5877 5754
f 5687 5858 5877
f 5650 5473 5684
f 5473 5566 5684
f 5324 5459 5473
f 5473 5459 5566
f 5324 5402 5459
f 5324 5283 5402
f 5275 5285 5335
f 5275 5255 5285
f 5249 5263 5281
f 5281 5263 5315
f 5315 5319 5412
f 5263 5319 5315
f 5319 5553 5412
f 5319 5509 5553
f 5253 5321 5311
f 5253 5266 5321
f 5230 5251 5253
f 5253 5251 5266
f 5230 5244 5251
f 5230 5217 5244
f 5214 5222 5235
f 5214 5201 5222
f 5198 5207 5219
f 5219 5207 5229
f 5229 5227 5245
f 5245 5227 5265
f 5207 5227 5229
f 5227 5259 5265
f 5470 5374 5489
f 5489 5374 5415
f 5843 5729 5847
f 5847 5729 5753
f 5974 5943 5987
f 5987 5943 5952
f 6004 6070 6123
f 5923 5998 6004
f 6004 5998 6070
f 6123 6150 6208
f 6070 6150 6123
f 5891 5951 5923
f 5923 5951 5998
f 6150 6201 6208
f 5891 5938 5951
f 6201 6219 6208
f 5891 5895 5938
f 6201 6210 6219
f 5895 5960 5938
f 6207 6226 6210
f 6210 6226 6219
f 5960 5939 6015
f 5895 5939 5960
f 6167 6218 6207
f 6207 6218 6226
f 6015 6045 6107
f 5939 6045 6015
f 6107 6163 6167
f 6167 6163 6218
f 6045 6163 6107
f 5818 5916 5912
f 5677 5857 5818
f 5818 5857 5916
f 5677 5757 5857
f 5584 5690 5677
f 5677 5690 5757
f 5600 5705 5719
f 5719 5705 5839
f 5749 5844 5850
f 5850 5844 5890
f 5890 5904 5922
f 5922 5904 5964
f 5844 5904 5890
f 5904 5959 5964
f 5934 5965 5956
f 5934 5956 5930
f 5247 5300 5282
f 5247 5261 5300
f 5220 5246 5247
f 5247 5246 5261
f 5213 5234 5220
f 5220 5234 5246
f 5215 5226 5238
f 5238 5226 5254
f 5233 5248 5258
f 5258 5248 5269
f 5269 5272 5314
f 5314 5272 5429
f 5248 5272 5269
f 5272 5411 5429
f 5326 5430 5410
f 5326 5410 5318
f 5423 5621 5598
f 5301 5512 5423
f 5423 5512 5621
f 5301 5413 5512
f 5270 5329 5301
f 5301 5329 5413
f 5277 5323 5361
f 5361 5323 5464
f 5353 5449 5484
f 5484 5449 5568
f 5568 5449 5644
f 5644 5580 5789
f 5449 5580 5644
f 5580 5758 5789
f 5688 5790 5756
f 5688 5756 5679
f 5655 5603 5590
f 5700 5603 5655
f 5899 5754 5877
f 5827 5743 5700
f 5827 5700 5655
f 5887 5655 5754
f 5887 5827 5655
f 5932 5887 5754
f 5932 5754 5899
f 5931 5887 5932
f 5899 5924 5932
f 5899 5894 5924
f 5315 5285 5281
f 5335 5285 5315
f 5585 5412 5553
f 5459 5402 5335
f 5459 5335 5315
f 5566 5315 5412
f 5566 5459 5315
f 5685 5566 5412
f 5685 5412 5585
f 5684 5566 5685
f 5585 5649 5685
f 5585 5573 5649
f 5229 5222 5219
f 5279 5245 5265
f 5251 5244 5235
f 5251 5235 5222
f 5251 5222 5229
f 5266 5229 5245
f 5266 5251 5229
f 5266 5245 5279
f 5322 5266 5279
f 5321 5266 5322
f 5279 5310 5322
f 5279 5271 5310
f 5857 5934 5916
f 5965 5934 5857
f 5719 5757 5690
f 5922 5964 5965
f 5922 5965 5857
f 5890 5857 5757
f 5890 5922 5857
f 5839 5890 5757
f 5839 5757 5719
f 5850 5890 5839
f 5261 5326 5300
f 5238 5246 5234
f 5314 5429 5430
f 5314 5430 5326
f 5314 5326 5261
f 5269 5261 5246
f 5269 5314 5261
f 5254 5269 5246
f 5254 5246 5238
f 5258 5269 5254
f 5512 5688 5621
f 5790 5688 5512
f 5361 5413 5329
f 5644 5789 5790
f 5644 5790 5512
f 5568 5512 5413
f 5568 5644 5512
f 5464 5568 5413
f 5464 5413 5361
f 5484 5568 5464
f 6130 6147 6183
f 6050 6147 6111
f 6111 6147 6130
f 5986 6091 6050
f 6050 6091 6147
f 5986 6001 6091
f 6194 6148 6209
f 6209 6148 6196
f 6069 6066 6149
f 6066 6122 6149
f 6149 6168 6202
f 6122 6168 6149
f 6202 6197 6213
f 6168 6197 6202
f 6041 5985 6034
f 6000 5985 6041
f 5766 5855 5901
f 5701 5855 5766
f 5476 5697 5595
f 5595 5697 5701
f 5701 5697 5855
f 5476 5521 5697
f 5882 5828 5936
f 5936 5828 5913
f 5652 5608 5849
f 5608 5752 5849
f 5849 5852 5917
f 5752 5852 5849
f 5917 5892 5940
f 5852 5892 5917
f 5589 5475 5576
f 5520 5475 5589
f 5961 5980 6028
f 5937 5980 5961
f 5846 5933 5906
f 5906 5933 5937
f 5937 5933 5980
f 5846 5854 5933
f 6016 5969 6092
f 6092 5969 6043
f 5918 5914 5977
f 5914 5955 5977
f 5977 6002 6051
f 5955 6002 5977
f 6051 6031 6093
f 6002 6031 6051
f 5900 5845 5893
f 5853 5845 5900
f 6119 6164 6153
f 6153 6164 6200
f 6119 6071 6164
f 6071 6112 6164
f 6071 6014 6112
f 6014 6017 6112
f 6108 6146 6195
f 6108 6195 6154
f 5944 6035 5953
f 5944 6003 6035
f 6035 6049 6110
f 6003 6049 6035
f 6049 6090 6110
f 6090 6141 6110
f 5972 6013 6046
f 5954 6013 5972
f 5921 5945 5954
f 5954 5945 6013
f 5921 5867 5945
f 5867 5886 5945
f 5935 5966 6038
f 5935 6038 5999
f 5730 5898 5755
f 5730 5856 5898
f 5898 5905 5948
f 5856 5905 5898
f 5905 5926 5948
f 5926 5973 5948
f 5840 5885 5915
f 5750 5885 5840
f 5541 5745 5643
f 5643 5745 5750
f 5750 5745 5885
f 5541 5569 5745
f 5691 5807 5907
f 5691 5907 5872
f 5416 5375 5596
f 5375 5510 5596
f 5596 5594 5762
f 5510 5594 5596
f 5594 5670 5762
f 5670 5851 5762
f 6050 5985 5986
f 6034 5985 6050
f 6148 6111 6130
f 6122 6066 6034
f 6122 6034 6050
f 6168 6050 6111
f 6168 6122 6050
f 6194 6168 6111
f 6194 6111 6148
f 6197 6168 6194
f 5595 5475 5476
f 5828 5701 5766
f 5752 5608 5576
f 5752 5576 5475
f 5752 5475 5595
f 5852 5595 5701
f 5852 5752 5595
f 5882 5852 5701
f 5882 5701 5828
f 5892 5852 5882
f 5906 5845 5846
f 5893 5845 5906
f 5969 5937 5961
f 5955 5914 5893
f 5955 5893 5906
f 6002 5906 5937
f 6002 5955 5906
f 6016 6002 5937
f 6016 5937 5969
f 6031 6002 6016
f 6049 6108 6090
f 6146 6108 6049
f 5943 6003 5944
f 6119 6153 6146
f 6119 6146 6049
f 6071 6049 6003
f 6071 6119 6049
f 5974 6071 6003
f 5974 6003 5943
f 6014 6071 5974
f 5905 5935 5926
f 5966 5935 5905
f 5729 5856 5730
f 5954 5972 5966
f 5954 5966 5905
f 5921 5905 5856
f 5921 5954 5905
f 5843 5921 5856
f 5843 5856 5729
f 5867 5921 5843
f 5594 5691 5670
f 5374 5510 5375
f 5750 5840 5807
f 5750 5807 5691
f 5750 5691 5594
f 5643 5594 5510
f 5643 5750 5594
f 5643 5510 5374
f 5470 5643 5374
f 5541 5643 5470
f 5200 5185 5199
f 5200 5199 5218
f 5228 5218 5250
f 5228 5200 5218
f 5264 5250 5320
f 5264 5228 5250
f 5336 5320 5504
f 5336 5264 5320
f 5439 5504 5581
f 5439 5336 5504
f 5403 5581 5560
f 5403 5439 5581
f 5188 5169 5274
f 5188 5274 5345
f 5167 5166 5147
f 5148 5167 5147
f 5168 5187 5344
f 5168 5344 5273
f 5352 5351 5523
f 5352 5523 5524
f 5306 5344 5442
f 5306 5273 5344
f 5327 5442 5481
f 5327 5306 5442
f 5351 5481 5523
f 5351 5327 5481
f 5152 5166 5171
f 5152 5147 5166
f 5161 5171 5175
f 5161 5152 5171
f 5168 5175 5187
f 5168 5161 5175
f 5328 5524 5480
f 5328 5352 5524
f 5307 5480 5443
f 5307 5328 5480
f 5274 5443 5345
f 5274 5307 5443
f 5156 5162 5179
f 5156 5179 5172
f 5149 5170 5167
f 5149 5172 5170
f 5149 5156 5172
f 5148 5149 5167
f 5196 5184 6015
f 6015 5184 5960
f 5960 5174 5938
f 5184 5174 5960
f 5938 5180 5951
f 5174 5180 5938
f 5951 5190 5998
f 5180 5190 5951
f 5998 5212 6070
f 6070 5212 6150
f 5190 5212 5998
f 5212 5232 6150
f 6031 6016 6093
f 6093 6016 6092
f 5918 5893 5914
f 5918 5900 5893
f 5846 5853 5854
f 5846 5845 5853
f 5969 5961 6043
f 6043 5961 6028
f 5892 5882 5940
f 5940 5882 5936
f 5652 5576 5608
f 5652 5589 5576
f 5476 5520 5521
f 5476 5475 5520
f 5828 5766 5913
f 5913 5766 5901
f 6197 6194 6213
f 6213 6194 6209
f 6069 6034 6066
f 6069 6041 6034
f 5986 6000 6001
f 5986 5985 6000
f 6148 6130 6196
f 6196 6130 6183
f 5484 5464 5353
f 5353 5464 5323
f 5758 5790 5789
f 5758 5756 5790
f 5621 5679 5598
f 5621 5688 5679
f 5361 5329 5277
f 5277 5329 5270
f 5258 5254 5233
f 5233 5254 5226
f 5411 5430 5429
f 5411 5410 5430
f 5300 5318 5282
f 5300 5326 5318
f 5238 5234 5215
f 5215 5234 5213
f 5850 5839 5749
f 5749 5839 5705
f 5959 5965 5964
f 5959 5956 5965
f 5916 5930 5912
f 5916 5934 5930
f 5719 5690 5600
f 5600 5690 5584
f 6200 6146 6153
f 6200 6195 6146
f 6090 6154 6141
f 6090 6108 6154
f 5943 5944 5952
f 5952 5944 5953
f 5987 6017 5974
f 5974 6017 6014
f 5847 5886 5843
f 5843 5886 5867
f 6046 5966 5972
f 6046 6038 5966
f 5926 5999 5973
f 5926 5935 5999
f 5729 5730 5753
f 5753 5730 5755
f 5489 5569 5470
f 5470 5569 5541
f 5374 5375 5415
f 5415 5375 5416
f 5217 5235 5244
f 5217 5214 5235
f 5219 5201 5198
f 5219 5222 5201
f 5279 5265 5271
f 5271 5265 5259
f 5310 5311 5322
f 5322 5311 5321
f 5283 5335 5402
f 5283 5275 5335
f 5281 5255 5249
f 5281 5285 5255
f 5585 5553 5573
f 5573 5553 5509
f 5649 5650 5685
f 5685 5650 5684
f 5627 5700 5743
f 5627 5591 5700
f 5590 5505 5474
f 5590 5603 5505
f 5899 5877 5894
f 5894 5877 5858
f 5924 5925 5932
f 5932 5925 5931
f 5915 5807 5840
f 5915 5907 5807
f 5670 5872 5851
f 5670 5691 5872
f 2113 2112 2080
f 2080 2112 2078
f 2078 2107 2076
f 2112 2107 2078
f 2076 2104 2072
f 2107 2104 2076
f 2072 2098 2065
f 2104 2098 2072
f 2065 2093 2060
f 2098 2093 2065
f 2060 2091 2056
f 2093 2091 2060
f 2434 2421 2120
f 2120 2421 2117
f 2117 2355 2110
f 2421 2355 2117
f 2110 2261 2105
f 2355 2261 2110
f 2105 2212 2102
f 2261 2212 2105
f 2102 2165 2096
f 2212 2165 2102
f 2096 2159 2094
f 2165 2159 2096
f 3067 3043 2499
f 2499 3043 2490
f 2490 2948 2405
f 2405 2948 2309
f 3043 2948 2490
f 2948 2853 2309
f 2309 2750 2226
f 2853 2750 2309
f 2226 2688 2209
f 2750 2688 2226
f 2209 2666 2176
f 2688 2666 2209
f 4455 4497 4458
f 4458 4497 4500
f 4500 4493 4496
f 4497 4493 4500
f 4496 4447 4450
f 4493 4447 4496
f 4450 4293 4296
f 4447 4293 4450
f 4296 4120 4123
f 4293 4120 4296
f 4123 3975 3978
f 4120 3975 4123
f 4345 4343 4390
f 4343 4392 4390
f 4390 4387 4388
f 4392 4387 4390
f 4388 4338 4339
f 4387 4338 4388
f 4247 4249 4187
f 4339 4249 4247
f 4338 4249 4339
f 4249 4186 4187
f 4187 4075 4076
f 4186 4075 4187
f 5833 5878 5836
f 5836 5878 5881
f 5881 5873 5876
f 5878 5873 5881
f 5876 5823 5826
f 5873 5823 5876
f 5826 5659 5662
f 5823 5659 5826
f 5662 5485 5488
f 5659 5485 5662
f 5488 5330 5333
f 5485 5330 5488
f 5710 5712 5763
f 5712 5764 5763
f 5763 5761 5759
f 5764 5761 5763
f 5759 5702 5703
f 5761 5702 5759
f 5610 5609 5548
f 5703 5609 5610
f 5702 5609 5703
f 5609 5547 5548
f 5548 5452 5450
f 5547 5452 5548
f 1996 2016 1999
f 1999 2016 2019
f 2019 2012 2015
f 2016 2012 2019
f 2015 1988 1991
f 2012 1988 2015
f 1991 1859 1862
f 1988 1859 1991
f 1862 1724 1727
f 1859 1724 1862
f 1727 1599 1602
f 1724 1599 1727
f 1903 1905 1938
f 1905 1937 1938
f 1938 1935 1936
f 1937 1935 1938
f 1936 1899 1897
f 1935 1899 1936
f 1820 1819 1773
f 1897 1819 1820
f 1899 1819 1897
f 1819 1775 1773
f 1773 1698 1696
f 1775 1698 1773
f 3825 3880 3824
f 3824 3880 3881
f 3881 3878 3879
f 3880 3878 3881
f 3879 3822 3823
f 3878 3822 3879
f 3823 3602 3603
f 3822 3602 3823
f 3603 3461 3462
f 3602 3461 3603
f 3462 3293 3294
f 3461 3293 3462
f 3719 3718 3768
f 3718 3769 3768
f 3768 3764 3765
f 3769 3764 3768
f 3765 3711 3712
f 3764 3711 3765
f 3585 3584 3493
f 3712 3584 3585
f 3711 3584 3712
f 3584 3492 3493
f 3493 3382 3383
f 3492 3382 3493
f 6203 6214 6204
f 6204 6214 6215
f 6215 6221 6220
f 6214 6221 6215
f 6220 6230 6229
f 6221 6230 6220
f 6229 6234 6233
f 6230 6234 6229
f 6233 6239 6238
f 6234 6239 6233
f 6238 6232 6231
f 6239 6232 6238
f 5053 5095 5052
f 5052 5095 5094
f 5094 5124 5123
f 5095 5124 5094
f 5123 5133 5132
f 5124 5133 5123
f 5132 5144 5143
f 5133 5144 5132
f 5143 5146 5145
f 5144 5146 5143
f 5145 5135 5136
f 5146 5135 5145
f 1546 1550 1545
f 1545 1550 1549
f 1549 1574 1573
f 1550 1574 1549
f 1573 1598 1597
f 1574 1598 1573
f 1597 1666 1665
f 1598 1666 1597
f 1665 1669 1668
f 1666 1669 1665
f 1668 1604 1603
f 1669 1604 1668
f 2610 2686 2611
f 2611 2686 2685
f 2685 2802 2801
f 2686 2802 2685
f 2801 2894 2893
f 2802 2894 2801
f 2893 2954 2953
f 2894 2954 2893
f 2953 2957 2956
f 2954 2957 2953
f 2956 2902 2901
f 2957 2902 2956
f 1531 1528 1535
f 1528 1533 1527
f 1531 1533 1528
f 1533 1525 1527
f 1533 1542 1525
f 1542 1523 1525
f 1542 1550 1523
f 1542 1574 1550
f 1542 1598 1574
f 1550 1546 1523
f 1546 1539 1523
f 1598 2038 1666
f 1666 2038 1669
f 1544 1515 1539
f 1539 1515 1523
f 2085 2045 2083
f 2083 2045 2038
f 2045 1604 2038
f 2038 1604 1669
f 1544 1548 1515
f 1548 1517 1515
f 2045 1576 1604
f 1548 1519 1517
f 1548 1521 1519
f 1576 1521 1552
f 1552 1521 1548
f 3146 2634 3135
f 3135 2634 2619
f 2802 2686 2634
f 2634 2894 2802
f 2634 2610 2619
f 2686 2610 2634
f 2610 2563 2619
f 2619 2563 2045
f 2045 2563 1576
f 2894 3479 2954
f 2954 3479 2957
f 3578 3574 3531
f 3612 3574 3578
f 3574 3540 3531
f 3531 3494 3479
f 3540 3494 3531
f 2957 3444 2902
f 2902 3444 2812
f 3479 3444 2957
f 3494 3444 3479
f 1576 2456 1521
f 2563 2456 1576
f 2613 2456 2565
f 2565 2456 2563
f 2613 2503 2456
f 2613 2581 2503
f 2613 2632 2581
f 2812 2632 2694
f 2694 2632 2613
f 3444 2632 2812
f 1542 2038 1598
f 2634 3479 2894
f 2085 2084 2086
f 2083 2084 2085
f 3135 3134 3147
f 3135 3147 3146
f 3480 3479 2635
f 2635 3479 2634
f 1529 1535 1528
f 1535 2172 1537
f 1529 2172 1535
f 2192 2172 1529
f 1529 2215 2192
f 2216 2186 2204
f 2172 2193 1537
f 2216 2231 2186
f 2252 2244 2215
f 2215 2254 2252
f 2186 2217 2205
f 2231 2227 2186
f 2186 2227 2217
f 2215 2334 2254
f 2334 2328 2254
f 2254 2328 2262
f 2239 2282 2218
f 2367 2479 2376
f 2389 2385 2377
f 2377 2385 2375
f 2375 2385 2374
f 2385 2373 2374
f 2452 2449 2435
f 2449 2447 2435
f 2481 2572 2556
f 2447 2448 2435
f 2572 2586 2573
f 2626 2596 2572
f 2572 2596 2586
f 2482 2428 2448
f 2371 2428 2368
f 2448 2428 2371
f 2368 2428 2292
f 2282 2313 2218
f 2709 2748 2710
f 2748 2729 2710
f 2218 2289 2193
f 2193 2289 1537
f 2313 2289 2218
f 2428 2363 2292
f 2292 2363 2282
f 2282 2363 2313
f 2636 2655 2622
f 2622 2655 2590
f 2729 2701 2710
f 2710 2701 2658
f 2658 2701 2659
f 2729 2739 2701
f 2654 2792 2709
f 2709 2792 2748
f 2660 2702 2661
f 2428 2429 2363
f 2739 2747 2701
f 2701 2747 2702
f 2429 2403 2363
f 2289 2314 1537
f 2702 2705 2661
f 2739 2779 2747
f 2813 2827 2791
f 2739 2795 2779
f 2827 2795 2791
f 2791 2795 2767
f 2767 2795 2739
f 2747 2735 2702
f 2702 2735 2705
f 2454 2436 2429
f 2429 2436 2403
f 2454 2470 2436
f 2705 2755 2706
f 2735 2755 2705
f 2829 2873 2847
f 2792 2873 2829
f 2785 2786 2761
f 2314 2364 1537
f 2436 2422 2403
f 2839 2823 2797
f 2797 2823 2785
f 2785 2805 2786
f 2823 2805 2785
f 2755 2787 2706
f 2839 2840 2823
f 2454 2546 2470
f 2453 2550 2454
f 2454 2550 2546
f 2968 2941 2891
f 2483 2477 2471
f 2471 2477 2469
f 2469 2477 2468
f 2477 2465 2468
f 2533 2532 2514
f 2792 3004 2873
f 2873 3004 2891
f 2891 3004 2968
f 2532 2530 2514
f 2404 2437 2364
f 2839 2874 2840
f 2847 2874 2839
f 2873 2874 2847
f 2840 2874 2814
f 2814 2874 2787
f 2941 2892 2891
f 2941 2967 2892
f 2959 2967 2941
f 2959 2993 2967
f 3019 3033 3003
f 3033 3007 3003
f 3003 3007 2981
f 2981 3007 2959
f 2959 3007 2993
f 2967 2955 2892
f 2530 2531 2514
f 2955 2971 2892
f 3035 3084 3055
f 3004 3084 3035
f 2531 2551 2443
f 3004 3094 3084
f 2996 2997 2975
f 3039 3023 3011
f 3011 3023 2996
f 2996 3015 2997
f 3023 3015 2996
f 3039 3040 3023
f 3039 3063 3040
f 3040 3064 3020
f 3063 3064 3040
f 3084 3085 3055
f 3055 3085 3039
f 3039 3085 3063
f 3094 3130 3095
f 3138 3130 3094
f 3004 3168 3094
f 3094 3168 3138
f 3130 3118 3095
f 3020 3049 2998
f 3064 3049 3020
f 3118 3139 3119
f 3130 3139 3118
f 3168 3218 3198
f 3168 3222 3218
f 3119 3169 3049
f 3139 3169 3119
f 2550 2855 2551
f 2865 2855 2550
f 3025 3026 2917
f 3222 3242 3223
f 3272 3250 3222
f 3222 3250 3242
f 3026 2976 2917
f 2855 2866 2551
f 3212 3219 3199
f 3199 3219 3169
f 3026 3027 2976
f 3050 3045 3026
f 3026 3045 3027
f 3285 3277 3259
f 2866 2918 2551
f 3027 2995 2976
f 3050 3100 3045
f 3049 3110 3050
f 3169 3110 3049
f 3219 3110 3169
f 3050 3110 3100
f 3045 3082 3046
f 3100 3082 3045
f 2977 3028 2918
f 3047 3083 3048
f 3083 3090 3048
f 3110 3152 3111
f 3266 3152 3246
f 3246 3152 3219
f 3219 3152 3110
f 3090 3101 3091
f 3112 3153 3113
f 3152 3156 3153
f 3153 3156 3113
f 3277 3641 3266
f 3641 3619 3266
f 3266 3619 3152
f 3152 3619 3156
f 3285 3692 3277
f 3277 3692 3641
f 3633 3640 3619
f 3633 3665 3640
f 3731 3740 3691
f 3633 3710 3665
f 3740 3710 3691
f 3691 3710 3654
f 3654 3710 3633
f 3619 3630 3156
f 3156 3630 3157
f 3640 3630 3619
f 3285 3776 3692
f 3692 3776 3742
f 3776 3750 3742
f 3630 3647 3157
f 3682 3683 3651
f 3744 3736 3721
f 3721 3736 3682
f 3682 3723 3683
f 3736 3723 3682
f 3647 3684 3157
f 3744 3745 3736
f 3285 3850 3776
f 3745 3777 3732
f 3732 3777 3684
f 3851 3840 3799
f 3799 3840 3800
f 3285 3889 3850
f 3851 3889 3840
f 3850 3889 3851
f 3801 3841 3802
f 3285 3895 3889
f 3841 3846 3802
f 3777 3847 3684
f 3841 3864 3846
f 3846 3864 3847
f 3864 3865 3847
f 3840 3890 3841
f 3889 3890 3840
f 3841 3890 3864
f 3895 3906 3896
f 3285 4689 3895
f 3895 4664 3906
f 4689 4664 3895
f 4689 4690 4664
f 3906 4662 3907
f 4664 4662 3906
f 1529 4689 3168
f 1529 3168 3004
f 1529 3004 2792
f 1529 2792 2654
f 1529 2654 2640
f 1529 2640 2626
f 1529 2626 2572
f 1529 2572 2481
f 1529 2481 2479
f 1529 2479 2367
f 1529 2367 2344
f 1529 2344 2334
f 1529 2334 2215
f 3168 4689 3222
f 3222 4689 3272
f 3272 4689 3285
f 4662 1537 3684
f 4662 3684 3847
f 4662 3847 3865
f 4662 3865 3907
f 3684 1537 3157
f 3157 1537 3101
f 3101 1537 3091
f 3091 1537 3028
f 3028 1537 2918
f 2918 1537 2551
f 2551 1537 2443
f 2443 1537 2437
f 2437 1537 2364
f 3049 2428 2998
f 2998 2428 2971
f 2971 2428 2892
f 2892 2428 2874
f 2874 2428 2787
f 2787 2428 2706
f 2706 2428 2655
f 2655 2428 2590
f 2590 2428 2557
f 2557 2428 2482
f 2453 3025 2917
f 2453 2917 2865
f 2453 2865 2550
f 3218 3219 3212
f 3218 3212 3198
f 3064 3119 3049
f 2654 2655 2640
f 2640 2655 2636
f 2640 2636 2609
f 2556 2557 2482
f 2482 2481 2556
f 2371 2435 2448
f 2479 2389 2377
f 2479 2377 2376
f 2292 2344 2367
f 2292 2367 2368
f 2252 2282 2244
f 2244 2282 2231
f 2231 2282 2239
f 2231 2239 2227
f 3776 3777 3750
f 3750 3777 3744
f 3744 3777 3745
f 3100 3101 3090
f 3100 3090 3083
f 3100 3083 3082
f 3027 3028 2995
f 2995 3028 2977
f 2443 2514 2531
f 2436 2437 2422
f 2422 2437 2404
f 2546 2483 2471
f 2546 2471 2470
f 4734 4966 4735
f 4735 4966 4977
f 4977 4998 4735
f 4983 4972 4999
f 4734 4978 4966
f 4972 5009 4999
f 4984 5000 4972
f 4998 5042 4735
f 5017 5042 4998
f 5042 5048 4735
f 4734 5001 4978
f 4972 5011 5009
f 5000 5011 4972
f 5001 5021 5019
f 4734 5021 5001
f 5048 5072 4735
f 4734 5023 5021
f 5087 5091 5086
f 5086 5091 5085
f 5023 5061 5033
f 5087 5088 5091
f 5088 5093 5091
f 4734 5063 5023
f 5023 5063 5061
f 4734 5067 5063
f 4734 5073 5067
f 4734 5089 5073
f 5103 5111 5110
f 5103 5112 5111
f 5103 5113 5112
f 4734 5115 5089
f 4734 5119 5115
f 5072 5195 4735
f 5110 5195 5075
f 5118 5195 5110
f 5075 5195 5072
f 5119 5208 5118
f 5118 5208 5195
f 5119 5236 5208
f 5471 5983 5577
f 5983 6011 5577
f 6011 6037 5577
f 6024 6037 6011
f 6024 6030 6037
f 5284 5984 5471
f 5471 5984 5983
f 5996 5997 6012
f 6012 5997 6025
f 6079 6085 6083
f 6073 6087 6079
f 6079 6087 6085
f 6054 6061 6065
f 6054 6060 6061
f 5997 6055 6025
f 6095 6104 6109
f 6095 6103 6104
f 6095 6101 6103
f 6136 6140 6135
f 6136 6137 6140
f 6137 6143 6140
f 6174 6181 6182
f 6138 6158 6137
f 6137 6158 6143
f 6174 6179 6181
f 6172 6179 6174
f 6172 6162 6179
f 6138 6162 6158
f 6162 6180 6179
f 6138 6180 6162
f 6037 6236 5577
f 6080 6236 6044
f 6191 6236 6190
f 6190 6236 6185
f 6129 6236 6126
f 6114 6236 6084
f 6084 6236 6080
f 6044 6236 6037
f 6185 6236 6129
f 6105 6235 6127
f 6138 6235 6180
f 6180 6235 6191
f 6127 6235 6138
f 6099 6235 6105
f 5997 6235 6055
f 6055 6235 6058
f 5984 6235 5997
f 6191 6235 6236
f 6058 6235 6099
f 4734 6235 5284
f 4734 5284 5236
f 4734 5236 5119
f 5284 6235 5984
f 6161 6185 6129
f 6127 6126 6118
f 6073 6058 6087
f 6087 6058 6099
f 6118 6105 6127
f 6114 6118 6126
f 6114 6126 6236
f 6084 6095 6109
f 6084 6109 6114
f 6065 6080 6054
f 6054 6080 6044
f 6055 6037 6030
f 6055 6030 6025
f 5075 5103 5110
f 5115 5093 5088
f 5115 5088 5089
f 5048 5067 5073
f 5048 5073 5072
f 5021 5042 5019
f 5019 5042 5011
f 5011 5042 5017
f 5011 5017 5009
f 1540 2038 1542
f 2036 2038 1540
f 5577 5223 5471
f 5242 5223 5577
f 5471 5197 5284
f 5223 5197 5471
f 5284 5165 5236
f 5197 5165 5284
f 5236 5138 5208
f 5208 5138 5195
f 5165 5138 5236
f 5138 5122 5195
f 6249 6248 6241
f 6241 3613 6242
f 6241 3612 3613
f 3612 3573 3574
f 6248 3573 6241
f 6241 3573 3612
f 2455 1520 2456
f 2456 1520 1521
f 5159 6257 5160
f 5159 6256 6257
f 4714 4690 4709
f 4714 4709 4728
f 4683 4690 4714
f 5095 4751 5130
f 5124 5095 5130
f 4664 4690 4683
f 4734 4728 4751
f 4734 4714 4728
f 5053 4751 5095
f 5133 5130 5142
f 5133 5142 5154
f 5133 5154 5160
f 5133 5124 5130
f 5025 4751 5053
f 5025 4734 4751
f 5144 5133 5160
f 5027 4734 5025
f 5146 5144 5160
f 5055 4734 5027
f 6214 5160 6257
f 6214 6257 6221
f 6214 5146 5160
f 6203 5146 6214
f 6203 5125 5135
f 6203 5135 5146
f 6230 6257 6259
f 6230 6259 6260
f 6230 6221 6257
f 6262 6230 6260
f 6189 5125 6203
f 6234 6230 6262
f 6193 5125 6189
f 6193 5097 5125
f 6239 6234 6262
f 6254 6239 6262
f 6254 6225 6232
f 6254 6232 6239
f 6235 6225 6254
f 6235 6217 6225
f 6235 6206 6217
f 6253 6235 6254
f 6243 6235 6253
f 6251 6243 6253
f 6249 6243 6251
f 6246 6243 6249
f 6241 6246 6249
f 6235 4734 5055
f 6235 5055 5097
f 6235 5097 6206
f 6206 5097 6193
f 4689 4750 4727
f 4689 4727 4708
f 5094 5131 4750
f 5123 5131 5094
f 5052 5094 4750
f 5132 5159 5153
f 5132 5153 5141
f 5132 5141 5131
f 5132 5131 5123
f 5024 5052 4750
f 5143 5159 5132
f 5026 4750 4689
f 5026 5024 4750
f 5145 5159 5143
f 5054 5026 4689
f 4293 4689 4120
f 4447 5054 4689
f 4447 4689 4293
f 3975 4120 4689
f 4493 5096 5054
f 4493 5054 4447
f 4497 5126 5096
f 4497 5096 4493
f 6215 6256 5159
f 6215 5159 5145
f 6215 6220 6256
f 6204 6215 5145
f 6204 5145 5136
f 6229 6261 6258
f 6229 6258 6256
f 6229 6256 6220
f 6263 6261 6229
f 6188 6204 5136
f 6188 5136 5126
f 6233 6263 6229
f 6238 6263 6233
f 6255 6263 6238
f 6255 6238 6231
f 6255 6224 6216
f 6255 6231 6224
f 6248 6250 6252
f 6248 6252 6255
f 6248 6255 6216
f 6248 6216 6205
f 5659 6205 6192
f 5485 6188 5126
f 5485 5659 6192
f 5485 5126 4497
f 5485 6192 6188
f 5330 4497 4455
f 5330 5485 4497
f 5823 6248 6205
f 5823 6205 5659
f 5873 6248 5823
f 5288 4455 4310
f 5288 5330 4455
f 5878 6248 5873
f 5292 5288 4310
f 5292 4310 4137
f 5833 6248 5878
f 1859 3955 3951
f 1859 3951 1724
f 1988 3982 3955
f 1988 3955 1859
f 2012 4137 3982
f 2012 3982 1988
f 1529 3951 3975
f 1529 3975 4689
f 1529 1724 3951
f 1529 1577 1599
f 1529 1599 1724
f 1583 1529 1526
f 1583 1526 1524
f 1583 1577 1529
f 1522 1583 1524
f 1608 1583 1522
f 1549 1608 1522
f 1573 1735 1608
f 1573 1608 1549
f 1545 1549 1522
f 1597 1872 1735
f 1597 1735 1573
f 1538 1545 1522
f 1665 1996 1872
f 1665 1872 1597
f 1668 1996 1665
f 1514 1543 1538
f 1514 1538 1522
f 1547 1543 1514
f 1516 1547 1514
f 1518 1547 1516
f 1520 1551 1547
f 1520 1575 1551
f 1520 1547 1518
f 3461 2016 1996
f 3602 2016 3461
f 3602 2012 2016
f 3602 4137 2012
f 3602 5292 4137
f 3822 5340 5292
f 3822 5497 5340
f 3822 5292 3602
f 3293 3461 1996
f 3293 1996 1668
f 3878 5497 3822
f 3880 5497 3878
f 3880 5673 5497
f 2801 3236 3293
f 2685 2801 3293
f 2685 3293 1668
f 2611 1668 1603
f 2611 2685 1668
f 2893 3236 2801
f 2893 3238 3236
f 2562 1603 1575
f 2562 2611 1603
f 2953 3238 2893
f 2953 3297 3238
f 2956 3297 2953
f 3573 3617 3472
f 3573 3825 3617
f 3573 3880 3825
f 3539 3573 3472
f 3495 3539 3472
f 3443 2956 2901
f 3443 2901 2811
f 3443 3297 2956
f 3443 3472 3297
f 3443 3495 3472
f 2455 1575 1520
f 2455 2564 2562
f 2455 2614 2564
f 2455 2562 1575
f 2502 2614 2455
f 2580 2614 2502
f 2631 2693 2614
f 2631 2811 2693
f 2631 3443 2811
f 2631 2614 2580
f 3573 6248 5833
f 3573 5833 5673
f 3573 5673 3880
f 2902 2812 2901
f 2901 2812 2811
f 2811 2694 2693
f 2812 2694 2811
f 2693 2613 2614
f 2694 2613 2693
f 2614 2565 2564
f 2613 2565 2614
f 2564 2563 2562
f 2565 2563 2564
f 2562 2610 2611
f 2563 2610 2562
f 1604 1576 1603
f 1603 1576 1575
f 1575 1552 1551
f 1576 1552 1575
f 1551 1548 1547
f 1552 1548 1551
f 1547 1544 1543
f 1548 1544 1547
f 1543 1539 1538
f 1544 1539 1543
f 1538 1546 1545
f 1539 1546 1538
f 5135 5125 5136
f 5136 5125 5126
f 5126 5097 5096
f 5125 5097 5126
f 5096 5055 5054
f 5097 5055 5096
f 5054 5027 5026
f 5055 5027 5054
f 5026 5025 5024
f 5027 5025 5026
f 5024 5053 5052
f 5025 5053 5024
f 6232 6225 6231
f 6231 6225 6224
f 6224 6217 6216
f 6225 6217 6224
f 6216 6206 6205
f 6217 6206 6216
f 6205 6193 6192
f 6206 6193 6205
f 6192 6189 6188
f 6193 6189 6192
f 6188 6203 6204
f 6189 6203 6188
f 1514 1522 1515
f 1515 1522 1523
f 6263 6254 6262
f 6263 6255 6254
f 5131 5130 4751
f 5131 4751 4750
f 2632 3443 2631
f 3444 3443 2632
f 4684 4664 4683
f 4684 4662 4664
f 4713 4683 4714
f 4713 4684 4683
f 4735 4714 4734
f 4735 4713 4714
f 6244 6243 6246
f 6244 6235 6243
f 6244 6236 6235
f 6245 6246 6241
f 6245 6244 6246
f 6242 6245 6241
f 1534 1542 1533
f 1534 1540 1542
f 1532 1531 1535
f 1532 1533 1531
f 1532 1534 1533
f 1537 1532 1535
f 3579 3612 3578
f 3579 3613 3612
f 3532 3531 3479
f 3532 3578 3531
f 3532 3579 3578
f 3480 3532 3479
f 3574 3573 3539
f 3540 3539 3495
f 3540 3574 3539
f 3494 3495 3443
f 3494 3540 3495
f 3444 3494 3443
f 2455 2456 2503
f 2502 2503 2581
f 2502 2455 2503
f 2580 2581 2632
f 2580 2502 2581
f 2631 2580 2632
f 1521 1520 1518
f 1519 1518 1516
f 1519 1521 1518
f 1517 1516 1514
f 1517 1519 1516
f 1515 1517 1514
f 1526 1528 1527
f 1526 1529 1528
f 1524 1527 1525
f 1524 1526 1527
f 1522 1525 1523
f 1522 1524 1525
f 5159 5160 5154
f 5153 5154 5142
f 5153 5159 5154
f 5141 5153 5142
f 5131 5142 5130
f 5131 5141 5142
f 6257 6256 6258
f 6259 6258 6261
f 6259 6257 6258
f 6260 6259 6261
f 6262 6261 6263
f 6262 6260 6261
f 6253 6254 6255
f 6253 6255 6252
f 6251 6252 6250
f 6251 6253 6252
f 6249 6250 6248
f 6249 6251 6250
f 4727 4750 4751
f 4727 4751 4728
f 4708 4728 4709
f 4708 4727 4728
f 4689 4709 4690
f 4689 4708 4709
f 4662 4684 4713
f 4662 4713 4735
f 4187 4662 4247
f 4339 4662 4735
f 4339 4247 4662
f 4076 4662 4187
f 4388 4339 4735
f 5122 4735 5195
f 5122 4390 4388
f 5122 4345 4390
f 5122 4254 4345
f 5122 4388 4735
f 5242 4254 5122
f 6236 5242 5577
f 6245 6236 6244
f 6242 6236 6245
f 5610 5242 6236
f 5610 5548 5242
f 5703 6236 6242
f 5703 5610 6236
f 5450 5242 5548
f 5759 5703 6242
f 5405 4254 5242
f 5405 5242 5450
f 5763 5759 6242
f 5408 4254 5405
f 5408 4196 4254
f 5710 5763 6242
f 1820 4040 4084
f 1773 4040 1820
f 1773 4035 4040
f 1897 1820 4084
f 1537 1773 1696
f 1537 4035 1773
f 1659 1537 1696
f 1540 1534 1532
f 1540 1532 1537
f 1540 1659 1663
f 1540 1537 1659
f 1704 1540 1663
f 1782 1540 1704
f 2084 1897 4084
f 2084 1936 1897
f 2084 1938 1936
f 2084 1903 1938
f 2084 4084 4196
f 2086 4196 5408
f 2086 2084 4196
f 2036 1826 1903
f 2036 1782 1826
f 2036 1903 2084
f 2036 1540 1782
f 3134 2086 5408
f 3147 3134 5408
f 3147 5408 5456
f 2620 2046 2086
f 2620 2086 3134
f 3493 3147 3585
f 3712 3585 3147
f 3712 3147 5456
f 3383 3147 3493
f 3383 2635 3147
f 3765 3712 5456
f 3765 5456 5556
f 3341 2635 3383
f 3768 3765 5556
f 3768 5556 5614
f 3343 2635 3341
f 3480 2635 3343
f 3480 3498 3587
f 3480 3391 3498
f 3480 3343 3391
f 3613 3768 5614
f 3613 3480 3587
f 3613 3719 3768
f 3613 3587 3719
f 3532 3480 3613
f 3579 3532 3613
f 1537 4662 4076
f 1537 4076 4035
f 6242 3613 5710
f 5710 3613 5614
f 3382 3342 3383
f 3383 3342 3341
f 3341 3344 3343
f 3342 3344 3341
f 3343 3390 3391
f 3344 3390 3343
f 3391 3499 3498
f 3390 3499 3391
f 3498 3586 3587
f 3499 3586 3498
f 3587 3718 3719
f 3586 3718 3587
f 3462 3492 3603
f 3603 3492 3584
f 3603 3711 3823
f 3584 3711 3603
f 3294 3382 3462
f 3462 3382 3492
f 3823 3764 3879
f 3711 3764 3823
f 3237 3342 3294
f 3294 3342 3382
f 3769 3881 3764
f 3764 3881 3879
f 3342 3239 3344
f 3237 3239 3342
f 3769 3718 3881
f 3239 3390 3344
f 3586 3824 3718
f 3718 3824 3881
f 3239 3298 3390
f 3586 3616 3824
f 3390 3473 3499
f 3499 3473 3586
f 3298 3473 3390
f 3586 3473 3616
f 3293 3236 3294
f 3294 3236 3237
f 3237 3238 3239
f 3236 3238 3237
f 3239 3297 3298
f 3238 3297 3239
f 3298 3472 3473
f 3297 3472 3298
f 3473 3617 3616
f 3472 3617 3473
f 3616 3825 3824
f 3617 3825 3616
f 1698 1661 1696
f 1696 1661 1659
f 1659 1662 1663
f 1661 1662 1659
f 1663 1702 1704
f 1662 1702 1663
f 1704 1781 1782
f 1702 1781 1704
f 1782 1825 1826
f 1781 1825 1782
f 1826 1905 1903
f 1825 1905 1826
f 1727 1819 1862
f 1775 1819 1727
f 1602 1698 1727
f 1727 1698 1775
f 1862 1899 1991
f 1819 1899 1862
f 1580 1661 1602
f 1602 1661 1698
f 1991 1935 2015
f 1899 1935 1991
f 1935 1937 2015
f 1661 1582 1662
f 1580 1582 1661
f 1937 2019 2015
f 1662 1611 1702
f 1582 1611 1662
f 1905 1999 1937
f 1937 1999 2019
f 1702 1738 1781
f 1611 1738 1702
f 1781 1875 1825
f 1825 1875 1905
f 1905 1875 1999
f 1738 1875 1781
f 1599 1577 1602
f 1602 1577 1580
f 1580 1583 1582
f 1577 1583 1580
f 1582 1608 1611
f 1583 1608 1582
f 1611 1735 1738
f 1608 1735 1611
f 1738 1872 1875
f 1735 1872 1738
f 1875 1996 1999
f 1872 1996 1875
f 5452 5404 5450
f 5450 5404 5405
f 5405 5407 5408
f 5404 5407 5405
f 5408 5458 5456
f 5407 5458 5408
f 5456 5555 5556
f 5458 5555 5456
f 5556 5616 5614
f 5555 5616 5556
f 5614 5712 5710
f 5616 5712 5614
f 5488 5609 5662
f 5488 5547 5609
f 5662 5702 5826
f 5609 5702 5662
f 5333 5452 5488
f 5488 5452 5547
f 5826 5761 5876
f 5702 5761 5826
f 5291 5404 5333
f 5333 5404 5452
f 5291 5407 5404
f 5764 5881 5761
f 5761 5881 5876
f 5291 5295 5407
f 5764 5712 5881
f 5616 5836 5712
f 5712 5836 5881
f 5407 5343 5458
f 5295 5343 5407
f 5616 5676 5836
f 5458 5500 5555
f 5555 5500 5616
f 5343 5500 5458
f 5616 5500 5676
f 5330 5288 5333
f 5333 5288 5291
f 5291 5292 5295
f 5288 5292 5291
f 5295 5340 5343
f 5292 5340 5295
f 5343 5497 5500
f 5340 5497 5343
f 5500 5673 5676
f 5497 5673 5500
f 5676 5833 5836
f 5673 5833 5676
f 4075 4037 4076
f 4076 4037 4035
f 4035 4041 4040
f 4037 4041 4035
f 4040 4083 4084
f 4041 4083 4040
f 4084 4198 4196
f 4083 4198 4084
f 4196 4253 4254
f 4198 4253 4196
f 4254 4343 4345
f 4253 4343 4254
f 4123 4186 4296
f 4296 4186 4249
f 3978 4075 4123
f 4123 4075 4186
f 4296 4338 4450
f 4249 4338 4296
f 4450 4387 4496
f 4338 4387 4450
f 3954 4037 3978
f 3978 4037 4075
f 3954 4041 4037
f 4392 4500 4387
f 4387 4500 4496
f 3954 3958 4041
f 3958 4083 4041
f 4343 4458 4392
f 4253 4458 4343
f 4392 4458 4500
f 3958 3985 4083
f 4198 4313 4253
f 4253 4313 4458
f 4083 4140 4198
f 3985 4140 4083
f 4198 4140 4313
f 3975 3951 3978
f 3978 3951 3954
f 3954 3955 3958
f 3951 3955 3954
f 3958 3982 3985
f 3955 3982 3958
f 3985 4137 4140
f 3982 4137 3985
f 4140 4310 4313
f 4137 4310 4140
f 4313 4455 4458
f 4310 4455 4313
f 3146 3147 2635
f 2634 3146 2635
f 2083 2038 2084
f 2084 2038 2036
f 2874 2873 2875
f 2875 2873 2876
f 2892 2875 2898
f 2874 2875 2892
f 2898 2897 2892
f 2892 2897 2891
f 2897 2876 2891
f 2891 2876 2873
f 2897 2898 2876
f 2876 2898 2875
f 2403 2422 2410
f 2410 2422 2423
f 2423 2404 2411
f 2422 2404 2423
f 2313 2363 2317
f 2317 2363 2365
f 2365 2403 2410
f 2363 2403 2365
f 2314 2289 2318
f 2318 2289 2294
f 2294 2313 2317
f 2289 2313 2294
f 2404 2364 2411
f 2411 2364 2366
f 2366 2314 2318
f 2364 2314 2366
f 2423 2411 2396
f 2366 2396 2411
f 2413 2423 2396
f 2330 2396 2366
f 2318 2330 2366
f 2395 2410 2423
f 2395 2423 2413
f 2365 2410 2395
f 2294 2310 2330
f 2294 2330 2318
f 2329 2310 2294
f 2329 2365 2395
f 2317 2365 2329
f 2317 2329 2294
f 2307 2327 2330
f 2307 2330 2310
f 2326 2310 2329
f 2326 2307 2310
f 2327 2392 2396
f 2327 2396 2330
f 2412 2391 2395
f 2412 2395 2413
f 2392 2413 2396
f 2392 2412 2413
f 2391 2326 2329
f 2391 2329 2395
f 2326 2391 2307
f 2391 2412 2307
f 2307 2392 2327
f 2412 2392 2307
f 2477 2483 2478
f 2478 2483 2486
f 2465 2477 2472
f 2472 2477 2478
f 2472 2473 2465
f 2465 2473 2468
f 2469 2468 2474
f 2474 2468 2473
f 2471 2469 2476
f 2476 2469 2474
f 2475 2470 2476
f 2476 2470 2471
f 2436 2475 2441
f 2470 2475 2436
f 2437 2441 2442
f 2436 2441 2437
f 2442 2444 2437
f 2437 2444 2443
f 2444 2517 2443
f 2443 2517 2514
f 2517 2537 2514
f 2514 2537 2533
f 2532 2537 2536
f 2533 2537 2532
f 2530 2532 2534
f 2534 2532 2536
f 2531 2534 2535
f 2530 2534 2531
f 2535 2555 2531
f 2531 2555 2551
f 2554 2550 2555
f 2555 2550 2551
f 2546 2554 2547
f 2550 2554 2546
f 2483 2547 2486
f 2546 2547 2483
f 2534 2555 2535
f 2472 2444 2442
f 2473 2472 2442
f 2474 2473 2442
f 2476 2474 2442
f 2554 2534 2536
f 2554 2536 2537
f 2554 2555 2534
f 2547 2554 2537
f 2441 2475 2476
f 2441 2476 2442
f 2486 2547 2537
f 2486 2537 2517
f 2517 2444 2472
f 2517 2472 2478
f 2517 2478 2486
f 2976 2995 2982
f 2982 2995 2999
f 2999 2977 2983
f 2995 2977 2999
f 2865 2917 2869
f 2869 2917 2923
f 2923 2976 2982
f 2917 2976 2923
f 2866 2855 2870
f 2870 2855 2858
f 2858 2865 2869
f 2855 2865 2858
f 2977 2918 2983
f 2983 2918 2924
f 2924 2866 2870
f 2918 2866 2924
f 2999 2983 2966
f 2924 2966 2983
f 2992 2999 2966
f 2880 2966 2924
f 2870 2880 2924
f 2965 2982 2999
f 2965 2999 2992
f 2923 2982 2965
f 2858 2862 2880
f 2858 2880 2870
f 2879 2862 2858
f 2879 2923 2965
f 2869 2923 2879
f 2869 2879 2858
f 2861 2878 2880
f 2861 2880 2862
f 2877 2862 2879
f 2877 2861 2862
f 2878 2961 2966
f 2878 2966 2880
f 2989 2960 2965
f 2989 2965 2992
f 2961 2992 2966
f 2961 2989 2992
f 2960 2877 2879
f 2960 2879 2965
f 2877 2960 2861
f 2960 2989 2861
f 2861 2961 2878
f 2989 2961 2861
f 3028 3027 3032
f 3027 3031 3032
f 3032 3093 3028
f 3028 3093 3091
f 3092 3090 3093
f 3093 3090 3091
f 3048 3092 3054
f 3090 3092 3048
f 3053 3047 3054
f 3054 3047 3048
f 3053 3087 3047
f 3047 3087 3083
f 3086 3082 3087
f 3087 3082 3083
f 3046 3086 3052
f 3082 3086 3046
f 3051 3045 3052
f 3052 3045 3046
f 3027 3051 3031
f 3045 3051 3027
f 3051 3052 3031
f 3052 3053 3031
f 3053 3032 3031
f 3053 3054 3032
f 3086 3087 3052
f 3052 3087 3053
f 3092 3093 3054
f 3054 3093 3032
f 3101 3102 3103
f 3100 3102 3101
f 3103 3159 3101
f 3101 3159 3157
f 3158 3156 3159
f 3159 3156 3157
f 3113 3158 3117
f 3156 3158 3113
f 3116 3112 3117
f 3117 3112 3113
f 3116 3155 3112
f 3112 3155 3153
f 3154 3152 3155
f 3155 3152 3153
f 3111 3154 3115
f 3152 3154 3111
f 3114 3110 3115
f 3115 3110 3111
f 3100 3114 3102
f 3110 3114 3100
f 3114 3115 3102
f 3115 3116 3102
f 3115 3154 3116
f 3116 3103 3102
f 3116 3117 3103
f 3154 3155 3116
f 3158 3159 3117
f 3117 3159 3103
f 3641 3692 3646
f 3646 3692 3703
f 3619 3641 3622
f 3622 3641 3646
f 3633 3622 3635
f 3619 3622 3633
f 3654 3633 3656
f 3656 3633 3635
f 3691 3654 3698
f 3698 3654 3656
f 3731 3691 3734
f 3734 3691 3698
f 3740 3731 3741
f 3741 3731 3734
f 3710 3740 3713
f 3713 3740 3741
f 3665 3713 3673
f 3710 3713 3665
f 3640 3665 3645
f 3645 3665 3673
f 3630 3640 3632
f 3632 3640 3645
f 3647 3630 3648
f 3648 3630 3632
f 3684 3647 3689
f 3689 3647 3648
f 3732 3684 3735
f 3735 3684 3689
f 3745 3732 3748
f 3748 3732 3735
f 3737 3736 3748
f 3748 3736 3745
f 3723 3736 3726
f 3726 3736 3737
f 3683 3723 3688
f 3688 3723 3726
f 3651 3683 3653
f 3653 3683 3688
f 3682 3651 3687
f 3687 3651 3653
f 3687 3722 3682
f 3682 3722 3721
f 3744 3721 3747
f 3747 3721 3722
f 3750 3744 3752
f 3752 3744 3747
f 3742 3750 3743
f 3743 3750 3752
f 3692 3742 3703
f 3703 3742 3743
f 3726 3748 3735
f 3726 3735 3689
f 3737 3748 3726
f 3688 3726 3689
f 3648 3688 3689
f 3653 3688 3648
f 3632 3653 3648
f 3713 3747 3722
f 3741 3752 3747
f 3741 3747 3713
f 3673 3722 3687
f 3673 3713 3722
f 3645 3687 3653
f 3645 3653 3632
f 3645 3673 3687
f 3743 3752 3741
f 3734 3743 3741
f 3703 3734 3698
f 3703 3743 3734
f 3656 3703 3698
f 3646 3656 3635
f 3646 3635 3622
f 3646 3703 3656
f 3777 3778 3779
f 3776 3778 3777
f 3779 3849 3777
f 3777 3849 3847
f 3848 3846 3849
f 3849 3846 3847
f 3802 3848 3809
f 3846 3848 3802
f 3808 3801 3809
f 3809 3801 3802
f 3808 3843 3801
f 3801 3843 3841
f 3842 3840 3843
f 3843 3840 3841
f 3800 3842 3807
f 3840 3842 3800
f 3806 3799 3807
f 3807 3799 3800
f 3806 3855 3799
f 3799 3855 3851
f 3854 3850 3855
f 3855 3850 3851
f 3776 3854 3778
f 3850 3854 3776
f 3806 3807 3778
f 3778 3854 3806
f 3854 3855 3806
f 3807 3779 3778
f 3808 3779 3807
f 3807 3842 3808
f 3808 3809 3779
f 3842 3843 3808
f 3848 3849 3809
f 3809 3849 3779
f 3890 3893 3894
f 3889 3893 3890
f 3864 3894 3866
f 3890 3894 3864
f 3865 3866 3867
f 3864 3866 3865
f 3867 3909 3865
f 3865 3909 3907
f 3908 3906 3909
f 3909 3906 3907
f 3896 3908 3898
f 3906 3908 3896
f 3897 3895 3898
f 3898 3895 3896
f 3889 3897 3893
f 3895 3897 3889
f 3898 3908 3909
f 3867 3898 3909
f 3867 3894 3898
f 3866 3894 3867
f 3893 3897 3898
f 3893 3898 3894
f 2192 2219 2195
f 2192 2215 2219
f 2172 2192 2175
f 2175 2192 2195
f 2193 2172 2196
f 2196 2172 2175
f 2218 2193 2222
f 2222 2193 2196
f 2239 2218 2243
f 2243 2218 2222
f 2230 2227 2243
f 2243 2227 2239
f 2217 2227 2221
f 2221 2227 2230
f 2205 2217 2207
f 2207 2217 2221
f 2186 2207 2187
f 2186 2205 2207
f 2204 2186 2206
f 2206 2186 2187
f 2216 2206 2220
f 2216 2204 2206
f 2231 2216 2234
f 2234 2216 2220
f 2234 2246 2231
f 2231 2246 2244
f 2215 2244 2219
f 2219 2244 2246
f 2222 2230 2243
f 2221 2230 2222
f 2207 2221 2222
f 2196 2207 2222
f 2219 2246 2234
f 2219 2234 2220
f 2175 2187 2207
f 2175 2207 2196
f 2206 2187 2175
f 2206 2219 2220
f 2195 2206 2175
f 2195 2219 2206
f 2282 2253 2291
f 2252 2253 2282
f 2291 2299 2282
f 2282 2299 2292
f 2299 2349 2292
f 2292 2349 2344
f 2334 2349 2337
f 2344 2349 2334
f 2328 2337 2331
f 2334 2337 2328
f 2262 2331 2265
f 2328 2331 2262
f 2259 2254 2265
f 2265 2254 2262
f 2252 2254 2253
f 2254 2259 2253
f 2259 2265 2253
f 2265 2267 2253
f 2349 2331 2337
f 2265 2331 2267
f 2349 2325 2331
f 2331 2325 2267
f 2295 2291 2286
f 2286 2291 2280
f 2280 2291 2267
f 2267 2291 2253
f 2304 2299 2302
f 2302 2299 2295
f 2295 2299 2291
f 2349 2299 2304
f 2349 2304 2325
f 2325 2323 2266
f 2325 2266 2267
f 2267 2266 2277
f 2267 2277 2280
f 2277 2281 2286
f 2277 2286 2280
f 2286 2281 2290
f 2286 2290 2295
f 2290 2293 2302
f 2290 2302 2295
f 2293 2303 2304
f 2293 2304 2302
f 2325 2303 2323
f 2325 2304 2303
f 2266 2303 2277
f 2323 2303 2266
f 2277 2293 2281
f 2303 2293 2277
f 2293 2290 2281
f 2385 2389 2386
f 2386 2389 2390
f 2373 2386 2378
f 2373 2385 2386
f 2378 2379 2373
f 2373 2379 2374
f 2375 2374 2380
f 2380 2374 2379
f 2377 2375 2382
f 2382 2375 2380
f 2381 2376 2382
f 2382 2376 2377
f 2367 2381 2369
f 2376 2381 2367
f 2368 2369 2370
f 2367 2369 2368
f 2370 2372 2368
f 2368 2372 2371
f 2372 2438 2371
f 2371 2438 2435
f 2438 2462 2435
f 2435 2462 2452
f 2449 2462 2461
f 2452 2462 2449
f 2447 2449 2459
f 2459 2449 2461
f 2448 2459 2460
f 2447 2459 2448
f 2460 2485 2448
f 2448 2485 2482
f 2484 2481 2485
f 2485 2481 2482
f 2479 2484 2480
f 2481 2484 2479
f 2389 2480 2390
f 2479 2480 2389
f 2459 2485 2460
f 2378 2372 2370
f 2379 2378 2370
f 2380 2379 2370
f 2382 2380 2370
f 2484 2459 2461
f 2484 2461 2462
f 2484 2485 2459
f 2480 2484 2462
f 2369 2381 2382
f 2369 2382 2370
f 2390 2480 2462
f 2390 2462 2438
f 2438 2372 2378
f 2438 2378 2386
f 2438 2386 2390
f 2557 2560 2561
f 2556 2560 2557
f 2561 2593 2557
f 2557 2593 2590
f 2622 2590 2627
f 2627 2590 2593
f 2636 2622 2637
f 2637 2622 2627
f 2609 2636 2612
f 2612 2636 2637
f 2612 2641 2609
f 2609 2641 2640
f 2626 2641 2628
f 2640 2641 2626
f 2596 2628 2599
f 2626 2628 2596
f 2586 2596 2589
f 2589 2596 2599
f 2573 2589 2577
f 2586 2589 2573
f 2576 2572 2577
f 2577 2572 2573
f 2556 2576 2560
f 2572 2576 2556
f 2623 2637 2627
f 2592 2627 2593
f 2592 2623 2627
f 2579 2592 2593
f 2561 2579 2593
f 2612 2637 2623
f 2591 2612 2623
f 2599 2612 2591
f 2589 2599 2591
f 2578 2579 2561
f 2578 2589 2591
f 2628 2641 2612
f 2628 2612 2599
f 2577 2589 2578
f 2560 2576 2577
f 2560 2578 2561
f 2560 2577 2578
f 2621 2587 2591
f 2621 2591 2623
f 2591 2587 2574
f 2591 2574 2578
f 2578 2574 2575
f 2578 2575 2579
f 2592 2575 2588
f 2592 2579 2575
f 2588 2621 2623
f 2588 2623 2592
f 2587 2575 2574
f 2587 2588 2575
f 2587 2621 2588
f 2655 2656 2657
f 2654 2656 2655
f 2657 2708 2655
f 2655 2708 2706
f 2707 2705 2708
f 2708 2705 2706
f 2661 2707 2665
f 2705 2707 2661
f 2664 2660 2665
f 2665 2660 2661
f 2664 2704 2660
f 2660 2704 2702
f 2703 2701 2704
f 2704 2701 2702
f 2659 2703 2663
f 2701 2703 2659
f 2662 2658 2663
f 2663 2658 2659
f 2662 2714 2658
f 2658 2714 2710
f 2713 2709 2714
f 2714 2709 2710
f 2654 2709 2656
f 2709 2713 2656
f 2662 2663 2656
f 2656 2713 2662
f 2713 2714 2662
f 2663 2657 2656
f 2664 2657 2663
f 2664 2665 2657
f 2703 2704 2663
f 2663 2704 2664
f 2707 2708 2665
f 2665 2708 2657
f 2748 2792 2754
f 2754 2792 2794
f 2729 2748 2732
f 2732 2748 2754
f 2739 2732 2742
f 2729 2732 2739
f 2767 2739 2770
f 2770 2739 2742
f 2791 2767 2793
f 2793 2767 2770
f 2813 2791 2819
f 2819 2791 2793
f 2827 2813 2828
f 2828 2813 2819
f 2795 2827 2796
f 2796 2827 2828
f 2779 2796 2780
f 2795 2796 2779
f 2747 2779 2753
f 2753 2779 2780
f 2735 2747 2736
f 2736 2747 2753
f 2755 2735 2758
f 2758 2735 2736
f 2787 2755 2790
f 2790 2755 2758
f 2814 2787 2820
f 2820 2787 2790
f 2840 2814 2842
f 2842 2814 2820
f 2826 2823 2842
f 2842 2823 2840
f 2805 2823 2806
f 2806 2823 2826
f 2786 2805 2789
f 2789 2805 2806
f 2761 2786 2766
f 2766 2786 2789
f 2785 2761 2788
f 2788 2761 2766
f 2788 2798 2785
f 2785 2798 2797
f 2839 2797 2841
f 2841 2797 2798
f 2847 2839 2848
f 2848 2839 2841
f 2829 2847 2830
f 2830 2847 2848
f 2792 2829 2794
f 2794 2829 2830
f 2806 2842 2820
f 2806 2820 2790
f 2826 2842 2806
f 2789 2806 2790
f 2758 2789 2790
f 2766 2789 2758
f 2736 2766 2758
f 2796 2841 2798
f 2828 2848 2841
f 2828 2841 2796
f 2780 2798 2788
f 2780 2796 2798
f 2753 2788 2766
f 2753 2766 2736
f 2753 2780 2788
f 2830 2848 2828
f 2819 2830 2828
f 2794 2819 2793
f 2794 2830 2819
f 2770 2794 2793
f 2754 2770 2742
f 2754 2742 2732
f 2754 2794 2770
f 2968 3004 2970
f 2970 3004 3006
f 2941 2968 2944
f 2944 2968 2970
f 2959 2944 2964
f 2941 2944 2959
f 2981 2959 2986
f 2986 2959 2964
f 3003 2981 3005
f 3005 2981 2986
f 3019 3003 3021
f 3021 3003 3005
f 3033 3019 3034
f 3034 3019 3021
f 3007 3033 3008
f 3008 3033 3034
f 2993 3008 2994
f 3007 3008 2993
f 2967 2993 2969
f 2969 2993 2994
f 2955 2967 2958
f 2958 2967 2969
f 2971 2955 2974
f 2974 2955 2958
f 2998 2971 3002
f 3002 2971 2974
f 3020 2998 3022
f 3022 2998 3002
f 3040 3020 3044
f 3044 3020 3022
f 3024 3023 3044
f 3044 3023 3040
f 3015 3023 3016
f 3016 3023 3024
f 2997 3015 3001
f 3001 3015 3016
f 2975 2997 2980
f 2980 2997 3001
f 2996 2980 3000
f 2996 2975 2980
f 3000 3012 2996
f 2996 3012 3011
f 3039 3011 3041
f 3041 3011 3012
f 3055 3041 3058
f 3055 3039 3041
f 3035 3058 3036
f 3035 3055 3058
f 3004 3035 3006
f 3006 3035 3036
f 3016 3044 3022
f 3016 3022 3002
f 3024 3044 3016
f 3001 3016 3002
f 2974 3001 3002
f 2980 3001 2974
f 2958 2980 2974
f 3008 3041 3012
f 3034 3058 3041
f 3034 3041 3008
f 2994 3012 3000
f 2994 3008 3012
f 2969 3000 2980
f 2969 2980 2958
f 2969 2994 3000
f 3036 3058 3034
f 3021 3036 3034
f 3006 3021 3005
f 3006 3036 3021
f 2986 3006 3005
f 2970 2986 2964
f 2970 2964 2944
f 2970 3006 2986
f 3085 3088 3089
f 3084 3088 3085
f 3063 3089 3065
f 3085 3089 3063
f 3064 3065 3066
f 3063 3065 3064
f 3066 3121 3064
f 3064 3121 3119
f 3120 3118 3121
f 3121 3118 3119
f 3095 3120 3097
f 3118 3120 3095
f 3096 3094 3097
f 3097 3094 3095
f 3084 3094 3088
f 3094 3096 3088
f 3097 3120 3121
f 3066 3097 3121
f 3066 3089 3097
f 3065 3089 3066
f 3088 3096 3097
f 3088 3097 3089
f 3198 3212 3200
f 3200 3212 3213
f 3213 3199 3201
f 3212 3199 3213
f 3138 3168 3140
f 3140 3168 3172
f 3172 3198 3200
f 3168 3198 3172
f 3139 3130 3141
f 3141 3130 3133
f 3133 3138 3140
f 3130 3138 3133
f 3199 3169 3201
f 3201 3169 3173
f 3173 3139 3141
f 3169 3139 3173
f 3213 3201 3194
f 3173 3194 3201
f 3205 3213 3194
f 3151 3194 3173
f 3141 3151 3173
f 3193 3200 3213
f 3193 3213 3205
f 3172 3200 3193
f 3133 3137 3151
f 3133 3151 3141
f 3150 3137 3133
f 3150 3172 3193
f 3140 3172 3150
f 3140 3150 3133
f 3136 3149 3151
f 3136 3151 3137
f 3148 3137 3150
f 3148 3136 3137
f 3149 3192 3194
f 3149 3194 3151
f 3202 3191 3193
f 3202 3193 3205
f 3192 3205 3194
f 3192 3202 3205
f 3191 3148 3150
f 3191 3150 3193
f 3148 3191 3136
f 3191 3202 3136
f 3136 3192 3149
f 3202 3192 3136
f 3219 3220 3221
f 3218 3220 3219
f 3221 3249 3219
f 3219 3249 3246
f 3266 3246 3273
f 3273 3246 3249
f 3277 3273 3280
f 3277 3266 3273
f 3259 3280 3260
f 3259 3277 3280
f 3260 3286 3259
f 3259 3286 3285
f 3272 3286 3274
f 3285 3286 3272
f 3250 3274 3251
f 3272 3274 3250
f 3242 3250 3245
f 3245 3250 3251
f 3223 3245 3227
f 3242 3245 3223
f 3226 3222 3227
f 3227 3222 3223
f 3218 3226 3220
f 3222 3226 3218
f 3269 3280 3273
f 3248 3273 3249
f 3248 3269 3273
f 3229 3248 3249
f 3221 3229 3249
f 3260 3280 3269
f 3247 3260 3269
f 3251 3260 3247
f 3245 3251 3247
f 3228 3229 3221
f 3228 3245 3247
f 3274 3286 3260
f 3274 3260 3251
f 3227 3245 3228
f 3220 3226 3227
f 3220 3228 3221
f 3220 3227 3228
f 3265 3243 3247
f 3265 3247 3269
f 3247 3243 3224
f 3247 3224 3228
f 3228 3224 3225
f 3228 3225 3229
f 3248 3225 3244
f 3248 3229 3225
f 3244 3265 3269
f 3244 3269 3248
f 3243 3244 3224
f 3224 3244 3225
f 3243 3265 3244
f 2431 2464 2429
f 2429 2464 2454
f 2463 2453 2464
f 2464 2453 2454
f 2463 3029 2453
f 2453 3029 3025
f 3026 3029 3030
f 3025 3029 3026
f 3030 3057 3026
f 3026 3057 3050
f 3056 3049 3057
f 3057 3049 3050
f 2428 3056 2430
f 3049 3056 2428
f 2429 2430 2431
f 2428 2430 2429
f 3029 3057 3030
f 3056 3057 3029
f 2463 2464 2431
f 2430 2463 2431
f 2430 3056 2463
f 2463 3056 3029
f 4978 5001 4976
f 4976 5001 4997
f 4966 4978 4965
f 4965 4978 4976
f 4977 4966 4975
f 4975 4966 4965
f 4998 4975 4994
f 4998 4977 4975
f 5017 4998 5014
f 5014 4998 4994
f 5008 5009 5014
f 5014 5009 5017
f 4999 5009 4995
f 4995 5009 5008
f 4983 4995 4979
f 4983 4999 4995
f 4972 4983 4971
f 4971 4983 4979
f 4984 4972 4980
f 4980 4972 4971
f 5000 4984 4996
f 4996 4984 4980
f 5011 4996 5010
f 5011 5000 4996
f 5010 5018 5011
f 5011 5018 5019
f 5001 5019 4997
f 4997 5019 5018
f 4994 5008 5014
f 4995 5008 4994
f 4979 4995 4994
f 4975 4979 4994
f 4997 5018 5010
f 4997 5010 4996
f 4965 4971 4979
f 4965 4979 4975
f 4980 4971 4965
f 4980 4997 4996
f 4976 4980 4965
f 4976 4997 4980
f 5020 5039 5021
f 5039 5042 5021
f 5043 5048 5039
f 5039 5048 5042
f 5067 5048 5064
f 5064 5048 5043
f 5062 5063 5064
f 5064 5063 5067
f 5061 5062 5060
f 5063 5062 5061
f 5032 5033 5060
f 5060 5033 5061
f 5022 5023 5032
f 5032 5023 5033
f 5020 5021 5022
f 5022 5021 5023
f 5039 5041 5043
f 5041 5044 5043
f 5039 5038 5041
f 5044 5050 5043
f 5039 5036 5038
f 5050 5058 5043
f 5058 5064 5043
f 5060 5064 5058
f 5060 5062 5064
f 5058 5034 5060
f 5034 5032 5060
f 5032 5020 5022
f 5034 5020 5032
f 5039 5020 5036
f 5036 5020 5034
f 5035 5034 5058
f 5035 5058 5059
f 5037 5036 5034
f 5037 5034 5035
f 5037 5040 5038
f 5037 5038 5036
f 5045 5041 5038
f 5045 5038 5040
f 5045 5049 5044
f 5045 5044 5041
f 5049 5051 5050
f 5049 5050 5044
f 5051 5059 5058
f 5051 5058 5050
f 5040 5049 5045
f 5040 5037 5049
f 5037 5051 5049
f 5037 5035 5051
f 5035 5059 5051
f 5091 5093 5090
f 5090 5093 5092
f 5085 5090 5080
f 5085 5091 5090
f 5086 5085 5081
f 5081 5085 5080
f 5087 5086 5082
f 5082 5086 5081
f 5088 5087 5083
f 5083 5087 5082
f 5089 5088 5084
f 5084 5088 5083
f 5071 5073 5084
f 5084 5073 5089
f 5072 5071 5070
f 5073 5071 5072
f 5074 5075 5070
f 5070 5075 5072
f 5103 5075 5102
f 5102 5075 5074
f 5113 5103 5109
f 5109 5103 5102
f 5112 5109 5108
f 5113 5109 5112
f 5111 5112 5107
f 5107 5112 5108
f 5110 5107 5106
f 5111 5107 5110
f 5116 5118 5106
f 5106 5118 5110
f 5119 5118 5117
f 5117 5118 5116
f 5114 5115 5117
f 5117 5115 5119
f 5093 5114 5092
f 5115 5114 5093
f 5107 5116 5106
f 5080 5074 5070
f 5081 5080 5070
f 5082 5081 5070
f 5083 5082 5070
f 5117 5107 5108
f 5117 5108 5109
f 5117 5116 5107
f 5114 5117 5109
f 5071 5084 5083
f 5071 5083 5070
f 5092 5114 5109
f 5092 5109 5102
f 5102 5074 5080
f 5102 5080 5090
f 5102 5090 5092
f 5983 5982 5981
f 5984 5982 5983
f 6007 6011 5981
f 5981 6011 5983
f 6024 6011 6021
f 6021 6011 6007
f 6030 6021 6029
f 6030 6024 6021
f 6025 6030 6022
f 6022 6030 6029
f 6012 6025 6008
f 6008 6025 6022
f 5992 5996 6008
f 6008 5996 6012
f 5997 5996 5993
f 5993 5996 5992
f 5982 5984 5993
f 5993 5984 5997
f 6018 6029 6021
f 6005 6021 6007
f 6005 6018 6021
f 5990 6005 6007
f 6022 6029 6018
f 5981 5990 6007
f 6006 6022 6018
f 6008 6022 6006
f 5991 5990 5981
f 5992 6006 5991
f 5992 6008 6006
f 5982 5993 5992
f 5982 5991 5981
f 5982 5992 5991
f 6023 6010 6006
f 6023 6006 6018
f 5995 5991 6006
f 5995 6006 6010
f 5991 5995 5994
f 5991 5994 5990
f 6009 6005 5990
f 6009 5990 5994
f 6009 6023 6018
f 6009 6018 6005
f 5995 6010 5994
f 5994 6010 6009
f 6010 6023 6009
f 6037 6053 6036
f 6055 6053 6037
f 6042 6044 6036
f 6036 6044 6037
f 6054 6044 6052
f 6052 6044 6042
f 6060 6054 6057
f 6057 6054 6052
f 6059 6061 6057
f 6057 6061 6060
f 6065 6061 6062
f 6062 6061 6059
f 6075 6080 6062
f 6062 6080 6065
f 6081 6084 6075
f 6075 6084 6080
f 6095 6084 6094
f 6094 6084 6081
f 6101 6095 6097
f 6097 6095 6094
f 6098 6103 6097
f 6097 6103 6101
f 6104 6103 6100
f 6100 6103 6098
f 6109 6104 6106
f 6106 6104 6100
f 6113 6114 6106
f 6106 6114 6109
f 6117 6118 6113
f 6113 6118 6114
f 6102 6105 6117
f 6117 6105 6118
f 6096 6099 6102
f 6102 6099 6105
f 6087 6096 6086
f 6099 6096 6087
f 6085 6087 6082
f 6082 6087 6086
f 6083 6082 6078
f 6085 6082 6083
f 6074 6079 6078
f 6078 6079 6083
f 6073 6079 6072
f 6072 6079 6074
f 6056 6058 6072
f 6072 6058 6073
f 6053 6055 6056
f 6056 6055 6058
f 6078 6081 6075
f 6106 6117 6113
f 6098 6106 6100
f 6102 6098 6097
f 6102 6106 6098
f 6102 6117 6106
f 6096 6102 6097
f 6052 6042 6036
f 6053 6057 6052
f 6053 6052 6036
f 6053 6056 6057
f 6056 6072 6057
f 6057 6072 6059
f 6059 6072 6062
f 6086 6096 6097
f 6086 6097 6094
f 6094 6081 6078
f 6094 6078 6082
f 6094 6082 6086
f 6075 6062 6078
f 6078 6062 6074
f 6074 6062 6072
f 6126 6125 6124
f 6127 6125 6126
f 6128 6129 6124
f 6124 6129 6126
f 6161 6129 6159
f 6159 6129 6128
f 6184 6185 6159
f 6159 6185 6161
f 6186 6190 6184
f 6184 6190 6185
f 6191 6190 6187
f 6187 6190 6186
f 6176 6180 6187
f 6187 6180 6191
f 6179 6176 6175
f 6180 6176 6179
f 6181 6179 6177
f 6177 6179 6175
f 6178 6182 6177
f 6177 6182 6181
f 6173 6174 6178
f 6178 6174 6182
f 6172 6174 6171
f 6171 6174 6173
f 6160 6162 6171
f 6171 6162 6172
f 6157 6158 6160
f 6160 6158 6162
f 6143 6157 6142
f 6158 6157 6143
f 6140 6143 6139
f 6139 6143 6142
f 6135 6139 6131
f 6140 6139 6135
f 6136 6135 6132
f 6132 6135 6131
f 6137 6136 6133
f 6133 6136 6132
f 6138 6137 6134
f 6134 6137 6133
f 6125 6127 6134
f 6134 6127 6138
f 6178 6186 6184
f 6177 6186 6178
f 6175 6186 6177
f 6187 6186 6175
f 6131 6128 6124
f 6176 6187 6175
f 6132 6131 6124
f 6160 6171 6159
f 6133 6132 6124
f 6157 6160 6159
f 6157 6159 6142
f 6125 6134 6133
f 6125 6133 6124
f 6184 6159 6178
f 6178 6159 6173
f 6173 6159 6171
f 6159 6128 6131
f 6159 6131 6139
f 6159 6139 6142
f 5138 5165 5197
f 5138 5197 5223
f 5138 5223 5242
f 5138 5242 5122
f 2085 2086 2045
f 2045 2086 2046
f 3135 2619 3134
f 3134 2619 2620
f 2666 2687 2176
f 2176 2687 2208
f 2208 2749 2225
f 2687 2749 2208
f 2225 2854 2308
f 2749 2854 2225
f 2308 2947 2406
f 2854 2947 2308
f 2406 3042 2489
f 2947 3042 2406
f 2489 3067 2499
f 3042 3067 2489
f 2159 2164 2094
f 2094 2164 2095
f 2095 2213 2101
f 2164 2213 2095
f 2101 2260 2106
f 2106 2260 2109
f 2213 2260 2101
f 2260 2354 2109
f 2109 2420 2116
f 2116 2420 2120
f 2354 2420 2109
f 2420 2434 2120
f 2091 2092 2056
f 2056 2092 2059
f 2059 2097 2066
f 2092 2097 2059
f 2066 2103 2071
f 2097 2103 2066
f 2071 2108 2075
f 2075 2108 2077
f 2103 2108 2071
f 2077 2111 2080
f 2108 2111 2077
f 2111 2113 2080
f 2065 2060 2046
f 2046 2072 2065
f 2060 2056 2046
f 2056 2045 2046
f 2046 2076 2072
f 2056 2059 2045
f 2059 2066 2045
f 2066 2071 2045
f 2076 2102 2078
f 2046 2102 2076
f 2102 2096 2078
f 2046 2105 2102
f 2078 2094 2080
f 2096 2094 2078
f 2080 2095 2077
f 2094 2095 2080
f 2077 2101 2075
f 2095 2101 2077
f 2075 2106 2071
f 2101 2106 2075
f 2110 2209 2117
f 2226 2209 2110
f 2117 2176 2120
f 2209 2176 2117
f 2105 2620 2110
f 2226 2620 2309
f 2110 2620 2226
f 2620 2405 2309
f 2120 2208 2116
f 2176 2208 2120
f 2620 2490 2405
f 2116 2225 2109
f 2208 2225 2116
f 2620 2499 2490
f 2109 2308 2106
f 2225 2308 2109
f 2620 2619 2499
f 2406 2619 2308
f 2489 2619 2406
f 2499 2619 2489
f 2619 2045 2308
f 2308 2045 2106
f 2106 2045 2071
f 2046 2620 2105
f 2108 2113 2111
f 2108 2112 2113
f 2108 2107 2112
f 2092 2093 2098
f 2092 2091 2093
f 2097 2108 2103
f 2097 2104 2107
f 2097 2098 2104
f 2097 2092 2098
f 2097 2107 2108
f 2354 2434 2420
f 2354 2421 2434
f 2354 2355 2421
f 2159 2165 2212
f 2213 2354 2260
f 2213 2261 2355
f 2213 2355 2354
f 2164 2212 2261
f 2164 2159 2212
f 2164 2261 2213
f 2947 3067 3042
f 2947 3043 3067
f 2947 2948 3043
f 2687 2854 2749
f 2687 2947 2854
f 2687 2853 2948
f 2687 2750 2853
f 2687 2688 2750
f 2687 2666 2688
f 2687 2948 2947
f 3145 3107 3144
f 3144 3107 3106
f 3106 3069 3068
f 3107 3069 3106
f 3068 3010 3009
f 3069 3010 3068
f 2069 2063 2067
f 2052 2050 2054
f 2052 2054 2063
f 2052 2063 2069
f 2057 2052 2069
f 3164 3142 3162
f 3009 2069 3142
f 3009 2057 2069
f 3106 3164 3144
f 3068 3009 3142
f 3068 3142 3164
f 3068 3164 3106
f 3142 2069 3143
f 3143 2069 2070
f 3142 3163 3162
f 3143 3163 3142
f 3162 3165 3164
f 3163 3165 3162
f 3164 3145 3144
f 3165 3145 3164
f 2058 2057 3010
f 3010 2057 3009
f 2058 2053 2057
f 2057 2053 2052
f 2052 2051 2050
f 2053 2051 2052
f 2050 2055 2054
f 2051 2055 2050
f 2054 2064 2063
f 2055 2064 2054
f 2063 2068 2067
f 2064 2068 2063
f 2067 2070 2069
f 2068 2070 2067
f 2055 2051 2064
f 2064 2053 2068
f 2051 2053 2064
f 2068 2058 2070
f 2053 2058 2068
f 2070 3010 3143
f 3143 3010 3163
f 3163 3010 3165
f 2058 3010 2070
f 3165 3107 3145
f 3069 3107 3010
f 3010 3107 3165
f 3830 3852 3900
f 3900 3852 3911
f 3911 3872 3918
f 3852 3872 3911
f 3918 3882 3919
f 3872 3882 3918
f 3919 3873 3917
f 3917 3873 3912
f 3882 3873 3919
f 3873 3853 3912
f 3912 3831 3901
f 3853 3831 3912
f 4213 4229 4212
f 4212 4229 4228
f 4228 4298 4297
f 4229 4298 4228
f 4297 4332 4331
f 4298 4332 4297
f 4331 4370 4369
f 4332 4370 4331
f 4369 4373 4372
f 4370 4373 4369
f 4372 4336 4335
f 4373 4336 4372
f 3628 3685 3629
f 3629 3685 3686
f 3686 3680 3681
f 3685 3680 3686
f 3681 3623 3624
f 3680 3623 3681
f 3624 3575 3576
f 3623 3575 3624
f 3576 3506 3507
f 3575 3506 3576
f 3507 3450 3449
f 3506 3450 3507
f 1884 1895 1883
f 1883 1895 1896
f 1896 1891 1892
f 1895 1891 1896
f 1892 1880 1881
f 1891 1880 1892
f 1881 1808 1809
f 1880 1808 1881
f 1809 1787 1788
f 1808 1787 1809
f 1788 1717 1718
f 1787 1717 1788
f 2130 2037 3705
f 3705 2037 2633
f 2129 2037 2130
f 2129 2036 2037
f 2633 2635 3705
f 3705 2635 3704
f 5838 5211 6228
f 6228 5211 5883
f 4848 4328 5158
f 5158 4328 4800
f 3915 3916 3598
f 3598 3916 3599
f 3175 3469 3176
f 3176 3469 3470
f 1801 1802 2028
f 2028 1802 2029
f 2026 2027 1797
f 1797 2027 1798
f 5583 5535 5241
f 5241 5535 5231
f 5231 5339 5209
f 5535 5339 5231
f 5209 5257 5183
f 5183 5257 5155
f 5339 5257 5209
f 5257 5221 5155
f 5155 5202 5129
f 5221 5202 5155
f 5129 5193 5121
f 5202 5193 5129
f 5240 5582 5241
f 5241 5582 5583
f 1717 1705 1718
f 1718 1705 1706
f 1706 1709 1710
f 1705 1709 1706
f 1710 1720 1721
f 1709 1720 1710
f 1721 1790 1791
f 1720 1790 1721
f 1791 1811 1812
f 1790 1811 1791
f 1812 1884 1883
f 1811 1884 1812
f 3450 3404 3449
f 3449 3404 3405
f 3405 3406 3407
f 3404 3406 3405
f 3407 3456 3457
f 3406 3456 3407
f 3457 3509 3510
f 3456 3509 3457
f 3510 3580 3581
f 3509 3580 3510
f 3581 3628 3629
f 3580 3628 3581
f 2040 2027 2026
f 2040 2026 2039
f 2042 2039 2041
f 2042 2040 2039
f 2029 2041 2028
f 2029 2042 2041
f 3512 3470 3469
f 3512 3469 3511
f 3558 3511 3557
f 3558 3512 3511
f 3599 3557 3598
f 3599 3558 3557
f 4801 5157 4800
f 4800 5157 5158
f 4849 4328 4848
f 4329 4328 4849
f 5837 5211 5838
f 5210 5211 5837
f 5884 6227 5883
f 5883 6227 6228
f 4336 4303 4335
f 4335 4303 4302
f 4302 4232 4231
f 4303 4232 4302
f 4231 4216 4215
f 4232 4216 4231
f 4215 4194 4193
f 4216 4194 4215
f 4193 4189 4188
f 4194 4189 4193
f 4188 4213 4212
f 4189 4213 4188
f 4542 4671 4559
f 3948 4542 4516
f 3948 4516 4501
f 3948 4671 4542
f 3548 3565 3884
f 3548 3884 3934
f 3538 3548 3934
f 3496 3538 3934
f 3435 3924 3913
f 3435 3455 3924
f 3433 4501 3924
f 3433 3948 4501
f 3433 3924 3455
f 3378 3913 3904
f 3378 3435 3913
f 3373 3944 3948
f 3373 3948 3433
f 3351 3353 3380
f 3334 3904 3902
f 3334 3378 3904
f 3282 3334 3902
f 3268 3353 3351
f 3217 3351 3276
f 3215 3373 3319
f 3215 3319 3264
f 3215 3944 3373
f 3207 3268 3351
f 3207 3217 3211
f 3207 3351 3217
f 3204 3264 3268
f 3196 3936 3944
f 3196 3944 3215
f 3180 3268 3207
f 3180 3204 3268
f 3178 3180 3207
f 3167 3196 3190
f 3167 3190 3184
f 3167 3184 3186
f 3167 3186 3188
f 3132 3178 3182
f 3132 3180 3178
f 3123 3196 3167
f 3109 3196 3123
f 3109 3125 3196
f 3099 3196 3125
f 3099 3936 3196
f 3071 3079 3109
f 3071 3109 3123
f 3038 3282 3902
f 3014 3075 3079
f 2991 3079 3071
f 2991 3014 3079
f 2988 3071 3060
f 2979 3060 3073
f 2979 2988 3060
f 2936 3062 2973
f 2936 2940 3062
f 2938 3209 3231
f 2920 2932 2934
f 2922 3231 3282
f 2922 3282 3038
f 2922 3038 2952
f 2922 2938 3231
f 2914 2930 2928
f 2914 2928 2932
f 2914 2932 2920
f 2910 3934 3936
f 2910 3099 3062
f 2910 3936 3099
f 2910 3062 2940
f 2910 3496 3934
f 2916 3182 3209
f 2916 3209 2938
f 2916 3132 3182
f 2916 3073 3132
f 2912 3038 3902
f 2908 2943 3018
f 2908 3018 2963
f 2906 2952 2943
f 2896 2946 2904
f 2868 2922 2952
f 2868 2952 2906
f 2872 2943 2908
f 2872 2906 2943
f 2872 2908 2896
f 2857 3073 2916
f 2850 2930 2914
f 2844 2930 2850
f 2844 2973 2930
f 2844 2936 2973
f 2846 2888 2900
f 2836 2872 2896
f 2836 2896 2904
f 2818 2846 2900
f 2808 2818 2900
f 2804 2868 2834
f 2804 2922 2868
f 2800 2804 2834
f 2784 2857 2816
f 2769 2850 2810
f 2769 2844 2850
f 2757 2776 2772
f 2757 2774 2776
f 2760 2800 2834
f 2741 3073 2857
f 2741 2857 2784
f 2741 2979 3073
f 2752 2836 2904
f 2722 2816 2782
f 2722 2782 2778
f 2722 2784 2816
f 2724 2800 2760
f 2728 2834 2746
f 2728 2760 2834
f 2720 2728 2746
f 2718 2716 2738
f 2690 2778 2774
f 2690 2774 2757
f 2690 2722 2778
f 2682 2979 2741
f 2672 2769 2810
f 2676 2728 2720
f 2670 2716 2718
f 2668 2800 2724
f 2651 2690 2674
f 2651 2722 2690
f 2645 2718 2678
f 2639 2720 2752
f 2639 2676 2720
f 2625 2670 2718
f 2625 2718 2645
f 2625 2668 2670
f 2618 2668 2625
f 2601 2810 2979
f 2601 2979 2682
f 2601 2682 2608
f 2598 2810 2601
f 2598 2672 2810
f 2603 2674 2668
f 2603 2651 2674
f 2595 2603 2668
f 2604 2639 2752
f 2604 2904 2912
f 2604 2752 2904
f 2604 2912 3902
f 2541 2545 2543
f 2539 2543 2545
f 2539 2545 2553
f 2527 2585 2651
f 2507 2668 2618
f 2507 2595 2668
f 2507 2525 2595
f 2505 2525 2507
f 2505 2519 2525
f 2492 2507 2618
f 2492 2618 2639
f 2467 2519 2505
f 2467 2511 2519
f 2458 2511 2467
f 2446 2492 2639
f 2446 2639 2604
f 2433 2458 2467
f 2409 3496 2910
f 2409 2910 2822
f 2409 2822 2734
f 2419 2585 2527
f 2419 2569 2585
f 2419 2496 2569
f 2417 2498 2488
f 2415 2488 2496
f 2415 2496 2419
f 2408 2494 2440
f 2408 2521 2494
f 2388 2408 2440
f 2384 2402 2400
f 2384 2400 2398
f 2358 2409 2734
f 2360 2417 2488
f 2357 2488 2415
f 2353 2440 2427
f 2353 2388 2440
f 2346 2415 2384
f 2343 2357 2415
f 2343 2415 2346
f 2341 2360 2488
f 2341 2488 2357
f 2322 2360 2341
f 2316 2353 2427
f 2316 2427 2446
f 2316 2446 2604
f 2285 2734 2653
f 2285 2358 2734
f 2284 2297 2320
f 2284 2320 2333
f 2284 2333 2339
f 2279 2346 2312
f 2279 2343 2346
f 2276 2312 2301
f 2274 2312 2276
f 2274 2279 2312
f 2272 2297 2284
f 2269 2279 2274
f 2258 2269 2274
f 2256 2276 2301
f 2256 2301 2316
f 2249 2285 2653
f 2249 2653 2647
f 2251 2336 2360
f 2251 2360 2322
f 2251 2322 2288
f 2248 2269 2258
f 2242 2336 2251
f 2238 2269 2248
f 2236 2256 2316
f 2233 2297 2272
f 2233 2251 2288
f 2233 2288 2297
f 2229 2238 2248
f 2200 2336 2242
f 2180 2224 2236
f 2180 2233 2224
f 2174 2200 2185
f 2174 2336 2200
f 2171 2242 2178
f 2171 2185 2200
f 2171 2200 2242
f 2167 2174 2185
f 2167 2185 2171
f 2163 2598 2336
f 2163 2647 2672
f 2163 2672 2598
f 2163 2336 2174
f 2158 2171 2178
f 2150 2171 2158
f 2150 2158 2156
f 2136 2142 2152
f 2134 2140 2142
f 2128 2142 2136
f 2128 2134 2142
f 2122 2140 2134
f 2122 2249 2647
f 2122 2163 2140
f 2122 2647 2163
f 2047 2316 2604
f 2047 2156 2180
f 2047 2138 2148
f 2047 2249 2122
f 2047 2115 2128
f 2047 2128 2136
f 2047 2122 2115
f 2047 2136 2138
f 2047 2236 2316
f 2047 2148 2150
f 2047 2180 2236
f 2047 2150 2156
f 2674 2800 2668
f 2804 2808 2900
f 2804 2900 2922
f 2138 2174 2167
f 2138 2167 2148
f 2525 2539 2553
f 2525 2553 2595
f 2603 2527 2651
f 2521 2516 2494
f 2513 2494 2516
f 2496 2601 2569
f 2569 2601 2608
f 3204 3215 3264
f 2408 2419 2521
f 2521 2419 2527
f 2415 2402 2384
f 2180 2251 2233
f 2988 2991 3071
f 5031 5079 5140
f 5029 5031 5140
f 5005 5079 5031
f 4988 5140 5927
f 4962 5137 5927
f 4962 5927 5140
f 4936 4948 4982
f 4934 4948 4936
f 4922 4988 4954
f 4922 4954 4950
f 4922 5029 5140
f 4922 5140 4988
f 4930 4940 4948
f 4930 4948 4934
f 4928 4932 4940
f 4928 4940 4930
f 4926 4952 4944
f 4916 5029 4922
f 4908 4942 4924
f 4908 4924 4918
f 4886 5137 4962
f 4902 4906 4914
f 4898 4926 4944
f 4894 4918 4910
f 4894 4908 4918
f 4892 4894 4910
f 4892 4910 4900
f 4880 4992 4896
f 4890 4906 4902
f 4890 4892 4900
f 4890 4900 4906
f 4884 4942 4908
f 4884 4950 4942
f 4884 4922 4950
f 4878 4956 4970
f 4878 4982 4988
f 4878 4970 4982
f 4878 4988 5927
f 4869 4922 4884
f 4873 4892 4890
f 4865 4873 4898
f 4865 4944 4956
f 4865 4898 4944
f 4865 4956 4878
f 4859 4873 4865
f 4859 4892 4873
f 4851 4922 4869
f 4829 4861 4880
f 4831 4880 4896
f 4845 4851 4869
f 4843 4859 4865
f 4839 4845 4869
f 4833 4845 4839
f 4833 4839 4837
f 4821 5137 4886
f 4819 4829 4880
f 4819 4880 4831
f 4811 4843 4865
f 4811 4833 4837
f 4811 4823 4843
f 4811 4837 4823
f 4809 4922 4851
f 4799 4835 4888
f 4799 4888 4815
f 4793 4803 4845
f 4793 4845 4833
f 4791 4797 4803
f 4789 4803 4793
f 4789 4791 4803
f 4767 4795 4783
f 4767 4783 4775
f 4753 5137 4821
f 4765 4769 4771
f 4765 4771 4777
f 4759 4775 4769
f 4759 4767 4775
f 4757 4759 4769
f 4757 4769 4765
f 4755 4757 4765
f 4743 4761 4835
f 4749 4795 4767
f 4745 4757 4755
f 4730 4815 4749
f 4726 4761 4743
f 4720 4761 4726
f 4707 4745 4741
f 4707 4741 4747
f 4707 4757 4745
f 4696 4835 4799
f 4698 4815 4730
f 4688 4698 4730
f 4688 4692 4698
f 4680 4815 4698
f 4670 4678 4694
f 4666 4668 4674
f 4661 4668 4666
f 4655 4666 4659
f 4655 4661 4666
f 4649 4655 4659
f 4647 4680 4657
f 4647 4815 4680
f 4647 4799 4815
f 4641 4647 4657
f 4641 4657 4653
f 4641 4643 4647
f 4639 4641 4653
f 4639 4653 4645
f 4637 4639 4645
f 4635 4637 4645
f 4633 4659 4651
f 4633 4649 4659
f 4631 4635 4645
f 4627 4799 4647
f 4625 4633 4651
f 4611 4621 4619
f 4611 4619 4617
f 4611 4617 4615
f 4601 4611 4615
f 4601 4615 4613
f 4597 4601 4613
f 4597 4613 4609
f 4597 4609 4607
f 4597 4607 4605
f 4595 4799 4627
f 4595 4627 4603
f 4586 4588 4595
f 4584 4586 4595
f 4584 4595 4603
f 4581 4603 4590
f 4567 4720 4726
f 4567 4718 4720
f 4569 4571 4573
f 4561 4575 4571
f 4555 4561 4571
f 4555 4557 4561
f 4553 4557 4555
f 4548 4551 4577
f 4548 4577 4563
f 4546 4577 4551
f 4544 4548 4563
f 4529 4537 4544
f 4529 4544 4563
f 4527 4531 4535
f 4527 4535 4533
f 4520 4567 4623
f 4524 4537 4529
f 4522 4524 4529
f 4518 4537 4524
f 4513 4531 4527
f 4511 4520 4540
f 4505 4520 4511
f 4503 4505 4511
f 4503 4511 4509
f 4490 4507 4518
f 4484 4509 4513
f 4484 4503 4509
f 4480 4507 4490
f 4480 4486 4507
f 4470 4503 4484
f 4466 4503 4470
f 4418 4466 4470
f 4418 4470 4464
f 4418 4464 4462
f 4418 4462 4468
f 4418 4468 4474
f 4386 4520 4404
f 4386 4567 4520
f 4384 4404 4402
f 4364 4402 4460
f 4364 4460 4380
f 4364 4384 4402
f 4364 4368 4384
f 4373 4747 4763
f 4373 4763 4811
f 4373 4694 4707
f 4373 4707 4747
f 4370 4605 4625
f 4370 4651 4670
f 4370 4670 4694
f 4370 4625 4651
f 4370 4694 4373
f 4321 4364 4380
f 4321 4323 4364
f 4332 4597 4605
f 4332 4605 4370
f 4332 4569 4573
f 4332 4590 4597
f 4332 4573 4581
f 4332 4581 4590
f 4336 4373 4811
f 4336 4811 4865
f 4298 4569 4332
f 4298 4529 4569
f 4298 4474 4522
f 4298 4522 4529
f 4303 4336 4865
f 4273 4567 4386
f 4257 4567 4273
f 4237 4273 4271
f 4237 4257 4273
f 4239 4237 4271
f 4229 4380 4418
f 4229 4418 4474
f 4229 4474 4298
f 4229 4321 4380
f 4224 4239 4235
f 4224 4237 4239
f 4222 4224 4235
f 4209 4222 4220
f 4206 4567 4257
f 4213 4321 4229
f 4181 4718 4567
f 4181 4753 4718
f 4181 4567 4206
f 4151 4753 4181
f 4136 4169 4237
f 4127 4169 4136
f 4119 4169 4127
f 4119 4148 4169
f 4115 4148 4119
f 4115 4125 4148
f 4113 4202 4166
f 4110 4753 4151
f 4110 5137 4753
f 4108 4303 4865
f 4108 4232 4303
f 4108 4216 4232
f 4089 4093 4102
f 4081 4113 4166
f 4070 4093 4089
f 4070 4087 4093
f 4063 4216 4108
f 4044 4087 4070
f 4044 4097 4087
f 4034 4216 4063
f 4001 4216 4034
f 4001 4194 4216
f 4001 4189 4194
f 3943 4081 4166
f 3943 4220 4321
f 3943 4044 4081
f 3943 4166 4209
f 3943 4189 4001
f 3943 4209 4220
f 3943 4213 4189
f 3943 4321 4213
f 3942 4097 4044
f 3942 4044 3943
f 3942 4110 4106
f 3942 4106 4097
f 3942 5137 4110
f 4505 4404 4520
f 4970 4936 4982
f 4520 4799 4540
f 4540 4799 4546
f 4546 4799 4577
f 4577 4799 4595
f 4761 4888 4835
f 4815 4922 4749
f 4749 4922 4795
f 4795 4922 4809
f 5031 4831 4896
f 5031 4896 5005
f 4670 4692 4686
f 4686 4692 4688
f 4670 4686 4678
f 4575 4573 4571
f 4581 4584 4603
f 4524 4490 4518
f 4509 4531 4513
f 4271 4384 4368
f 4384 4386 4404
f 4368 4239 4271
f 4235 4364 4323
f 4323 4222 4235
f 4209 4224 4222
f 4224 4136 4237
f 4671 4593 4582
f 4671 4582 4559
f 4672 4593 4671
f 5173 4593 4672
f 5205 5173 4672
f 3883 3546 3174
f 3883 3174 3366
f 3884 3565 3556
f 3884 3556 3546
f 3884 3546 3883
f 5927 5276 4878
f 6240 5927 6237
f 6240 5276 5927
f 6247 6240 6237
f 4733 4663 4699
f 5137 3942 3870
f 5137 3870 4663
f 5137 4663 4733
f 1541 2037 1540
f 1540 2037 2036
f 1541 2047 2037
f 2037 2604 2633
f 2047 2604 2037
f 2633 3480 2635
f 2633 3481 3480
f 2604 3481 2633
f 6245 6236 6242
f 6244 6236 6245
f 6236 6227 6242
f 6227 5884 6242
f 5582 5240 5837
f 5240 5210 5837
f 5157 5120 5192
f 5240 5120 5210
f 5120 4801 5210
f 5157 4801 5120
f 4713 4662 4735
f 4684 4662 4713
f 4735 4662 4849
f 4662 4329 4849
f 5210 3704 5884
f 5884 3704 3916
f 5884 3613 6242
f 3916 3613 5884
f 3916 3605 3613
f 3704 3599 3916
f 3704 3558 3599
f 3605 3572 3613
f 3704 3512 3558
f 3572 3525 3613
f 3704 3470 3512
f 3579 3480 3532
f 3613 3480 3579
f 3525 3480 3613
f 3476 3480 3525
f 3476 3176 3480
f 4329 3076 4801
f 5210 3076 3704
f 4801 3076 5210
f 4329 2949 3076
f 4662 2949 4329
f 3076 2643 3704
f 3704 2635 3470
f 3176 2635 3480
f 3470 2635 3176
f 2643 2129 3704
f 2508 2129 2643
f 2040 2042 2129
f 2129 2027 2040
f 2129 2029 2036
f 2042 2029 2129
f 2508 1798 2129
f 2129 1798 2027
f 2029 1802 2036
f 1798 1537 1564
f 1564 1537 1554
f 1802 1540 2036
f 1555 1540 1566
f 1554 1540 1555
f 1566 1540 1802
f 1537 1540 1554
f 1532 1534 1537
f 1537 1534 1540
f 2508 1537 1798
f 3611 3947 3613
f 3947 5173 3613
f 5276 6242 5205
f 5205 6242 5173
f 5173 6242 3613
f 5276 6240 6242
f 3870 3873 4663
f 3853 3873 3870
f 3870 3831 3853
f 4663 3882 4662
f 3873 3882 4663
f 3882 3872 4662
f 3366 3798 3870
f 3870 3798 3831
f 3872 3852 4662
f 3366 3767 3798
f 3852 3830 4662
f 3174 2950 3366
f 3767 2950 3758
f 3366 2950 3767
f 3758 2949 3766
f 3766 2949 3797
f 3797 2949 3830
f 2950 2949 3758
f 3174 2509 2950
f 2509 1925 2508
f 3174 1925 2509
f 1536 1537 1925
f 1925 1537 2508
f 2949 4662 3830
f 4849 4848 4735
f 4735 4848 4733
f 5192 5193 5157
f 5158 5137 4848
f 4848 5137 4733
f 5157 5202 5158
f 5193 5202 5157
f 5158 5221 5137
f 5202 5221 5158
f 5221 5257 5137
f 5582 5837 5583
f 5837 5535 5583
f 5535 5838 5339
f 5339 5838 5257
f 5837 5838 5535
f 5257 5927 5137
f 5838 5927 5257
f 6236 6228 6227
f 6236 6237 6228
f 6228 6237 5927
f 5838 6228 5927
f 3611 3543 3481
f 3903 2604 3902
f 3905 2604 3903
f 3947 3481 2604
f 3947 3611 3481
f 3947 2604 3905
f 1541 1530 1536
f 1925 1541 1536
f 2047 1541 1925
f 2190 2047 1925
f 2214 2047 2190
f 2249 2047 2214
f 3176 3476 3175
f 3175 3476 3477
f 3606 3605 3915
f 3915 3605 3916
f 3680 3685 3910
f 3628 3910 3685
f 3623 3680 3910
f 3592 3910 3628
f 3589 3623 3910
f 3580 3592 3628
f 3575 3623 3589
f 3535 3559 3592
f 3506 3575 3589
f 3489 3580 3509
f 3489 3592 3580
f 3489 3535 3592
f 3486 3589 3547
f 3486 3547 3523
f 3486 3506 3589
f 3456 3489 3509
f 3450 3506 3486
f 3197 3404 3450
f 3197 3406 3404
f 3197 3456 3406
f 3197 3489 3456
f 3197 3450 3486
f 1566 1802 1565
f 1565 1802 1801
f 1564 1797 1798
f 1563 1797 1564
f 2030 2021 2031
f 2030 2020 2021
f 2020 1895 2021
f 2020 1891 1895
f 1895 1884 2021
f 2020 1880 1891
f 1811 1800 1884
f 1884 1800 2021
f 1880 1799 1808
f 2020 1799 1880
f 1811 1790 1800
f 1799 1787 1808
f 1790 1720 1800
f 1799 1717 1787
f 1705 1572 1709
f 1709 1572 1720
f 1720 1572 1800
f 1717 1571 1705
f 1799 1571 1717
f 1705 1571 1572
f 1572 1561 1562
f 1571 1561 1572
f 5192 5121 5193
f 5120 5121 5192
f 3532 3481 3543
f 3532 3480 3481
f 3579 3543 3611
f 3579 3532 3543
f 3613 3579 3611
f 1532 1536 1530
f 1532 1537 1536
f 1534 1530 1541
f 1534 1532 1530
f 1540 1534 1541
f 6245 6240 6247
f 6245 6242 6240
f 6244 6247 6237
f 6244 6245 6247
f 6236 6244 6237
f 4713 4733 4699
f 4713 4735 4733
f 4684 4699 4663
f 4684 4713 4699
f 4662 4684 4663
f 1555 1566 1565
f 1555 1565 1556
f 1554 1556 1553
f 1554 1555 1556
f 1564 1553 1563
f 1564 1554 1553
f 3572 3605 3606
f 3572 3606 3571
f 3525 3571 3524
f 3525 3572 3571
f 3476 3524 3477
f 3476 3525 3524
f 3950 3949 4710
f 3949 5134 4710
f 3938 3939 3899
f 3594 3938 3899
f 5178 5276 5205
f 5134 5178 5205
f 4103 5178 5134
f 3949 4038 4103
f 3949 4103 5134
f 3938 3949 3945
f 3938 3945 3940
f 3938 3971 3973
f 3938 3973 4038
f 3938 4038 3949
f 3594 3914 3971
f 3594 3971 3938
f 3366 3870 3914
f 3366 3914 3594
f 4103 4104 4862
f 5178 4103 4862
f 3972 3971 3937
f 3971 3914 3937
f 2361 3446 2362
f 2362 3446 3447
f 3254 3501 3500
f 2211 2079 2210
f 3490 3500 3505
f 3446 3500 3490
f 3254 3500 3446
f 2361 3254 3446
f 2210 2361 2298
f 2210 2298 2240
f 2079 3254 2361
f 2079 2361 2210
f 1925 3174 3254
f 1925 3254 2079
f 4579 4993 4578
f 3928 3929 4514
f 4514 3929 4515
f 3922 3935 3923
f 4578 4541 4558
f 4993 4514 4578
f 4578 4514 4541
f 5173 3935 4993
f 3947 3935 5173
f 3935 3928 4993
f 4993 3928 4514
f 3928 3922 3926
f 3935 3922 3928
f 3922 3921 3926
f 3447 3446 3482
f 3482 3490 3497
f 3446 3490 3482
f 3497 3505 3504
f 3504 3505 3501
f 3490 3505 3497
f 3505 3500 3501
f 2210 2240 2211
f 2211 2240 2245
f 2245 2240 2270
f 2270 2298 2324
f 2240 2298 2270
f 2324 2361 2362
f 2298 2361 2324
f 3929 3928 3927
f 3927 3926 3925
f 3928 3926 3927
f 3925 3921 3920
f 3920 3921 3923
f 3926 3921 3925
f 3921 3922 3923
f 4578 4558 4579
f 4579 4558 4549
f 4538 4541 4525
f 4549 4541 4538
f 4558 4541 4549
f 4525 4514 4515
f 4541 4514 4525
f 4039 4104 4103
f 4039 4103 4038
f 3974 4038 3973
f 3974 4039 4038
f 3972 3973 3971
f 3972 3974 3973
f 3938 3940 3939
f 3941 3940 3946
f 3939 3940 3941
f 3946 3945 3950
f 3940 3945 3946
f 3945 3949 3950
f 3935 3905 3923
f 3947 3905 3935
f 3903 3923 3905
f 3903 3920 3923
f 3903 3902 3920
f 3920 3904 3925
f 3902 3904 3920
f 3925 3913 3927
f 3904 3913 3925
f 3927 3924 3929
f 3913 3924 3927
f 4515 3929 3924
f 4515 3924 4501
f 4515 4501 4525
f 4525 4516 4538
f 4501 4516 4525
f 4538 4542 4549
f 4516 4542 4538
f 4542 4559 4549
f 4559 4582 4549
f 4582 4579 4549
f 4593 4579 4582
f 4993 4579 4593
f 5173 4993 4593
f 3546 3254 3174
f 3501 3254 3546
f 3556 3501 3546
f 3556 3504 3501
f 3556 3565 3504
f 3504 3548 3497
f 3565 3548 3504
f 3497 3538 3482
f 3548 3538 3497
f 3482 3496 3447
f 3538 3496 3482
f 3496 2409 2362
f 3496 2362 3447
f 2190 2079 2211
f 2190 1925 2079
f 2362 2409 2324
f 2324 2358 2270
f 2409 2358 2324
f 2270 2285 2245
f 2358 2285 2270
f 2285 2249 2245
f 2249 2214 2245
f 2214 2211 2245
f 2190 2211 2214
f 5134 4672 4710
f 5205 4672 5134
f 4671 3948 3950
f 4671 3950 4710
f 4672 4671 4710
f 3950 3944 3946
f 3948 3944 3950
f 3946 3936 3941
f 3944 3936 3946
f 3941 3934 3939
f 3936 3934 3941
f 3884 3883 3899
f 3939 3884 3899
f 3934 3884 3939
f 3883 3594 3899
f 3883 3366 3594
f 4878 4862 4865
f 4878 5178 4862
f 4878 5276 5178
f 4865 4862 4108
f 4108 4862 4104
f 3974 3972 4001
f 3974 4001 4034
f 4039 4034 4063
f 4039 3974 4034
f 4104 4063 4108
f 4104 4039 4063
f 3943 4001 3937
f 4001 3972 3937
f 3943 3937 3942
f 3942 3937 3914
f 3870 3942 3914
f 3831 3798 3901
f 3901 3798 3892
f 3892 3767 3875
f 3798 3767 3892
f 3875 3758 3871
f 3767 3758 3875
f 3871 3766 3874
f 3758 3766 3871
f 3874 3797 3891
f 3766 3797 3874
f 3891 3830 3900
f 3797 3830 3891
f 2643 2642 2508
f 2508 2642 2509
f 2950 2509 3077
f 3077 2509 2642
f 2949 2950 3076
f 2950 3077 3076
f 1799 2022 2024
f 1799 2020 2022
f 1797 2024 2026
f 1797 1799 2024
f 1569 1571 1799
f 1567 1799 1797
f 1567 1569 1799
f 1563 1567 1797
f 2032 2022 2020
f 2032 2020 2030
f 2034 2026 2024
f 2034 2024 2022
f 2034 2039 2026
f 2034 2022 2032
f 2033 2031 2021
f 2033 2030 2031
f 2033 2021 2023
f 2033 2032 2030
f 2035 2025 2028
f 2035 2023 2025
f 2035 2041 2039
f 2035 2028 2041
f 2035 2039 2034
f 2035 2034 2032
f 2035 2032 2033
f 2035 2033 2023
f 1560 1570 1572
f 1560 1572 1562
f 1558 1556 1565
f 1558 1568 1570
f 1558 1565 1568
f 1558 1570 1560
f 1559 1571 1569
f 1559 1561 1571
f 1559 1562 1561
f 1559 1560 1562
f 1557 1569 1567
f 1557 1567 1563
f 1557 1553 1556
f 1557 1563 1553
f 1557 1558 1560
f 1557 1560 1559
f 1557 1556 1558
f 1557 1559 1569
f 2023 2021 1800
f 2025 1800 1801
f 2025 2023 1800
f 2028 2025 1801
f 1800 1572 1570
f 1800 1570 1568
f 1801 1568 1565
f 1801 1800 1568
f 3474 3469 3175
f 3474 3175 3197
f 3475 3474 3197
f 3486 3475 3197
f 3175 3477 3478
f 3197 3487 3489
f 3197 3478 3487
f 3197 3175 3478
f 3555 3597 3598
f 3555 3598 3557
f 3552 3547 3589
f 3552 3591 3597
f 3552 3589 3591
f 3552 3597 3555
f 3513 3469 3474
f 3513 3511 3469
f 3513 3557 3511
f 3513 3555 3557
f 3520 3474 3475
f 3520 3475 3486
f 3520 3523 3547
f 3520 3486 3523
f 3520 3552 3555
f 3520 3555 3513
f 3520 3547 3552
f 3520 3513 3474
f 3526 3478 3477
f 3526 3477 3524
f 3529 3489 3487
f 3529 3487 3478
f 3529 3535 3489
f 3529 3478 3526
f 3570 3571 3606
f 3570 3524 3571
f 3570 3606 3601
f 3570 3526 3524
f 3562 3600 3592
f 3562 3601 3600
f 3562 3559 3535
f 3562 3592 3559
f 3562 3535 3529
f 3562 3529 3526
f 3562 3526 3570
f 3562 3570 3601
f 3915 3598 3597
f 3910 3597 3591
f 3910 3591 3589
f 3910 3915 3597
f 3601 3606 3915
f 3601 3915 3910
f 3600 3601 3910
f 3592 3600 3910
f 4760 4887 4761
f 4761 4887 4888
f 4814 4815 4887
f 4887 4815 4888
f 4814 4921 4815
f 4815 4921 4922
f 4916 4922 4915
f 4915 4922 4921
f 4915 5029 4916
f 4915 5028 5029
f 5028 5030 5029
f 5029 5030 5031
f 4831 5031 4830
f 4830 5031 5030
f 4829 4819 4828
f 4828 4819 4818
f 4818 4831 4830
f 4819 4831 4818
f 4880 4861 4879
f 4879 4861 4860
f 4860 4829 4828
f 4861 4829 4860
f 4879 4991 4880
f 4880 4991 4992
f 4896 4991 4895
f 4992 4991 4896
f 4895 5004 4896
f 4896 5004 5005
f 5079 5004 5078
f 5005 5004 5079
f 5140 5078 5139
f 5079 5078 5140
f 4962 5140 4961
f 4961 5140 5139
f 4753 4821 4752
f 4752 4821 4820
f 4820 4886 4885
f 4821 4886 4820
f 4886 4961 4885
f 4886 4962 4961
f 4761 4720 4760
f 4760 4720 4719
f 4719 4718 4717
f 4720 4718 4719
f 4717 4753 4752
f 4718 4753 4717
f 4991 5139 5078
f 4991 5078 5004
f 4961 5139 4991
f 4895 4991 5004
f 4887 5028 4915
f 4879 4885 4961
f 4879 4961 4991
f 4860 4885 4879
f 4820 4860 4828
f 4820 4885 4860
f 4814 4915 4921
f 4814 4887 4915
f 4752 4820 4828
f 4719 4818 4830
f 4719 4830 4760
f 4717 4828 4818
f 4717 4752 4828
f 4717 4818 4719
f 4830 5030 5028
f 4830 5028 4887
f 4830 4887 4760
f 4567 4725 4566
f 4726 4725 4567
f 4566 4622 4567
f 4567 4622 4623
f 4520 4622 4519
f 4623 4622 4520
f 4799 4519 4798
f 4520 4519 4799
f 4696 4799 4695
f 4695 4799 4798
f 4835 4696 4834
f 4696 4695 4834
f 4743 4835 4742
f 4742 4835 4834
f 4726 4742 4725
f 4726 4743 4742
f 4695 4725 4742
f 4695 4742 4834
f 4622 4695 4798
f 4622 4725 4695
f 4566 4725 4622
f 4519 4622 4798
f 4890 4902 4901
f 4890 4901 4889
f 4872 4873 4890
f 4872 4890 4889
f 4898 4873 4872
f 4898 4872 4897
f 4925 4926 4898
f 4925 4898 4897
f 4952 4926 4925
f 4952 4925 4951
f 4952 4943 4944
f 4951 4943 4952
f 4956 4944 4943
f 4956 4943 4955
f 4956 4955 4969
f 4956 4969 4970
f 4969 4936 4970
f 4969 4935 4936
f 4934 4936 4935
f 4934 4935 4933
f 4930 4934 4933
f 4930 4933 4929
f 4928 4930 4929
f 4928 4929 4927
f 4932 4928 4927
f 4932 4927 4931
f 4940 4932 4931
f 4940 4931 4939
f 4948 4940 4939
f 4948 4939 4947
f 4982 4948 4947
f 4982 4947 4981
f 4982 4981 4987
f 4982 4987 4988
f 4987 4954 4988
f 4987 4953 4954
f 4950 4954 4953
f 4950 4953 4949
f 4942 4950 4949
f 4942 4949 4941
f 4924 4942 4941
f 4924 4941 4923
f 4918 4924 4923
f 4918 4923 4917
f 4910 4918 4917
f 4910 4917 4909
f 4900 4910 4909
f 4900 4909 4899
f 4906 4900 4899
f 4906 4899 4905
f 4914 4906 4905
f 4914 4905 4913
f 4902 4914 4913
f 4902 4913 4901
f 4951 4969 4955
f 4947 4953 4987
f 4947 4987 4981
f 4943 4951 4955
f 4939 4941 4949
f 4939 4949 4953
f 4939 4953 4947
f 4925 4935 4951
f 4923 4939 4931
f 4923 4941 4939
f 4917 4923 4931
f 4913 4929 4933
f 4913 4933 4935
f 4913 4935 4925
f 4909 4917 4931
f 4905 4927 4929
f 4905 4929 4913
f 4899 4931 4927
f 4899 4909 4931
f 4899 4927 4905
f 4897 4901 4913
f 4897 4913 4925
f 4889 4901 4897
f 4872 4889 4897
f 4935 4969 4951
f 4836 4837 4838
f 4838 4837 4839
f 4843 4823 4842
f 4842 4823 4822
f 4822 4837 4836
f 4823 4837 4822
f 4842 4858 4843
f 4843 4858 4859
f 4892 4859 4891
f 4891 4859 4858
f 4891 4893 4892
f 4892 4893 4894
f 4884 4908 4883
f 4883 4908 4907
f 4907 4894 4893
f 4908 4894 4907
f 4869 4884 4868
f 4868 4884 4883
f 4867 4855 4854
f 4867 4854 4866
f 4871 4867 4866
f 4871 4866 4870
f 4877 4871 4870
f 4877 4870 4876
f 4876 4875 4877
f 4876 4874 4875
f 4864 4875 4874
f 4864 4874 4863
f 4863 4857 4864
f 4863 4856 4857
f 4853 4857 4856
f 4853 4856 4852
f 4853 4852 4854
f 4853 4854 4855
f 4839 4868 4838
f 4839 4869 4868
f 4876 4907 4893
f 4874 4893 4891
f 4874 4876 4893
f 4870 4883 4907
f 4870 4907 4876
f 4866 4868 4883
f 4866 4883 4870
f 4858 4863 4874
f 4858 4874 4891
f 4854 4868 4866
f 4842 4856 4863
f 4842 4863 4858
f 4838 4868 4854
f 4836 4854 4852
f 4836 4838 4854
f 4822 4852 4856
f 4822 4856 4842
f 4822 4836 4852
f 4864 4871 4877
f 4864 4877 4875
f 4857 4867 4871
f 4857 4871 4864
f 4853 4855 4867
f 4853 4867 4857
f 4777 4771 4770
f 4777 4770 4776
f 4765 4777 4776
f 4765 4776 4764
f 4755 4765 4764
f 4755 4764 4754
f 4745 4755 4754
f 4745 4754 4744
f 4741 4745 4744
f 4741 4744 4740
f 4747 4741 4740
f 4747 4740 4746
f 4763 4747 4746
f 4763 4746 4762
f 4811 4763 4762
f 4811 4762 4810
f 4811 4810 4832
f 4811 4832 4833
f 4832 4793 4833
f 4832 4792 4793
f 4789 4793 4792
f 4789 4792 4788
f 4791 4789 4788
f 4791 4788 4790
f 4797 4791 4790
f 4797 4790 4796
f 4803 4797 4796
f 4803 4796 4802
f 4845 4803 4802
f 4845 4802 4844
f 4845 4844 4850
f 4845 4850 4851
f 4850 4809 4851
f 4850 4808 4809
f 4795 4809 4808
f 4795 4808 4794
f 4783 4795 4794
f 4783 4794 4782
f 4775 4783 4782
f 4775 4782 4774
f 4769 4775 4774
f 4769 4774 4768
f 4787 4779 4778
f 4787 4778 4786
f 4813 4787 4786
f 4813 4786 4812
f 4812 4807 4813
f 4812 4806 4807
f 4806 4781 4807
f 4806 4780 4781
f 4773 4781 4780
f 4773 4780 4772
f 4779 4773 4772
f 4779 4772 4778
f 4771 4769 4768
f 4771 4768 4770
f 4806 4832 4810
f 4806 4812 4832
f 4802 4808 4850
f 4802 4850 4844
f 4796 4808 4802
f 4794 4808 4796
f 4790 4794 4796
f 4786 4788 4792
f 4786 4792 4812
f 4782 4794 4790
f 4778 4788 4786
f 4776 4790 4788
f 4776 4788 4778
f 4774 4782 4790
f 4770 4790 4776
f 4768 4774 4790
f 4768 4790 4770
f 4764 4776 4778
f 4762 4780 4806
f 4762 4806 4810
f 4754 4764 4778
f 4746 4772 4780
f 4746 4780 4762
f 4744 4778 4772
f 4744 4754 4778
f 4740 4744 4772
f 4740 4772 4746
f 4792 4832 4812
f 4781 4787 4813
f 4781 4813 4807
f 4773 4779 4787
f 4773 4787 4781
f 4721 4731 4722
f 4722 4731 4732
f 4739 4732 4738
f 4738 4732 4731
f 4736 4737 4738
f 4738 4737 4739
f 4716 4737 4715
f 4715 4737 4736
f 4705 4716 4704
f 4704 4716 4715
f 4701 4705 4700
f 4700 4705 4704
f 4700 4702 4701
f 4701 4702 4703
f 4685 4686 4687
f 4687 4686 4688
f 4694 4678 4693
f 4693 4678 4677
f 4677 4686 4685
f 4678 4686 4677
f 4693 4706 4694
f 4694 4706 4707
f 4757 4707 4756
f 4756 4707 4706
f 4756 4758 4757
f 4757 4758 4759
f 4749 4767 4748
f 4748 4767 4766
f 4766 4759 4758
f 4767 4759 4766
f 4730 4749 4729
f 4729 4749 4748
f 4688 4730 4687
f 4687 4730 4729
f 4722 4702 4721
f 4722 4703 4702
f 4738 4766 4758
f 4736 4758 4756
f 4736 4738 4758
f 4731 4748 4766
f 4731 4766 4738
f 4721 4729 4748
f 4721 4748 4731
f 4706 4715 4736
f 4706 4736 4756
f 4702 4729 4721
f 4693 4704 4715
f 4693 4715 4706
f 4687 4729 4702
f 4685 4702 4700
f 4685 4687 4702
f 4677 4700 4704
f 4677 4704 4693
f 4677 4685 4700
f 4716 4732 4739
f 4716 4739 4737
f 4705 4722 4732
f 4705 4732 4716
f 4701 4703 4722
f 4701 4722 4705
f 4621 4611 4620
f 4620 4611 4610
f 4619 4621 4618
f 4618 4621 4620
f 4617 4619 4616
f 4616 4619 4618
f 4615 4617 4614
f 4614 4617 4616
f 4613 4615 4612
f 4612 4615 4614
f 4608 4609 4612
f 4612 4609 4613
f 4607 4609 4606
f 4606 4609 4608
f 4604 4605 4606
f 4606 4605 4607
f 4604 4624 4605
f 4605 4624 4625
f 4633 4624 4632
f 4625 4624 4633
f 4649 4632 4648
f 4633 4632 4649
f 4655 4649 4654
f 4654 4649 4648
f 4661 4655 4660
f 4660 4655 4654
f 4668 4661 4667
f 4667 4661 4660
f 4674 4668 4673
f 4673 4668 4667
f 4666 4674 4665
f 4665 4674 4673
f 4659 4666 4658
f 4658 4666 4665
f 4650 4651 4658
f 4658 4651 4659
f 4650 4669 4651
f 4651 4669 4670
f 4669 4691 4670
f 4670 4691 4692
f 4698 4691 4697
f 4692 4691 4698
f 4680 4698 4679
f 4679 4698 4697
f 4657 4679 4656
f 4680 4679 4657
f 4653 4656 4652
f 4657 4656 4653
f 4645 4653 4644
f 4644 4653 4652
f 4631 4645 4630
f 4630 4645 4644
f 4635 4631 4634
f 4634 4631 4630
f 4637 4635 4636
f 4636 4635 4634
f 4639 4637 4638
f 4638 4637 4636
f 4641 4639 4640
f 4640 4639 4638
f 4640 4642 4641
f 4641 4642 4643
f 4647 4642 4646
f 4643 4642 4647
f 4627 4647 4626
f 4626 4647 4646
f 4603 4627 4602
f 4627 4626 4602
f 4590 4603 4589
f 4603 4602 4589
f 4589 4596 4590
f 4590 4596 4597
f 4601 4596 4600
f 4597 4596 4601
f 4611 4600 4610
f 4611 4601 4600
f 4679 4697 4691
f 4673 4679 4691
f 4665 4673 4691
f 4658 4691 4669
f 4658 4665 4691
f 4656 4673 4667
f 4656 4679 4673
f 4652 4667 4660
f 4652 4660 4654
f 4652 4656 4667
f 4650 4658 4669
f 4644 4654 4648
f 4644 4652 4654
f 4630 4648 4632
f 4630 4644 4648
f 4626 4646 4642
f 4620 4642 4640
f 4618 4620 4640
f 4616 4618 4640
f 4614 4640 4638
f 4614 4616 4640
f 4612 4638 4636
f 4612 4636 4634
f 4612 4614 4638
f 4608 4634 4630
f 4608 4612 4634
f 4606 4630 4632
f 4606 4608 4630
f 4604 4606 4632
f 4604 4632 4624
f 4602 4620 4610
f 4602 4626 4642
f 4602 4642 4620
f 4600 4602 4610
f 4589 4602 4600
f 4589 4600 4596
f 4553 4555 4552
f 4552 4555 4554
f 4557 4553 4556
f 4556 4553 4552
f 4561 4557 4560
f 4560 4557 4556
f 4575 4560 4574
f 4561 4560 4575
f 4574 4572 4575
f 4572 4573 4575
f 4572 4580 4573
f 4573 4580 4581
f 4580 4584 4581
f 4580 4583 4584
f 4586 4584 4585
f 4585 4584 4583
f 4585 4587 4586
f 4586 4587 4588
f 4595 4587 4594
f 4588 4587 4595
f 4577 4595 4576
f 4576 4595 4594
f 4563 4576 4562
f 4577 4576 4563
f 4529 4562 4528
f 4563 4562 4529
f 4528 4568 4529
f 4529 4568 4569
f 4568 4571 4569
f 4568 4570 4571
f 4555 4571 4554
f 4554 4571 4570
f 4576 4594 4587
f 4574 4587 4585
f 4574 4585 4583
f 4574 4576 4587
f 4572 4583 4580
f 4562 4576 4574
f 4560 4562 4574
f 4556 4562 4560
f 4554 4570 4568
f 4552 4562 4556
f 4528 4552 4554
f 4528 4554 4568
f 4528 4562 4552
f 4572 4574 4583
f 4527 4533 4532
f 4527 4532 4526
f 4526 4513 4527
f 4526 4512 4513
f 4484 4513 4512
f 4484 4512 4483
f 4470 4484 4483
f 4470 4483 4469
f 4464 4470 4469
f 4464 4469 4463
f 4462 4464 4463
f 4462 4463 4461
f 4468 4462 4461
f 4468 4461 4467
f 4474 4468 4467
f 4474 4467 4473
f 4522 4474 4473
f 4522 4473 4521
f 4522 4521 4523
f 4522 4523 4524
f 4523 4490 4524
f 4523 4489 4490
f 4480 4490 4489
f 4480 4489 4479
f 4486 4480 4479
f 4486 4479 4485
f 4507 4486 4485
f 4507 4485 4506
f 4518 4507 4506
f 4518 4506 4517
f 4537 4518 4517
f 4537 4517 4536
f 4544 4537 4536
f 4544 4536 4543
f 4548 4544 4543
f 4548 4543 4547
f 4551 4548 4547
f 4551 4547 4550
f 4546 4551 4550
f 4546 4550 4545
f 4540 4546 4545
f 4540 4545 4539
f 4539 4511 4540
f 4539 4510 4511
f 4510 4509 4511
f 4510 4508 4509
f 4531 4509 4508
f 4531 4508 4530
f 4535 4531 4530
f 4535 4530 4534
f 4533 4535 4534
f 4533 4534 4532
f 4534 4545 4550
f 4534 4550 4547
f 4532 4547 4543
f 4532 4543 4536
f 4532 4534 4547
f 4530 4539 4545
f 4530 4545 4534
f 4517 4526 4532
f 4517 4532 4536
f 4508 4510 4539
f 4506 4512 4526
f 4506 4526 4517
f 4485 4512 4506
f 4483 4512 4485
f 4473 4523 4521
f 4469 4483 4485
f 4467 4479 4489
f 4467 4489 4473
f 4463 4485 4479
f 4463 4469 4485
f 4461 4463 4479
f 4461 4479 4467
f 4530 4508 4539
f 4489 4523 4473
f 4504 4404 4505
f 4504 4403 4404
f 4403 4402 4404
f 4403 4401 4402
f 4460 4402 4401
f 4460 4401 4459
f 4460 4379 4380
f 4459 4379 4460
f 4418 4380 4379
f 4418 4379 4417
f 4418 4417 4465
f 4418 4465 4466
f 4503 4466 4465
f 4503 4465 4502
f 4503 4502 4504
f 4503 4504 4505
f 4465 4504 4502
f 4459 4504 4465
f 4403 4504 4459
f 4401 4403 4459
f 4379 4465 4417
f 4379 4459 4465
f 4270 4383 4271
f 4271 4383 4384
f 4383 4386 4384
f 4383 4385 4386
f 4273 4386 4272
f 4272 4386 4385
f 4270 4271 4272
f 4272 4271 4273
f 4270 4272 4385
f 4270 4385 4383
f 4239 4368 4238
f 4238 4368 4367
f 4238 4234 4239
f 4234 4235 4239
f 4234 4363 4235
f 4235 4363 4364
f 4363 4368 4364
f 4363 4367 4368
f 4234 4238 4367
f 4234 4367 4363
f 4222 4323 4221
f 4221 4323 4322
f 4221 4219 4222
f 4219 4220 4222
f 4219 4320 4220
f 4220 4320 4321
f 4320 4322 4321
f 4321 4322 4323
f 4219 4221 4322
f 4219 4322 4320
f 4070 4089 4088
f 4070 4088 4069
f 4043 4044 4070
f 4043 4070 4069
f 4081 4044 4043
f 4081 4043 4080
f 4112 4113 4081
f 4112 4081 4080
f 4202 4113 4112
f 4202 4112 4201
f 4201 4166 4202
f 4201 4165 4166
f 4209 4166 4165
f 4209 4165 4208
f 4209 4208 4223
f 4209 4223 4224
f 4223 4136 4224
f 4223 4135 4136
f 4127 4136 4135
f 4127 4135 4126
f 4119 4127 4126
f 4119 4126 4118
f 4115 4119 4118
f 4115 4118 4114
f 4125 4115 4114
f 4125 4114 4124
f 4148 4125 4124
f 4148 4124 4149
f 4169 4148 4149
f 4169 4149 4168
f 4237 4169 4168
f 4237 4168 4236
f 4237 4236 4256
f 4237 4256 4257
f 4256 4206 4257
f 4256 4205 4206
f 4181 4206 4205
f 4181 4205 4180
f 4151 4181 4180
f 4151 4180 4150
f 4110 4151 4150
f 4110 4150 4109
f 4106 4110 4109
f 4106 4109 4105
f 4097 4106 4105
f 4097 4105 4096
f 4087 4097 4096
f 4087 4096 4086
f 4093 4087 4086
f 4093 4086 4092
f 4102 4093 4092
f 4102 4092 4101
f 4089 4102 4101
f 4089 4101 4088
f 4201 4223 4208
f 4168 4205 4256
f 4168 4256 4236
f 4165 4201 4208
f 4149 4150 4180
f 4149 4180 4205
f 4149 4205 4168
f 4112 4135 4201
f 4109 4149 4124
f 4109 4150 4149
f 4105 4109 4124
f 4101 4118 4126
f 4101 4126 4135
f 4101 4135 4112
f 4096 4105 4124
f 4092 4114 4118
f 4092 4118 4101
f 4086 4124 4114
f 4086 4096 4124
f 4086 4114 4092
f 4080 4088 4101
f 4080 4101 4112
f 4069 4088 4080
f 4043 4069 4080
f 4135 4223 4201
f 3231 3209 3208
f 3231 3208 3230
f 3282 3230 3281
f 3282 3231 3230
f 3334 3282 3281
f 3334 3281 3333
f 3378 3333 3377
f 3378 3334 3333
f 3435 3378 3377
f 3435 3377 3434
f 3455 3434 3454
f 3455 3435 3434
f 3433 3455 3454
f 3433 3454 3432
f 3373 3432 3372
f 3373 3433 3432
f 3319 3373 3372
f 3319 3372 3318
f 3264 3318 3263
f 3264 3319 3318
f 3267 3264 3263
f 3268 3264 3267
f 3353 3268 3267
f 3353 3267 3352
f 3380 3353 3352
f 3380 3352 3379
f 3351 3380 3379
f 3351 3379 3350
f 3276 3351 3350
f 3276 3350 3275
f 3217 3276 3275
f 3217 3275 3216
f 3211 3217 3216
f 3211 3216 3210
f 3207 3211 3210
f 3207 3210 3206
f 3177 3178 3207
f 3177 3207 3206
f 3182 3178 3177
f 3182 3177 3181
f 3209 3181 3208
f 3209 3182 3181
f 3379 3432 3454
f 3379 3454 3434
f 3352 3372 3432
f 3352 3432 3379
f 3350 3434 3377
f 3350 3379 3434
f 3333 3350 3377
f 3318 3372 3352
f 3275 3333 3281
f 3275 3350 3333
f 3267 3318 3352
f 3263 3318 3267
f 3230 3275 3281
f 3216 3275 3230
f 3208 3210 3216
f 3208 3216 3230
f 3181 3210 3208
f 3177 3206 3210
f 3177 3210 3181
f 3132 3073 3072
f 3132 3072 3131
f 3180 3132 3131
f 3180 3131 3179
f 3204 3180 3179
f 3204 3179 3203
f 3203 3214 3215
f 3204 3203 3215
f 3214 3196 3215
f 3214 3195 3196
f 3195 3190 3196
f 3195 3189 3190
f 3184 3190 3189
f 3184 3189 3183
f 3186 3184 3183
f 3186 3183 3185
f 3188 3186 3185
f 3188 3185 3187
f 3167 3188 3187
f 3167 3187 3166
f 3123 3167 3166
f 3123 3166 3122
f 3071 3123 3122
f 3071 3122 3070
f 3060 3071 3070
f 3060 3070 3059
f 3127 3081 3080
f 3127 3080 3126
f 3171 3127 3126
f 3171 3126 3170
f 3129 3171 3170
f 3129 3170 3128
f 3081 3129 3128
f 3081 3128 3080
f 3073 3060 3059
f 3073 3059 3072
f 3189 3195 3214
f 3185 3203 3187
f 3183 3214 3203
f 3183 3189 3214
f 3183 3203 3185
f 3170 3203 3179
f 3170 3187 3203
f 3128 3179 3131
f 3128 3170 3179
f 3126 3166 3187
f 3126 3187 3170
f 3122 3166 3126
f 3072 3080 3128
f 3072 3128 3131
f 3070 3126 3080
f 3070 3122 3126
f 3059 3080 3072
f 3059 3070 3080
f 3081 3127 3171
f 3081 3171 3129
f 2844 2769 2768
f 2844 2768 2843
f 2936 2844 2843
f 2936 2843 2935
f 2940 2936 2935
f 2940 2935 2939
f 2910 2940 2939
f 2910 2939 2909
f 2822 2909 2821
f 2822 2910 2909
f 2734 2822 2821
f 2734 2821 2733
f 2653 2734 2733
f 2653 2733 2652
f 2647 2653 2652
f 2647 2652 2646
f 2712 2680 2679
f 2712 2679 2711
f 2825 2711 2824
f 2825 2712 2711
f 2864 2825 2824
f 2864 2824 2863
f 2890 2863 2889
f 2890 2864 2863
f 2852 2890 2889
f 2852 2889 2851
f 2765 2851 2764
f 2765 2852 2851
f 2698 2765 2764
f 2698 2764 2697
f 2680 2697 2679
f 2680 2698 2697
f 2672 2647 2646
f 2672 2646 2671
f 2769 2671 2768
f 2769 2672 2671
f 2889 2939 2935
f 2863 2909 2939
f 2863 2939 2889
f 2851 2889 2935
f 2843 2851 2935
f 2821 2863 2824
f 2821 2909 2863
f 2764 2843 2768
f 2764 2851 2843
f 2733 2821 2824
f 2711 2733 2824
f 2697 2764 2768
f 2671 2697 2768
f 2652 2711 2679
f 2652 2733 2711
f 2646 2679 2697
f 2646 2697 2671
f 2646 2652 2679
f 2825 2864 2890
f 2825 2890 2852
f 2712 2825 2852
f 2680 2765 2698
f 2680 2852 2765
f 2680 2712 2852
f 2722 2651 2650
f 2722 2650 2721
f 2784 2721 2783
f 2784 2722 2721
f 2741 2784 2783
f 2741 2783 2740
f 2682 2740 2681
f 2682 2741 2740
f 2608 2682 2681
f 2608 2681 2607
f 2569 2607 2568
f 2569 2608 2607
f 2630 2583 2582
f 2630 2582 2629
f 2684 2629 2683
f 2684 2630 2629
f 2726 2684 2683
f 2726 2683 2725
f 2744 2725 2743
f 2744 2726 2725
f 2700 2744 2743
f 2700 2743 2699
f 2649 2699 2648
f 2649 2700 2699
f 2606 2649 2648
f 2606 2648 2605
f 2583 2605 2582
f 2583 2606 2605
f 2585 2569 2568
f 2585 2568 2584
f 2651 2584 2650
f 2651 2585 2584
f 2725 2740 2783
f 2725 2783 2743
f 2721 2743 2783
f 2699 2743 2721
f 2681 2725 2683
f 2681 2740 2725
f 2648 2721 2650
f 2648 2699 2721
f 2607 2683 2629
f 2607 2681 2683
f 2605 2648 2650
f 2584 2605 2650
f 2582 2607 2629
f 2568 2582 2605
f 2568 2605 2584
f 2568 2607 2582
f 2684 2726 2744
f 2684 2744 2700
f 2630 2700 2649
f 2630 2684 2700
f 2583 2649 2606
f 2583 2630 2649
f 2496 2495 2600
f 2496 2600 2601
f 2601 2600 2597
f 2601 2597 2598
f 2335 2336 2598
f 2335 2598 2597
f 2360 2336 2335
f 2360 2335 2359
f 2417 2360 2359
f 2416 2417 2359
f 2498 2417 2416
f 2498 2416 2497
f 2498 2487 2488
f 2497 2487 2498
f 2549 2567 2566
f 2549 2566 2548
f 2548 2501 2549
f 2548 2500 2501
f 2500 2425 2501
f 2500 2424 2425
f 2522 2523 2425
f 2522 2425 2424
f 2559 2523 2522
f 2559 2522 2558
f 2571 2559 2558
f 2571 2558 2570
f 2570 2567 2571
f 2570 2566 2567
f 2496 2488 2487
f 2496 2487 2495
f 2570 2597 2600
f 2566 2570 2600
f 2558 2597 2570
f 2548 2566 2600
f 2522 2597 2558
f 2500 2548 2600
f 2495 2500 2600
f 2495 2497 2500
f 2487 2497 2495
f 2416 2424 2500
f 2416 2500 2497
f 2335 2416 2359
f 2335 2424 2416
f 2335 2597 2522
f 2335 2522 2424
f 2559 2571 2567
f 2549 2559 2567
f 2523 2559 2549
f 2501 2523 2549
f 2425 2523 2501
f 3038 2912 2911
f 3038 2911 3037
f 3037 2952 3038
f 3037 2951 2952
f 2951 2943 2952
f 2951 2942 2943
f 3018 2943 2942
f 3018 2942 3017
f 2962 2963 3018
f 2962 3018 3017
f 2962 2908 2963
f 2962 2907 2908
f 2907 2896 2908
f 2907 2895 2896
f 2946 2896 2895
f 2946 2895 2945
f 2903 2904 2946
f 2903 2946 2945
f 2912 2904 2903
f 2912 2903 2911
f 2962 3017 3037
f 2951 3037 3017
f 2942 2951 3017
f 2911 2962 3037
f 2911 2945 2962
f 2907 2962 2945
f 2903 2945 2911
f 2895 2907 2945
f 2872 2836 2835
f 2872 2835 2871
f 2906 2871 2905
f 2906 2872 2871
f 2868 2906 2905
f 2868 2905 2867
f 2834 2867 2833
f 2834 2868 2867
f 2746 2834 2833
f 2746 2833 2745
f 2720 2745 2719
f 2720 2746 2745
f 2763 2731 2730
f 2763 2730 2762
f 2832 2762 2831
f 2832 2763 2762
f 2884 2832 2831
f 2884 2831 2883
f 2860 2884 2883
f 2860 2883 2859
f 2838 2859 2837
f 2838 2860 2859
f 2731 2837 2730
f 2731 2838 2837
f 2752 2720 2719
f 2752 2719 2751
f 2836 2751 2835
f 2836 2752 2751
f 2867 2905 2883
f 2871 2883 2905
f 2859 2883 2871
f 2831 2833 2867
f 2831 2867 2883
f 2837 2859 2871
f 2835 2837 2871
f 2751 2837 2835
f 2745 2831 2762
f 2745 2833 2831
f 2730 2745 2762
f 2730 2837 2751
f 2719 2730 2751
f 2719 2745 2730
f 2763 2884 2860
f 2763 2860 2838
f 2763 2832 2884
f 2731 2763 2838
f 2676 2639 2638
f 2676 2638 2675
f 2728 2676 2675
f 2728 2675 2727
f 2760 2728 2727
f 2760 2727 2759
f 2724 2760 2759
f 2724 2759 2723
f 2668 2724 2723
f 2668 2723 2667
f 2670 2668 2667
f 2670 2667 2669
f 2716 2670 2669
f 2716 2669 2715
f 2738 2716 2715
f 2738 2715 2737
f 2718 2738 2737
f 2718 2737 2717
f 2678 2718 2717
f 2678 2717 2677
f 2645 2678 2677
f 2645 2677 2644
f 2625 2645 2644
f 2625 2644 2624
f 2617 2618 2625
f 2617 2625 2624
f 2639 2618 2617
f 2639 2617 2638
f 2727 2737 2759
f 2715 2723 2759
f 2715 2759 2737
f 2717 2737 2727
f 2677 2717 2727
f 2675 2677 2727
f 2669 2723 2715
f 2667 2723 2669
f 2644 2677 2675
f 2638 2644 2675
f 2624 2644 2638
f 2617 2624 2638
f 2492 2446 2445
f 2492 2445 2491
f 2507 2492 2491
f 2507 2491 2506
f 2507 2506 2504
f 2507 2504 2505
f 2467 2505 2504
f 2467 2504 2466
f 2433 2467 2466
f 2433 2466 2432
f 2458 2433 2432
f 2458 2432 2457
f 2511 2458 2457
f 2511 2457 2510
f 2519 2511 2510
f 2519 2510 2518
f 2524 2525 2519
f 2524 2519 2518
f 2524 2538 2539
f 2525 2524 2539
f 2543 2539 2538
f 2543 2538 2542
f 2543 2542 2540
f 2543 2540 2541
f 2545 2541 2540
f 2545 2540 2544
f 2553 2545 2544
f 2553 2544 2552
f 2595 2553 2552
f 2595 2552 2594
f 2603 2595 2594
f 2603 2594 2602
f 2602 2527 2603
f 2602 2526 2527
f 2520 2521 2527
f 2520 2527 2526
f 2521 2515 2516
f 2520 2515 2521
f 2515 2513 2516
f 2515 2512 2513
f 2494 2513 2512
f 2494 2512 2493
f 2440 2494 2493
f 2440 2493 2439
f 2427 2440 2439
f 2427 2439 2426
f 2446 2427 2426
f 2446 2426 2445
f 2552 2602 2594
f 2526 2552 2544
f 2526 2544 2540
f 2526 2602 2552
f 2520 2540 2542
f 2520 2526 2540
f 2512 2524 2518
f 2510 2512 2518
f 2491 2504 2506
f 2466 2504 2491
f 2457 2493 2510
f 2445 2466 2491
f 2439 2493 2457
f 2432 2466 2445
f 2426 2457 2432
f 2426 2432 2445
f 2426 2439 2457
f 2493 2512 2510
f 2515 2520 2542
f 2515 2542 2538
f 2538 2524 2512
f 2538 2512 2515
f 2353 2316 2315
f 2353 2315 2352
f 2388 2353 2352
f 2388 2352 2387
f 2408 2388 2387
f 2408 2387 2407
f 2408 2407 2418
f 2408 2418 2419
f 2419 2418 2414
f 2419 2414 2415
f 2414 2402 2415
f 2414 2401 2402
f 2400 2402 2401
f 2400 2401 2399
f 2399 2398 2400
f 2399 2397 2398
f 2384 2398 2397
f 2384 2397 2383
f 2346 2384 2383
f 2346 2383 2345
f 2312 2346 2345
f 2312 2345 2311
f 2301 2312 2311
f 2301 2311 2300
f 2348 2306 2305
f 2348 2305 2347
f 2394 2348 2347
f 2394 2347 2393
f 2351 2394 2393
f 2351 2393 2350
f 2306 2351 2350
f 2306 2350 2305
f 2316 2301 2300
f 2316 2300 2315
f 2401 2418 2407
f 2399 2401 2407
f 2397 2399 2407
f 2393 2397 2407
f 2387 2393 2407
f 2383 2397 2393
f 2350 2387 2352
f 2350 2393 2387
f 2347 2383 2393
f 2345 2383 2347
f 2315 2350 2352
f 2311 2345 2347
f 2305 2350 2315
f 2305 2311 2347
f 2300 2305 2315
f 2300 2311 2305
f 2401 2414 2418
f 2348 2394 2351
f 2306 2348 2351
f 2256 2236 2235
f 2256 2235 2255
f 2276 2256 2255
f 2276 2255 2275
f 2276 2275 2273
f 2276 2273 2274
f 2258 2274 2273
f 2258 2273 2257
f 2248 2258 2257
f 2248 2257 2247
f 2229 2248 2247
f 2229 2247 2228
f 2238 2229 2228
f 2238 2228 2237
f 2269 2238 2237
f 2269 2237 2268
f 2278 2279 2269
f 2278 2269 2268
f 2343 2279 2278
f 2343 2278 2342
f 2357 2343 2342
f 2357 2342 2356
f 2341 2357 2356
f 2341 2356 2340
f 2322 2341 2340
f 2322 2340 2321
f 2288 2322 2321
f 2288 2321 2287
f 2297 2288 2287
f 2297 2287 2296
f 2320 2297 2296
f 2320 2296 2319
f 2333 2320 2319
f 2333 2319 2332
f 2339 2333 2332
f 2339 2332 2338
f 2284 2339 2338
f 2284 2338 2283
f 2271 2272 2284
f 2271 2284 2283
f 2233 2272 2271
f 2233 2271 2232
f 2224 2233 2232
f 2224 2232 2223
f 2236 2224 2223
f 2236 2223 2235
f 2338 2356 2342
f 2332 2340 2356
f 2332 2356 2338
f 2319 2321 2340
f 2319 2340 2332
f 2287 2319 2296
f 2287 2321 2319
f 2278 2283 2338
f 2278 2338 2342
f 2271 2283 2278
f 2268 2271 2278
f 2255 2257 2273
f 2255 2273 2275
f 2237 2271 2268
f 2235 2247 2257
f 2235 2257 2255
f 2232 2271 2237
f 2228 2247 2235
f 2223 2237 2228
f 2223 2232 2237
f 2223 2228 2235
f 2251 2180 2179
f 2251 2179 2250
f 2251 2250 2241
f 2251 2241 2242
f 2177 2178 2242
f 2177 2242 2241
f 2178 2177 2157
f 2178 2157 2158
f 2155 2156 2158
f 2155 2158 2157
f 2180 2156 2155
f 2180 2155 2179
f 2177 2250 2179
f 2177 2241 2250
f 2155 2157 2177
f 2155 2177 2179
f 2171 2150 2149
f 2171 2149 2170
f 2171 2170 2166
f 2171 2166 2167
f 2147 2148 2167
f 2147 2167 2166
f 2150 2148 2147
f 2150 2147 2149
f 2147 2170 2149
f 2147 2166 2170
f 2200 2199 2202
f 2200 2202 2203
f 2200 2203 2201
f 2185 2201 2197
f 2185 2197 2191
f 2185 2191 2188
f 2185 2188 2184
f 2185 2200 2201
f 2185 2184 2182
f 2185 2182 2181
f 2185 2181 2183
f 2200 2183 2189
f 2200 2189 2194
f 2200 2194 2198
f 2200 2198 2199
f 2200 2185 2183
f 2201 2203 2202
f 2199 2201 2202
f 2189 2198 2194
f 2189 2199 2198
f 2188 2191 2197
f 2184 2197 2201
f 2184 2201 2199
f 2184 2188 2197
f 2183 2199 2189
f 2183 2184 2199
f 2182 2184 2183
f 2181 2182 2183
f 2142 2140 2139
f 2142 2139 2141
f 2152 2142 2141
f 2152 2141 2151
f 2135 2136 2152
f 2135 2152 2151
f 2138 2136 2135
f 2138 2135 2137
f 2174 2138 2137
f 2174 2137 2173
f 2173 2163 2174
f 2173 2162 2163
f 2161 2144 2143
f 2161 2143 2160
f 2169 2161 2160
f 2169 2160 2168
f 2153 2154 2169
f 2153 2169 2168
f 2153 2146 2154
f 2153 2145 2146
f 2144 2146 2145
f 2144 2145 2143
f 2140 2163 2162
f 2140 2162 2139
f 2162 2173 2168
f 2160 2162 2168
f 2153 2168 2173
f 2145 2153 2151
f 2143 2162 2160
f 2141 2143 2145
f 2141 2145 2151
f 2139 2143 2141
f 2139 2162 2143
f 2137 2153 2173
f 2137 2151 2153
f 2135 2151 2137
f 2146 2161 2169
f 2146 2169 2154
f 2144 2161 2146
f 2134 2128 2127
f 2134 2127 2133
f 2122 2133 2121
f 2122 2134 2133
f 2115 2122 2121
f 2115 2121 2114
f 2124 2119 2118
f 2124 2118 2123
f 2132 2124 2123
f 2132 2123 2131
f 2126 2132 2131
f 2126 2131 2125
f 2119 2126 2125
f 2119 2125 2118
f 2128 2115 2114
f 2128 2114 2127
f 2123 2133 2131
f 2127 2131 2133
f 2121 2133 2123
f 2125 2131 2127
f 2118 2121 2123
f 2118 2125 2127
f 2114 2121 2118
f 2114 2118 2127
f 2126 2124 2132
f 2119 2124 2126
f 2757 2772 2771
f 2757 2771 2756
f 2757 2756 2689
f 2757 2689 2690
f 2689 2674 2690
f 2689 2673 2674
f 2799 2800 2674
f 2799 2674 2673
f 2800 2799 2803
f 2800 2803 2804
f 2804 2803 2807
f 2804 2807 2808
f 2818 2808 2807
f 2818 2807 2817
f 2846 2818 2817
f 2846 2817 2845
f 2888 2846 2845
f 2888 2845 2887
f 2900 2888 2887
f 2900 2887 2899
f 2921 2922 2900
f 2921 2900 2899
f 2938 2922 2921
f 2938 2921 2937
f 2916 2938 2937
f 2916 2937 2915
f 2857 2916 2915
f 2857 2915 2856
f 2816 2857 2856
f 2816 2856 2815
f 2782 2816 2815
f 2782 2815 2781
f 2778 2782 2781
f 2778 2781 2777
f 2777 2774 2778
f 2777 2773 2774
f 2776 2774 2773
f 2776 2773 2775
f 2771 2772 2776
f 2771 2776 2775
f 2899 2937 2921
f 2887 2915 2937
f 2887 2937 2899
f 2856 2915 2887
f 2845 2856 2887
f 2815 2856 2845
f 2781 2845 2817
f 2781 2815 2845
f 2777 2817 2807
f 2777 2781 2817
f 2773 2777 2807
f 2771 2803 2799
f 2771 2775 2803
f 2756 2771 2799
f 2673 2689 2756
f 2673 2756 2799
f 2807 2803 2775
f 2807 2775 2773
f 2914 2920 2919
f 2914 2919 2913
f 2914 2913 2849
f 2914 2849 2850
f 2849 2810 2850
f 2849 2809 2810
f 2979 2810 2809
f 2979 2809 2978
f 2979 2978 2987
f 2979 2987 2988
f 2988 2987 2990
f 2988 2990 2991
f 3014 2991 2990
f 3014 2990 3013
f 3075 3014 3013
f 3075 3013 3074
f 3079 3075 3074
f 3079 3074 3078
f 3108 3109 3079
f 3108 3079 3078
f 3125 3109 3108
f 3125 3108 3124
f 3099 3125 3124
f 3099 3124 3098
f 3062 3099 3098
f 3062 3098 3061
f 2973 3062 3061
f 2973 3061 2972
f 2930 2973 2972
f 2930 2972 2929
f 2929 2928 2930
f 2929 2927 2928
f 2932 2928 2927
f 2932 2927 2931
f 2934 2932 2931
f 2934 2931 2933
f 2920 2933 2919
f 2934 2933 2920
f 3078 3124 3108
f 3074 3098 3124
f 3074 3124 3078
f 3061 3098 3074
f 3013 3061 3074
f 2972 3061 3013
f 2929 3013 2990
f 2929 2972 3013
f 2931 2990 2933
f 2927 2929 2990
f 2927 2990 2931
f 2919 2987 2978
f 2919 2933 2987
f 2809 2913 2919
f 2809 2849 2913
f 2809 2919 2978
f 2990 2987 2933
f 2643 3076 2642
f 2642 3076 3077
f 3875 3871 3892
f 3892 3912 3901
f 3874 3891 3871
f 3912 3919 3917
f 3871 3919 3892
f 3892 3919 3912
f 3891 3919 3871
f 3900 3911 3891
f 3891 3911 3919
f 3911 3918 3919
f 3681 3629 3686
f 3624 3576 3681
f 3629 3510 3581
f 3681 3510 3629
f 3507 3449 3576
f 3510 3407 3457
f 3576 3407 3681
f 3449 3407 3576
f 3681 3407 3510
f 3449 3405 3407
f 1892 1883 1896
f 1881 1809 1892
f 1883 1791 1812
f 1892 1791 1883
f 1788 1718 1809
f 1791 1710 1721
f 1809 1710 1892
f 1892 1710 1791
f 1809 1706 1710
f 1718 1706 1809
f 3705 3704 2129
f 3705 2129 2130
f 5155 5129 5121
f 5183 5155 5121
f 5241 5120 5240
f 5241 5121 5120
f 5241 5183 5121
f 5231 5209 5183
f 5231 5183 5241
f 4228 4297 4331
f 4212 4331 4369
f 4212 4369 4372
f 4212 4228 4331
f 4193 4335 4302
f 4193 4302 4231
f 4193 4231 4215
f 4193 4188 4212
f 4193 4372 4335
f 4193 4212 4372
f 5883 5211 5210
f 5883 5210 5884
f 4800 4328 4329
f 4800 4329 4801
f 2049 2048 2044
f 2043 2062 2049
f 2043 2049 2044
f 2073 2061 2062
f 2074 2062 2043
f 2074 2073 2062
f 2528 2615 2044
f 2528 2044 2048
f 2451 2450 2264
f 2263 2451 2264
f 2529 2615 2528
f 2616 2529 2451
f 2616 2615 2529
f 2616 2451 2263
f 2043 2616 2263
f 2043 2263 2074
f 2450 2061 2073
f 2450 2073 2264
f 2089 2090 2043
f 2089 2043 2044
f 3161 2089 3160
f 3161 2090 2089
f 3160 2615 2616
f 3160 2616 3161
f 2090 3161 2043
f 2043 3161 2616
f 3160 2089 2044
f 3160 2044 2615
f 2263 2695 2696
f 2264 2695 2263
f 2100 2074 2696
f 2696 2074 2263
f 2100 2099 2074
f 2074 2099 2073
f 2099 2695 2073
f 2073 2695 2264
f 2696 2695 2099
f 2696 2099 2100
f 2082 2081 2049
f 2049 2081 2048
f 2081 2984 2048
f 2048 2984 2528
f 2529 2984 2985
f 2528 2984 2529
f 2886 2451 2985
f 2985 2451 2529
f 2886 2885 2451
f 2451 2885 2450
f 2087 2061 2885
f 2885 2061 2450
f 2062 2087 2088
f 2061 2087 2062
f 2082 2049 2088
f 2088 2049 2062
f 2082 2087 2081
f 2088 2087 2082
f 2885 2984 2081
f 2885 2081 2087
f 2985 2885 2886
f 2985 2984 2885
f 5287 5267 5268
f 5477 5267 5287
f 5286 5477 5287
f 5478 5477 5286
f 5908 6019 5267
f 5908 5267 5477
f 5976 6019 5908
f 6020 6019 5976
f 5975 5908 5909
f 5975 5909 5478
f 5975 5478 5286
f 5975 5976 5908
f 5316 5268 5267
f 5814 5316 5267
f 5469 5317 5316
f 5469 5316 5814
f 5815 5468 5469
f 5815 5469 5814
f 5468 5815 5562
f 5562 6116 5286
f 5286 6116 5975
f 5815 6116 5562
f 6116 6222 6152
f 5815 6222 6116
f 5902 5814 5903
f 5815 5814 5902
f 5941 5928 5929
f 5942 5902 5928
f 5942 5815 5902
f 5942 5928 5941
f 6223 6212 5903
f 6223 5903 5814
f 6198 5941 5929
f 6169 5941 6198
f 6199 6169 6198
f 6211 6212 6223
f 6170 6199 6211
f 6170 6169 6199
f 6222 6170 6211
f 6222 6211 6223
f 6222 5815 5942
f 6222 5942 6170
f 6076 6077 6151
f 6222 6151 6152
f 6019 6020 6076
f 6223 6151 6222
f 6223 6076 6151
f 6223 6019 6076
f 6223 5814 5267
f 6223 5267 6019
f 6115 6116 6151
f 6151 6116 6152
f 6076 5976 6039
f 6076 6020 5976
f 6039 6040 6076
f 6076 6040 6077
f 6151 6077 6115
f 6115 6077 6040
f 5975 6116 6040
f 6116 6115 6040
f 6040 5976 5975
f 6040 6039 5976
f 5469 5562 5561
f 5468 5562 5469
f 5317 5469 5561
f 5317 5561 5389
f 5389 5388 5316
f 5317 5389 5316
f 5287 5316 5388
f 5268 5316 5287
f 5388 5389 5287
f 5287 5389 5286
f 5561 5562 5389
f 5389 5562 5286
f 5641 5929 5642
f 5642 5929 5928
f 6198 5929 6026
f 6026 5929 5641
f 6199 6198 6027
f 6027 6198 6026
f 6211 6027 6063
f 6199 6027 6211
f 6064 6212 6063
f 6063 6212 6211
f 5903 6212 5579
f 5579 6212 6064
f 5902 5903 5578
f 5578 5903 5579
f 5928 5578 5642
f 5902 5578 5928
f 5578 5579 5641
f 5642 5578 5641
f 6026 5579 6064
f 6026 5641 5579
f 6063 6027 6026
f 6063 6026 6064
f 5908 6169 5909
f 5909 6169 6170
f 5941 6169 5477
f 5477 6169 5908
f 5478 5942 5477
f 5477 5942 5941
f 6170 5478 5909
f 5942 5478 6170
f 4817 4723 4816
f 4804 4817 4825
f 4804 4723 4817
f 4784 4724 4723
f 4784 4723 4804
f 4805 4784 4804
f 4846 4804 4825
f 4904 4825 4824
f 4904 4824 4903
f 4785 4724 4784
f 4881 4846 4825
f 4881 4825 4904
f 4882 4847 4846
f 4882 4846 4881
f 5002 4920 4919
f 4945 4904 4920
f 4945 4920 5002
f 4945 4881 4904
f 4959 4946 4945
f 4959 4945 5002
f 5003 4960 4959
f 5003 4959 5002
f 5104 5099 4959
f 4959 5099 4946
f 4882 5016 4847
f 5057 5016 4882
f 4805 4957 4784
f 4974 4957 4805
f 5006 5065 4824
f 4824 5065 4903
f 4919 5128 5002
f 5077 5128 4919
f 4912 4989 4723
f 4723 4989 4816
f 4591 4564 4565
f 4682 4564 4591
f 4592 4682 4591
f 4681 4682 4592
f 4826 4964 4564
f 4826 4564 4682
f 4937 4964 4826
f 4963 4964 4937
f 4938 4826 4827
f 4938 4827 4681
f 4938 4681 4592
f 4938 4937 4826
f 4598 4565 4564
f 4841 4598 4564
f 4675 4599 4598
f 4675 4598 4841
f 4840 4676 4675
f 4840 4675 4841
f 4676 4840 4712
f 4712 5047 4592
f 4592 5047 4938
f 5047 5150 5069
f 4840 5150 4712
f 4712 5150 5047
f 4989 4912 4841
f 5006 4989 4841
f 4990 4989 5006
f 5007 4990 5006
f 4911 4841 4912
f 5015 4974 4973
f 5066 5065 5077
f 4840 4841 4911
f 4968 4958 4957
f 4968 4957 4974
f 5076 5066 5077
f 5016 4974 5015
f 5016 4968 4974
f 5151 5128 5077
f 5151 5065 5006
f 5151 5006 4841
f 5151 5077 5065
f 4967 4911 4958
f 4967 4840 4911
f 4967 4958 4968
f 5099 5057 5056
f 5099 5056 5098
f 5100 5099 5104
f 5100 5057 5099
f 5105 5100 5104
f 5127 5128 5151
f 5101 5105 5127
f 5101 5100 5105
f 5150 5127 5151
f 5150 5101 5127
f 5150 4840 4967
f 5150 4967 5101
f 5100 4968 5057
f 5057 4968 5016
f 5012 5013 5068
f 5150 5068 5069
f 4964 4963 5012
f 5151 5068 5150
f 5151 5012 5068
f 5151 4964 5012
f 5151 4841 4564
f 5151 4564 4964
f 5012 4963 4985
f 4985 4963 4937
f 4985 4986 5012
f 5012 4986 5013
f 5068 5013 5046
f 5046 5013 4986
f 5046 5047 5068
f 5068 5047 5069
f 5047 4986 4938
f 5046 4986 5047
f 4937 4938 4986
f 4985 4937 4986
f 4676 4712 4711
f 4676 4711 4675
f 4599 4675 4711
f 4599 4711 4629
f 4599 4629 4628
f 4599 4628 4598
f 4565 4598 4628
f 4565 4628 4591
f 4712 4592 4629
f 4711 4712 4629
f 4591 4629 4592
f 4628 4629 4591
f 4958 4724 4785
f 4911 4724 4958
f 4784 4957 4785
f 4785 4957 4958
f 5105 5104 4960
f 4960 5104 4959
f 5127 4960 5003
f 5105 4960 5127
f 5002 5128 5003
f 5003 5128 5127
f 4724 4911 4723
f 4723 4911 4912
f 5100 5101 4826
f 4826 5101 4827
f 4968 5100 4682
f 4682 5100 4826
f 4681 4967 4682
f 4682 4967 4968
f 5101 4681 4827
f 4967 4681 5101
f 4817 4989 4990
f 4816 4989 4817
f 5007 5006 4825
f 4825 5006 4824
f 4990 5007 4817
f 4817 5007 4825
f 4904 4903 5066
f 5066 4903 5065
f 5076 5077 4920
f 4920 5077 4919
f 5066 5076 4904
f 4904 5076 4920
f 5016 5015 4847
f 4847 5015 4846
f 4805 4973 4974
f 4804 4973 4805
f 4973 4804 5015
f 5015 4804 4846
f 5099 5098 4946
f 4946 5098 4945
f 4882 5056 5057
f 4881 5056 4882
f 5056 4881 5098
f 5098 4881 4945
f 6068 6067 5911
f 5911 6067 5910
f 6048 6068 5897
f 5897 6068 5911
f 5897 6047 6048
f 5896 6047 5897
f 6067 6047 5910
f 5910 6047 5896
f 6068 6048 6047
f 6068 6047 6067
f 5897 5911 5896
f 5896 5911 5910
f 6156 6155 5971
f 5971 6155 5970
f 6145 6156 5963
f 5963 6156 5971
f 5963 6144 6145
f 5962 6144 5963
f 6144 5962 6155
f 6155 5962 5970
f 6156 6145 6144
f 6156 6144 6155
f 5963 5971 5962
f 5962 5971 5970
f 6089 6088 5920
f 5920 6088 5919
f 6033 6089 5889
f 5889 6089 5920
f 5889 6032 6033
f 5888 6032 5889
f 6032 5888 6088
f 6088 5888 5919
f 6088 6089 6032
f 6032 6089 6033
f 5920 5919 5888
f 5920 5888 5889
f 6166 6165 5989
f 5989 6165 5988
f 6121 6166 5950
f 5950 6166 5989
f 5950 6120 6121
f 5949 6120 5950
f 6120 5949 6165
f 6165 5949 5988
f 6165 6166 6120
f 6120 6166 6121
f 5989 5988 5949
f 5989 5949 5950
f 5979 5978 5842
f 5842 5978 5841
f 5947 5979 5713
f 5713 5979 5842
f 5713 5946 5947
f 5714 5946 5713
f 5946 5714 5978
f 5978 5714 5841
f 5979 5947 5946
f 5979 5946 5978
f 5713 5842 5714
f 5714 5842 5841
f 5968 5967 5784
f 5784 5967 5783
f 5958 5968 5747
f 5747 5968 5784
f 5747 5957 5958
f 5746 5957 5747
f 5967 5957 5783
f 5783 5957 5746
f 5967 5968 5957
f 5957 5968 5958
f 5784 5783 5746
f 5784 5746 5747
f 3930 3836 3932
f 3932 3836 3856
f 3930 3933 3931
f 3932 3933 3930
f 3931 3857 3837
f 3933 3857 3931
f 3837 3857 3836
f 3836 3857 3856
f 3931 3836 3930
f 3931 3837 3836
f 3856 3933 3932
f 3857 3933 3856
f 2882 2691 3104
f 3104 2691 2925
f 3104 3105 2882
f 2882 3105 2881
f 2881 3105 2692
f 2692 3105 2926
f 2692 2926 2691
f 2691 2926 2925
f 2691 2882 2692
f 2692 2882 2881
f 2925 3105 3104
f 2926 3105 2925
f 3262 3253 3271
f 3760 3845 3755
f 3760 3858 3845
f 3762 3771 3862
f 3762 3861 3858
f 3762 3862 3861
f 3762 3858 3760
f 3564 3755 3561
f 3564 3760 3755
f 3567 3569 3771
f 3567 3762 3760
f 3567 3760 3564
f 3567 3771 3762
f 3409 3561 3418
f 3409 3564 3561
f 3400 3398 3569
f 3400 3567 3564
f 3400 3569 3567
f 3400 3564 3409
f 3288 3418 3290
f 3288 3409 3418
f 3284 3279 3398
f 3284 3233 3279
f 3284 3409 3288
f 3284 3400 3409
f 3284 3398 3400
f 3241 3290 3253
f 3241 3288 3290
f 3241 3253 3262
f 3235 3262 3258
f 3235 3258 3256
f 3235 3256 3233
f 3235 3284 3288
f 3235 3233 3284
f 3235 3241 3262
f 3235 3288 3241
f 3300 3304 3316
f 3292 3295 3301
f 3323 3327 3324
f 3323 3325 3327
f 3312 3321 3314
f 3312 3324 3321
f 3312 3314 3307
f 3312 3323 3324
f 3306 3316 3325
f 3306 3325 3323
f 3306 3300 3316
f 3302 3307 3301
f 3302 3295 3300
f 3302 3312 3307
f 3302 3323 3312
f 3302 3306 3323
f 3302 3300 3306
f 3302 3301 3295
f 3423 3453 3445
f 3425 3437 3426
f 3425 3440 3437
f 3424 3445 3440
f 3424 3440 3425
f 3424 3423 3445
f 3413 3416 3399
f 3413 3426 3416
f 3413 3399 3392
f 3413 3425 3426
f 3402 3392 3381
f 3402 3381 3367
f 3402 3384 3423
f 3402 3367 3384
f 3402 3424 3425
f 3402 3423 3424
f 3402 3425 3413
f 3402 3413 3392
f 3240 3270 3252
f 3240 3261 3270
f 3234 3232 3255
f 3234 3257 3261
f 3234 3255 3257
f 3234 3261 3240
f 3287 3252 3289
f 3287 3240 3252
f 3283 3278 3232
f 3283 3234 3240
f 3283 3240 3287
f 3283 3232 3234
f 3410 3289 3417
f 3410 3287 3289
f 3401 3397 3278
f 3401 3283 3287
f 3401 3278 3283
f 3401 3287 3410
f 3563 3417 3560
f 3563 3410 3417
f 3566 3568 3397
f 3566 3410 3563
f 3566 3401 3410
f 3566 3397 3401
f 3759 3756 3844
f 3759 3560 3756
f 3759 3844 3859
f 3759 3563 3560
f 3761 3859 3860
f 3761 3860 3863
f 3761 3770 3568
f 3761 3863 3770
f 3761 3566 3563
f 3761 3568 3566
f 3761 3759 3859
f 3761 3563 3759
f 3345 3338 3354
f 3662 3757 3657
f 3662 3763 3757
f 3664 3669 3774
f 3664 3773 3763
f 3664 3774 3773
f 3664 3763 3662
f 3550 3657 3549
f 3550 3662 3657
f 3551 3553 3669
f 3551 3664 3662
f 3551 3662 3550
f 3551 3669 3664
f 3463 3549 3471
f 3463 3550 3549
f 3460 3458 3553
f 3460 3551 3550
f 3460 3553 3551
f 3460 3550 3463
f 3360 3471 3362
f 3360 3463 3471
f 3359 3357 3458
f 3359 3463 3360
f 3359 3460 3463
f 3359 3458 3460
f 3329 3362 3338
f 3329 3345 3337
f 3329 3360 3362
f 3329 3338 3345
f 3317 3337 3336
f 3317 3310 3357
f 3317 3336 3310
f 3317 3359 3360
f 3317 3357 3359
f 3317 3329 3337
f 3317 3360 3329
f 3803 3792 3804
f 3804 3792 3793
f 3793 3788 3789
f 3792 3788 3793
f 3789 3784 3785
f 3788 3784 3789
f 3695 3670 3696
f 3696 3670 3671
f 3671 3658 3659
f 3670 3658 3671
f 3659 3642 3643
f 3658 3642 3659
f 3770 3862 3771
f 3770 3863 3862
f 3568 3771 3569
f 3568 3770 3771
f 3397 3569 3398
f 3397 3568 3569
f 3278 3398 3279
f 3278 3279 3233
f 3278 3397 3398
f 3232 3278 3233
f 3255 3233 3256
f 3255 3232 3233
f 3672 3774 3669
f 3672 3775 3774
f 3554 3669 3553
f 3554 3672 3669
f 3459 3553 3458
f 3459 3554 3553
f 3358 3458 3357
f 3358 3357 3310
f 3358 3459 3458
f 3309 3358 3310
f 3335 3310 3336
f 3335 3309 3310
f 3471 3338 3362
f 3338 3427 3354
f 3549 3427 3471
f 3657 3427 3549
f 3757 3427 3657
f 3772 3427 3757
f 3739 3427 3772
f 3604 3427 3739
f 3534 3427 3604
f 3471 3427 3338
f 3414 3335 3336
f 3414 3336 3415
f 3528 3415 3527
f 3528 3527 3621
f 3528 3414 3415
f 3620 3528 3621
f 3753 3621 3754
f 3753 3620 3621
f 3813 3754 3810
f 3813 3753 3754
f 3775 3810 3774
f 3775 3813 3810
f 3755 3672 3561
f 3561 3672 3554
f 3561 3459 3418
f 3554 3459 3561
f 3845 3775 3755
f 3755 3775 3672
f 3418 3358 3290
f 3459 3358 3418
f 3869 3813 3845
f 3845 3813 3775
f 3869 3753 3813
f 3869 3828 3753
f 3309 3253 3358
f 3358 3253 3290
f 3309 3335 3253
f 3335 3271 3253
f 3753 3668 3620
f 3828 3668 3753
f 3414 3356 3335
f 3335 3356 3271
f 3528 3522 3414
f 3620 3522 3528
f 3668 3522 3620
f 3414 3522 3356
f 3339 3255 3256
f 3339 3256 3340
f 3514 3340 3515
f 3514 3339 3340
f 3699 3515 3700
f 3699 3514 3515
f 3838 3700 3839
f 3838 3699 3700
f 3887 3839 3888
f 3887 3888 3862
f 3887 3838 3839
f 3863 3887 3862
f 3868 3827 3826
f 3868 3794 3829
f 3826 3794 3868
f 3844 3817 3868
f 3868 3817 3827
f 3829 3663 3667
f 3663 3652 3667
f 3794 3733 3829
f 3829 3679 3663
f 3733 3679 3829
f 3652 3614 3667
f 3844 3746 3817
f 3614 3588 3667
f 3844 3730 3746
f 3844 3738 3730
f 3844 3756 3738
f 3588 3521 3667
f 3756 3729 3738
f 3588 3542 3521
f 3756 3666 3729
f 3542 3508 3521
f 3756 3625 3666
f 3508 3453 3521
f 3453 3423 3521
f 3756 3560 3625
f 3625 3560 3577
f 3577 3560 3541
f 3423 3355 3521
f 3384 3355 3423
f 3384 3367 3355
f 3367 3365 3355
f 3560 3491 3541
f 3560 3417 3491
f 3429 3417 3420
f 3464 3417 3429
f 3491 3417 3464
f 3365 3270 3355
f 3300 3270 3304
f 3295 3270 3300
f 3304 3270 3361
f 3361 3270 3369
f 3369 3270 3364
f 3363 3270 3365
f 3364 3270 3363
f 3295 3252 3270
f 3291 3252 3292
f 3296 3252 3291
f 3292 3252 3295
f 3408 3289 3368
f 3368 3289 3320
f 3320 3289 3296
f 3417 3289 3420
f 3296 3289 3252
f 3420 3289 3408
f 3536 3537 3582
f 3582 3537 3583
f 3643 3582 3583
f 3642 3582 3643
f 3706 3708 3707
f 3707 3708 3709
f 3709 3701 3702
f 3708 3701 3709
f 3702 3695 3696
f 3701 3695 3702
f 3676 3675 3707
f 3707 3675 3706
f 3727 3675 3676
f 3728 3675 3727
f 3728 3727 3784
f 3784 3727 3785
f 3781 3790 3780
f 3780 3790 3791
f 3791 3811 3812
f 3790 3811 3791
f 3812 3803 3804
f 3811 3803 3812
f 3715 3781 3780
f 3716 3781 3715
f 3650 3649 3715
f 3715 3649 3716
f 3637 3636 3650
f 3650 3636 3649
f 3596 3607 3608
f 3595 3607 3596
f 3608 3627 3626
f 3607 3627 3608
f 3626 3636 3637
f 3627 3636 3626
f 3545 3595 3596
f 3544 3595 3545
f 3503 3544 3545
f 3502 3544 3503
f 3438 3437 3503
f 3503 3437 3502
f 3394 3393 3395
f 3395 3396 3403
f 3393 3396 3395
f 3396 3399 3403
f 3403 3416 3422
f 3399 3416 3403
f 3422 3426 3438
f 3416 3426 3422
f 3426 3437 3438
f 3394 3395 3411
f 3411 3395 3412
f 3411 3412 3370
f 3370 3412 3371
f 3328 3370 3371
f 3327 3370 3328
f 3332 3322 3315
f 3331 3322 3332
f 3315 3308 3311
f 3322 3308 3315
f 3308 3314 3311
f 3311 3321 3328
f 3314 3321 3311
f 3321 3324 3328
f 3324 3327 3328
f 3332 3388 3331
f 3331 3388 3387
f 3387 3388 3430
f 3430 3388 3431
f 3430 3431 3441
f 3441 3431 3442
f 3484 3467 3468
f 3483 3467 3484
f 3468 3451 3452
f 3467 3451 3468
f 3452 3441 3442
f 3451 3441 3452
f 3483 3484 3536
f 3536 3484 3537
f 3707 3709 3702
f 3707 3702 3696
f 3707 3696 3671
f 3707 3671 3659
f 3707 3659 3643
f 3442 3484 3468
f 3442 3468 3452
f 3676 3583 3537
f 3676 3643 3583
f 3676 3707 3643
f 3804 3793 3789
f 3431 3537 3484
f 3431 3484 3442
f 3812 3804 3789
f 3780 3791 3812
f 3780 3789 3785
f 3780 3812 3789
f 3715 3785 3727
f 3715 3780 3785
f 3650 3727 3676
f 3650 3676 3537
f 3650 3715 3727
f 3311 3332 3315
f 3328 3332 3311
f 3328 3388 3332
f 3371 3388 3328
f 3412 3388 3371
f 3412 3431 3388
f 3545 3431 3412
f 3545 3637 3650
f 3545 3650 3537
f 3545 3537 3431
f 3503 3545 3412
f 3596 3637 3545
f 3596 3608 3626
f 3596 3626 3637
f 3438 3412 3395
f 3438 3503 3412
f 3422 3395 3403
f 3422 3438 3395
f 3421 3345 3354
f 3421 3354 3427
f 3419 3337 3345
f 3419 3336 3337
f 3419 3415 3336
f 3419 3345 3421
f 3533 3427 3534
f 3533 3421 3427
f 3530 3527 3415
f 3530 3421 3533
f 3530 3415 3419
f 3530 3419 3421
f 3615 3534 3604
f 3615 3533 3534
f 3618 3621 3527
f 3618 3530 3533
f 3618 3533 3615
f 3618 3527 3530
f 3749 3739 3772
f 3749 3604 3739
f 3749 3615 3604
f 3751 3754 3621
f 3751 3618 3615
f 3751 3615 3749
f 3751 3621 3618
f 3783 3772 3757
f 3783 3757 3763
f 3783 3763 3773
f 3783 3749 3772
f 3795 3773 3774
f 3795 3810 3754
f 3795 3774 3810
f 3795 3754 3751
f 3795 3751 3749
f 3795 3783 3773
f 3795 3749 3783
f 3876 3859 3844
f 3876 3844 3868
f 3885 3860 3859
f 3885 3863 3860
f 3885 3887 3863
f 3885 3859 3876
f 3832 3868 3829
f 3832 3876 3868
f 3834 3838 3887
f 3834 3876 3832
f 3834 3887 3885
f 3834 3885 3876
f 3677 3829 3667
f 3677 3832 3829
f 3693 3699 3838
f 3693 3834 3832
f 3693 3832 3677
f 3693 3838 3834
f 3518 3667 3521
f 3518 3677 3667
f 3516 3514 3699
f 3516 3693 3677
f 3516 3677 3518
f 3516 3699 3693
f 3348 3355 3270
f 3348 3521 3355
f 3348 3270 3261
f 3348 3518 3521
f 3348 3516 3518
f 3346 3261 3257
f 3346 3257 3255
f 3346 3339 3514
f 3346 3255 3339
f 3346 3514 3516
f 3346 3348 3261
f 3346 3516 3348
f 3627 3644 3636
f 3652 3663 3655
f 3588 3614 3590
f 3631 3644 3627
f 3639 3655 3644
f 3639 3652 3655
f 3639 3644 3631
f 3609 3595 3593
f 3609 3607 3595
f 3609 3627 3607
f 3609 3631 3627
f 3610 3593 3590
f 3610 3614 3652
f 3610 3639 3631
f 3610 3652 3639
f 3610 3609 3593
f 3610 3631 3609
f 3610 3590 3614
f 3649 3636 3644
f 3679 3644 3655
f 3679 3655 3663
f 3679 3649 3644
f 3593 3595 3544
f 3593 3544 3542
f 3590 3593 3542
f 3588 3590 3542
f 3679 3716 3649
f 3733 3716 3679
f 3542 3544 3502
f 3542 3502 3508
f 3782 3716 3733
f 3782 3781 3716
f 3786 3782 3733
f 3794 3786 3733
f 3502 3437 3440
f 3508 3445 3453
f 3508 3440 3445
f 3508 3502 3440
f 3787 3784 3788
f 3782 3790 3781
f 3794 3826 3786
f 3805 3792 3803
f 3805 3788 3792
f 3805 3787 3788
f 3815 3803 3811
f 3815 3805 3803
f 3818 3827 3817
f 3818 3796 3787
f 3818 3817 3796
f 3818 3787 3805
f 3816 3815 3811
f 3820 3827 3818
f 3820 3805 3815
f 3820 3818 3805
f 3814 3811 3790
f 3814 3790 3782
f 3814 3816 3811
f 3821 3826 3827
f 3821 3827 3820
f 3821 3815 3816
f 3821 3820 3815
f 3819 3782 3786
f 3819 3814 3782
f 3819 3816 3814
f 3819 3826 3821
f 3819 3821 3816
f 3819 3786 3826
f 3365 3367 3381
f 3364 3363 3375
f 3389 3392 3399
f 3389 3399 3396
f 3385 3393 3394
f 3385 3396 3393
f 3385 3394 3386
f 3385 3389 3396
f 3376 3381 3392
f 3376 3392 3389
f 3376 3365 3381
f 3374 3386 3375
f 3374 3363 3365
f 3374 3385 3386
f 3374 3376 3389
f 3374 3389 3385
f 3374 3375 3363
f 3374 3365 3376
f 3728 3784 3787
f 3746 3787 3796
f 3746 3796 3817
f 3746 3728 3787
f 3386 3394 3411
f 3386 3411 3369
f 3375 3386 3369
f 3364 3375 3369
f 3730 3728 3746
f 3730 3675 3728
f 3361 3411 3370
f 3369 3411 3361
f 3717 3675 3730
f 3717 3706 3675
f 3725 3717 3730
f 3738 3725 3730
f 3370 3327 3325
f 3361 3316 3304
f 3361 3325 3316
f 3361 3370 3325
f 3717 3708 3706
f 3660 3638 3642
f 3660 3642 3658
f 3661 3666 3625
f 3661 3634 3638
f 3661 3625 3634
f 3661 3638 3660
f 3674 3658 3670
f 3674 3660 3658
f 3697 3670 3695
f 3697 3674 3670
f 3690 3729 3666
f 3690 3661 3660
f 3690 3666 3661
f 3690 3660 3674
f 3714 3701 3708
f 3714 3695 3701
f 3714 3697 3695
f 3714 3708 3717
f 3720 3729 3690
f 3720 3690 3674
f 3720 3674 3697
f 3724 3717 3725
f 3724 3725 3738
f 3724 3738 3729
f 3724 3714 3717
f 3724 3720 3697
f 3724 3729 3720
f 3724 3697 3714
f 3320 3296 3326
f 3305 3307 3314
f 3305 3314 3308
f 3299 3301 3307
f 3299 3292 3301
f 3299 3291 3292
f 3299 3307 3305
f 3313 3322 3331
f 3313 3308 3322
f 3313 3331 3330
f 3313 3305 3308
f 3303 3330 3326
f 3303 3296 3291
f 3303 3291 3299
f 3303 3299 3305
f 3303 3305 3313
f 3303 3326 3296
f 3303 3313 3330
f 3582 3642 3638
f 3577 3638 3634
f 3577 3634 3625
f 3577 3582 3638
f 3330 3331 3387
f 3330 3387 3368
f 3326 3330 3368
f 3320 3326 3368
f 3577 3536 3582
f 3541 3536 3577
f 3368 3387 3430
f 3368 3430 3408
f 3485 3536 3541
f 3485 3483 3536
f 3488 3485 3541
f 3491 3488 3541
f 3430 3441 3436
f 3408 3428 3420
f 3408 3436 3428
f 3408 3430 3436
f 3429 3420 3428
f 3448 3436 3441
f 3448 3441 3451
f 3439 3428 3436
f 3439 3429 3428
f 3439 3436 3448
f 3466 3483 3485
f 3466 3467 3483
f 3466 3451 3467
f 3466 3448 3451
f 3465 3485 3488
f 3465 3488 3491
f 3465 3464 3429
f 3465 3491 3464
f 3465 3439 3448
f 3465 3429 3439
f 3465 3466 3485
f 3465 3448 3466
f 3349 3262 3271
f 3349 3271 3356
f 3347 3258 3262
f 3347 3256 3258
f 3347 3340 3256
f 3347 3262 3349
f 3519 3356 3522
f 3519 3349 3356
f 3517 3515 3340
f 3517 3349 3519
f 3517 3340 3347
f 3517 3347 3349
f 3678 3522 3668
f 3678 3519 3522
f 3694 3700 3515
f 3694 3517 3519
f 3694 3519 3678
f 3694 3515 3517
f 3833 3668 3828
f 3833 3678 3668
f 3835 3839 3700
f 3835 3694 3678
f 3835 3678 3833
f 3835 3700 3694
f 3877 3869 3845
f 3877 3828 3869
f 3877 3845 3858
f 3877 3833 3828
f 3886 3858 3861
f 3886 3861 3862
f 3886 3888 3839
f 3886 3862 3888
f 3886 3839 3835
f 3886 3835 3833
f 3886 3877 3858
f 3886 3833 3877
f 1985 1864 1977
f 1590 1623 1594
f 1590 1615 1623
f 1586 1579 1601
f 1586 1607 1615
f 1586 1601 1607
f 1586 1615 1590
f 1592 1594 1596
f 1592 1590 1594
f 1588 1581 1579
f 1588 1586 1590
f 1588 1590 1592
f 1588 1579 1586
f 1620 1596 1628
f 1620 1592 1596
f 1612 1610 1581
f 1612 1588 1592
f 1612 1581 1588
f 1612 1592 1620
f 1743 1628 1747
f 1743 1620 1628
f 1740 1737 1610
f 1740 1874 1737
f 1740 1620 1743
f 1740 1612 1620
f 1740 1610 1612
f 1868 1747 1864
f 1868 1743 1747
f 1868 1864 1985
f 1871 1985 1993
f 1871 1993 1998
f 1871 1998 1874
f 1871 1740 1743
f 1871 1874 1740
f 1871 1868 1985
f 1871 1743 1868
f 1879 1882 1867
f 1866 1876 1852
f 1851 1847 1845
f 1851 1853 1847
f 1846 1844 1842
f 1846 1845 1844
f 1846 1842 1843
f 1846 1851 1845
f 1865 1867 1853
f 1865 1853 1851
f 1865 1879 1867
f 1856 1843 1852
f 1856 1876 1879
f 1856 1846 1843
f 1856 1851 1846
f 1856 1865 1851
f 1856 1879 1865
f 1856 1852 1876
f 1994 1978 1969
f 1973 1952 1964
f 1973 1956 1952
f 1982 1969 1956
f 1982 1956 1973
f 1982 1994 1969
f 1974 1965 1954
f 1974 1964 1965
f 1974 1954 1957
f 1974 1973 1964
f 1983 1957 1972
f 1983 1972 1981
f 1983 1995 1994
f 1983 1981 1995
f 1983 1982 1973
f 1983 1994 1982
f 1983 1973 1974
f 1983 1974 1957
f 1869 1976 1863
f 1869 1984 1976
f 1870 1873 1997
f 1870 1992 1984
f 1870 1997 1992
f 1870 1984 1869
f 1744 1863 1746
f 1744 1869 1863
f 1739 1736 1873
f 1739 1870 1869
f 1739 1869 1744
f 1739 1873 1870
f 1619 1746 1627
f 1619 1744 1746
f 1613 1609 1736
f 1613 1739 1744
f 1613 1736 1739
f 1613 1744 1619
f 1591 1627 1595
f 1591 1619 1627
f 1587 1584 1609
f 1587 1619 1591
f 1587 1613 1619
f 1587 1609 1613
f 1589 1593 1622
f 1589 1595 1593
f 1589 1622 1614
f 1589 1591 1595
f 1585 1614 1606
f 1585 1606 1600
f 1585 1578 1584
f 1585 1600 1578
f 1585 1587 1591
f 1585 1584 1587
f 1585 1589 1614
f 1585 1591 1589
f 1910 1824 1904
f 1651 1697 1660
f 1651 1691 1697
f 1640 1630 1681
f 1640 1684 1691
f 1640 1681 1684
f 1640 1691 1651
f 1654 1660 1664
f 1654 1651 1660
f 1642 1638 1630
f 1642 1640 1651
f 1642 1651 1654
f 1642 1630 1640
f 1695 1664 1703
f 1695 1654 1664
f 1690 1688 1638
f 1690 1642 1654
f 1690 1638 1642
f 1690 1654 1695
f 1776 1703 1780
f 1776 1695 1703
f 1772 1771 1688
f 1772 1695 1776
f 1772 1690 1695
f 1772 1688 1690
f 1830 1780 1824
f 1830 1910 1917
f 1830 1776 1780
f 1830 1824 1910
f 1831 1917 1920
f 1831 1834 1771
f 1831 1920 1834
f 1831 1772 1776
f 1831 1771 1772
f 1831 1830 1917
f 1831 1776 1830
f 1756 1754 1757
f 1757 1754 1755
f 1755 1752 1751
f 1754 1752 1755
f 1751 1748 1749
f 1752 1748 1751
f 1643 1631 1644
f 1644 1631 1632
f 1632 1635 1634
f 1631 1635 1632
f 1634 1645 1646
f 1635 1645 1634
f 1578 1601 1579
f 1578 1600 1601
f 1584 1579 1581
f 1584 1578 1579
f 1609 1581 1610
f 1609 1584 1581
f 1736 1610 1737
f 1736 1737 1874
f 1736 1609 1610
f 1873 1736 1874
f 1997 1874 1998
f 1997 1873 1874
f 1633 1681 1630
f 1633 1682 1681
f 1637 1630 1638
f 1637 1633 1630
f 1687 1638 1688
f 1687 1637 1638
f 1770 1688 1771
f 1770 1771 1834
f 1770 1687 1688
f 1833 1770 1834
f 1919 1834 1920
f 1919 1833 1834
f 1703 1824 1780
f 1824 1939 1904
f 1664 1939 1703
f 1660 1939 1664
f 1697 1939 1660
f 1774 1939 1697
f 1821 1939 1774
f 1898 1939 1821
f 1934 1939 1898
f 1703 1939 1824
f 1966 1919 1920
f 1966 1920 1967
f 1963 1967 1962
f 1963 1962 1913
f 1963 1966 1967
f 1914 1963 1913
f 1829 1913 1828
f 1829 1914 1913
f 1767 1828 1764
f 1767 1829 1828
f 1682 1764 1681
f 1682 1767 1764
f 1594 1633 1596
f 1596 1633 1637
f 1596 1687 1628
f 1637 1687 1596
f 1623 1682 1594
f 1594 1682 1633
f 1628 1770 1747
f 1687 1770 1628
f 1734 1767 1623
f 1623 1767 1682
f 1734 1829 1767
f 1734 1850 1829
f 1833 1864 1770
f 1770 1864 1747
f 1833 1919 1864
f 1919 1977 1864
f 1829 1971 1914
f 1850 1971 1829
f 1966 2003 1919
f 1919 2003 1977
f 1963 2001 1966
f 1914 2001 1963
f 1971 2001 1914
f 1966 2001 2003
f 2017 1997 1998
f 2017 1998 2018
f 2013 2018 2014
f 2013 2017 2018
f 1989 2014 1990
f 1989 2013 2014
f 1860 1990 1861
f 1860 1989 1990
f 1725 1861 1726
f 1725 1726 1601
f 1725 1860 1861
f 1600 1725 1601
f 1733 1742 1779
f 1733 1794 1849
f 1779 1794 1733
f 1622 1719 1733
f 1733 1719 1742
f 1849 1886 1970
f 1886 1918 1970
f 1794 1806 1849
f 1849 1836 1886
f 1806 1836 1849
f 1918 1932 1970
f 1622 1716 1719
f 1932 1933 1970
f 1622 1701 1716
f 1622 1650 1701
f 1622 1593 1650
f 1933 2000 1970
f 1593 1616 1650
f 1933 1928 2000
f 1593 1605 1616
f 1928 1931 2000
f 1593 1621 1605
f 1931 1978 2000
f 1978 1994 2000
f 1593 1595 1621
f 1621 1595 1671
f 1671 1595 1674
f 1994 2002 2000
f 1995 2002 1994
f 1995 1981 2002
f 1981 1975 2002
f 1595 1667 1674
f 1595 1627 1667
f 1683 1627 1715
f 1670 1627 1683
f 1667 1627 1670
f 1975 1976 2002
f 1879 1976 1882
f 1876 1976 1879
f 1882 1976 1885
f 1885 1976 1900
f 1900 1976 1948
f 1960 1976 1975
f 1948 1976 1960
f 1876 1863 1976
f 1840 1863 1866
f 1815 1863 1840
f 1866 1863 1876
f 1762 1746 1793
f 1793 1746 1805
f 1805 1746 1815
f 1627 1746 1715
f 1815 1746 1863
f 1715 1746 1762
f 1699 1700 1685
f 1685 1700 1686
f 1646 1685 1686
f 1645 1685 1646
f 1657 1652 1658
f 1658 1652 1653
f 1653 1648 1649
f 1652 1648 1653
f 1649 1643 1644
f 1648 1643 1649
f 1714 1713 1658
f 1658 1713 1657
f 1723 1713 1714
f 1722 1713 1723
f 1722 1723 1748
f 1748 1723 1749
f 1785 1783 1786
f 1786 1783 1784
f 1784 1765 1766
f 1783 1765 1784
f 1766 1756 1757
f 1765 1756 1766
f 1804 1785 1786
f 1803 1785 1804
f 1837 1838 1804
f 1804 1838 1803
f 1894 1893 1837
f 1837 1893 1838
f 1924 1921 1922
f 1923 1921 1924
f 1922 1907 1908
f 1921 1907 1922
f 1908 1893 1894
f 1907 1893 1908
f 1902 1923 1924
f 1901 1923 1902
f 1916 1901 1902
f 1915 1901 1916
f 1953 1952 1916
f 1916 1952 1915
f 1940 1945 1941
f 1941 1949 1958
f 1945 1949 1941
f 1949 1954 1958
f 1958 1965 1968
f 1954 1965 1958
f 1968 1964 1953
f 1965 1964 1968
f 1964 1952 1953
f 1940 1941 1887
f 1887 1941 1888
f 1887 1888 1877
f 1877 1888 1878
f 1848 1877 1878
f 1847 1877 1848
f 1813 1818 1823
f 1814 1818 1813
f 1823 1832 1841
f 1818 1832 1823
f 1832 1842 1841
f 1841 1844 1848
f 1842 1844 1841
f 1844 1845 1848
f 1845 1847 1848
f 1813 1796 1814
f 1814 1796 1795
f 1795 1796 1760
f 1760 1796 1761
f 1760 1761 1707
f 1707 1761 1708
f 1678 1679 1680
f 1677 1679 1678
f 1680 1693 1694
f 1679 1693 1680
f 1694 1707 1708
f 1693 1707 1694
f 1677 1678 1699
f 1699 1678 1700
f 1658 1653 1649
f 1658 1649 1644
f 1658 1644 1632
f 1658 1632 1634
f 1658 1634 1646
f 1708 1678 1680
f 1708 1680 1694
f 1714 1686 1700
f 1714 1646 1686
f 1714 1658 1646
f 1757 1755 1751
f 1761 1700 1678
f 1761 1678 1708
f 1766 1757 1751
f 1786 1784 1766
f 1786 1751 1749
f 1786 1766 1751
f 1804 1749 1723
f 1804 1786 1749
f 1837 1723 1714
f 1837 1714 1700
f 1837 1804 1723
f 1841 1813 1823
f 1848 1813 1841
f 1848 1796 1813
f 1878 1796 1848
f 1888 1796 1878
f 1888 1761 1796
f 1902 1761 1888
f 1902 1894 1837
f 1902 1837 1700
f 1902 1700 1761
f 1916 1902 1888
f 1924 1894 1902
f 1924 1922 1908
f 1924 1908 1894
f 1953 1888 1941
f 1953 1916 1888
f 1968 1941 1958
f 1968 1953 1941
f 1946 1910 1904
f 1946 1904 1939
f 1959 1917 1910
f 1959 1920 1917
f 1959 1967 1920
f 1959 1910 1946
f 1944 1939 1934
f 1944 1946 1939
f 1955 1962 1967
f 1955 1946 1944
f 1955 1967 1959
f 1955 1959 1946
f 1906 1934 1898
f 1906 1944 1934
f 1911 1913 1962
f 1911 1955 1944
f 1911 1944 1906
f 1911 1962 1955
f 1822 1821 1774
f 1822 1898 1821
f 1822 1906 1898
f 1827 1828 1913
f 1827 1911 1906
f 1827 1906 1822
f 1827 1913 1911
f 1769 1774 1697
f 1769 1697 1691
f 1769 1691 1684
f 1769 1822 1774
f 1768 1684 1681
f 1768 1764 1828
f 1768 1681 1764
f 1768 1828 1827
f 1768 1827 1822
f 1768 1769 1684
f 1768 1822 1769
f 1730 1614 1622
f 1730 1622 1733
f 1728 1606 1614
f 1728 1600 1606
f 1728 1725 1600
f 1728 1614 1730
f 1854 1733 1849
f 1854 1730 1733
f 1857 1860 1725
f 1857 1730 1854
f 1857 1725 1728
f 1857 1728 1730
f 1979 1849 1970
f 1979 1854 1849
f 1986 1989 1860
f 1986 1857 1854
f 1986 1854 1979
f 1986 1860 1857
f 2004 1970 2000
f 2004 1979 1970
f 2008 2013 1989
f 2008 1986 1979
f 2008 1979 2004
f 2008 1989 1986
f 2006 2002 1976
f 2006 2000 2002
f 2006 1976 1984
f 2006 2004 2000
f 2006 2008 2004
f 2010 1984 1992
f 2010 1992 1997
f 2010 2017 2013
f 2010 1997 2017
f 2010 2013 2008
f 2010 2006 1984
f 2010 2008 2006
f 1907 1890 1893
f 1918 1886 1889
f 1933 1932 1930
f 1909 1890 1907
f 1912 1889 1890
f 1912 1918 1889
f 1912 1890 1909
f 1926 1923 1927
f 1926 1921 1923
f 1926 1907 1921
f 1926 1909 1907
f 1929 1927 1930
f 1929 1932 1918
f 1929 1912 1909
f 1929 1918 1912
f 1929 1926 1927
f 1929 1909 1926
f 1929 1930 1932
f 1838 1893 1890
f 1836 1890 1889
f 1836 1889 1886
f 1836 1838 1890
f 1927 1923 1901
f 1927 1901 1928
f 1930 1927 1928
f 1933 1930 1928
f 1836 1803 1838
f 1806 1803 1836
f 1928 1901 1915
f 1928 1915 1931
f 1789 1803 1806
f 1789 1785 1803
f 1792 1789 1806
f 1794 1792 1806
f 1915 1952 1956
f 1931 1969 1978
f 1931 1956 1969
f 1931 1915 1956
f 1745 1748 1752
f 1789 1783 1785
f 1794 1779 1792
f 1750 1754 1756
f 1750 1752 1754
f 1750 1745 1752
f 1758 1756 1765
f 1758 1750 1756
f 1741 1742 1719
f 1741 1732 1745
f 1741 1719 1732
f 1741 1745 1750
f 1763 1758 1765
f 1753 1742 1741
f 1753 1750 1758
f 1753 1741 1750
f 1777 1765 1783
f 1777 1783 1789
f 1777 1763 1765
f 1759 1779 1742
f 1759 1742 1753
f 1759 1758 1763
f 1759 1753 1758
f 1778 1789 1792
f 1778 1777 1789
f 1778 1763 1777
f 1778 1779 1759
f 1778 1759 1763
f 1778 1792 1779
f 1975 1981 1972
f 1948 1960 1943
f 1951 1957 1954
f 1951 1954 1949
f 1947 1945 1940
f 1947 1949 1945
f 1947 1940 1942
f 1947 1951 1949
f 1961 1972 1957
f 1961 1957 1951
f 1961 1975 1972
f 1950 1942 1943
f 1950 1960 1975
f 1950 1947 1942
f 1950 1961 1951
f 1950 1951 1947
f 1950 1943 1960
f 1950 1975 1961
f 1722 1748 1745
f 1716 1745 1732
f 1716 1732 1719
f 1716 1722 1745
f 1942 1940 1887
f 1942 1887 1900
f 1943 1942 1900
f 1948 1943 1900
f 1701 1722 1716
f 1701 1713 1722
f 1885 1887 1877
f 1900 1887 1885
f 1656 1713 1701
f 1656 1657 1713
f 1655 1656 1701
f 1650 1655 1701
f 1877 1847 1853
f 1885 1867 1882
f 1885 1853 1867
f 1885 1877 1853
f 1656 1652 1657
f 1626 1641 1645
f 1626 1645 1635
f 1618 1605 1621
f 1618 1629 1641
f 1618 1621 1629
f 1618 1641 1626
f 1625 1635 1631
f 1625 1626 1635
f 1636 1631 1643
f 1636 1625 1631
f 1617 1616 1605
f 1617 1618 1626
f 1617 1605 1618
f 1617 1626 1625
f 1647 1648 1652
f 1647 1643 1648
f 1647 1636 1643
f 1647 1652 1656
f 1624 1616 1617
f 1624 1617 1625
f 1624 1625 1636
f 1639 1656 1655
f 1639 1655 1650
f 1639 1650 1616
f 1639 1647 1656
f 1639 1624 1636
f 1639 1616 1624
f 1639 1636 1647
f 1805 1815 1807
f 1835 1843 1842
f 1835 1842 1832
f 1839 1852 1843
f 1839 1866 1852
f 1839 1840 1866
f 1839 1843 1835
f 1817 1818 1814
f 1817 1832 1818
f 1817 1814 1810
f 1817 1835 1832
f 1816 1810 1807
f 1816 1815 1840
f 1816 1840 1839
f 1816 1839 1835
f 1816 1835 1817
f 1816 1807 1815
f 1816 1817 1810
f 1685 1645 1641
f 1671 1641 1629
f 1671 1629 1621
f 1671 1685 1641
f 1810 1814 1795
f 1810 1795 1793
f 1807 1810 1793
f 1805 1807 1793
f 1671 1699 1685
f 1674 1699 1671
f 1793 1795 1760
f 1793 1760 1762
f 1675 1699 1674
f 1675 1677 1699
f 1672 1675 1674
f 1667 1672 1674
f 1760 1707 1711
f 1762 1712 1715
f 1762 1711 1712
f 1762 1760 1711
f 1683 1715 1712
f 1692 1711 1707
f 1692 1707 1693
f 1689 1712 1711
f 1689 1683 1712
f 1689 1711 1692
f 1676 1677 1675
f 1676 1679 1677
f 1676 1693 1679
f 1676 1692 1693
f 1673 1675 1672
f 1673 1672 1667
f 1673 1670 1683
f 1673 1667 1670
f 1673 1689 1692
f 1673 1683 1689
f 1673 1676 1675
f 1673 1692 1676
f 2007 1985 1977
f 2007 1977 2003
f 2011 1993 1985
f 2011 1998 1993
f 2011 2018 1998
f 2011 1985 2007
f 2005 2003 2001
f 2005 2007 2003
f 2009 2014 2018
f 2009 2007 2005
f 2009 2018 2011
f 2009 2011 2007
f 1980 2001 1971
f 1980 2005 2001
f 1987 1990 2014
f 1987 2009 2005
f 1987 2005 1980
f 1987 2014 2009
f 1855 1971 1850
f 1855 1980 1971
f 1858 1861 1990
f 1858 1987 1980
f 1858 1980 1855
f 1858 1990 1987
f 1731 1734 1623
f 1731 1850 1734
f 1731 1623 1615
f 1731 1855 1850
f 1729 1615 1607
f 1729 1607 1601
f 1729 1726 1861
f 1729 1601 1726
f 1729 1861 1858
f 1729 1858 1855
f 1729 1731 1615
f 1729 1855 1731
f 4444 4300 4436
f 3964 3997 3968
f 3964 3989 3997
f 3959 3953 3977
f 3959 3981 3989
f 3959 3977 3981
f 3959 3989 3964
f 3965 3968 3970
f 3965 3964 3968
f 3962 3957 3953
f 3962 3959 3964
f 3962 3964 3965
f 3962 3953 3959
f 3994 3970 4003
f 3994 3965 3970
f 3987 3984 3957
f 3987 3962 3965
f 3987 3957 3962
f 3987 3965 3994
f 4146 4003 4152
f 4146 3994 4003
f 4142 4139 3984
f 4142 4312 4139
f 4142 3994 4146
f 4142 3987 3994
f 4142 3984 3987
f 4307 4152 4300
f 4307 4146 4152
f 4307 4300 4444
f 4309 4444 4452
f 4309 4452 4457
f 4309 4457 4312
f 4309 4142 4146
f 4309 4312 4142
f 4309 4307 4444
f 4309 4146 4307
f 4317 4318 4305
f 4304 4314 4286
f 4285 4281 4279
f 4285 4287 4281
f 4280 4278 4276
f 4280 4279 4278
f 4280 4276 4277
f 4280 4285 4279
f 4301 4305 4287
f 4301 4287 4285
f 4301 4317 4305
f 4290 4277 4286
f 4290 4314 4317
f 4290 4280 4277
f 4290 4285 4280
f 4290 4301 4285
f 4290 4317 4301
f 4290 4286 4314
f 4453 4437 4428
f 4432 4409 4423
f 4432 4413 4409
f 4441 4428 4413
f 4441 4413 4432
f 4441 4453 4428
f 4433 4425 4411
f 4433 4423 4425
f 4433 4411 4414
f 4433 4432 4423
f 4442 4414 4431
f 4442 4431 4440
f 4442 4454 4453
f 4442 4440 4454
f 4442 4441 4432
f 4442 4453 4441
f 4442 4432 4433
f 4442 4433 4414
f 4306 4435 4299
f 4306 4443 4435
f 4308 4311 4456
f 4308 4451 4443
f 4308 4456 4451
f 4308 4443 4306
f 4145 4299 4153
f 4145 4306 4299
f 4141 4138 4311
f 4141 4308 4306
f 4141 4306 4145
f 4141 4311 4308
f 3993 4153 4002
f 3993 4145 4153
f 3986 3983 4138
f 3986 4141 4145
f 3986 4138 4141
f 3986 4145 3993
f 3966 4002 3969
f 3966 3993 4002
f 3961 3956 3983
f 3961 3993 3966
f 3961 3986 3993
f 3961 3983 3986
f 3963 3967 3996
f 3963 3969 3967
f 3963 3996 3988
f 3963 3966 3969
f 3960 3988 3980
f 3960 3980 3976
f 3960 3952 3956
f 3960 3976 3952
f 3960 3961 3966
f 3960 3956 3961
f 3960 3963 3988
f 3960 3966 3963
f 4350 4252 4344
f 4026 4077 4036
f 4026 4068 4077
f 4015 4007 4057
f 4015 4060 4068
f 4015 4057 4060
f 4015 4068 4026
f 4029 4036 4042
f 4029 4026 4036
f 4017 4012 4007
f 4017 4015 4026
f 4017 4026 4029
f 4017 4007 4015
f 4074 4042 4085
f 4074 4029 4042
f 4067 4064 4012
f 4067 4017 4029
f 4067 4012 4017
f 4067 4029 4074
f 4190 4085 4197
f 4190 4074 4085
f 4184 4183 4064
f 4184 4074 4190
f 4184 4067 4074
f 4184 4064 4067
f 4260 4197 4252
f 4260 4350 4357
f 4260 4190 4197
f 4260 4252 4350
f 4261 4357 4359
f 4261 4264 4183
f 4261 4359 4264
f 4261 4184 4190
f 4261 4183 4184
f 4261 4260 4357
f 4261 4190 4260
f 4162 4160 4163
f 4163 4160 4161
f 4161 4157 4158
f 4160 4157 4161
f 4158 4154 4155
f 4157 4154 4158
f 4018 4005 4019
f 4019 4005 4006
f 4006 4009 4010
f 4005 4009 4006
f 4010 4020 4021
f 4009 4020 4010
f 3952 3977 3953
f 3952 3976 3977
f 3956 3953 3957
f 3956 3952 3953
f 3983 3957 3984
f 3983 3956 3957
f 4138 3984 4139
f 4138 4139 4312
f 4138 3983 3984
f 4311 4138 4312
f 4456 4312 4457
f 4456 4311 4312
f 4008 4057 4007
f 4008 4058 4057
f 4013 4007 4012
f 4013 4008 4007
f 4065 4012 4064
f 4065 4013 4012
f 4182 4064 4183
f 4182 4183 4264
f 4182 4065 4064
f 4263 4182 4264
f 4360 4264 4359
f 4360 4263 4264
f 4085 4252 4197
f 4252 4391 4344
f 4042 4391 4085
f 4036 4391 4042
f 4077 4391 4036
f 4185 4391 4077
f 4248 4391 4185
f 4337 4391 4248
f 4389 4391 4337
f 4085 4391 4252
f 4426 4360 4359
f 4426 4359 4424
f 4421 4424 4422
f 4421 4422 4353
f 4421 4426 4424
f 4354 4421 4353
f 4258 4353 4259
f 4258 4354 4353
f 4176 4259 4177
f 4176 4258 4259
f 4058 4177 4057
f 4058 4176 4177
f 3968 4008 3970
f 3970 4008 4013
f 3970 4065 4003
f 4013 4065 3970
f 3997 4058 3968
f 3968 4058 4008
f 4003 4182 4152
f 4065 4182 4003
f 4134 4176 3997
f 3997 4176 4058
f 4134 4258 4176
f 4134 4284 4258
f 4263 4300 4182
f 4182 4300 4152
f 4263 4360 4300
f 4360 4436 4300
f 4258 4430 4354
f 4284 4430 4258
f 4426 4476 4360
f 4360 4476 4436
f 4421 4472 4426
f 4354 4472 4421
f 4430 4472 4354
f 4426 4472 4476
f 4498 4456 4457
f 4498 4457 4499
f 4494 4499 4495
f 4494 4498 4499
f 4448 4495 4449
f 4448 4494 4495
f 4294 4449 4295
f 4294 4448 4449
f 4121 4295 4122
f 4121 4122 3977
f 4121 4294 4295
f 3976 4121 3977
f 4133 4144 4195
f 4133 4214 4283
f 4195 4214 4133
f 3996 4111 4133
f 4133 4111 4144
f 4283 4324 4429
f 4324 4358 4429
f 4214 4230 4283
f 4283 4266 4324
f 4230 4266 4283
f 4358 4381 4429
f 3996 4107 4111
f 4381 4382 4429
f 3996 4082 4107
f 3996 4025 4082
f 3996 3967 4025
f 4382 4471 4429
f 3967 3990 4025
f 4382 4375 4471
f 3967 3979 3990
f 4375 4378 4471
f 3967 3995 3979
f 4378 4437 4471
f 4437 4453 4471
f 3967 3969 3995
f 3995 3969 4047
f 4047 3969 4050
f 4453 4475 4471
f 4454 4475 4453
f 4454 4440 4475
f 4440 4434 4475
f 3969 4045 4050
f 3969 4002 4045
f 4059 4002 4100
f 4046 4002 4059
f 4045 4002 4046
f 4434 4435 4475
f 4317 4435 4318
f 4314 4435 4317
f 4318 4435 4319
f 4319 4435 4340
f 4340 4435 4405
f 4419 4435 4434
f 4405 4435 4419
f 4314 4299 4435
f 4274 4299 4304
f 4243 4299 4274
f 4304 4299 4314
f 4172 4153 4211
f 4211 4153 4227
f 4227 4153 4243
f 4002 4153 4100
f 4243 4153 4299
f 4100 4153 4172
f 4078 4079 4061
f 4061 4079 4062
f 4021 4061 4062
f 4020 4061 4021
f 4032 4027 4033
f 4033 4027 4028
f 4028 4023 4024
f 4027 4023 4028
f 4024 4018 4019
f 4023 4018 4024
f 4099 4098 4033
f 4033 4098 4032
f 4117 4098 4099
f 4116 4098 4117
f 4116 4117 4154
f 4154 4117 4155
f 4203 4199 4204
f 4204 4199 4200
f 4200 4174 4175
f 4199 4174 4200
f 4175 4162 4163
f 4174 4162 4175
f 4226 4203 4204
f 4225 4203 4226
f 4268 4267 4226
f 4226 4267 4225
f 4334 4333 4268
f 4268 4333 4267
f 4366 4361 4362
f 4365 4361 4366
f 4362 4347 4348
f 4361 4347 4362
f 4348 4333 4334
f 4347 4333 4348
f 4342 4365 4366
f 4341 4365 4342
f 4356 4341 4342
f 4355 4341 4356
f 4410 4409 4356
f 4356 4409 4355
f 4393 4398 4394
f 4394 4406 4415
f 4398 4406 4394
f 4406 4411 4415
f 4415 4425 4427
f 4411 4425 4415
f 4427 4423 4410
f 4425 4423 4427
f 4423 4409 4410
f 4393 4394 4325
f 4325 4394 4326
f 4325 4326 4315
f 4315 4326 4316
f 4282 4315 4316
f 4281 4315 4282
f 4242 4246 4251
f 4241 4246 4242
f 4251 4262 4275
f 4246 4262 4251
f 4262 4276 4275
f 4275 4278 4282
f 4276 4278 4275
f 4278 4279 4282
f 4279 4281 4282
f 4242 4218 4241
f 4241 4218 4217
f 4217 4218 4170
f 4170 4218 4171
f 4170 4171 4090
f 4090 4171 4091
f 4054 4055 4056
f 4053 4055 4054
f 4056 4072 4073
f 4055 4072 4056
f 4073 4090 4091
f 4072 4090 4073
f 4053 4054 4078
f 4078 4054 4079
f 4033 4028 4024
f 4033 4024 4019
f 4033 4019 4006
f 4033 4006 4010
f 4033 4010 4021
f 4091 4054 4056
f 4091 4056 4073
f 4099 4062 4079
f 4099 4021 4062
f 4099 4033 4021
f 4163 4161 4158
f 4171 4079 4054
f 4171 4054 4091
f 4175 4163 4158
f 4204 4200 4175
f 4204 4158 4155
f 4204 4175 4158
f 4226 4155 4117
f 4226 4204 4155
f 4268 4117 4099
f 4268 4099 4079
f 4268 4226 4117
f 4275 4242 4251
f 4282 4242 4275
f 4282 4218 4242
f 4316 4218 4282
f 4326 4218 4316
f 4326 4171 4218
f 4342 4171 4326
f 4342 4334 4268
f 4342 4268 4079
f 4342 4079 4171
f 4356 4342 4326
f 4366 4334 4342
f 4366 4362 4348
f 4366 4348 4334
f 4410 4326 4394
f 4410 4356 4326
f 4427 4394 4415
f 4427 4410 4394
f 4399 4350 4344
f 4399 4344 4391
f 4416 4357 4350
f 4416 4359 4357
f 4416 4424 4359
f 4416 4350 4399
f 4397 4391 4389
f 4397 4399 4391
f 4412 4422 4424
f 4412 4399 4397
f 4412 4424 4416
f 4412 4416 4399
f 4346 4389 4337
f 4346 4397 4389
f 4351 4353 4422
f 4351 4412 4397
f 4351 4397 4346
f 4351 4422 4412
f 4250 4248 4185
f 4250 4337 4248
f 4250 4346 4337
f 4255 4259 4353
f 4255 4351 4346
f 4255 4346 4250
f 4255 4353 4351
f 4179 4185 4077
f 4179 4077 4068
f 4179 4068 4060
f 4179 4250 4185
f 4178 4060 4057
f 4178 4177 4259
f 4178 4057 4177
f 4178 4259 4255
f 4178 4255 4250
f 4178 4179 4060
f 4178 4250 4179
f 4130 3988 3996
f 4130 3996 4133
f 4128 3980 3988
f 4128 3976 3980
f 4128 4121 3976
f 4128 3988 4130
f 4288 4133 4283
f 4288 4130 4133
f 4291 4294 4121
f 4291 4130 4288
f 4291 4121 4128
f 4291 4128 4130
f 4438 4283 4429
f 4438 4288 4283
f 4445 4448 4294
f 4445 4291 4288
f 4445 4288 4438
f 4445 4294 4291
f 4477 4429 4471
f 4477 4438 4429
f 4487 4494 4448
f 4487 4445 4438
f 4487 4438 4477
f 4487 4448 4445
f 4481 4475 4435
f 4481 4471 4475
f 4481 4435 4443
f 4481 4477 4471
f 4481 4487 4477
f 4491 4443 4451
f 4491 4451 4456
f 4491 4498 4494
f 4491 4456 4498
f 4491 4494 4487
f 4491 4481 4443
f 4491 4487 4481
f 4347 4330 4333
f 4358 4324 4327
f 4382 4381 4377
f 4349 4330 4347
f 4352 4327 4330
f 4352 4358 4327
f 4352 4330 4349
f 4371 4365 4374
f 4371 4361 4365
f 4371 4347 4361
f 4371 4349 4347
f 4376 4374 4377
f 4376 4381 4358
f 4376 4352 4349
f 4376 4358 4352
f 4376 4371 4374
f 4376 4349 4371
f 4376 4377 4381
f 4267 4333 4330
f 4266 4330 4327
f 4266 4327 4324
f 4266 4267 4330
f 4374 4365 4341
f 4374 4341 4375
f 4377 4374 4375
f 4382 4377 4375
f 4266 4225 4267
f 4230 4225 4266
f 4375 4341 4355
f 4375 4355 4378
f 4207 4225 4230
f 4207 4203 4225
f 4210 4207 4230
f 4214 4210 4230
f 4355 4409 4413
f 4378 4428 4437
f 4378 4413 4428
f 4378 4355 4413
f 4147 4154 4157
f 4207 4199 4203
f 4214 4195 4210
f 4156 4160 4162
f 4156 4157 4160
f 4156 4147 4157
f 4164 4162 4174
f 4164 4156 4162
f 4143 4144 4111
f 4143 4132 4147
f 4143 4111 4132
f 4143 4147 4156
f 4173 4164 4174
f 4159 4144 4143
f 4159 4156 4164
f 4159 4143 4156
f 4191 4174 4199
f 4191 4199 4207
f 4191 4173 4174
f 4167 4195 4144
f 4167 4144 4159
f 4167 4164 4173
f 4167 4159 4164
f 4192 4207 4210
f 4192 4191 4207
f 4192 4173 4191
f 4192 4195 4167
f 4192 4167 4173
f 4192 4210 4195
f 4434 4440 4431
f 4405 4419 4396
f 4408 4414 4411
f 4408 4411 4406
f 4400 4398 4393
f 4400 4406 4398
f 4400 4393 4395
f 4400 4408 4406
f 4420 4431 4414
f 4420 4414 4408
f 4420 4434 4431
f 4407 4395 4396
f 4407 4419 4434
f 4407 4400 4395
f 4407 4420 4408
f 4407 4408 4400
f 4407 4396 4419
f 4407 4434 4420
f 4116 4154 4147
f 4107 4147 4132
f 4107 4132 4111
f 4107 4116 4147
f 4395 4393 4325
f 4395 4325 4340
f 4396 4395 4340
f 4405 4396 4340
f 4082 4116 4107
f 4082 4098 4116
f 4319 4325 4315
f 4340 4325 4319
f 4031 4098 4082
f 4031 4032 4098
f 4030 4031 4082
f 4025 4030 4082
f 4315 4281 4287
f 4319 4305 4318
f 4319 4287 4305
f 4319 4315 4287
f 4031 4027 4032
f 4000 4016 4020
f 4000 4020 4009
f 3992 3979 3995
f 3992 4004 4016
f 3992 3995 4004
f 3992 4016 4000
f 3999 4009 4005
f 3999 4000 4009
f 4011 4005 4018
f 4011 3999 4005
f 3991 3990 3979
f 3991 3992 4000
f 3991 3979 3992
f 3991 4000 3999
f 4022 4023 4027
f 4022 4018 4023
f 4022 4011 4018
f 4022 4027 4031
f 3998 3990 3991
f 3998 3991 3999
f 3998 3999 4011
f 4014 4031 4030
f 4014 4030 4025
f 4014 4025 3990
f 4014 4022 4031
f 4014 3998 4011
f 4014 3990 3998
f 4014 4011 4022
f 4227 4243 4233
f 4265 4277 4276
f 4265 4276 4262
f 4269 4286 4277
f 4269 4304 4286
f 4269 4274 4304
f 4269 4277 4265
f 4245 4246 4241
f 4245 4262 4246
f 4245 4241 4240
f 4245 4265 4262
f 4244 4240 4233
f 4244 4243 4274
f 4244 4274 4269
f 4244 4269 4265
f 4244 4265 4245
f 4244 4233 4243
f 4244 4245 4240
f 4061 4020 4016
f 4047 4016 4004
f 4047 4004 3995
f 4047 4061 4016
f 4240 4241 4217
f 4240 4217 4211
f 4233 4240 4211
f 4227 4233 4211
f 4047 4078 4061
f 4050 4078 4047
f 4211 4217 4170
f 4211 4170 4172
f 4051 4078 4050
f 4051 4053 4078
f 4048 4051 4050
f 4045 4048 4050
f 4170 4090 4094
f 4172 4095 4100
f 4172 4094 4095
f 4172 4170 4094
f 4059 4100 4095
f 4071 4094 4090
f 4071 4090 4072
f 4066 4095 4094
f 4066 4059 4095
f 4066 4094 4071
f 4052 4053 4051
f 4052 4055 4053
f 4052 4072 4055
f 4052 4071 4072
f 4049 4051 4048
f 4049 4048 4045
f 4049 4046 4059
f 4049 4045 4046
f 4049 4066 4071
f 4049 4059 4066
f 4049 4052 4051
f 4049 4071 4052
f 4482 4444 4436
f 4482 4436 4476
f 4492 4452 4444
f 4492 4457 4452
f 4492 4499 4457
f 4492 4444 4482
f 4478 4476 4472
f 4478 4482 4476
f 4488 4495 4499
f 4488 4482 4478
f 4488 4499 4492
f 4488 4492 4482
f 4439 4472 4430
f 4439 4478 4472
f 4446 4449 4495
f 4446 4488 4478
f 4446 4478 4439
f 4446 4495 4488
f 4289 4430 4284
f 4289 4439 4430
f 4292 4295 4449
f 4292 4446 4439
f 4292 4439 4289
f 4292 4449 4446
f 4131 4134 3997
f 4131 4284 4134
f 4131 3997 3989
f 4131 4289 4284
f 4129 3989 3981
f 4129 3981 3977
f 4129 4122 4295
f 4129 3977 4122
f 4129 4295 4292
f 4129 4292 4289
f 4129 4131 3989
f 4129 4289 4131
f 5820 5664 5809
f 5303 5360 5309
f 5303 5349 5360
f 5297 5290 5332
f 5297 5338 5349
f 5297 5332 5338
f 5297 5349 5303
f 5305 5309 5313
f 5305 5303 5309
f 5299 5294 5290
f 5299 5297 5303
f 5299 5303 5305
f 5299 5290 5297
f 5357 5313 5366
f 5357 5305 5313
f 5347 5342 5294
f 5347 5299 5305
f 5347 5294 5299
f 5347 5305 5357
f 5507 5366 5514
f 5507 5357 5366
f 5501 5499 5342
f 5501 5675 5499
f 5501 5357 5507
f 5501 5347 5357
f 5501 5342 5347
f 5669 5514 5664
f 5669 5507 5514
f 5669 5664 5820
f 5672 5820 5829
f 5672 5829 5835
f 5672 5835 5675
f 5672 5501 5507
f 5672 5675 5501
f 5672 5669 5820
f 5672 5507 5669
f 5682 5683 5667
f 5666 5678 5648
f 5647 5639 5637
f 5647 5651 5639
f 5638 5636 5634
f 5638 5637 5636
f 5638 5634 5635
f 5638 5647 5637
f 5665 5667 5651
f 5665 5651 5647
f 5665 5682 5667
f 5656 5635 5648
f 5656 5678 5682
f 5656 5638 5635
f 5656 5647 5638
f 5656 5665 5647
f 5656 5682 5665
f 5656 5648 5678
f 5831 5810 5800
f 5804 5779 5795
f 5804 5785 5779
f 5816 5800 5785
f 5816 5785 5804
f 5816 5831 5800
f 5805 5798 5781
f 5805 5795 5798
f 5805 5781 5786
f 5805 5804 5795
f 5817 5786 5803
f 5817 5803 5813
f 5817 5832 5831
f 5817 5813 5832
f 5817 5816 5804
f 5817 5831 5816
f 5817 5804 5805
f 5817 5805 5786
f 5668 5808 5663
f 5668 5819 5808
f 5671 5674 5834
f 5671 5830 5819
f 5671 5834 5830
f 5671 5819 5668
f 5508 5663 5513
f 5508 5668 5663
f 5502 5498 5674
f 5502 5671 5668
f 5502 5668 5508
f 5502 5674 5671
f 5356 5513 5365
f 5356 5508 5513
f 5346 5341 5498
f 5346 5502 5508
f 5346 5498 5502
f 5346 5508 5356
f 5304 5365 5312
f 5304 5356 5365
f 5298 5293 5341
f 5298 5356 5304
f 5298 5346 5356
f 5298 5341 5346
f 5302 5308 5359
f 5302 5312 5308
f 5302 5359 5348
f 5302 5304 5312
f 5296 5348 5337
f 5296 5337 5331
f 5296 5289 5293
f 5296 5331 5289
f 5296 5298 5304
f 5296 5293 5298
f 5296 5302 5348
f 5296 5304 5302
f 5720 5615 5711
f 5394 5451 5406
f 5394 5444 5451
f 5380 5368 5431
f 5380 5434 5444
f 5380 5431 5434
f 5380 5444 5394
f 5397 5406 5409
f 5397 5394 5406
f 5382 5378 5368
f 5382 5380 5394
f 5382 5394 5397
f 5382 5368 5380
f 5448 5409 5457
f 5448 5397 5409
f 5441 5438 5378
f 5441 5382 5397
f 5441 5378 5382
f 5441 5397 5448
f 5550 5457 5557
f 5550 5448 5457
f 5546 5544 5438
f 5546 5448 5550
f 5546 5441 5448
f 5546 5438 5441
f 5620 5557 5615
f 5620 5720 5728
f 5620 5550 5557
f 5620 5615 5720
f 5622 5728 5732
f 5622 5623 5544
f 5622 5732 5623
f 5622 5546 5550
f 5622 5544 5546
f 5622 5620 5728
f 5622 5550 5620
f 5527 5525 5528
f 5528 5525 5526
f 5526 5518 5519
f 5525 5518 5526
f 5519 5515 5516
f 5518 5515 5519
f 5383 5369 5384
f 5384 5369 5370
f 5370 5372 5373
f 5369 5372 5370
f 5373 5385 5386
f 5372 5385 5373
f 5289 5332 5290
f 5289 5331 5332
f 5293 5290 5294
f 5293 5289 5290
f 5341 5294 5342
f 5341 5293 5294
f 5498 5342 5499
f 5498 5499 5675
f 5498 5341 5342
f 5674 5498 5675
f 5834 5675 5835
f 5834 5674 5675
f 5371 5431 5368
f 5371 5432 5431
f 5377 5368 5378
f 5377 5371 5368
f 5437 5378 5438
f 5437 5377 5378
f 5545 5438 5544
f 5545 5544 5623
f 5545 5437 5438
f 5625 5545 5623
f 5733 5623 5732
f 5733 5625 5623
f 5457 5615 5557
f 5615 5765 5711
f 5409 5765 5457
f 5406 5765 5409
f 5451 5765 5406
f 5549 5765 5451
f 5611 5765 5549
f 5704 5765 5611
f 5760 5765 5704
f 5457 5765 5615
f 5796 5733 5732
f 5796 5732 5797
f 5793 5797 5794
f 5793 5794 5725
f 5793 5796 5797
f 5724 5793 5725
f 5619 5725 5618
f 5619 5724 5725
f 5540 5618 5537
f 5540 5619 5618
f 5432 5537 5431
f 5432 5540 5537
f 5309 5371 5313
f 5313 5371 5377
f 5313 5437 5366
f 5377 5437 5313
f 5360 5432 5309
f 5309 5432 5371
f 5366 5545 5514
f 5437 5545 5366
f 5496 5540 5360
f 5360 5540 5432
f 5496 5619 5540
f 5496 5646 5619
f 5625 5664 5545
f 5545 5664 5514
f 5625 5733 5664
f 5733 5809 5664
f 5619 5802 5724
f 5646 5802 5619
f 5796 5862 5733
f 5733 5862 5809
f 5793 5860 5796
f 5724 5860 5793
f 5802 5860 5724
f 5796 5860 5862
f 5879 5834 5835
f 5879 5835 5880
f 5874 5880 5875
f 5874 5879 5880
f 5824 5875 5825
f 5824 5874 5875
f 5660 5825 5661
f 5660 5824 5825
f 5486 5661 5487
f 5486 5487 5332
f 5486 5660 5661
f 5331 5486 5332
f 5495 5506 5554
f 5495 5572 5645
f 5554 5572 5495
f 5359 5479 5495
f 5495 5479 5506
f 5645 5692 5801
f 5692 5731 5801
f 5572 5593 5645
f 5645 5628 5692
f 5593 5628 5645
f 5731 5748 5801
f 5359 5472 5479
f 5748 5751 5801
f 5359 5455 5472
f 5359 5392 5455
f 5359 5308 5392
f 5751 5859 5801
f 5308 5350 5392
f 5751 5740 5859
f 5308 5334 5350
f 5740 5744 5859
f 5308 5358 5334
f 5744 5810 5859
f 5810 5831 5859
f 5308 5312 5358
f 5358 5312 5418
f 5418 5312 5421
f 5831 5861 5859
f 5832 5861 5831
f 5832 5813 5861
f 5813 5806 5861
f 5312 5414 5421
f 5312 5365 5414
f 5433 5365 5467
f 5417 5365 5433
f 5414 5365 5417
f 5806 5808 5861
f 5682 5808 5683
f 5678 5808 5682
f 5683 5808 5686
f 5686 5808 5706
f 5706 5808 5775
f 5791 5808 5806
f 5775 5808 5791
f 5678 5663 5808
f 5632 5663 5666
f 5604 5663 5632
f 5666 5663 5678
f 5534 5513 5571
f 5571 5513 5592
f 5592 5513 5604
f 5365 5513 5467
f 5604 5513 5663
f 5467 5513 5534
f 5453 5454 5435
f 5435 5454 5436
f 5386 5435 5436
f 5385 5435 5386
f 5400 5395 5401
f 5401 5395 5396
f 5396 5390 5391
f 5395 5390 5396
f 5391 5383 5384
f 5390 5383 5391
f 5466 5465 5401
f 5401 5465 5400
f 5483 5465 5466
f 5482 5465 5483
f 5482 5483 5515
f 5515 5483 5516
f 5563 5558 5564
f 5564 5558 5559
f 5559 5538 5539
f 5558 5538 5559
f 5539 5527 5528
f 5538 5527 5539
f 5588 5563 5564
f 5587 5563 5588
f 5630 5629 5588
f 5588 5629 5587
f 5699 5698 5630
f 5630 5698 5629
f 5737 5735 5734
f 5736 5735 5737
f 5734 5716 5717
f 5735 5716 5734
f 5717 5698 5699
f 5716 5698 5717
f 5709 5736 5737
f 5708 5736 5709
f 5727 5708 5709
f 5726 5708 5727
f 5780 5779 5727
f 5727 5779 5726
f 5767 5772 5768
f 5768 5776 5787
f 5772 5776 5768
f 5776 5781 5787
f 5787 5798 5799
f 5781 5798 5787
f 5799 5795 5780
f 5798 5795 5799
f 5795 5779 5780
f 5767 5768 5693
f 5693 5768 5694
f 5693 5694 5680
f 5680 5694 5681
f 5640 5680 5681
f 5639 5680 5640
f 5601 5607 5613
f 5602 5607 5601
f 5613 5624 5633
f 5607 5624 5613
f 5624 5634 5633
f 5633 5636 5640
f 5634 5636 5633
f 5636 5637 5640
f 5637 5639 5640
f 5601 5575 5602
f 5602 5575 5574
f 5574 5575 5532
f 5532 5575 5533
f 5532 5533 5460
f 5460 5533 5461
f 5426 5427 5428
f 5425 5427 5426
f 5428 5446 5447
f 5427 5446 5428
f 5447 5460 5461
f 5446 5460 5447
f 5425 5426 5453
f 5453 5426 5454
f 5401 5396 5391
f 5401 5391 5384
f 5401 5384 5370
f 5401 5370 5373
f 5401 5373 5386
f 5461 5426 5428
f 5461 5428 5447
f 5466 5436 5454
f 5466 5386 5436
f 5466 5401 5386
f 5528 5526 5519
f 5533 5454 5426
f 5533 5426 5461
f 5539 5528 5519
f 5564 5559 5539
f 5564 5519 5516
f 5564 5539 5519
f 5588 5516 5483
f 5588 5564 5516
f 5630 5483 5466
f 5630 5466 5454
f 5630 5588 5483
f 5633 5601 5613
f 5640 5601 5633
f 5640 5575 5601
f 5681 5575 5640
f 5694 5575 5681
f 5694 5533 5575
f 5709 5533 5694
f 5709 5699 5630
f 5709 5630 5454
f 5709 5454 5533
f 5727 5709 5694
f 5737 5699 5709
f 5737 5734 5717
f 5737 5717 5699
f 5780 5694 5768
f 5780 5727 5694
f 5799 5768 5787
f 5799 5780 5768
f 5773 5720 5711
f 5773 5711 5765
f 5788 5728 5720
f 5788 5732 5728
f 5788 5797 5732
f 5788 5720 5773
f 5771 5765 5760
f 5771 5773 5765
f 5782 5794 5797
f 5782 5773 5771
f 5782 5797 5788
f 5782 5788 5773
f 5715 5760 5704
f 5715 5771 5760
f 5722 5725 5794
f 5722 5782 5771
f 5722 5771 5715
f 5722 5794 5782
f 5612 5611 5549
f 5612 5704 5611
f 5612 5715 5704
f 5617 5618 5725
f 5617 5722 5715
f 5617 5715 5612
f 5617 5725 5722
f 5543 5549 5451
f 5543 5451 5444
f 5543 5444 5434
f 5543 5612 5549
f 5542 5434 5431
f 5542 5537 5618
f 5542 5431 5537
f 5542 5618 5617
f 5542 5617 5612
f 5542 5543 5434
f 5542 5612 5543
f 5492 5348 5359
f 5492 5359 5495
f 5490 5337 5348
f 5490 5331 5337
f 5490 5486 5331
f 5490 5348 5492
f 5653 5495 5645
f 5653 5492 5495
f 5657 5660 5486
f 5657 5492 5653
f 5657 5486 5490
f 5657 5490 5492
f 5811 5645 5801
f 5811 5653 5645
f 5821 5824 5660
f 5821 5657 5653
f 5821 5653 5811
f 5821 5660 5657
f 5863 5801 5859
f 5863 5811 5801
f 5868 5874 5824
f 5868 5821 5811
f 5868 5811 5863
f 5868 5824 5821
f 5865 5861 5808
f 5865 5859 5861
f 5865 5808 5819
f 5865 5863 5859
f 5865 5868 5863
f 5870 5819 5830
f 5870 5830 5834
f 5870 5879 5874
f 5870 5834 5879
f 5870 5874 5868
f 5870 5865 5819
f 5870 5868 5865
f 5716 5696 5698
f 5731 5692 5695
f 5751 5748 5742
f 5718 5696 5716
f 5723 5695 5696
f 5723 5731 5695
f 5723 5696 5718
f 5738 5736 5739
f 5738 5735 5736
f 5738 5716 5735
f 5738 5718 5716
f 5741 5739 5742
f 5741 5748 5731
f 5741 5723 5718
f 5741 5731 5723
f 5741 5738 5739
f 5741 5718 5738
f 5741 5742 5748
f 5629 5698 5696
f 5628 5696 5695
f 5628 5695 5692
f 5628 5629 5696
f 5739 5736 5708
f 5739 5708 5740
f 5742 5739 5740
f 5751 5742 5740
f 5628 5587 5629
f 5593 5587 5628
f 5740 5708 5726
f 5740 5726 5744
f 5565 5587 5593
f 5565 5563 5587
f 5567 5565 5593
f 5572 5567 5593
f 5726 5779 5785
f 5744 5800 5810
f 5744 5785 5800
f 5744 5726 5785
f 5511 5515 5518
f 5565 5558 5563
f 5572 5554 5567
f 5517 5525 5527
f 5517 5518 5525
f 5517 5511 5518
f 5529 5527 5538
f 5529 5517 5527
f 5503 5506 5479
f 5503 5494 5511
f 5503 5479 5494
f 5503 5511 5517
f 5536 5529 5538
f 5522 5506 5503
f 5522 5517 5529
f 5522 5503 5517
f 5551 5538 5558
f 5551 5558 5565
f 5551 5536 5538
f 5531 5554 5506
f 5531 5506 5522
f 5531 5529 5536
f 5531 5522 5529
f 5552 5565 5567
f 5552 5551 5565
f 5552 5536 5551
f 5552 5554 5531
f 5552 5531 5536
f 5552 5567 5554
f 5806 5813 5803
f 5775 5791 5770
f 5778 5786 5781
f 5778 5781 5776
f 5774 5772 5767
f 5774 5776 5772
f 5774 5767 5769
f 5774 5778 5776
f 5792 5803 5786
f 5792 5786 5778
f 5792 5806 5803
f 5777 5769 5770
f 5777 5791 5806
f 5777 5774 5769
f 5777 5792 5778
f 5777 5778 5774
f 5777 5770 5791
f 5777 5806 5792
f 5482 5515 5511
f 5472 5511 5494
f 5472 5494 5479
f 5472 5482 5511
f 5769 5767 5693
f 5769 5693 5706
f 5770 5769 5706
f 5775 5770 5706
f 5455 5482 5472
f 5455 5465 5482
f 5686 5693 5680
f 5706 5693 5686
f 5399 5465 5455
f 5399 5400 5465
f 5398 5399 5455
f 5392 5398 5455
f 5680 5639 5651
f 5686 5667 5683
f 5686 5651 5667
f 5686 5680 5651
f 5399 5395 5400
f 5364 5381 5385
f 5364 5385 5372
f 5355 5334 5358
f 5355 5367 5381
f 5355 5358 5367
f 5355 5381 5364
f 5363 5372 5369
f 5363 5364 5372
f 5376 5369 5383
f 5376 5363 5369
f 5354 5350 5334
f 5354 5355 5364
f 5354 5334 5355
f 5354 5364 5363
f 5387 5390 5395
f 5387 5383 5390
f 5387 5376 5383
f 5387 5395 5399
f 5362 5350 5354
f 5362 5354 5363
f 5362 5363 5376
f 5379 5399 5398
f 5379 5398 5392
f 5379 5392 5350
f 5379 5387 5399
f 5379 5362 5376
f 5379 5350 5362
f 5379 5376 5387
f 5592 5604 5597
f 5626 5635 5634
f 5626 5634 5624
f 5631 5648 5635
f 5631 5666 5648
f 5631 5632 5666
f 5631 5635 5626
f 5606 5607 5602
f 5606 5624 5607
f 5606 5602 5599
f 5606 5626 5624
f 5605 5599 5597
f 5605 5604 5632
f 5605 5632 5631
f 5605 5631 5626
f 5605 5626 5606
f 5605 5597 5604
f 5605 5606 5599
f 5435 5385 5381
f 5418 5381 5367
f 5418 5367 5358
f 5418 5435 5381
f 5599 5602 5574
f 5599 5574 5571
f 5597 5599 5571
f 5592 5597 5571
f 5418 5453 5435
f 5421 5453 5418
f 5571 5574 5532
f 5571 5532 5534
f 5422 5453 5421
f 5422 5425 5453
f 5419 5422 5421
f 5414 5419 5421
f 5532 5460 5462
f 5534 5463 5467
f 5534 5462 5463
f 5534 5532 5462
f 5433 5467 5463
f 5445 5462 5460
f 5445 5460 5446
f 5440 5463 5462
f 5440 5433 5463
f 5440 5462 5445
f 5424 5425 5422
f 5424 5427 5425
f 5424 5446 5427
f 5424 5445 5446
f 5420 5422 5419
f 5420 5419 5414
f 5420 5417 5433
f 5420 5414 5417
f 5420 5440 5445
f 5420 5433 5440
f 5420 5424 5422
f 5420 5445 5424
f 5866 5820 5809
f 5866 5809 5862
f 5871 5829 5820
f 5871 5835 5829
f 5871 5880 5835
f 5871 5820 5866
f 5864 5862 5860
f 5864 5866 5862
f 5869 5875 5880
f 5869 5866 5864
f 5869 5880 5871
f 5869 5871 5866
f 5812 5860 5802
f 5812 5864 5860
f 5822 5825 5875
f 5822 5869 5864
f 5822 5864 5812
f 5822 5875 5869
f 5654 5802 5646
f 5654 5812 5802
f 5658 5661 5825
f 5658 5822 5812
f 5658 5812 5654
f 5658 5825 5822
f 5493 5496 5360
f 5493 5646 5496
f 5493 5360 5349
f 5493 5654 5646
f 5491 5349 5338
f 5491 5338 5332
f 5491 5487 5661
f 5491 5332 5487
f 5491 5661 5658
f 5491 5658 5654
f 5491 5493 5349
f 5491 5654 5493
