v -0.113896136 0.196476023 0.035949989
v -0.113896136 0.196476025 0.05094999
v -0.112098131 0.181422237 0.050949991
v -0.11209813 0.181422236 0.035949991
v -0.11125727 0.1954147 0.04694999
v -0.11125727 0.1954147 0.05094999
v -0.109140571 0.181468776 0.046949991
v -0.109140571 0.181468777 0.050949992
v -0.10810385 0.210486677 0.050949989
v -0.108103849 0.210486675 0.035949988
v -0.108027331 0.195054134 0.03594999
v -0.108027331 0.195054135 0.04694999
v -0.106489462 0.167145244 0.050949993
v -0.106489461 0.167145243 0.035949992
v -0.106163085 0.182771495 0.035949991
v -0.106163085 0.182771496 0.046949991
v -0.106117422 0.208550565 0.046949989
v -0.106117422 0.208550565 0.050949989
v -0.103500494 0.20662335 0.046949989
v -0.103500493 0.206623349 0.035949989
v -0.102293546 0.160392803 0.050949994
v -0.102293545 0.160392801 0.035949993
v -0.100334497 0.170449612 0.046949993
v -0.100334497 0.170449612 0.050949993
v -0.098407278 0.17306654 0.046949993
v -0.098407277 0.173066539 0.035949992
v -0.096200553 0.219876052 0.050949988
v -0.096200552 0.219876051 0.035949988
v -0.095971684 0.155572521 0.050949995
v -0.095971683 0.15557252 0.035949994
v -0.095098254 0.217356643 0.046949988
v -0.095098254 0.217356643 0.050949989
v -0.093795538 0.214379149 0.046949989
v -0.093795537 0.214379148 0.035949988
v -0.088349395 0.153313823 0.035949994
v -0.088349395 0.153313824 0.050949995
v -0.087525596 0.153234601 0.050949995
v -0.087525595 0.153234599 0.035949994
v -0.087198632 0.165309766 0.046949994
v -0.087198632 0.165309766 0.050949994
v -0.086838071 0.168539701 0.046949994
v -0.08683807 0.1685397 0.035949993
v -0.086700313 0.153172742 0.050949995
v -0.086700312 0.15317274 0.035949995
v -0.085873908 0.153128261 0.035949995
v -0.085873908 0.153128263 0.050949995
v -0.083506904 0.152528547 0.050949995
v -0.083506903 0.152528545 0.035949995
v -0.081574874 0.151035352 0.050949996
v -0.081574873 0.151035351 0.035949995
v -0.081512895 0.216243407 0.035949988
v -0.081512895 0.216243408 0.046949989
v -0.081226198 0.22224623 0.035949988
v -0.081226198 0.222246232 0.050949989
v -0.081152334 0.219473343 0.046949989
v -0.081152334 0.219473344 0.050949989
v -0.080397799 0.148895994 0.050949996
v -0.080397798 0.148895992 0.035949995
v -0.074846996 0.15964276 0.050949995
v -0.074846995 0.159642758 0.035949994
v -0.074740642 0.157722792 0.050949995
v -0.074740641 0.157722791 0.035949995
v -0.074555432 0.17040396 0.046949994
v -0.074555431 0.170403959 0.035949993
v -0.074045139 0.161390517 0.050949995
v -0.074045138 0.161390515 0.035949994
v -0.073252712 0.167426467 0.046949994
v -0.073252712 0.167426467 0.050949994
v -0.072520374 0.162562133 0.050949995
v -0.072520373 0.162562131 0.035949994
v -0.069943688 0.211716569 0.04694999
v -0.069943687 0.211716568 0.035949989
v -0.069558671 0.140856305 0.035949996
v -0.069558671 0.140856306 0.050949997
v -0.068345429 0.13900021 0.035949997
v -0.068345429 0.139000212 0.050949997
v -0.068016465 0.214333498 0.04694999
v -0.068016465 0.214333498 0.05094999
v -0.067005052 0.216991884 0.05094999
v -0.067005051 0.216991883 0.035949989
v -0.066329987 0.138075528 0.035949997
v -0.066329987 0.138075529 0.050949998
v -0.064850468 0.178159758 0.035949993
v -0.064850468 0.17815976 0.046949993
v -0.064131722 0.138366452 0.035949997
v -0.064131722 0.138366454 0.050949998
v -0.063615388 0.138638854 0.050949998
v -0.063615387 0.138638852 0.035949997
v -0.063144211 0.138983503 0.035949997
v -0.063144211 0.138983504 0.050949998
v -0.063011306 0.133469479 0.035949997
v -0.063011306 0.13346948 0.041949998
v -0.062728211 0.139393079 0.035949997
v -0.062728211 0.13939308 0.050949998
v -0.0626035 0.130782651 0.035949998
v -0.0626035 0.130782651 0.041949998
v -0.06223354 0.176232544 0.046949994
v -0.06223354 0.176232545 0.050949994
v -0.062187881 0.202011613 0.046949991
v -0.06218788 0.202011612 0.035949991
v -0.062021057 0.136000241 0.035949997
v -0.062021057 0.136000242 0.041949997
v -0.061670797 0.115279461 0.035949999
v -0.061670797 0.115279462 0.05095
v -0.061455168 0.112647077 0.05095
v -0.061455167 0.112647076 0.03595
v -0.060906921 0.128659696 0.041949998
v -0.06090692 0.128659695 0.035949998
v -0.060775192 0.133219862 0.041949998
v -0.060775192 0.133219863 0.050949998
v -0.06054216 0.131684538 0.050949998
v -0.060542159 0.131684538 0.041949998
v -0.060515189 0.117654432 0.05095
v -0.060515188 0.117654431 0.035949999
v -0.060323637 0.189728959 0.046949992
v -0.060323636 0.189728958 0.035949992
v -0.060209343 0.134666014 0.041949998
v -0.060209343 0.134666014 0.050949998
v -0.059928472 0.110491827 0.050950001
v -0.059928471 0.110491825 0.03595
v -0.059898102 0.137696821 0.035949997
v -0.059898102 0.137696821 0.041949997
v -0.059572685 0.130471418 0.041949998
v -0.059572685 0.130471419 0.050949999
v -0.059210395 0.203314318 0.046949991
v -0.059210395 0.203314318 0.050949991
v -0.058996224 0.135635497 0.050949998
v -0.058996223 0.135635496 0.041949998
v -0.058376151 0.127669446 0.035949998
v -0.058376151 0.127669447 0.041949998
v -0.058126541 0.129905562 0.050949999
v -0.05812654 0.129905561 0.041949998
v -0.057460892 0.135868529 0.050949998
v -0.057460891 0.135868529 0.041949998
v -0.057211273 0.138104627 0.035949997
v -0.057211273 0.138104628 0.041949997
v -0.057169029 0.205454928 0.050949991
v -0.057169028 0.205454927 0.035949991
v -0.057093694 0.18936841 0.046949993
v -0.057093694 0.18936841 0.050949993
v -0.056591209 0.130138594 0.041949998
v -0.056591209 0.130138595 0.050949999
v -0.056550823 0.169549165 0.050949995
v -0.056550822 0.169549163 0.035949994
v -0.05601474 0.135302672 0.041949998
v -0.05601474 0.135302673 0.050949998
v -0.055689322 0.128077253 0.035949998
v -0.055689322 0.128077253 0.041949999
v -0.055378089 0.131108061 0.041949998
v -0.055378089 0.131108062 0.050949999
v -0.055045265 0.134089552 0.041949998
v -0.055045265 0.134089553 0.050949998
v -0.054812233 0.132554214 0.050949999
v -0.054812232 0.132554213 0.041949998
v -0.054680511 0.137114393 0.035949997
v -0.054680511 0.137114394 0.041949998
v -0.053566367 0.129773832 0.035949998
v -0.053566367 0.129773833 0.041949998
v -0.052983924 0.134991423 0.035949998
v -0.052983924 0.134991423 0.041949998
v -0.052689761 0.08725665 0.050950003
v -0.05268976 0.087256649 0.035950002
v -0.052625353 0.085741024 0.035950003
v -0.052625353 0.085741025 0.050950003
v -0.052576118 0.132304595 0.041949998
v -0.052576117 0.132304594 0.035949998
v -0.052384362 -0.006143307 0.035950012
v -0.052384362 -0.006143306 0.040950012
v -0.052320987 0.170154266 0.035949994
v -0.052320987 0.170154268 0.050949995
v -0.052004443 0.088610021 0.050950003
v -0.052004442 0.088610019 0.035950002
v -0.051360147 -0.001810568 0.040950012
v -0.051360146 -0.001810568 0.035950011
v -0.050933952 -0.010352575 0.035950012
v -0.050933952 -0.010352575 0.040950012
v -0.050744624 0.089455083 0.050950003
v -0.050744623 0.089455082 0.035950002
v -0.050133378 0.148148208 0.041949997
v -0.050133377 0.148148208 0.035949996
v -0.049725579 0.145461379 0.041949997
v -0.049725578 0.145461379 0.035949997
v -0.049232432 0.089575749 0.035950002
v -0.049232432 0.08957575 0.050950003
v -0.049143136 0.150678985 0.035949996
v -0.049143136 0.150678985 0.041949997
v -0.048383037 0.168495912 0.050949995
v -0.048383036 0.168495911 0.035949995
v -0.048178521 0.001303734 0.035950011
v -0.048178521 0.001303735 0.040950011
v -0.048028992 0.143338424 0.041949997
v -0.048028991 0.143338424 0.035949997
v -0.047897271 0.14789859 0.041949997
v -0.047897271 0.147898591 0.050949997
v -0.047854541 0.088941175 0.050950003
v -0.04785454 0.088941174 0.035950002
v -0.047664239 0.146363267 0.050949997
v -0.047664238 0.146363266 0.041949997
v -0.04745813 -0.013134708 0.040950013
v -0.047458129 -0.013134708 0.035950013
v -0.047375786 -0.005411825 0.035950012
v -0.047375786 -0.005411824 0.040950012
v -0.04733372 0.088177641 0.050950003
v -0.047333719 0.088177639 0.035950003
v -0.047331414 0.149344742 0.041949997
v -0.047331414 0.149344743 0.050949997
v -0.047330438 0.15694403 0.035949996
v -0.047330438 0.156944032 0.050949996
v -0.047142754 -0.006947155 0.035950012
v -0.047142754 -0.006947154 0.040950012
v -0.047020173 0.152375564 0.035949996
v -0.047020173 0.152375565 0.041949996
v -0.047002047 0.087314955 0.050950003
v -0.047002046 0.087314953 0.035950003
v -0.04687723 0.086399175 0.050950003
v -0.046877229 0.086399174 0.035950003
v -0.046809929 -0.003965674 0.035950012
v -0.046809929 -0.003965673 0.040950012
v -0.046694764 0.145150147 0.050949998
v -0.046694763 0.145150146 0.041949997
v -0.046173279 -0.008160275 0.035950012
v -0.046173279 -0.008160274 0.040950012
v -0.046118295 0.150314225 0.050949997
v -0.046118294 0.150314224 0.041949997
v -0.045860362 0.165047182 0.050949996
v -0.045860361 0.16504718 0.035949995
v -0.04559681 -0.002996198 0.035950012
v -0.04559681 -0.002996198 0.040950012
v -0.045589754 0.08193469 0.050950004
v -0.045589753 0.081934689 0.035950003
v -0.04549823 0.142348174 0.035949997
v -0.04549823 0.142348175 0.041949998
v -0.045472628 0.160791917 0.050949996
v -0.045472627 0.160791916 0.035949995
v -0.045248612 0.14458429 0.050949998
v -0.045248611 0.144584289 0.041949997
v -0.044727127 -0.008726129 0.035950012
v -0.044727127 -0.008726128 0.040950013
v -0.044587305 0.087325078 0.035950003
v -0.044587305 0.087325078 0.041950003
v -0.044582963 0.150547257 0.041949997
v -0.044582963 0.150547258 0.050949997
v -0.044515613 0.097843657 0.050950002
v -0.044515612 0.097843656 0.035950002
v -0.044333344 0.152783371 0.035949996
v -0.044333344 0.152783371 0.041949997
v -0.044062982 0.083870579 0.035950003
v -0.044062982 0.08387058 0.041950003
v -0.044061478 -0.002763167 0.035950012
v -0.044061478 -0.002763167 0.040950012
v -0.04371328 0.144817322 0.041949997
v -0.04371328 0.144817323 0.050949998
v -0.043314127 0.090578915 0.035950002
v -0.043314127 0.090578916 0.041950003
v -0.043191795 -0.008493098 0.035950012
v -0.043191795 -0.008493098 0.040950013
v -0.043136811 0.1499814 0.041949997
v -0.043136811 0.149981401 0.050949997
v -0.042811401 0.142755981 0.035949997
v -0.042811401 0.142755981 0.041949998
v -0.042615326 -0.003329022 0.035950012
v -0.042615326 -0.003329021 0.040950012
v -0.042548465 0.096582526 0.050950003
v -0.042548464 0.096582524 0.035950002
v -0.042500161 0.145786805 0.050949998
v -0.04250016 0.145786804 0.041949997
v -0.042247102 0.078707333 0.035950004
v -0.042247102 0.078707334 0.050950004
v -0.042167336 0.14876828 0.041949997
v -0.042167336 0.148768281 0.050949997
v -0.041978676 -0.007523622 0.035950012
v -0.041978676 -0.007523622 0.040950013
v -0.041934311 0.147232956 0.041949997
v -0.041934311 0.147232957 0.050949998
v -0.041881662 0.081141065 0.041950004
v -0.041881661 0.081141064 0.035950003
v -0.041854281 0.087019987 0.050950004
v -0.04185428 0.087019987 0.041950003
v -0.041802582 0.151793121 0.035949996
v -0.041802582 0.151793122 0.041949997
v -0.041645851 -0.004542141 0.035950012
v -0.041645851 -0.004542141 0.040950012
v -0.041543573 0.084972883 0.041950003
v -0.041543573 0.084972883 0.050950004
v -0.041412819 -0.006077472 0.035950012
v -0.041412819 -0.006077472 0.040950012
v -0.041099802 0.088948186 0.041950003
v -0.041099802 0.088948187 0.050950003
v -0.040690307 0.140251571 0.035949998
v -0.040690307 0.140251573 0.050949998
v -0.040688446 0.144452575 0.035949997
v -0.040688446 0.144452576 0.041949998
v -0.040584612 0.092760236 0.035950002
v -0.040584612 0.092760237 0.041950003
v -0.040532541 0.005408801 0.040950011
v -0.04053254 0.0054088 0.035950011
v -0.040342357 0.095812346 0.050950003
v -0.040342356 0.095812345 0.035950002
v -0.040250932 0.08335539 0.041950004
v -0.040250932 0.083355391 0.050950004
v -0.040106003 0.149670166 0.035949997
v -0.040106003 0.149670167 0.041949997
v -0.039698196 0.146983337 0.035949997
v -0.039698196 0.146983338 0.041949997
v -0.03948231 0.090240821 0.050950003
v -0.039482309 0.09024082 0.041950003
v -0.039084785 0.141360107 0.035949998
v -0.039084785 0.141360109 0.050949998
v -0.03882641 0.00691149 0.040950011
v -0.038826409 0.00691149 0.035950011
v -0.038627824 0.079867886 0.035950004
v -0.038627824 0.079867887 0.041950004
v -0.038322733 0.082600913 0.050950004
v -0.038322732 0.082600912 0.041950004
v -0.038118166 0.011282471 0.040950011
v -0.038118165 0.01128247 0.035950011
v -0.038017741 0.095575155 0.035950002
v -0.038017741 0.095575156 0.050950003
v -0.037962045 0.009014304 0.035950011
v -0.037962045 0.009014305 0.040950011
v -0.037740197 0.07757729 0.035950004
v -0.037740197 0.077577292 0.050950005
v -0.037435206 0.090551528 0.050950003
v -0.037435205 0.090551527 0.041950003
v -0.037231045 0.035635005 0.035950008
v -0.037231045 0.035635006 0.050950009
v -0.037145874 0.141577318 0.050949998
v -0.037145873 0.141577316 0.035949998
v -0.037130114 0.093284551 0.035950002
v -0.037130114 0.093284552 0.041950003
v -0.036275629 0.08291162 0.050950004
v -0.036275628 0.082911619 0.041950004
v -0.035714497 0.033314892 0.050950009
v -0.035714496 0.033314891 0.035950008
v -0.035507006 0.089797056 0.041950003
v -0.035507006 0.089797057 0.050950004
v -0.035415582 0.077340102 0.050950005
v -0.035415581 0.0773401 0.035950004
v -0.035334861 0.140851517 0.035949998
v -0.035334861 0.140851518 0.050949999
v -0.0352098 -0.013770477 0.040950013
v -0.0352098 -0.013770476 0.050950014
v -0.035173325 0.080392209 0.035950004
v -0.035173325 0.08039221 0.041950004
v -0.035155075 -0.012281958 0.050950014
v -0.035155074 -0.012281959 0.040950013
v -0.034823608 -0.015209065 0.050950014
v -0.034823607 -0.015209066 0.040950014
v -0.034664283 -0.010875611 0.040950013
v -0.034664283 -0.01087561 0.050950014
v -0.034658136 0.08420426 0.041950004
v -0.034658136 0.084204261 0.050950004
v -0.034565802 -0.018479698 0.035950014
v -0.034565802 -0.018479697 0.040950014
v -0.034214373 0.088179565 0.050950004
v -0.034214372 0.088179564 0.041950003
v -0.034082603 0.139355379 0.050949999
v -0.034082602 0.139355377 0.035949998
v -0.033940089 0.094668518 0.050950003
v -0.033940088 0.094668516 0.035950002
v -0.033930548 -0.017108968 0.040950014
v -0.033903665 0.08613246 0.041950004
v -0.033903665 0.086132461 0.050950004
v -0.03387938 -0.002514099 0.050950013
v -0.033879379 -0.0025141 0.040950012
v -0.033876276 0.092011381 0.035950003
v -0.033876276 0.092011382 0.041950003
v -0.033669502 -0.008189768 0.040950013
v -0.033669502 -0.008189767 0.050950013
v -0.033526842 0.012076308 0.046950011
v -0.033526842 0.012076309 0.050950011
v -0.033510069 -0.019046968 0.035950014
v -0.033510069 -0.019046968 0.040950014
v -0.033401817 -0.005338155 0.040950013
v -0.033401817 -0.005338154 0.050950013
v -0.033235552 0.010157145 0.050950012
v -0.033235551 0.010157145 0.046950011
v -0.033209473 0.076569921 0.035950004
v -0.033209473 0.076569922 0.050950005
v -0.033195194 0.032159049 0.035950009
v -0.033195194 0.03215905 0.050950009
v -0.033043655 -0.012410667 0.046950014
v -0.033043655 -0.012410666 0.050950014
v -0.032933935 -0.018956651 0.040950014
v -0.032819521 0.013883996 0.046950011
v -0.032819521 0.013883997 0.050950011
v -0.032752372 -0.014329829 0.046950014
v -0.032752372 -0.014329829 0.050950014
v -0.032588148 -0.019812746 0.035950014
v -0.032588148 -0.019812745 0.040950014
v -0.03244381 0.08257353 0.035950004
v -0.03244381 0.08257353 0.041950004
v -0.032336341 -0.010602978 0.046950013
v -0.032336341 -0.010602977 0.050950014
v -0.032023706 0.008640745 0.046950012
v -0.032023706 0.008640746 0.050950012
v -0.031887026 0.011893254 0.046950011
v -0.031887025 0.011893253 0.035950011
v -0.031836805 -0.020746479 0.035950014
v -0.031836805 -0.020746478 0.040950014
v -0.031723901 0.010818522 0.035950011
v -0.031723901 0.010818524 0.046950011
v -0.031694955 0.089281866 0.035950003
v -0.031694955 0.089281867 0.041950003
v -0.031540526 -0.015846229 0.046950014
v -0.031540526 -0.015846228 0.050950014
v -0.03149093 0.01290556 0.035950011
v -0.03149093 0.012905561 0.046950011
v -0.031403846 -0.012593719 0.046950014
v -0.031403845 -0.012593721 0.035950013
v -0.031303126 0.015095841 0.050950011
v -0.031303125 0.015095841 0.046950011
v -0.031242325 0.07530879 0.035950004
v -0.031242325 0.075308791 0.050950005
v -0.031240722 -0.01366845 0.046950014
v -0.031240721 -0.013668451 0.035950013
v -0.03117064 0.085827368 0.035950003
v -0.03117064 0.085827368 0.041950004
v -0.031045267 0.00996934 0.046950011
v -0.031045266 0.009969338 0.035950011
v -0.031007743 -0.011581415 0.035950013
v -0.031007743 -0.011581414 0.046950014
v -0.030819938 -0.009391133 0.046950013
v -0.030819938 -0.009391133 0.050950014
v -0.030710962 0.092018614 0.035950003
v -0.030710962 0.092018615 0.050950004
v -0.030641741 0.013584194 0.046950011
v -0.03064174 0.013584193 0.035950011
v -0.030562087 -0.014517635 0.035950013
v -0.030562087 -0.014517634 0.046950014
v -0.030447361 0.032522687 0.050950009
v -0.03044736 0.032522685 0.035950009
v -0.03021602 0.007933427 0.046950012
v -0.03021602 0.007933427 0.050950012
v -0.030158561 -0.010902781 0.035950013
v -0.030158561 -0.01090278 0.046950014
v -0.030032968 0.009573241 0.046950012
v -0.030032967 0.00957324 0.035950011
v -0.029732833 -0.016553547 0.046950014
v -0.029732833 -0.016553547 0.050950014
v -0.029567011 0.013747315 0.046950011
v -0.02956701 0.013747314 0.035950011
v -0.029549781 -0.014913732 0.046950014
v -0.02954978 -0.014913734 0.035950013
v -0.029383959 0.015387129 0.046950011
v -0.029383959 0.01538713 0.050950011
v -0.029083831 -0.01073966 0.035950013
v -0.029083831 -0.010739659 0.046950014
v -0.029025987 0.088196295 0.035950003
v -0.029025987 0.088196296 0.050950004
v -0.02895823 0.009736362 0.035950011
v -0.02895823 0.009736363 0.046950012
v -0.028900779 -0.009099844 0.046950013
v -0.028900779 -0.009099844 0.050950014
v -0.028554704 0.013351216 0.035950011
v -0.028554704 0.013351217 0.046950011
v -0.028475051 -0.014750611 0.046950014
v -0.02847505 -0.014750612 0.035950014
v -0.028339693 0.085962669 0.050950004
v -0.028339692 0.085962668 0.035950004
v -0.028296853 0.008224716 0.046950012
v -0.028296853 0.008224716 0.050950012
v -0.028109048 0.010414996 0.035950011
v -0.028109048 0.010414997 0.046950012
v -0.028071525 -0.011135757 0.046950014
v -0.028071524 -0.011135758 0.035950013
v -0.02787607 0.012502033 0.046950011
v -0.027876069 0.012502032 0.035950011
v -0.027827164 0.003106396 0.035950012
v -0.027827164 0.003106398 0.050950012
v -0.027813674 -0.016262258 0.046950014
v -0.027813674 -0.016262258 0.050950014
v -0.027712953 0.011427301 0.035950011
v -0.027712953 0.011427302 0.046950011
v -0.027625869 -0.014071977 0.046950014
v -0.027625868 -0.014071978 0.035950013
v -0.027576273 0.014679811 0.046950011
v -0.027576273 0.014679812 0.050950011
v -0.02739289 -0.011984942 0.035950013
v -0.02739289 -0.011984941 0.046950014
v -0.027229766 -0.013059672 0.046950014
v -0.027229765 -0.013059673 0.035950013
v -0.027153787 0.083949279 0.050950004
v -0.027153786 0.083949278 0.035950004
v -0.027093086 -0.009807162 0.050950014
v -0.027093085 -0.009807163 0.046950014
v -0.026780458 0.00943656 0.046950012
v -0.026780458 0.009436561 0.050950012
v -0.026364427 0.013163412 0.046950011
v -0.026364427 0.013163412 0.050950012
v -0.026297271 -0.015050413 0.050950014
v -0.02629727 -0.015050414 0.046950014
v -0.026073137 0.011244249 0.046950012
v -0.026073137 0.01124425 0.050950012
v -0.02588124 -0.011323562 0.046950014
v -0.02588124 -0.011323562 0.050950014
v -0.025652206 -0.011223353 0.050950014
v -0.025652205 -0.011223355 0.035950013
v -0.025589957 -0.013242726 0.046950014
v -0.025589957 -0.013242725 0.050950014
v -0.025533013 0.082266073 0.035950004
v -0.025533013 0.082266075 0.050950005
v -0.022546941 -0.030588119 0.050950016
v -0.022545854 0.016603803 0.035950011
v -0.022545854 0.016603804 0.050950011
v -0.019036152 -0.03288803 0.035950016
v -0.016603765 -0.022545804 0.050950015
v -0.016603764 -0.022545805 0.035950015
v -0.016553592 0.029732876 0.04695001
v -0.016553592 0.029732876 0.05095001
v -0.016262309 0.027813711 0.04695001
v -0.016262309 0.027813711 0.05095001
v -0.015846278 0.031540563 0.04695001
v -0.015846278 0.031540564 0.05095001
v -0.01538709 -0.02938391 0.050950016
v -0.015387089 -0.02938391 0.046950016
v -0.015095799 -0.031303073 0.046950016
v -0.015095799 -0.031303073 0.050950016
v -0.015050463 0.026297311 0.04695001
v -0.015050463 0.026297312 0.050950011
v -0.014913783 0.029549822 0.04695001
v -0.014913782 0.029549821 0.03595001
v -0.014750659 0.02847509 0.04695001
v -0.014750658 0.028475089 0.03595001
v -0.014679776 -0.027576222 0.046950016
v -0.014679776 -0.027576222 0.050950016
v -0.01451768 0.030562127 0.03595001
v -0.01451768 0.030562128 0.04695001
v -0.014329875 0.032752409 0.04695001
v -0.014329875 0.032752409 0.05095001
v -0.014072024 0.027625906 0.04695001
v -0.014072023 0.027625905 0.03595001
v -0.013883953 -0.032819474 0.046950016
v -0.013883953 -0.032819474 0.050950017
v -0.013747273 -0.029566965 0.035950016
v -0.013747273 -0.029566964 0.046950016
v -0.013668498 0.031240761 0.04695001
v -0.013668497 0.03124076 0.03595001
v -0.013584156 -0.030641695 0.035950016
v -0.013584156 -0.030641694 0.046950016
v -0.013351178 -0.028554658 0.046950016
v -0.013351177 -0.028554659 0.035950015
v -0.013242777 0.025589994 0.046950011
v -0.013242777 0.025589995 0.050950011
v -0.013163373 -0.026364377 0.046950016
v -0.013163373 -0.026364376 0.050950016
v -0.013059718 0.027229809 0.04695001
v -0.013059717 0.027229808 0.03595001
v -0.012905522 -0.031490878 0.046950016
v -0.012905521 -0.031490879 0.035950016
v -0.012593768 0.031403881 0.04695001
v -0.012593767 0.03140388 0.03595001
v -0.012501996 -0.027876025 0.046950016
v -0.012501995 -0.027876026 0.035950015
v -0.012410716 0.033043696 0.04695001
v -0.012410716 0.033043696 0.05095001
v -0.012076267 -0.033526792 0.046950017
v -0.012076267 -0.033526791 0.050950017
v -0.011984988 0.027392931 0.046950011
v -0.011984987 0.02739293 0.03595001
v -0.011893215 -0.031886978 0.035950016
v -0.011893215 -0.031886977 0.046950016
v -0.011581462 0.031007784 0.04695001
v -0.011581461 0.031007783 0.03595001
v -0.011427266 -0.027712903 0.046950016
v -0.011427265 -0.027712904 0.035950015
v -0.011323611 0.025881283 0.050950011
v -0.01132361 0.025881283 0.046950011
v -0.011244206 -0.026073088 0.046950016
v -0.011244206 -0.026073088 0.050950016
v -0.011223398 0.025652244 0.03595001
v -0.011223398 0.025652245 0.050950011
v -0.011135798 0.028071564 0.04695001
v -0.011135797 0.028071563 0.03595001
v -0.010902827 0.0301586 0.04695001
v -0.010902826 0.030158599 0.03595001
v -0.010818485 -0.031723856 0.035950016
v -0.010818485 -0.031723855 0.046950016
v -0.01073971 0.029083867 0.03595001
v -0.01073971 0.029083868 0.04695001
v -0.010603023 0.032336379 0.05095001
v -0.010603022 0.032336379 0.04695001
v -0.010414952 -0.028109002 0.046950016
v -0.010414951 -0.028109003 0.035950016
v -0.010157108 -0.033235501 0.046950017
v -0.010157108 -0.033235501 0.050950017
v -0.009969303 -0.031045223 0.035950016
v -0.009969303 -0.031045222 0.046950016
v -0.009807215 0.027093128 0.046950011
v -0.009807215 0.027093129 0.050950011
v -0.009736317 -0.028958187 0.035950016
v -0.009736317 -0.028958186 0.046950016
v -0.0095732 -0.030032917 0.035950016
v -0.0095732 -0.030032916 0.046950016
v -0.009436528 -0.026780407 0.046950016
v -0.009436528 -0.026780407 0.050950016
v -0.009391185 0.03081998 0.05095001
v -0.009391184 0.030819979 0.04695001
v -0.009099894 0.028900816 0.04695001
v -0.009099894 0.028900817 0.050950011
v -0.008640705 -0.032023659 0.046950017
v -0.008640705 -0.032023659 0.050950017
v -0.008224675 -0.028296807 0.046950016
v -0.008224675 -0.028296806 0.050950016
v -0.007974547 0.067857171 0.050950007
v -0.007974546 0.067857169 0.035950006
v -0.007933384 -0.030215969 0.046950016
v -0.007933384 -0.030215969 0.050950017
v -0.006697813 0.067153167 0.035950006
v -0.006697813 0.067153169 0.050950007
v -0.005928112 0.043250389 0.050950009
v -0.005928111 0.043250387 0.035950009
v -0.005253584 0.066953506 0.035950006
v -0.005253584 0.066953508 0.050950007
v -0.004526913 0.053385474 0.035950008
v -0.004526913 0.053385476 0.050950008
v -0.004223956 -0.037764469 0.050950017
v -0.003833739 0.067284692 0.050950007
v -0.003833738 0.067284691 0.035950006
v -0.003548916 0.045126332 0.050950009
v -0.003548915 0.04512633 0.035950009
v -0.003106358 -0.027827112 0.050950017
v -0.003106357 -0.027827113 0.035950016
v -0.002745938 0.05093438 0.050950009
v -0.002745937 0.050934379 0.035950008
v -0.00238966 0.047925595 0.050950009
v -0.002389659 0.047925593 0.035950008
v -0.002186369 0.068618423 0.035950006
v -0.002186369 0.068618425 0.050950007
v -0.002131991 -0.037940103 0.035950017
v -0.001836211 0.072691072 0.050950007
v -0.00183621 0.072691071 0.035950006
v -0.001451781 0.070606645 0.050950007
v -0.00145178 0.070606644 0.035950006
v 0.003106344 0.0278272 0.050950011
v 0.003106345 0.027827198 0.035950011
v 0.007933386 0.030216057 0.046950011
v 0.007933386 0.030216057 0.050950011
v 0.008224661 0.028296894 0.046950011
v 0.008224661 0.028296895 0.050950011
v 0.008640692 0.032023747 0.046950011
v 0.008640692 0.032023747 0.050950011
v 0.009099881 -0.028900729 0.046950017
v 0.009099881 -0.028900728 0.050950017
v 0.009391171 -0.030819892 0.046950017
v 0.009391171 -0.030819891 0.050950017
v 0.009436514 0.026780495 0.050950012
v 0.009436515 0.026780495 0.046950011
v 0.009573187 0.030033003 0.046950011
v 0.009573188 0.030033002 0.035950011
v 0.009736319 0.028958273 0.046950011
v 0.00973632 0.028958272 0.035950011
v 0.009807202 -0.027093041 0.046950017
v 0.009807202 -0.02709304 0.050950017
v 0.00996929 0.03104531 0.046950011
v 0.009969291 0.031045308 0.03595001
v 0.010157095 0.033235589 0.046950011
v 0.010157095 0.033235589 0.050950011
v 0.010414954 0.028109088 0.035950011
v 0.010414954 0.028109089 0.046950011
v 0.010603024 -0.032336291 0.046950017
v 0.010603024 -0.032336291 0.050950018
v 0.010739697 -0.029083781 0.046950017
v 0.010739698 -0.029083782 0.035950017
v 0.010818472 0.031723942 0.046950011
v 0.010818473 0.031723941 0.03595001
v 0.010902814 -0.030158514 0.035950017
v 0.010902814 -0.030158513 0.046950017
v 0.0111358 -0.028071477 0.035950016
v 0.0111358 -0.028071476 0.046950017
v 0.011223385 -0.025652157 0.050950017
v 0.011223386 -0.025652158 0.035950016
v 0.011244208 0.026073176 0.046950012
v 0.011244208 0.026073176 0.050950012
v 0.011323605 -0.025881195 0.046950017
v 0.011323605 -0.025881195 0.050950017
v 0.011427253 0.027712989 0.035950011
v 0.011427253 0.02771299 0.046950011
v 0.011581448 -0.031007697 0.046950017
v 0.011581449 -0.031007698 0.035950017
v 0.01189321 0.031887064 0.03595001
v 0.01189321 0.031887065 0.046950011
v 0.011984982 -0.027392843 0.046950017
v 0.011984983 -0.027392845 0.035950016
v 0.012076254 0.033526879 0.046950011
v 0.012076254 0.03352688 0.050950011
v 0.012410703 -0.033043608 0.046950017
v 0.012410703 -0.033043608 0.050950018
v 0.01250199 0.027876113 0.046950011
v 0.012501991 0.027876111 0.035950011
v 0.012593762 -0.031403794 0.046950017
v 0.012593763 -0.031403795 0.035950017
v 0.012905508 0.031490966 0.046950011
v 0.012905509 0.031490965 0.035950011
v 0.013059704 -0.027229721 0.046950017
v 0.013059705 -0.027229722 0.035950016
v 0.013163367 0.026364464 0.046950012
v 0.013163367 0.026364465 0.050950012
v 0.013242764 -0.025589907 0.046950017
v 0.013242764 -0.025589906 0.050950017
v 0.013351172 0.028554745 0.046950011
v 0.013351173 0.028554744 0.035950011
v 0.013584143 0.030641782 0.046950011
v 0.013584144 0.030641781 0.035950011
v 0.013668485 -0.031240674 0.035950017
v 0.013668485 -0.031240673 0.046950017
v 0.01374726 0.029567051 0.035950011
v 0.01374726 0.029567052 0.046950011
v 0.013883948 0.032819562 0.046950011
v 0.013883948 0.032819562 0.050950011
v 0.014072018 -0.027625818 0.046950017
v 0.014072019 -0.027625819 0.035950016
v 0.014329862 -0.032752321 0.046950018
v 0.014329862 -0.032752321 0.050950018
v 0.014517667 -0.030562042 0.035950017
v 0.014517667 -0.03056204 0.046950017
v 0.01467977 0.02757631 0.046950012
v 0.01467977 0.02757631 0.050950012
v 0.014750653 -0.028475002 0.046950017
v 0.014750654 -0.028475003 0.035950017
v 0.01491377 -0.029549735 0.035950017
v 0.01491377 -0.029549734 0.046950017
v 0.015050457 -0.026297223 0.050950017
v 0.015050458 -0.026297224 0.046950017
v 0.015095786 0.031303161 0.046950011
v 0.015095786 0.031303161 0.050950011
v 0.015231748 -0.034813658 0.050950018
v 0.015231749 -0.034813659 0.035950017
v 0.015387076 0.029383998 0.046950011
v 0.015387076 0.029383998 0.050950012
v 0.015846265 -0.031540476 0.046950017
v 0.015846265 -0.031540475 0.050950018
v 0.016262295 -0.027813623 0.050950017
v 0.016262296 -0.027813623 0.046950017
v 0.016553586 -0.029732788 0.046950017
v 0.016553586 -0.029732788 0.050950018
v 0.016603752 0.02254589 0.035950012
v 0.016603752 0.022545892 0.050950012
v 0.022545849 -0.016603718 0.035950016
v 0.022545849 -0.016603716 0.050950016
v 0.025589944 0.013242813 0.046950013
v 0.025589944 0.013242814 0.050950014
v 0.0256522 0.01122344 0.035950013
v 0.0256522 0.011223442 0.050950014
v 0.025881234 0.01132365 0.046950014
v 0.025881234 0.01132365 0.050950014
v 0.026073131 -0.011244162 0.046950016
v 0.026073131 -0.011244161 0.050950016
v 0.026297265 0.015050501 0.046950013
v 0.026297265 0.015050502 0.050950013
v 0.026364421 -0.013163324 0.050950016
v 0.026364422 -0.013163324 0.046950016
v 0.026780452 -0.009436473 0.046950016
v 0.026780452 -0.009436472 0.050950016
v 0.027093072 0.00980725 0.046950014
v 0.027093072 0.009807251 0.050950014
v 0.02722976 0.01305976 0.046950013
v 0.027229761 0.013059758 0.035950013
v 0.027392877 0.011985028 0.035950013
v 0.027392877 0.011985029 0.046950014
v 0.027576259 -0.014679723 0.050950016
v 0.02757626 -0.014679724 0.046950016
v 0.027625863 0.014072065 0.046950013
v 0.027625864 0.014072064 0.035950013
v 0.027644544 -0.026072527 0.035950017
v 0.027644544 -0.026072525 0.050950018
v 0.027712948 -0.011427215 0.035950015
v 0.027712948 -0.011427214 0.046950016
v 0.027813668 0.016262346 0.046950013
v 0.027813668 0.016262346 0.050950013
v 0.027827159 -0.003106311 0.035950015
v 0.027827159 -0.003106309 0.050950015
v 0.027876064 -0.012501945 0.046950016
v 0.027876065 -0.012501946 0.035950016
v 0.028071512 0.011135844 0.035950013
v 0.028071512 0.011135845 0.046950014
v 0.028109035 -0.010414909 0.046950016
v 0.028109036 -0.01041491 0.035950015
v 0.02829684 -0.008224628 0.046950016
v 0.02829684 -0.008224628 0.050950016
v 0.028475045 0.014750699 0.046950013
v 0.028475046 0.014750698 0.035950013
v 0.028554699 -0.01335113 0.035950016
v 0.028554699 -0.013351129 0.046950016
v 0.028900766 0.009099932 0.046950014
v 0.028900766 0.009099932 0.050950014
v 0.028958217 -0.009736275 0.046950016
v 0.028958218 -0.009736276 0.035950015
v 0.029083826 0.010739745 0.035950013
v 0.029083826 0.010739747 0.046950014
v 0.029383953 -0.015387042 0.046950016
v 0.029383953 -0.015387041 0.050950017
v 0.029549768 0.014913819 0.035950013
v 0.029549768 0.01491382 0.046950013
v 0.029566998 -0.013747228 0.035950016
v 0.029566998 -0.013747227 0.046950016
v 0.029732827 0.016553634 0.046950013
v 0.029732827 0.016553635 0.050950013
v 0.030032955 -0.009573155 0.035950015
v 0.030032955 -0.009573154 0.046950016
v 0.030158548 0.010902867 0.035950013
v 0.030158548 0.010902868 0.046950014
v 0.030216014 -0.007933339 0.046950016
v 0.030216014 -0.007933339 0.050950016
v 0.030562081 0.014517722 0.046950013
v 0.030562082 0.014517721 0.035950013
v 0.030641735 -0.013584106 0.046950016
v 0.030641736 -0.013584107 0.035950016
v 0.030819925 0.009391221 0.046950014
v 0.030819925 0.009391221 0.050950014
v 0.03100773 0.011581501 0.035950013
v 0.03100773 0.011581502 0.046950014
v 0.031045269 -0.009969253 0.035950015
v 0.031045269 -0.009969252 0.046950016
v 0.031240716 0.013668538 0.046950014
v 0.031240717 0.013668537 0.035950013
v 0.031303112 -0.015095753 0.046950016
v 0.031303112 -0.015095753 0.050950017
v 0.031403833 0.012593806 0.035950013
v 0.031403833 0.012593807 0.046950014
v 0.031490917 -0.012905473 0.046950016
v 0.031490918 -0.012905474 0.035950016
v 0.031540521 0.015846316 0.046950013
v 0.031540521 0.015846317 0.050950014
v 0.031723888 -0.010818436 0.046950016
v 0.031723889 -0.010818437 0.035950016
v 0.03188702 -0.011893168 0.035950016
v 0.03188702 -0.011893167 0.046950016
v 0.032023693 -0.008640658 0.046950016
v 0.032023693 -0.008640657 0.050950016
v 0.032336328 0.010603065 0.046950014
v 0.032336328 0.010603066 0.050950014
v 0.032752359 0.014329917 0.046950014
v 0.032752359 0.014329917 0.050950014
v 0.032819515 -0.013883909 0.046950016
v 0.032819515 -0.013883908 0.050950017
v 0.033043649 0.012410754 0.046950014
v 0.033043649 0.012410755 0.050950014
v 0.033235546 -0.010157057 0.046950016
v 0.033235546 -0.010157057 0.050950016
v 0.033526836 -0.012076221 0.046950016
v 0.033526836 -0.01207622 0.050950016
v 0.034208169 0.016546977 0.050950014
v 0.03420817 0.016546975 0.035950013
v 0.035644848 -0.013169801 0.050950017
v 0.035644849 -0.013169803 0.035950016
v 0.037955668 0.001835034 0.050950015
v 0.037955669 0.001835033 0.035950015
v -0.043086296 0.000706096 0.029049987
v -0.043086296 0.000706096 0.029850005
v -0.043049103 0.001924265 0.029049987
v -0.043049103 0.001924266 0.029850005
v -0.042977471 0.003140896 0.029049986
v -0.042977471 0.003140896 0.029850005
v -0.042871461 0.004355013 0.029049986
v -0.042871461 0.004355013 0.029850005
v -0.042118942 -0.009106142 0.029049988
v -0.042118942 -0.009106142 0.029850006
v -0.041844581 -0.010293595 0.029049988
v -0.041844581 -0.010293595 0.029850006
v -0.041536742 -0.011472815 0.029049988
v -0.041536742 -0.011472815 0.029850006
v -0.041195685 -0.012642858 0.029049988
v -0.041195685 -0.012642858 0.029850006
v -0.040759325 0.013985937 0.029049985
v -0.040759325 0.013985937 0.029850004
v -0.040674575 -0.008302791 0.028852661
v -0.040674575 -0.008302791 0.030047363
v -0.040347513 0.01513299 0.029049985
v -0.040347513 0.01513299 0.029850004
v -0.040160973 1.3402e-05 0.028683623
v -0.040160973 1.3402e-05 0.030216399
v -0.039903421 0.016267937 0.029049985
v -0.039903421 0.016267937 0.029850004
v -0.039885056 0.004699637 0.028683623
v -0.039885056 0.004699637 0.030216399
v -0.039427416 0.017389874 0.029049985
v -0.039427416 0.017389874 0.029850003
v -0.0393852 -0.007855537 0.028683624
v -0.0393852 -0.007855537 0.0302164
v -0.038287712 -0.000580049 0.028450011
v -0.038287712 -0.000580048 0.030450011
v -0.038269768 0.001307727 0.028450011
v -0.038269768 0.001307727 0.030450011
v -0.038199485 -0.012397674 0.028683625
v -0.038199485 -0.012397674 0.030216401
v -0.038191224 0.012423171 0.028683622
v -0.038191224 0.012423171 0.030216398
v -0.038158806 0.003192323 0.028450011
v -0.038158806 0.003192324 0.030450011
v -0.037955094 0.005069161 0.028450011
v -0.037955094 0.005069161 0.030450011
v -0.037663886 -0.006907708 0.028450012
v -0.037663886 -0.006907708 0.030450012
v -0.037277656 -0.008755637 0.028450012
v -0.037277656 -0.008755637 0.030450012
v -0.037243528 -0.021675921 0.029049989
v -0.037243528 -0.021675921 0.029850007
v -0.036998764 -0.001865966 0.028450012
v -0.036998764 -0.001865966 0.030450012
v -0.036800811 -0.010582284 0.028450012
v -0.036800811 -0.010582284 0.030450013
v -0.036650863 -0.005394847 0.028450012
v -0.036650863 -0.005394846 0.030450012
v -0.036615652 -0.022720473 0.029049989
v -0.036615652 -0.022720473 0.029850008
v -0.036593034 0.011279896 0.02845001
v -0.036593034 0.011279896 0.03045001
v -0.036524155 0.006194936 0.028450011
v -0.036524155 0.006194936 0.030450011
v -0.036480692 0.016794782 0.028683622
v -0.036480692 0.016794782 0.030216398
v -0.036412735 -0.00358978 0.028450012
v -0.036412735 -0.00358978 0.030450012
v -0.036234519 -0.01238321 0.028450013
v -0.036234519 -0.012383209 0.030450013
v -0.035992616 0.013069733 0.02845001
v -0.035992616 0.013069733 0.03045001
v -0.035958486 -0.023746852 0.029049989
v -0.035958486 -0.023746852 0.029850008
v -0.035764543 0.009658608 0.030450011
v -0.035764542 0.009658608 0.02845001
v -0.035739884 0.00783807 0.028450011
v -0.035739884 0.00783807 0.030450011
v -0.035304712 0.014827801 0.02845001
v -0.035304712 0.014827801 0.03045001
v -0.035272558 -0.024754237 0.02904999
v -0.035272558 -0.024754237 0.029850008
v -0.035030043 -0.019641753 0.030216401
v -0.035030042 -0.019641753 0.028683625
v -0.034611289 -0.013207882 0.028450013
v -0.034611289 -0.013207882 0.030450013
v -0.034531 0.016549829 0.02845001
v -0.034531 0.016549829 0.03045001
v -0.034442538 0.025896742 0.029049985
v -0.034442538 0.025896742 0.029850003
v -0.034120553 0.008946333 0.02545001
v -0.034120553 0.008946333 0.028450011
v -0.034120553 0.008946333 0.030450011
v -0.034120553 0.008946334 0.035950011
v -0.034084939 0.009923101 0.02545001
v -0.034084939 0.009923101 0.02845001
v -0.034084939 0.009923102 0.030450011
v -0.034084939 0.009923102 0.035950011
v -0.033741073 -0.010285308 0.035950013
v -0.033741072 -0.010285309 0.025450012
v -0.033741072 -0.010285309 0.028450013
v -0.033741072 -0.010285309 0.030450013
v -0.033696421 0.026860395 0.029049984
v -0.033696421 0.026860395 0.029850003
v -0.033689027 0.008069331 0.030450011
v -0.033689027 0.008069332 0.035950011
v -0.033689026 0.008069331 0.025450011
v -0.033689026 0.008069331 0.028450011
v -0.033685873 -0.018208399 0.028450013
v -0.033685873 -0.018208399 0.030450013
v -0.033666953 -0.011259913 0.025450012
v -0.033666953 -0.011259913 0.028450013
v -0.033666953 -0.011259912 0.030450013
v -0.033666953 -0.011259912 0.035950013
v -0.033521246 -0.014666233 0.028450013
v -0.033521246 -0.014666233 0.030450013
v -0.033431192 0.011941814 0.03045001
v -0.033431192 0.011941814 0.035950011
v -0.033431191 0.011941813 0.02545001
v -0.033431191 0.011941814 0.02845001
v -0.033344482 -0.009391966 0.035950013
v -0.033344481 -0.009391967 0.025450012
v -0.033344481 -0.009391967 0.028450012
v -0.033344481 -0.009391967 0.030450013
v -0.033189932 -0.016456539 0.028450013
v -0.033189932 -0.016456539 0.030450013
v -0.032934073 -0.013251263 0.025450013
v -0.032934073 -0.013251263 0.028450013
v -0.032934073 -0.013251263 0.030450013
v -0.032934073 -0.013251262 0.035950013
v -0.032923358 0.027802565 0.029049984
v -0.032923358 0.027802565 0.029850003
v -0.032893426 0.007501557 0.028450011
v -0.032893426 0.007501557 0.030450011
v -0.032893426 0.007501558 0.035950011
v -0.032893425 0.007501557 0.025450011
v -0.032822206 0.017178319 0.02845001
v -0.032822206 0.01717832 0.03045001
v -0.032747503 -0.019846531 0.028450014
v -0.032747503 -0.019846531 0.030450014
v -0.032657999 0.01391786 0.035950011
v -0.032657998 0.013917859 0.02545001
v -0.032657998 0.013917859 0.02845001
v -0.032657998 0.01391786 0.03045001
v -0.032571899 -0.008793248 0.035950013
v -0.032571898 -0.008793249 0.025450012
v -0.032571898 -0.008793249 0.028450012
v -0.032571898 -0.008793249 0.030450013
v -0.032498762 -0.023595175 0.030216402
v -0.032498761 -0.023595175 0.028683626
v -0.032483057 0.023616876 0.028683621
v -0.032483057 0.023616877 0.030216397
v -0.03212395 0.028722496 0.029049984
v -0.03212395 0.028722496 0.029850003
v -0.032083533 -0.015195269 0.030450013
v -0.032083533 -0.015195268 0.035950013
v -0.032083532 -0.015195269 0.025450013
v -0.032083532 -0.015195269 0.028450013
v -0.031944845 -0.023299031 0.028605837
v -0.031944845 -0.023299031 0.030294161
v -0.031768121 0.01584418 0.02545001
v -0.031768121 0.015844181 0.02845001
v -0.031768121 0.015844181 0.03045001
v -0.031768121 0.015844181 0.03595001
v -0.031729536 -0.021436423 0.028450014
v -0.031729536 -0.021436423 0.030450014
v -0.031568567 0.01849868 0.02845001
v -0.031568567 0.01849868 0.03045001
v -0.031515054 0.016231633 0.02545001
v -0.031515054 0.016231634 0.02845001
v -0.031439805 0.011843329 0.02545001
v -0.031439805 0.01184333 0.035950011
v -0.031316378 0.022035688 0.028450009
v -0.031316378 0.022035688 0.030450009
v -0.031311639 0.010998898 0.02545001
v -0.031311639 0.010998899 0.035950011
v -0.031179704 0.01655055 0.02545001
v -0.031179704 0.01655055 0.02845001
v -0.03113138 0.016585739 0.03045001
v -0.03113138 0.016585739 0.03595001
v -0.031128579 0.012638712 0.02545001
v -0.031128579 0.012638713 0.035950011
v -0.031118361 -0.017084985 0.035950014
v -0.03111836 -0.017084986 0.025450013
v -0.03111836 -0.017084986 0.028450013
v -0.03111836 -0.017084986 0.030450013
v -0.031029444 0.020237736 0.02845001
v -0.031029444 0.020237736 0.03045001
v -0.030956618 -0.012643644 0.025450013
v -0.030956618 -0.012643643 0.035950013
v -0.030828452 -0.013488075 0.035950013
v -0.030828451 -0.013488076 0.025450013
v -0.030780038 0.016783853 0.02545001
v -0.030780038 0.016783853 0.02845001
v -0.03077842 0.010331681 0.02545001
v -0.03077842 0.010331682 0.035950011
v -0.0306454 -0.011848261 0.035950013
v -0.030645399 -0.011848262 0.025450013
v -0.030634443 -0.022974211 0.028450014
v -0.030634443 -0.022974211 0.030450014
v -0.030461366 0.013171924 0.02545001
v -0.030461366 0.013171925 0.035950011
v -0.030452856 -0.017800848 0.025450013
v -0.030452856 -0.017800848 0.028450013
v -0.030452856 -0.017800848 0.030450013
v -0.030452856 -0.017800847 0.035950014
v -0.030295241 -0.014155292 0.035950013
v -0.03029524 -0.014155293 0.025450013
v -0.030278489 0.016928907 0.02545001
v -0.030278489 0.016928907 0.02845001
v -0.030219263 0.016936993 0.03045001
v -0.030219263 0.016936993 0.03595001
v -0.030192255 0.023552385 0.028450009
v -0.030192255 0.023552386 0.030450009
v -0.029983041 0.010020463 0.035950011
v -0.02998304 0.010020462 0.025450011
v -0.029978186 -0.01131505 0.025450013
v -0.029978186 -0.011315049 0.035950013
v -0.029756486 0.016939207 0.02545001
v -0.029756486 0.016939207 0.02845001
v -0.0297128 0.006257031 0.035950011
v -0.029712799 0.00625703 0.025450011
v -0.029712799 0.00625703 0.028450011
v -0.029712799 0.00625703 0.030450011
v -0.029616937 0.013300091 0.02545001
v -0.029616937 0.013300092 0.035950011
v -0.029527594 -0.018115846 0.035950014
v -0.029527593 -0.018115847 0.025450013
v -0.029527593 -0.018115847 0.028450013
v -0.029527593 -0.018115846 0.030450014
v -0.029505335 0.02724594 0.028683621
v -0.029505335 0.02724594 0.030216397
v -0.029499861 -0.014466513 0.025450013
v -0.029499861 -0.014466512 0.035950013
v -0.02944284 -0.007424217 0.030450012
v -0.02944284 -0.007424217 0.035950013
v -0.029442839 -0.007424218 0.025450012
v -0.029442839 -0.007424218 0.028450012
v -0.029249605 0.016814052 0.02845001
v -0.029249605 0.016814053 0.03045001
v -0.029249605 0.016814053 0.03595001
v -0.029249604 0.016814052 0.02545001
v -0.029138612 0.010148629 0.035950011
v -0.029138611 0.010148628 0.025450011
v -0.02913375 -0.011186882 0.035950013
v -0.029133749 -0.011186883 0.025450013
v -0.028994753 0.025011835 0.028450009
v -0.028994753 0.025011836 0.030450009
v -0.02883582 -0.023256916 0.028450014
v -0.02883582 -0.023256916 0.030450014
v -0.02882155 0.012988872 0.035950011
v -0.028821549 0.012988871 0.02545001
v -0.028722454 -0.032123906 0.02904999
v -0.028722454 -0.032123906 0.029850009
v -0.028655424 -0.014338346 0.025450013
v -0.028655424 -0.014338344 0.035950013
v -0.028633988 0.005532728 0.028450011
v -0.028633988 0.005532729 0.030450011
v -0.028633988 0.005532729 0.035950011
v -0.028633987 0.005532728 0.025450011
v -0.028563543 -0.01795475 0.025450013
v -0.028563543 -0.01795475 0.028450013
v -0.028563543 -0.01795475 0.030450014
v -0.028563543 -0.017954749 0.035950014
v -0.028471391 0.010681841 0.035950011
v -0.02847139 0.01068184 0.02545001
v -0.028393439 -0.006657922 0.025450012
v -0.028393439 -0.006657922 0.028450012
v -0.028393439 -0.006657921 0.030450012
v -0.028393439 -0.006657921 0.035950013
v -0.02833837 -0.011498103 0.025450013
v -0.02833837 -0.011498102 0.035950013
v -0.028288339 0.012321656 0.035950011
v -0.028288338 0.012321655 0.02545001
v -0.028160172 0.011477224 0.02545001
v -0.028160172 0.011477225 0.035950011
v -0.027991829 0.000676566 0.028450012
v -0.027991829 0.000676566 0.030450012
v -0.027991828 0.000676566 0.025450012
v -0.027988211 -0.013805134 0.025450013
v -0.027988211 -0.013805133 0.035950013
v -0.027962647 0.004420189 0.030450011
v -0.027962647 0.00442019 0.035950012
v -0.027962646 0.004420189 0.025450011
v -0.027962646 0.004420189 0.028450011
v -0.027943351 -0.001780207 0.025450012
v -0.027943351 -0.001780207 0.028450012
v -0.027943351 -0.001780207 0.030450012
v -0.027827164 0.003106397 0.039950012
v -0.027824722 0.003128129 0.025450011
v -0.027824722 0.003128129 0.028450011
v -0.027824722 0.00312813 0.030450012
v -0.027824722 0.00312813 0.035950012
v -0.027805159 -0.012165319 0.025450013
v -0.027805159 -0.012165318 0.035950013
v -0.027802525 -0.03292331 0.029049991
v -0.027802525 -0.03292331 0.029850009
v -0.027766517 -0.005519765 0.028450012
v -0.027766517 -0.005519764 0.030450012
v -0.027766517 -0.005519764 0.035950013
v -0.027766516 -0.005519765 0.025450012
v -0.027726763 0.026410489 0.028450009
v -0.027726763 0.026410489 0.030450009
v -0.027679664 -0.00422327 0.025450012
v -0.027679664 -0.00422327 0.028450012
v -0.027679664 -0.00422327 0.030450012
v -0.027679664 -0.004223269 0.035950013
v -0.027676993 -0.01300975 0.035950013
v -0.027676992 -0.013009751 0.025450013
v -0.027348477 -0.024307049 0.028450014
v -0.027348477 -0.024307049 0.030450014
v -0.0272459 -0.029505291 0.028683627
v -0.0272459 -0.029505291 0.030216403
v -0.026862938 0.007898333 0.035950011
v -0.026860355 -0.033696377 0.029049991
v -0.026860355 -0.033696377 0.029850009
v -0.026833336 0.002995456 0.040950012
v -0.026530448 -0.008951817 0.035950013
v -0.026480138 -0.025907349 0.028450014
v -0.026480138 -0.025907348 0.030450014
v -0.026410451 -0.027726721 0.028450015
v -0.026410451 -0.027726721 0.030450015
v -0.026336418 0.002939983 0.025450011
v -0.026336418 0.002939984 0.031450012
v -0.026068979 0.015569526 0.035950011
v -0.026068978 0.015569525 0.02545001
v -0.026068978 0.015569525 0.02845001
v -0.026068978 0.015569525 0.03045001
v -0.025907397 0.026480174 0.030450009
v -0.025907396 0.026480174 0.028450009
v -0.025896702 -0.034442494 0.029049991
v -0.025896702 -0.034442494 0.029850009
v -0.025839508 0.002884513 0.031450012
v -0.025839508 0.002884514 0.037450012
v -0.025652205 -0.011223354 0.039950013
v -0.025434484 -0.016585718 0.025450013
v -0.025434484 -0.016585718 0.028450013
v -0.025434484 -0.016585717 0.030450014
v -0.025434484 -0.016585717 0.035950014
v -0.025308656 0.015381792 0.03045001
v -0.025308656 0.015381793 0.035950011
v -0.025089776 0.012429976 0.035950011
v -0.025011799 -0.028994703 0.028450015
v -0.025011799 -0.028994703 0.030450015
v -0.02484568 0.002773573 0.038450012
v -0.024785088 0.015369343 0.02545001
v -0.024785088 0.015369343 0.02845001
v -0.024754283 0.035272594 0.029049984
v -0.024754283 0.035272594 0.029850002
v -0.024736052 -0.010822518 0.040950014
v -0.024579901 -0.013409984 0.035950014
v -0.024525651 0.015397243 0.03045001
v -0.024525651 0.015397243 0.035950011
v -0.024307093 0.027348513 0.028450009
v -0.024307093 0.027348514 0.030450009
v -0.024277983 -0.010622102 0.025450013
v -0.024277983 -0.010622102 0.031450013
v -0.024159491 -0.016335043 0.035950014
v -0.02415949 -0.016335045 0.025450013
v -0.02415949 -0.016335044 0.028450013
v -0.02415949 -0.016335044 0.030450014
v -0.023819907 -0.010421684 0.031450013
v -0.023819907 -0.010421683 0.037450013
v -0.023773324 0.015614824 0.03045001
v -0.023773324 0.015614824 0.035950011
v -0.023746898 0.035958522 0.029049984
v -0.023746898 0.035958522 0.029850002
v -0.02361684 -0.032483013 0.028683627
v -0.02361684 -0.032483013 0.030216403
v -0.023595217 0.032498801 0.028683621
v -0.023595217 0.032498802 0.030216397
v -0.023552349 -0.030192211 0.028450015
v -0.023552349 -0.030192211 0.030450015
v -0.023536981 0.015730836 0.02845001
v -0.02353698 0.015730836 0.02545001
v -0.023354942 0.002607161 0.038450012
v -0.023354942 0.002607162 0.040950012
v -0.023313676 0.015865824 0.03045001
v -0.023313676 0.015865825 0.035950011
v -0.02325696 0.028835855 0.028450009
v -0.02325696 0.028835855 0.030450009
v -0.022974253 0.030634479 0.028450009
v -0.022974253 0.030634479 0.030450009
v -0.022904687 0.016192935 0.03045001
v -0.022904687 0.016192935 0.035950011
v -0.022903754 -0.010020847 0.038450013
v -0.0228981 -0.016647019 0.030450014
v -0.0228981 -0.016647019 0.035950014
v -0.022898099 -0.01664702 0.025450013
v -0.022898099 -0.01664702 0.028450014
v -0.022720523 0.036615688 0.029049984
v -0.022720523 0.036615688 0.029850002
v -0.022558816 0.016586186 0.02545001
v -0.022558816 0.016586186 0.02845001
v -0.022558816 0.016586186 0.03045001
v -0.022558816 0.016586187 0.035950011
v -0.022545854 0.016603803 0.039950011
v -0.02212685 -0.031354896 0.028460513
v -0.02212685 -0.031354896 0.030439487
v -0.022035648 -0.031316334 0.028450015
v -0.022035648 -0.031316333 0.030450015
v -0.021886945 -0.017463115 0.025450014
v -0.021886945 -0.017463115 0.028450014
v -0.021886945 -0.017463115 0.030450014
v -0.021886945 -0.017463114 0.035950014
v -0.02174064 0.016010811 0.040950011
v -0.021675967 0.037243564 0.029049984
v -0.021675967 0.037243564 0.029850002
v -0.021529532 -0.009419593 0.038450013
v -0.021529532 -0.009419593 0.040950014
v -0.021436472 0.031729572 0.028450009
v -0.021436472 0.031729572 0.030450009
v -0.021338036 0.015714314 0.02545001
v -0.021338036 0.015714314 0.031450011
v -0.021017762 0.018500147 0.02545001
v -0.021017762 0.018500148 0.02845001
v -0.021017762 0.018500148 0.03045001
v -0.020935434 0.01541782 0.037450011
v -0.020935433 0.015417819 0.031450011
v -0.020271589 -0.019314793 0.030450014
v -0.020271588 -0.019314794 0.025450014
v -0.020271588 -0.019314794 0.028450014
v -0.020237698 -0.031029396 0.028450015
v -0.020237698 -0.031029396 0.030450015
v -0.020130227 0.014824828 0.038450011
v -0.019846575 0.032747539 0.028450009
v -0.019846575 0.032747539 0.030450009
v -0.019641795 0.035030079 0.028683621
v -0.019641795 0.035030079 0.030216397
v -0.019314836 0.020271628 0.02545001
v -0.019314836 0.020271628 0.02845001
v -0.019314836 0.020271629 0.03045001
v -0.01892241 0.013935341 0.038450011
v -0.01892241 0.013935341 0.040950011
v -0.018500112 -0.021017716 0.030450014
v -0.018500111 -0.021017717 0.025450014
v -0.018500111 -0.021017716 0.028450014
v -0.018498638 -0.031568517 0.028450015
v -0.018498638 -0.031568517 0.030450015
v -0.018208445 0.033685909 0.028450009
v -0.018208445 0.033685909 0.030450009
v -0.018115893 0.029527629 0.028450009
v -0.018115893 0.02952763 0.030450009
v -0.018115893 0.02952763 0.03595001
v -0.018115892 0.029527629 0.025450009
v -0.017954798 0.028563577 0.025450009
v -0.017954798 0.028563577 0.028450009
v -0.017954798 0.028563577 0.030450009
v -0.017954798 0.028563578 0.03595001
v -0.01780089 0.030452897 0.025450009
v -0.01780089 0.030452898 0.028450009
v -0.01780089 0.030452898 0.030450009
v -0.01780089 0.030452898 0.035950009
v -0.017463159 0.021886983 0.02545001
v -0.017463159 0.021886983 0.02845001
v -0.017463159 0.021886983 0.03045001
v -0.017463159 0.021886984 0.03595001
v -0.017389834 -0.039427376 0.029049992
v -0.017389834 -0.039427375 0.02985001
v -0.01717828 -0.032822162 0.030450016
v -0.017178279 -0.032822162 0.028450015
v -0.017085032 0.031118396 0.025450009
v -0.017085032 0.031118397 0.028450009
v -0.017085032 0.031118397 0.030450009
v -0.017085032 0.031118397 0.035950009
v -0.016936955 -0.030219214 0.035950016
v -0.016936954 -0.030219215 0.025450015
v -0.016936954 -0.030219215 0.028450015
v -0.016936954 -0.030219214 0.030450015
v -0.016814015 -0.029249558 0.035950015
v -0.016814014 -0.029249559 0.025450015
v -0.016814014 -0.029249559 0.028450015
v -0.016814014 -0.029249558 0.030450015
v -0.016794742 -0.036480644 0.028683628
v -0.016794742 -0.036480644 0.030216404
v -0.016647066 0.022898136 0.03045001
v -0.016647066 0.022898136 0.03595001
v -0.016647065 0.022898135 0.02545001
v -0.016647065 0.022898136 0.02845001
v -0.016603765 -0.022545805 0.039950015
v -0.016586148 -0.022558768 0.025450014
v -0.016586148 -0.022558768 0.028450014
v -0.016586148 -0.022558768 0.030450015
v -0.016586148 -0.022558767 0.035950015
v -0.016585764 0.02543452 0.02845001
v -0.016585764 0.02543452 0.03045001
v -0.016585764 0.025434521 0.03595001
v -0.016585763 0.02543452 0.02545001
v -0.016585697 -0.031131338 0.025450015
v -0.016585697 -0.031131337 0.028450015
v -0.016585697 -0.031131337 0.030450015
v -0.016585697 -0.031131337 0.035950016
v -0.016549793 -0.034530952 0.028450016
v -0.016549793 -0.034530952 0.030450016
v -0.016456583 0.033189968 0.028450009
v -0.016456583 0.033189968 0.030450009
v -0.016335092 0.024159528 0.02545001
v -0.016335092 0.024159528 0.02845001
v -0.016335092 0.024159528 0.03045001
v -0.016335092 0.024159529 0.03595001
v -0.016267901 -0.039903377 0.029049992
v -0.016267901 -0.039903377 0.02985001
v -0.016147387 0.031615104 0.025450009
v -0.016147387 0.031615105 0.028450009
v -0.01601077 -0.021740596 0.040950015
v -0.015844143 -0.031768077 0.028450015
v -0.015844143 -0.031768077 0.030450015
v -0.015844143 -0.031768076 0.035950016
v -0.015844142 -0.031768077 0.025450015
v -0.015730801 -0.023536939 0.025450014
v -0.015730801 -0.023536938 0.028450015
v -0.015730801 -0.023536938 0.030450015
v -0.015730801 -0.023536938 0.035950015
v -0.015714276 -0.021337993 0.025450014
v -0.015714276 -0.021337992 0.031450014
v -0.015569485 -0.026068931 0.025450015
v -0.015569485 -0.026068931 0.028450015
v -0.015569485 -0.02606893 0.030450015
v -0.015569485 -0.02606893 0.035950015
v -0.01549521 0.023321678 0.03595001
v -0.015417783 -0.020935387 0.031450014
v -0.015417783 -0.020935386 0.037450015
v -0.015369305 -0.024785043 0.025450015
v -0.015369305 -0.024785043 0.028450015
v -0.015369305 -0.024785042 0.030450015
v -0.015369305 -0.024785042 0.035950015
v -0.015195315 0.032083569 0.028450009
v -0.015195315 0.032083569 0.030450009
v -0.015195315 0.032083569 0.035950009
v -0.015195314 0.032083568 0.025450009
v -0.015132952 -0.040347465 0.029049992
v -0.015132952 -0.040347465 0.02985001
v -0.014827762 -0.035304668 0.028450016
v -0.014827762 -0.035304668 0.030450016
v -0.014824788 -0.020130178 0.038450015
v -0.014666277 0.033521286 0.028450009
v -0.014666277 0.033521286 0.030450009
v -0.014466555 0.029499898 0.03595001
v -0.014466554 0.029499897 0.025450009
v -0.014338389 0.028655465 0.03595001
v -0.014338388 0.028655464 0.025450009
v -0.01422967 0.032523369 0.025450009
v -0.01422967 0.032523369 0.028450009
v -0.014155337 0.030295279 0.03595001
v -0.014155336 0.030295278 0.025450009
v -0.013985896 -0.040759277 0.029049992
v -0.013985896 -0.040759277 0.02985001
v -0.0139353 -0.018922365 0.038450015
v -0.0139353 -0.018922364 0.040950015
v -0.01391782 -0.03265795 0.035950016
v -0.013917819 -0.032657951 0.025450015
v -0.013917819 -0.03265795 0.028450016
v -0.013917819 -0.03265795 0.030450016
v -0.013805178 0.02798825 0.03595001
v -0.013805177 0.027988248 0.025450009
v -0.013488123 0.030828491 0.025450009
v -0.013488123 0.030828492 0.03595001
v -0.013410028 0.024579938 0.03595001
v -0.013300053 -0.029616888 0.035950016
v -0.013300052 -0.029616889 0.025450015
v -0.013251307 0.032934112 0.025450009
v -0.013251307 0.032934113 0.028450009
v -0.013251307 0.032934113 0.030450009
v -0.013251307 0.032934114 0.035950009
v -0.013207926 0.034611325 0.028450009
v -0.013207926 0.034611325 0.030450009
v -0.013171886 -0.03046132 0.025450015
v -0.013171886 -0.030461319 0.035950016
v -0.013069697 -0.035992572 0.028450016
v -0.013069697 -0.035992572 0.030450016
v -0.013009798 0.027677028 0.025450009
v -0.013009798 0.027677029 0.03595001
v -0.012988834 -0.028821506 0.025450015
v -0.012988834 -0.028821505 0.035950016
v -0.012643694 0.030956657 0.025450009
v -0.012643694 0.030956658 0.03595001
v -0.012642902 0.041195725 0.029850002
v -0.012642901 0.041195725 0.029049984
v -0.012638676 -0.031128536 0.035950016
v -0.012638675 -0.031128537 0.025450015
v -0.012429936 -0.025089733 0.035950015
v -0.012423129 -0.03819118 0.028683628
v -0.012423129 -0.03819118 0.030216404
v -0.012397723 0.038199521 0.028683621
v -0.012397723 0.038199521 0.030216397
v -0.012383257 0.036234559 0.028450009
v -0.012383257 0.036234559 0.030450009
v -0.012321621 -0.028288295 0.025450015
v -0.012321621 -0.028288294 0.035950016
v -0.01226111 0.033315434 0.025450009
v -0.01226111 0.033315434 0.028450009
v -0.012165361 0.027805195 0.025450009
v -0.012165361 0.027805196 0.03595001
v -0.011941776 -0.033431144 0.028450016
v -0.011941776 -0.033431143 0.030450016
v -0.011941776 -0.033431143 0.035950016
v -0.011941775 -0.033431144 0.025450016
v -0.011848307 0.030645438 0.03595001
v -0.011848306 0.030645437 0.025450009
v -0.011843288 -0.031439757 0.025450015
v -0.011843288 -0.031439756 0.035950016
v -0.011498148 0.028338407 0.025450009
v -0.011498148 0.028338408 0.03595001
v -0.011477184 -0.028160127 0.025450015
v -0.011477184 -0.028160126 0.035950016
v -0.011472858 0.041536782 0.029049984
v -0.011472858 0.041536782 0.029850002
v -0.011315096 0.029978222 0.025450009
v -0.011315096 0.029978223 0.03595001
v -0.011279857 -0.03659299 0.028450016
v -0.011279857 -0.03659299 0.030450016
v -0.011259959 0.033666993 0.030450009
v -0.011259959 0.033666993 0.035950009
v -0.011259958 0.033666992 0.025450009
v -0.011259958 0.033666993 0.028450009
v -0.011223398 0.025652244 0.03595001
v -0.011223398 0.025652244 0.03995001
v -0.01118693 0.029133792 0.03595001
v -0.011186929 0.029133791 0.025450009
v -0.010998859 -0.031311589 0.025450015
v -0.010998859 -0.031311588 0.035950016
v -0.010973407 -0.036358268 0.028450016
v -0.010973407 -0.036358268 0.030450016
v -0.010822565 0.024736095 0.040950011
v -0.010681797 -0.028471347 0.025450015
v -0.010681797 -0.028471346 0.035950016
v -0.010645755 -0.036154155 0.028450016
v -0.010645755 -0.036154154 0.030450016
v -0.01062214 0.024278019 0.02545001
v -0.01062214 0.024278019 0.03145001
v -0.010582331 0.036800851 0.028450009
v -0.010582331 0.036800851 0.030450009
v -0.010421731 0.023819943 0.03145001
v -0.010421731 0.023819943 0.03745001
v -0.010331638 -0.030778378 0.025450015
v -0.010331638 -0.030778377 0.035950016
v -0.010299975 -0.03598255 0.028450016
v -0.010299975 -0.03598255 0.030450016
v -0.010293635 0.041844617 0.029049984
v -0.010293635 0.041844617 0.029850002
v -0.010285349 0.033741108 0.025450009
v -0.010285349 0.033741109 0.028450009
v -0.010285349 0.033741109 0.030450009
v -0.010285349 0.033741109 0.035950009
v -0.010148594 -0.029138563 0.035950016
v -0.010148593 -0.029138564 0.025450015
v -0.010020898 0.022903794 0.038450011
v -0.01002042 -0.029982994 0.035950016
v -0.010020419 -0.029982995 0.025450015
v -0.009923068 -0.034084895 0.025450016
v -0.009923068 -0.034084895 0.028450016
v -0.009923068 -0.034084895 0.030450016
v -0.009923068 -0.034084894 0.035950016
v -0.009466754 -0.034161978 0.030450016
v -0.009466754 -0.034161978 0.035950016
v -0.009419641 0.021529569 0.038450011
v -0.009419641 0.021529569 0.040950011
v -0.009392008 0.033344517 0.025450009
v -0.009392008 0.033344517 0.028450009
v -0.009392008 0.033344518 0.030450009
v -0.009392008 0.033344518 0.03595001
v -0.009106181 0.042118978 0.029049984
v -0.009106181 0.042118978 0.029850002
v -0.009004932 -0.034132121 0.030450016
v -0.009004932 -0.03413212 0.035950016
v -0.008951868 0.026530482 0.03595001
v -0.008946292 -0.034120509 0.025450016
v -0.008946292 -0.034120509 0.028450016
v -0.008793299 0.032571934 0.025450009
v -0.008793299 0.032571934 0.028450009
v -0.008793299 0.032571935 0.030450009
v -0.008793299 0.032571935 0.03595001
v -0.008755686 0.037277692 0.028450009
v -0.008755686 0.037277692 0.030450009
v -0.008562351 -0.033996916 0.035950016
v -0.00856235 -0.033996916 0.030450016
v -0.008284243 -0.035668097 0.028450016
v -0.008284243 -0.035668097 0.030450016
v -0.008115436 -0.033726996 0.030450016
v -0.008115436 -0.033726995 0.035950016
v -0.008069293 -0.033688983 0.025450016
v -0.008069293 -0.033688983 0.028450016
v -0.007898289 -0.02686289 0.035950016
v -0.007855586 0.039385236 0.028683621
v -0.007855586 0.039385236 0.030216397
v -0.007753604 -0.0333506 0.030450016
v -0.007753604 -0.033350599 0.035950016
v -0.007501514 -0.032893382 0.028450016
v -0.007501514 -0.032893381 0.030450016
v -0.007501514 -0.032893381 0.035950016
v -0.007501513 -0.032893382 0.025450016
v -0.007424265 0.029442876 0.03045001
v -0.007424265 0.029442876 0.03595001
v -0.007424264 0.029442875 0.025450009
v -0.007424264 0.029442876 0.02845001
v -0.006907755 0.037663926 0.028450009
v -0.006907755 0.037663926 0.030450009
v -0.006657968 0.028393479 0.02545001
v -0.006657968 0.028393479 0.02845001
v -0.006657968 0.028393479 0.03045001
v -0.006657968 0.02839348 0.03595001
v -0.006612604 0.027208013 0.03595001
v -0.006375338 -0.036387927 0.028450016
v -0.006375338 -0.036387926 0.030450016
v -0.006256992 -0.029712754 0.025450015
v -0.006256992 -0.029712753 0.028450016
v -0.006256992 -0.029712753 0.030450016
v -0.006256992 -0.029712753 0.035950016
v -0.005878864 -0.029026926 0.025450015
v -0.005878864 -0.029026926 0.028450015
v -0.005532688 -0.028633943 0.030450016
v -0.005532688 -0.028633943 0.035950016
v -0.005519815 0.027766551 0.02545001
v -0.005519815 0.027766551 0.02845001
v -0.005519815 0.027766551 0.03045001
v -0.005519815 0.027766552 0.03595001
v -0.005394892 0.036650899 0.028450009
v -0.005394892 0.036650899 0.030450009
v -0.005336124 -0.028462334 0.025450015
v -0.005336124 -0.028462334 0.028450015
v -0.005069125 -0.03795505 0.028450016
v -0.005069125 -0.03795505 0.030450016
v -0.004699602 -0.039885012 0.028683629
v -0.004699602 -0.039885012 0.030216405
v -0.004665744 -0.02805745 0.025450015
v -0.004665744 -0.028057449 0.028450015
v -0.004420154 -0.027962604 0.030450016
v -0.004420154 -0.027962604 0.035950016
v -0.004354982 -0.042871413 0.029049993
v -0.004354982 -0.042871413 0.029850011
v -0.004223321 0.027679703 0.02545001
v -0.004223321 0.027679704 0.02845001
v -0.004223321 0.027679704 0.03045001
v -0.004223321 0.027679704 0.03595001
v -0.004169452 -0.027890207 0.025450015
v -0.004169452 -0.027890207 0.028450015
v -0.003651645 -0.027811821 0.025450015
v -0.003651645 -0.027811821 0.028450015
v -0.003589823 0.036412771 0.028450009
v -0.003589823 0.036412771 0.030450009
v -0.003192278 -0.038158762 0.028450016
v -0.003192278 -0.038158762 0.030450017
v -0.003140856 -0.042977423 0.029049993
v -0.003140856 -0.042977423 0.029850011
v -0.003128086 -0.02782468 0.030450016
v -0.003128086 -0.027824679 0.035950016
v -0.003128085 -0.02782468 0.025450015
v -0.003128085 -0.02782468 0.028450015
v -0.003106357 -0.027827113 0.039950016
v -0.002995411 -0.026833287 0.040950016
v -0.002939945 -0.026336374 0.025450015
v -0.002939945 -0.026336374 0.031450015
v -0.002884479 -0.02583946 0.031450015
v -0.002884479 -0.025839459 0.037450016
v -0.002773533 -0.024845633 0.038450016
v -0.002607121 -0.023354891 0.038450016
v -0.002607121 -0.023354891 0.040950016
v -0.001924227 -0.043049055 0.029049993
v -0.001924227 -0.043049055 0.029850011
v -0.001866007 0.0369988 0.028450009
v -0.001866007 0.0369988 0.030450009
v -0.001780252 0.027943391 0.02845001
v -0.001780252 0.027943391 0.03045001
v -0.001780251 0.027943391 0.02545001
v -0.001307696 -0.038269724 0.028450017
v -0.001307696 -0.038269724 0.030450017
v -0.000706056 -0.043086252 0.029049993
v -0.000706056 -0.043086252 0.029850011
v -0.000676532 -0.027991785 0.025450015
v -0.000676532 -0.027991785 0.028450016
v -0.000676532 -0.027991784 0.030450016
v -0.000580088 0.038287748 0.028450009
v -0.000580088 0.038287748 0.030450009
v -1.3369e-05 -0.040160929 0.028683629
v -1.3369e-05 -0.040160929 0.030216405
v 1.3357e-05 0.040161013 0.028683621
v 1.3357e-05 0.040161013 0.030216397
v 0.000580091 -0.038287664 0.028450017
v 0.000580091 -0.038287664 0.030450017
v 0.00067652 0.027991868 0.02545001
v 0.00067652 0.027991868 0.02845001
v 0.00067652 0.027991869 0.03045001
v 0.000706045 0.043086336 0.029049984
v 0.000706045 0.043086336 0.029850003
v 0.001070081 -0.037650255 0.030450017
v 0.001070082 -0.037650255 0.028450017
v 0.001307684 0.038269808 0.028450009
v 0.001307684 0.038269808 0.030450009
v 0.00167758 -0.037123621 0.028450017
v 0.00167758 -0.03712362 0.030450017
v 0.00178024 -0.027943307 0.025450016
v 0.00178024 -0.027943307 0.028450016
v 0.00178024 -0.027943307 0.030450016
v 0.001924215 0.043049139 0.029049984
v 0.001924215 0.043049139 0.029850003
v 0.002378065 -0.036729009 0.028450017
v 0.002378065 -0.036729009 0.030450017
v 0.002607108 0.023354977 0.038450011
v 0.002607108 0.023354977 0.040950011
v 0.00277352 0.024845719 0.038450011
v 0.002884467 0.025839544 0.031450011
v 0.002884467 0.025839545 0.037450011
v 0.002939933 0.026336458 0.02545001
v 0.002939933 0.026336458 0.03145001
v 0.002995414 0.026833373 0.040950011
v 0.003106345 0.027827199 0.039950011
v 0.003128089 0.027824764 0.02545001
v 0.003128089 0.027824764 0.02845001
v 0.003128089 0.027824764 0.03045001
v 0.003128089 0.027824765 0.035950011
v 0.003140844 0.042977507 0.029049984
v 0.003140844 0.042977507 0.029850003
v 0.003192282 0.038158846 0.028450009
v 0.003192282 0.038158846 0.030450009
v 0.003651633 0.027811905 0.03045001
v 0.003651633 0.027811905 0.035950011
v 0.003975355 -0.036393381 0.028450017
v 0.003975355 -0.03639338 0.030450017
v 0.004169455 0.027890292 0.035950011
v 0.004169456 0.027890291 0.03045001
v 0.004223309 -0.02767962 0.028450016
v 0.004223309 -0.02767962 0.030450016
v 0.004223309 -0.027679619 0.035950016
v 0.00422331 -0.02767962 0.025450016
v 0.004354971 0.042871497 0.029049984
v 0.004354971 0.042871497 0.029850003
v 0.004420142 0.027962688 0.02545001
v 0.004420142 0.027962688 0.02845001
v 0.004665748 0.028057533 0.03045001
v 0.004665748 0.028057534 0.035950011
v 0.004699591 0.039885096 0.028683621
v 0.004699591 0.039885096 0.030216397
v 0.005069113 0.037955134 0.028450009
v 0.005069113 0.037955134 0.030450009
v 0.005336112 0.028462418 0.03045001
v 0.005336112 0.028462418 0.035950011
v 0.005519803 -0.027766467 0.025450016
v 0.005519803 -0.027766467 0.028450016
v 0.005519803 -0.027766467 0.030450016
v 0.005519803 -0.027766466 0.035950016
v 0.005532676 0.028634027 0.02545001
v 0.005532676 0.028634027 0.02845001
v 0.005573835 -0.036723272 0.028450017
v 0.005573835 -0.036723271 0.030450017
v 0.005878867 0.02902701 0.03045001
v 0.005878867 0.029027011 0.035950011
v 0.006194891 0.036524191 0.028450009
v 0.006194891 0.036524192 0.03045001
v 0.00625698 0.029712837 0.02545001
v 0.00625698 0.029712837 0.02845001
v 0.00625698 0.029712838 0.03045001
v 0.00625698 0.029712838 0.03595001
v 0.006612591 -0.027207928 0.035950016
v 0.006657956 -0.028393395 0.025450016
v 0.006657956 -0.028393395 0.028450016
v 0.006657956 -0.028393395 0.030450016
v 0.006657956 -0.028393394 0.035950016
v 0.006907744 -0.037663842 0.028450017
v 0.006907744 -0.037663842 0.030450017
v 0.007424253 -0.029442792 0.025450016
v 0.007424253 -0.029442792 0.028450016
v 0.007424253 -0.029442791 0.030450016
v 0.007424253 -0.029442791 0.035950016
v 0.007501517 0.032893465 0.02545001
v 0.007501517 0.032893465 0.02845001
v 0.007501517 0.032893466 0.03045001
v 0.007501517 0.032893466 0.03595001
v 0.007753592 0.033350683 0.02545001
v 0.007753592 0.033350684 0.02845001
v 0.007838019 0.03573992 0.02845001
v 0.007838019 0.03573992 0.03045001
v 0.007855574 -0.039385152 0.028683629
v 0.007855574 -0.039385152 0.030216405
v 0.007898292 0.026862975 0.035950011
v 0.008069281 0.033689067 0.03045001
v 0.008069281 0.033689067 0.03595001
v 0.008115424 0.03372708 0.02545001
v 0.008115424 0.03372708 0.02845001
v 0.008562339 0.033997 0.02545001
v 0.008562339 0.033997 0.02845001
v 0.008755674 -0.037277608 0.030450017
v 0.008755675 -0.037277608 0.028450017
v 0.008793287 -0.032571851 0.025450016
v 0.008793287 -0.03257185 0.028450016
v 0.008793287 -0.03257185 0.030450017
v 0.008793287 -0.03257185 0.035950017
v 0.00894628 0.034120593 0.03045001
v 0.00894628 0.034120593 0.03595001
v 0.008951855 -0.026530397 0.035950016
v 0.009004935 0.034132204 0.02545001
v 0.009004935 0.034132205 0.02845001
v 0.009106185 -0.042118894 0.029049993
v 0.009106185 -0.042118894 0.029850011
v 0.009392011 -0.033344433 0.028450017
v 0.009392011 -0.033344433 0.030450017
v 0.009392011 -0.033344433 0.035950017
v 0.009392012 -0.033344434 0.025450016
v 0.009419628 -0.021529483 0.038450016
v 0.009419628 -0.021529483 0.040950016
v 0.009466742 0.034162062 0.02545001
v 0.009466742 0.034162062 0.02845001
v 0.00965856 0.035764582 0.02845001
v 0.00965856 0.035764583 0.03045001
v 0.009923056 0.034084979 0.02845001
v 0.009923056 0.034084979 0.03045001
v 0.009923056 0.03408498 0.03595001
v 0.009923057 0.034084979 0.02545001
v 0.010020423 0.029983078 0.02545001
v 0.010020423 0.029983079 0.035950011
v 0.010020886 -0.022903709 0.038450016
v 0.010148582 0.029138647 0.02545001
v 0.010148582 0.029138648 0.035950011
v 0.010285352 -0.033741024 0.035950017
v 0.010285353 -0.033741025 0.025450016
v 0.010285353 -0.033741025 0.028450017
v 0.010285353 -0.033741024 0.030450017
v 0.010293639 -0.041844533 0.029049993
v 0.010293639 -0.041844533 0.029850011
v 0.010331641 0.030778462 0.02545001
v 0.010331641 0.030778463 0.035950011
v 0.010421719 -0.023819858 0.031450016
v 0.010421719 -0.023819858 0.037450016
v 0.010582319 -0.036800767 0.028450017
v 0.010582319 -0.036800766 0.030450017
v 0.010622144 -0.024277935 0.025450016
v 0.010622144 -0.024277935 0.031450016
v 0.0106818 0.02847143 0.02545001
v 0.0106818 0.028471431 0.035950011
v 0.010822552 -0.024736008 0.040950016
v 0.010998847 0.031311673 0.02545001
v 0.010998847 0.031311674 0.035950011
v 0.011186917 -0.029133707 0.035950017
v 0.011186918 -0.029133708 0.025450016
v 0.011223385 -0.025652158 0.039950016
v 0.011223386 -0.025652158 0.035950016
v 0.011259946 -0.033666908 0.035950017
v 0.011259947 -0.033666909 0.025450016
v 0.011259947 -0.033666909 0.028450017
v 0.011259947 -0.033666909 0.030450017
v 0.011279852 0.036593074 0.03045001
v 0.011279853 0.036593074 0.02845001
v 0.011315091 -0.029978138 0.035950017
v 0.011315092 -0.029978139 0.025450016
v 0.011472853 -0.041536698 0.029049993
v 0.011472853 -0.041536698 0.029850011
v 0.01147718 0.02816021 0.02545001
v 0.01147718 0.028160211 0.035950011
v 0.011498136 -0.028338324 0.025450016
v 0.011498136 -0.028338323 0.035950016
v 0.011843284 0.031439841 0.02545001
v 0.011843284 0.031439842 0.035950011
v 0.011848295 -0.030645354 0.025450016
v 0.011848295 -0.030645353 0.035950017
v 0.011941764 0.033431227 0.02545001
v 0.011941764 0.033431228 0.02845001
v 0.011941764 0.033431228 0.03045001
v 0.011941764 0.033431228 0.03595001
v 0.012165357 -0.027805111 0.025450016
v 0.012165357 -0.02780511 0.035950016
v 0.012261106 -0.03331535 0.030450017
v 0.012261106 -0.033315349 0.035950017
v 0.012321616 0.028288379 0.035950011
v 0.012321617 0.028288378 0.02545001
v 0.012383253 -0.036234475 0.028450017
v 0.012383253 -0.036234474 0.030450017
v 0.012397719 -0.038199437 0.028683629
v 0.012397719 -0.038199437 0.030216405
v 0.012423117 0.038191264 0.028683622
v 0.012423117 0.038191265 0.030216398
v 0.012429924 0.025089818 0.035950011
v 0.012638663 0.031128622 0.035950011
v 0.012638664 0.031128621 0.02545001
v 0.012642897 -0.041195641 0.029049993
v 0.012642897 -0.041195641 0.029850011
v 0.01264369 -0.030956574 0.025450016
v 0.01264369 -0.030956573 0.035950017
v 0.012851027 -0.035107987 0.028450017
v 0.012851027 -0.035107987 0.030450017
v 0.012988822 0.02882159 0.035950011
v 0.012988823 0.028821589 0.02545001
v 0.013009793 -0.027676944 0.035950016
v 0.013009794 -0.027676945 0.025450016
v 0.013069693 0.035992656 0.02845001
v 0.013069693 0.035992656 0.03045001
v 0.013171882 0.030461403 0.02545001
v 0.013171882 0.030461404 0.035950011
v 0.013251295 -0.032934029 0.025450016
v 0.013251295 -0.032934029 0.028450017
v 0.013251295 -0.032934029 0.030450017
v 0.013251295 -0.032934028 0.035950017
v 0.01330004 0.029616974 0.035950011
v 0.013300041 0.029616972 0.02545001
v 0.013410016 -0.024579852 0.035950016
v 0.013488111 -0.030828408 0.025450016
v 0.013488111 -0.030828407 0.035950017
v 0.013636335 -0.034174675 0.028450017
v 0.013636335 -0.034174675 0.030450017
v 0.013805173 -0.027988164 0.035950017
v 0.013805174 -0.027988165 0.025450016
v 0.013917807 0.032658035 0.03595001
v 0.013917808 0.032658034 0.02545001
v 0.013917808 0.032658034 0.02845001
v 0.013917808 0.032658035 0.03045001
v 0.013935295 0.01892245 0.038450012
v 0.013935295 0.018922451 0.040950012
v 0.013985892 0.040759361 0.029049985
v 0.013985892 0.040759361 0.029850003
v 0.014155332 -0.030295195 0.025450016
v 0.014155332 -0.030295194 0.035950017
v 0.014229658 -0.032523285 0.030450017
v 0.014229658 -0.032523284 0.035950017
v 0.014338376 -0.028655379 0.035950017
v 0.014338377 -0.02865538 0.025450016
v 0.01446655 -0.029499812 0.035950017
v 0.014466551 -0.029499813 0.025450016
v 0.014666273 -0.033521202 0.028450017
v 0.014666273 -0.033521202 0.030450017
v 0.014824776 0.020130264 0.038450012
v 0.01482775 0.035304752 0.02845001
v 0.01482775 0.035304752 0.03045001
v 0.015132941 0.040347549 0.029049985
v 0.015132941 0.040347549 0.029850003
v 0.01519531 -0.032083484 0.030450017
v 0.01519531 -0.032083484 0.035950017
v 0.015195311 -0.032083485 0.025450016
v 0.015195311 -0.032083485 0.028450017
v 0.015369301 0.024785126 0.025450011
v 0.015369301 0.024785127 0.028450011
v 0.015369301 0.024785127 0.030450011
v 0.015369301 0.024785127 0.035950011
v 0.015417778 0.020935471 0.031450012
v 0.015417778 0.020935472 0.037450012
v 0.015495206 -0.023321593 0.035950016
v 0.015569481 0.026069014 0.025450011
v 0.015569481 0.026069014 0.028450011
v 0.015569481 0.026069015 0.030450011
v 0.015569481 0.026069015 0.035950011
v 0.015714272 0.021338076 0.025450011
v 0.015714272 0.021338077 0.031450011
v 0.015730797 0.023537022 0.025450011
v 0.015730797 0.023537022 0.028450011
v 0.015730797 0.023537023 0.030450011
v 0.015730797 0.023537023 0.035950011
v 0.015844138 0.031768161 0.02845001
v 0.015844138 0.031768161 0.03045001
v 0.015844138 0.031768162 0.035950011
v 0.015844139 0.031768161 0.02545001
v 0.015845198 -0.033208252 0.028450017
v 0.015845198 -0.033208252 0.030450017
v 0.016010765 0.021740683 0.040950012
v 0.016147382 -0.03161502 0.035950017
v 0.016147383 -0.03161502 0.030450017
v 0.016267889 0.039903461 0.029850003
v 0.01626789 0.039903461 0.029049985
v 0.01633508 -0.024159445 0.025450016
v 0.01633508 -0.024159444 0.028450016
v 0.01633508 -0.024159444 0.030450016
v 0.01633508 -0.024159444 0.035950016
v 0.016549781 0.034531036 0.02845001
v 0.016549781 0.034531036 0.03045001
v 0.0165857 0.031131421 0.02845001
v 0.0165857 0.031131422 0.03045001
v 0.0165857 0.031131422 0.035950011
v 0.016585701 0.031131421 0.02545001
v 0.016585752 -0.025434437 0.025450016
v 0.016585752 -0.025434436 0.028450016
v 0.016585752 -0.025434436 0.030450016
v 0.016585752 -0.025434436 0.035950016
v 0.016586144 0.022558852 0.025450011
v 0.016586144 0.022558852 0.028450011
v 0.016586144 0.022558852 0.030450011
v 0.016586144 0.022558853 0.035950012
v 0.016603752 0.022545891 0.039950012
v 0.016647061 -0.022898052 0.028450016
v 0.016647061 -0.022898051 0.030450016
v 0.016647061 -0.022898051 0.035950016
v 0.016647062 -0.022898052 0.025450016
v 0.01679473 0.036480728 0.028683622
v 0.01679473 0.036480728 0.030216398
v 0.016814002 0.029249643 0.035950011
v 0.016814003 0.029249642 0.02545001
v 0.016814003 0.029249643 0.028450011
v 0.016814003 0.029249643 0.030450011
v 0.016936942 0.030219299 0.035950011
v 0.016936943 0.030219298 0.02545001
v 0.016936943 0.030219299 0.028450011
v 0.016936943 0.030219299 0.030450011
v 0.017063627 -0.033264881 0.028450017
v 0.017063627 -0.033264881 0.030450017
v 0.01708502 -0.031118313 0.025450016
v 0.01708502 -0.031118313 0.028450017
v 0.01708502 -0.031118312 0.030450017
v 0.01708502 -0.031118312 0.035950017
v 0.017178275 0.032822246 0.02845001
v 0.017178275 0.032822246 0.03045001
v 0.017389823 0.03942746 0.029049985
v 0.017389823 0.03942746 0.029850004
v 0.017463147 -0.0218869 0.025450016
v 0.017463147 -0.021886899 0.028450016
v 0.017463147 -0.021886899 0.030450016
v 0.017463147 -0.021886899 0.035950016
v 0.017800886 -0.030452814 0.025450016
v 0.017800886 -0.030452814 0.028450017
v 0.017800886 -0.030452814 0.030450017
v 0.017800886 -0.030452813 0.035950017
v 0.017954786 -0.028563494 0.025450016
v 0.017954786 -0.028563493 0.028450016
v 0.017954786 -0.028563493 0.030450016
v 0.017954786 -0.028563493 0.035950017
v 0.018115888 -0.029527546 0.028450016
v 0.018115888 -0.029527545 0.030450017
v 0.018115888 -0.029527545 0.035950017
v 0.018115889 -0.029527546 0.025450016
v 0.018208433 -0.033685825 0.028450017
v 0.018208433 -0.033685825 0.030450017
v 0.018498634 0.031568601 0.02845001
v 0.018498634 0.031568601 0.030450011
v 0.0185001 0.0210178 0.025450011
v 0.0185001 0.0210178 0.028450011
v 0.0185001 0.021017801 0.030450012
v 0.018922405 -0.013935255 0.038450015
v 0.018922405 -0.013935255 0.040950016
v 0.019314832 -0.020271545 0.025450015
v 0.019314832 -0.020271544 0.028450016
v 0.019314832 -0.020271544 0.030450016
v 0.019641783 -0.035029995 0.028683629
v 0.019641783 -0.035029995 0.030216405
v 0.019846571 -0.032747455 0.028450017
v 0.019846571 -0.032747455 0.030450017
v 0.020130215 -0.014824742 0.038450016
v 0.020237693 0.03102948 0.028450011
v 0.020237693 0.03102948 0.030450011
v 0.020271584 0.019314878 0.028450012
v 0.020271584 0.019314878 0.030450012
v 0.020271585 0.019314877 0.025450012
v 0.020935421 -0.015417734 0.031450015
v 0.020935421 -0.015417734 0.037450016
v 0.021017758 -0.018500064 0.025450015
v 0.021017758 -0.018500064 0.028450016
v 0.021017758 -0.018500063 0.030450016
v 0.021338025 -0.01571423 0.025450015
v 0.021338025 -0.01571423 0.031450015
v 0.021436461 -0.031729488 0.028450017
v 0.021436461 -0.031729488 0.030450017
v 0.02152952 0.009419679 0.038450013
v 0.02152952 0.00941968 0.040950013
v 0.021675963 -0.03724348 0.029049993
v 0.021675963 -0.03724348 0.029850011
v 0.021740627 -0.016010724 0.040950016
v 0.021886941 0.017463199 0.025450012
v 0.021886941 0.017463199 0.028450012
v 0.021886941 0.017463199 0.030450012
v 0.021886941 0.0174632 0.035950012
v 0.022035637 0.031316418 0.028450011
v 0.022035637 0.031316418 0.030450011
v 0.022545849 -0.016603717 0.039950016
v 0.022558804 -0.016586102 0.025450015
v 0.022558804 -0.016586102 0.028450015
v 0.022558804 -0.016586102 0.030450015
v 0.022558804 -0.016586101 0.035950016
v 0.022720519 -0.036615604 0.029049993
v 0.022720519 -0.036615604 0.029850011
v 0.022898095 0.016647104 0.028450012
v 0.022898095 0.016647104 0.030450012
v 0.022898095 0.016647104 0.035950012
v 0.022898096 0.016647103 0.025450012
v 0.022903741 0.010020933 0.038450013
v 0.022904675 -0.016192851 0.025450015
v 0.022904675 -0.016192851 0.028450015
v 0.022974257 -0.030634395 0.028450017
v 0.022974257 -0.030634395 0.030450017
v 0.023188719 -0.029016377 0.028450017
v 0.023188719 -0.029016377 0.030450017
v 0.023313672 -0.01586574 0.025450015
v 0.023313672 -0.01586574 0.028450015
v 0.02335493 -0.002607075 0.038450014
v 0.02335493 -0.002607075 0.040950015
v 0.023536969 -0.015730752 0.030450015
v 0.023536969 -0.015730752 0.035950016
v 0.023552345 0.030192295 0.028450011
v 0.023552345 0.030192295 0.030450011
v 0.023595213 -0.032498717 0.028683629
v 0.023595213 -0.032498717 0.030216405
v 0.023616829 0.032483097 0.028683623
v 0.023616829 0.032483097 0.030216399
v 0.023746886 -0.035958438 0.029049993
v 0.023746886 -0.035958438 0.029850011
v 0.023773312 -0.01561474 0.025450015
v 0.023773312 -0.01561474 0.028450015
v 0.023819894 0.010421769 0.037450013
v 0.023819895 0.010421768 0.031450013
v 0.024031263 -0.027618485 0.028450017
v 0.024031263 -0.027618485 0.030450017
v 0.024159478 0.016335128 0.030450012
v 0.024159478 0.016335129 0.035950013
v 0.024159479 0.016335128 0.025450012
v 0.024159479 0.016335128 0.028450012
v 0.024277979 0.010622185 0.025450013
v 0.024277979 0.010622186 0.031450013
v 0.024525647 -0.015397159 0.025450015
v 0.024525647 -0.015397159 0.028450015
v 0.024579889 0.013410069 0.035950013
v 0.024736047 0.010822605 0.040950013
v 0.024754271 -0.03527251 0.029049993
v 0.024754271 -0.03527251 0.029850011
v 0.024785077 -0.015369259 0.030450015
v 0.024785077 -0.015369258 0.035950016
v 0.024845668 -0.002773487 0.038450015
v 0.025011787 0.028994787 0.030450011
v 0.025011788 0.028994787 0.028450011
v 0.025089764 -0.012429891 0.035950015
v 0.025308652 -0.015381709 0.025450015
v 0.025308652 -0.015381708 0.028450015
v 0.025361784 -0.026673135 0.028450016
v 0.025361784 -0.026673134 0.030450017
v 0.025434472 0.016585802 0.028450012
v 0.025434472 0.016585802 0.030450012
v 0.025434472 0.016585802 0.035950013
v 0.025434473 0.016585801 0.025450012
v 0.0256522 0.011223441 0.039950013
v 0.025839503 -0.002884428 0.037450015
v 0.025839504 -0.002884429 0.031450014
v 0.02589669 0.034442578 0.029049986
v 0.02589669 0.034442578 0.029850004
v 0.026068966 -0.01556944 0.035950016
v 0.026068967 -0.015569441 0.025450015
v 0.026068967 -0.015569441 0.028450015
v 0.026068967 -0.015569441 0.030450016
v 0.026126997 -0.026426468 0.028450016
v 0.026126997 -0.026426468 0.030450017
v 0.026336406 -0.0029399 0.025450014
v 0.026336406 -0.0029399 0.031450014
v 0.026410439 0.027726805 0.028450011
v 0.026410439 0.027726805 0.030450011
v 0.026480126 0.025907433 0.028450011
v 0.026480126 0.025907433 0.030450011
v 0.026530436 0.008951902 0.035950013
v 0.026833323 -0.002995369 0.040950015
v 0.026860344 0.033696461 0.029049986
v 0.026860344 0.033696461 0.029850005
v 0.026862926 -0.007898248 0.035950015
v 0.026926069 -0.026337698 0.028450017
v 0.026926069 -0.026337698 0.030450017
v 0.027245888 0.029505375 0.028683623
v 0.027245888 0.029505375 0.030216399
v 0.027348473 0.024307133 0.028450012
v 0.027348473 0.024307133 0.030450012
v 0.027676981 0.013009834 0.025450012
v 0.027676981 0.013009836 0.035950013
v 0.027679652 0.004223354 0.025450013
v 0.027679652 0.004223354 0.028450014
v 0.027679652 0.004223354 0.030450014
v 0.027679652 0.004223355 0.035950014
v 0.027726759 -0.026410405 0.028450017
v 0.027726759 -0.026410404 0.030450017
v 0.027766505 0.005519848 0.025450013
v 0.027766505 0.005519849 0.028450013
v 0.027766505 0.005519849 0.030450013
v 0.027766505 0.005519849 0.035950014
v 0.027802513 0.032923394 0.029049986
v 0.027802513 0.032923394 0.029850005
v 0.027805155 0.012165403 0.025450013
v 0.027805155 0.012165404 0.035950013
v 0.027824718 -0.003128046 0.025450014
v 0.027824718 -0.003128046 0.028450014
v 0.027824718 -0.003128045 0.030450014
v 0.027824718 -0.003128045 0.035950015
v 0.027827159 -0.00310631 0.039950015
v 0.027943339 0.001780291 0.028450014
v 0.027943339 0.001780291 0.030450014
v 0.02794334 0.001780291 0.025450014
v 0.027962642 -0.004420105 0.028450014
v 0.027962642 -0.004420105 0.030450014
v 0.027962642 -0.004420105 0.035950015
v 0.027962643 -0.004420106 0.025450014
v 0.027988199 0.013805217 0.025450012
v 0.027988199 0.013805218 0.035950013
v 0.027991817 -0.000676483 0.025450014
v 0.027991817 -0.000676482 0.028450014
v 0.027991817 -0.000676482 0.030450014
v 0.028160168 -0.01147714 0.025450015
v 0.028160168 -0.011477139 0.035950015
v 0.028288327 -0.012321571 0.025450015
v 0.028288327 -0.01232157 0.035950016
v 0.028338358 0.011498186 0.025450013
v 0.028338358 0.011498187 0.035950013
v 0.028393427 0.006658006 0.028450013
v 0.028393427 0.006658006 0.030450013
v 0.028393427 0.006658006 0.035950014
v 0.028393428 0.006658005 0.025450013
v 0.028471386 -0.010681757 0.025450015
v 0.028471386 -0.010681756 0.035950015
v 0.028563531 0.017954834 0.025450012
v 0.028563531 0.017954834 0.028450012
v 0.028563531 0.017954834 0.030450012
v 0.028563531 0.017954835 0.035950013
v 0.028633983 -0.005532644 0.030450015
v 0.028633983 -0.005532644 0.035950015
v 0.028633984 -0.005532645 0.025450014
v 0.028633984 -0.005532645 0.028450015
v 0.02865542 0.014338429 0.025450012
v 0.02865542 0.01433843 0.035950013
v 0.02872245 0.03212399 0.029049986
v 0.02872245 0.03212399 0.029850005
v 0.028821545 -0.012988788 0.025450015
v 0.028821545 -0.012988787 0.035950016
v 0.028835809 0.023257 0.028450012
v 0.028835809 0.023257 0.030450012
v 0.028994749 -0.025011751 0.028450016
v 0.028994749 -0.025011751 0.030450017
v 0.029133737 0.011186967 0.035950013
v 0.029133738 0.011186966 0.025450013
v 0.029138607 -0.010148544 0.035950015
v 0.029138608 -0.010148545 0.025450015
v 0.0292496 -0.016813968 0.028450016
v 0.0292496 -0.016813968 0.030450016
v 0.0292496 -0.016813968 0.035950016
v 0.029249601 -0.016813969 0.025450016
v 0.029442835 0.007424302 0.028450013
v 0.029442835 0.007424302 0.030450013
v 0.029442835 0.007424302 0.035950014
v 0.029442836 0.007424301 0.025450013
v 0.029499857 0.014466596 0.025450012
v 0.029499857 0.014466597 0.035950013
v 0.029505324 -0.027245856 0.028683629
v 0.029505324 -0.027245855 0.030216405
v 0.029527581 0.018115931 0.035950013
v 0.029527582 0.01811593 0.025450012
v 0.029527582 0.018115931 0.028450012
v 0.029527582 0.018115931 0.030450012
v 0.029616925 -0.013300008 0.025450015
v 0.029616925 -0.013300007 0.035950016
v 0.029712795 -0.006256947 0.025450014
v 0.029712795 -0.006256946 0.028450015
v 0.029712795 -0.006256946 0.030450015
v 0.029712795 -0.006256946 0.035950015
v 0.029756482 -0.016939123 0.030450016
v 0.029756482 -0.016939122 0.035950016
v 0.029978174 0.011315134 0.035950013
v 0.029978175 0.011315133 0.025450013
v 0.029983029 -0.010020379 0.025450015
v 0.029983029 -0.010020378 0.035950015
v 0.030192243 -0.023552301 0.028450016
v 0.030192243 -0.023552301 0.030450016
v 0.030219251 -0.016936909 0.025450016
v 0.030219251 -0.016936908 0.028450016
v 0.030278485 -0.016928823 0.030450016
v 0.030278485 -0.016928822 0.035950016
v 0.030295236 0.014155377 0.035950013
v 0.030295237 0.014155376 0.025450012
v 0.030452844 0.017800932 0.025450012
v 0.030452844 0.017800932 0.028450012
v 0.030452844 0.017800932 0.030450012
v 0.030452844 0.017800933 0.035950013
v 0.030461361 -0.013171839 0.035950016
v 0.030461362 -0.01317184 0.025450015
v 0.030634438 0.022974295 0.030450012
v 0.030634439 0.022974295 0.028450012
v 0.030645395 0.011848346 0.035950013
v 0.030645396 0.011848345 0.025450013
v 0.030778408 -0.010331597 0.035950015
v 0.030778409 -0.010331598 0.025450015
v 0.030780026 -0.016783769 0.035950016
v 0.030780027 -0.016783769 0.030450016
v 0.030828439 0.013488161 0.035950013
v 0.03082844 0.01348816 0.025450013
v 0.030956613 0.012643729 0.035950013
v 0.030956614 0.012643728 0.025450013
v 0.031051877 -0.020012706 0.030450016
v 0.031051878 -0.020012707 0.028450016
v 0.031118356 0.017085069 0.025450012
v 0.031118356 0.01708507 0.028450012
v 0.031118356 0.01708507 0.030450012
v 0.031118356 0.01708507 0.035950013
v 0.031128567 -0.012638628 0.035950016
v 0.031128568 -0.012638629 0.025450015
v 0.031131375 -0.016585655 0.028450016
v 0.031131376 -0.016585655 0.025450016
v 0.0311797 -0.016550466 0.030450016
v 0.0311797 -0.016550465 0.035950016
v 0.031311627 -0.010998814 0.025450015
v 0.031311627 -0.010998813 0.035950016
v 0.031316373 -0.022035604 0.030450016
v 0.031316374 -0.022035604 0.028450016
v 0.031439801 -0.011843246 0.025450015
v 0.031439801 -0.011843245 0.035950016
v 0.031515042 -0.01623155 0.030450016
v 0.031515042 -0.016231549 0.035950016
v 0.031729531 0.021436507 0.030450012
v 0.031729532 0.021436507 0.028450012
v 0.031768109 -0.015844097 0.028450016
v 0.031768109 -0.015844096 0.030450016
v 0.031768109 -0.015844096 0.035950016
v 0.03176811 -0.015844097 0.025450016
v 0.031818692 -0.01812219 0.030450016
v 0.031818693 -0.01812219 0.028450016
v 0.03208352 0.015195353 0.035950013
v 0.032083521 0.015195352 0.025450012
v 0.032083521 0.015195353 0.028450013
v 0.032083521 0.015195353 0.030450013
v 0.032123946 -0.028722412 0.029049993
v 0.032123946 -0.028722412 0.029850011
v 0.032483045 -0.023616792 0.030216404
v 0.032483046 -0.023616792 0.028683629
v 0.032498757 0.023595259 0.028683624
v 0.032498757 0.023595259 0.0302164
v 0.032571894 0.008793333 0.025450013
v 0.032571894 0.008793333 0.028450013
v 0.032571894 0.008793333 0.030450013
v 0.032571894 0.008793334 0.035950014
v 0.032657986 -0.013917775 0.035950016
v 0.032657987 -0.013917776 0.025450015
v 0.032657987 -0.013917775 0.028450016
v 0.032657987 -0.013917775 0.030450016
v 0.032747491 0.019846615 0.028450012
v 0.032747491 0.019846615 0.030450012
v 0.032893414 -0.007501474 0.025450015
v 0.032893414 -0.007501473 0.028450015
v 0.032893414 -0.007501473 0.030450015
v 0.032893414 -0.007501473 0.035950015
v 0.032923354 -0.027802481 0.029049993
v 0.032923354 -0.027802481 0.029850011
v 0.032934061 0.013251346 0.025450013
v 0.032934061 0.013251347 0.028450013
v 0.032934061 0.013251347 0.030450013
v 0.032934061 0.013251347 0.035950013
v 0.03318992 0.016456623 0.028450013
v 0.03318992 0.016456624 0.030450013
v 0.033344477 0.00939205 0.025450013
v 0.033344477 0.009392051 0.028450013
v 0.033344477 0.009392051 0.030450013
v 0.033344477 0.009392051 0.035950014
v 0.033417646 -0.016855138 0.028450016
v 0.033417646 -0.016855138 0.030450016
v 0.03343118 -0.01194173 0.025450015
v 0.03343118 -0.01194173 0.028450015
v 0.03343118 -0.011941729 0.030450015
v 0.03343118 -0.011941729 0.035950016
v 0.033521234 0.014666317 0.030450013
v 0.033521235 0.014666317 0.028450013
v 0.033666941 0.011259996 0.025450013
v 0.033666941 0.011259996 0.028450013
v 0.033666941 0.011259997 0.030450013
v 0.033666941 0.011259997 0.035950013
v 0.033685861 0.018208483 0.028450012
v 0.033685861 0.018208483 0.030450012
v 0.033689022 -0.008069247 0.028450015
v 0.033689022 -0.008069247 0.030450015
v 0.033689022 -0.008069246 0.035950015
v 0.033689023 -0.008069247 0.025450015
v 0.03369641 -0.026860311 0.029049992
v 0.03369641 -0.026860311 0.029850011
v 0.033702294 0.024238709 0.028852661
v 0.033702294 0.024238709 0.030047363
v 0.033741068 0.010285392 0.025450013
v 0.033741068 0.010285393 0.028450013
v 0.033741068 0.010285393 0.030450013
v 0.033741068 0.010285394 0.035950014
v 0.033778348 -0.016717639 0.028450016
v 0.033778348 -0.016717639 0.030450016
v 0.034084927 -0.009923018 0.025450015
v 0.034084927 -0.009923017 0.028450015
v 0.034084927 -0.009923017 0.030450015
v 0.034084927 -0.009923017 0.035950016
v 0.034120541 -0.008946249 0.025450015
v 0.034120541 -0.008946249 0.028450015
v 0.034120541 -0.008946249 0.030450015
v 0.034120541 -0.008946248 0.035950015
v 0.034150617 -0.016615526 0.028450016
v 0.034150617 -0.016615525 0.030450016
v 0.034442534 -0.025896658 0.029049992
v 0.034442534 -0.025896658 0.029850011
v 0.034530988 -0.016549745 0.028450016
v 0.034530988 -0.016549745 0.030450016
v 0.034611277 0.013207966 0.028450013
v 0.034611277 0.013207966 0.030450013
v 0.035030038 0.019641837 0.028683624
v 0.035030038 0.019641837 0.0302164
v 0.035272546 0.024754321 0.029049987
v 0.035272546 0.024754321 0.029850006
v 0.0353047 -0.014827717 0.028450016
v 0.0353047 -0.014827717 0.030450016
v 0.03573988 -0.007837986 0.028450015
v 0.03573988 -0.007837985 0.030450015
v 0.035764538 -0.009658524 0.028450015
v 0.035764538 -0.009658524 0.030450015
v 0.035958474 0.023746936 0.029049988
v 0.035958474 0.023746936 0.029850006
v 0.035992612 -0.013069649 0.028450016
v 0.035992612 -0.013069648 0.030450016
v 0.036234507 0.012383294 0.028450013
v 0.036234507 0.012383294 0.030450013
v 0.03641273 0.003589864 0.030450014
v 0.036412731 0.003589864 0.028450014
v 0.03648068 -0.016794698 0.028683628
v 0.03648068 -0.016794698 0.030216404
v 0.036524151 -0.006194852 0.028450015
v 0.036524151 -0.006194852 0.030450015
v 0.03659303 -0.011279812 0.028450015
v 0.03659303 -0.011279811 0.030450016
v 0.03661564 0.022720557 0.029049988
v 0.03661564 0.022720557 0.029850006
v 0.036650859 0.00539493 0.028450014
v 0.036650859 0.005394931 0.030450014
v 0.036800807 0.010582368 0.028450013
v 0.036800807 0.010582368 0.030450013
v 0.03699876 0.00186605 0.028450014
v 0.03699876 0.00186605 0.030450014
v 0.037243524 0.021676005 0.029049988
v 0.037243524 0.021676005 0.029850006
v 0.037277644 0.008755721 0.028450013
v 0.037277644 0.008755722 0.030450014
v 0.037663875 0.006907792 0.028450014
v 0.037663875 0.006907793 0.030450014
v 0.03795509 -0.005069077 0.028450015
v 0.03795509 -0.005069077 0.030450015
v 0.0380453 -0.005028269 0.028460513
v 0.0380453 -0.005028269 0.030439486
v 0.038158794 -0.003192239 0.030450015
v 0.038158795 -0.003192239 0.028450015
v 0.03819122 -0.012423087 0.028683628
v 0.03819122 -0.012423087 0.030216404
v 0.038199473 0.012397758 0.028683625
v 0.038199473 0.012397758 0.030216401
v 0.038269756 -0.001307643 0.028450014
v 0.038269756 -0.001307642 0.030450015
v 0.0382877 0.000580132 0.028450014
v 0.0382877 0.000580133 0.030450014
v 0.038791758 0.007649776 0.03029416
v 0.038791759 0.007649775 0.028605836
v 0.039385188 0.007855621 0.028683626
v 0.039385188 0.007855622 0.030216402
v 0.039427412 -0.01738979 0.029049992
v 0.039427412 -0.01738979 0.02985001
v 0.039885052 -0.004699553 0.028683627
v 0.039885052 -0.004699552 0.030216403
v 0.039903409 -0.016267853 0.02985001
v 0.03990341 -0.016267853 0.029049992
v 0.040160961 -1.3318e-05 0.028683626
v 0.040160961 -1.3318e-05 0.030216402
v 0.040347501 -0.015132905 0.029049992
v 0.040347501 -0.015132905 0.02985001
v 0.040759321 -0.013985853 0.029049991
v 0.040759321 -0.013985853 0.02985001
v 0.041195674 0.012642942 0.029049989
v 0.041195674 0.012642942 0.029850007
v 0.041536738 0.011472899 0.029049989
v 0.041536738 0.011472899 0.029850007
v 0.041844569 0.010293679 0.029049989
v 0.041844569 0.010293679 0.029850007
v 0.042118937 0.009106226 0.029049989
v 0.042118937 0.009106226 0.029850008
v 0.042871457 -0.004354929 0.029049991
v 0.042871457 -0.004354929 0.029850009
v 0.042977459 -0.003140812 0.02904999
v 0.042977459 -0.003140811 0.029850009
v 0.043049099 -0.001924181 0.02904999
v 0.043049099 -0.001924181 0.029850009
v 0.043086285 -0.000706012 0.02904999
v 0.043086285 -0.000706012 0.029850009
v -0.0314525 0.001729343 0.050950012
v -0.0314525 0.001729343 0.053450013
v -0.031359803 -0.00296868 0.050950013
v -0.031359803 -0.002968679 0.053450013
v -0.030845308 0.006388884 0.050950012
v -0.030845308 0.006388884 0.053450012
v -0.030620248 0.006980959 0.050950012
v -0.030620248 0.00698096 0.053450012
v -0.030569267 -0.007600641 0.050950013
v -0.030569267 -0.007600641 0.053450014
v -0.030225288 -0.008322144 0.050950014
v -0.030225288 -0.008322144 0.053450014
v -0.030221322 0.007472962 0.050950012
v -0.030221322 0.007472963 0.053450012
v -0.029688547 0.007815543 0.050950012
v -0.029688547 0.007815544 0.053450012
v -0.029626243 -0.008851328 0.050950014
v -0.029626243 -0.008851328 0.053450014
v -0.029531389 0.007876548 0.050950012
v -0.029531389 0.007876549 0.053450012
v -0.029369653 0.007924102 0.050950012
v -0.029369653 0.007924102 0.053450012
v -0.029204484 0.007957864 0.050950012
v -0.029204484 0.007957865 0.053450012
v -0.02886782 -0.009103671 0.050950014
v -0.02886782 -0.009103671 0.053450014
v -0.027827164 0.003106397 0.044950012
v -0.027827164 0.003106398 0.050950012
v -0.027445947 0.008741205 0.050950012
v -0.027445947 0.008741205 0.053450012
v -0.027257181 0.015487871 0.050950011
v -0.027257181 0.015487872 0.053450011
v -0.027207789 0.014690095 0.053450011
v -0.027207788 0.014690095 0.050950011
v -0.02707975 -0.009817029 0.053450014
v -0.027079749 -0.009817029 0.050950014
v -0.026990229 0.01624128 0.050950011
v -0.026990229 0.01624128 0.053450011
v -0.026849932 0.013975373 0.050950011
v -0.026849932 0.013975374 0.053450012
v -0.026833336 0.002995456 0.043950012
v -0.026624984 -0.016550996 0.053450015
v -0.026624983 -0.016550996 0.050950014
v -0.0266071 -0.015751893 0.050950014
v -0.0266071 -0.015751893 0.053450015
v -0.026435807 0.00295108 0.053450013
v -0.02632852 -0.017293288 0.050950015
v -0.02632852 -0.017293288 0.053450015
v -0.026307802 0.010293845 0.050950012
v -0.026307802 0.010293846 0.053450012
v -0.026277717 -0.01502361 0.053450014
v -0.026277716 -0.01502361 0.050950014
v -0.026089998 0.012206599 0.050950012
v -0.026089998 0.012206599 0.053450012
v -0.02588124 -0.011323562 0.050950014
v -0.02588124 -0.011323561 0.053450014
v -0.025839509 0.002884515 0.047450012
v -0.025839509 0.002884516 0.052850007
v -0.025652206 -0.011223353 0.050950014
v -0.025652205 -0.011223354 0.044950014
v -0.025588149 -0.013226233 0.050950014
v -0.025588149 -0.013226233 0.053450014
v -0.024845681 0.002773574 0.046450012
v -0.024736052 -0.010822518 0.043950014
v -0.024369598 -0.010662183 0.053450014
v -0.024273936 0.020075564 0.050950011
v -0.024273936 0.020075564 0.053450011
v -0.023819907 -0.010421682 0.047450014
v -0.023819907 -0.010421682 0.052850008
v -0.02346308 -0.021017432 0.053450015
v -0.023463079 -0.021017432 0.050950015
v -0.023354943 0.002607162 0.043950012
v -0.023354943 0.002607162 0.046450012
v -0.022903754 -0.010020846 0.046450014
v -0.022545854 0.016603804 0.044950011
v -0.022545854 0.016603804 0.050950011
v -0.02174064 0.016010811 0.043950011
v -0.021529532 -0.009419593 0.043950014
v -0.021529532 -0.009419593 0.046450014
v -0.021418558 0.015773616 0.053450012
v -0.021017481 0.023463117 0.050950011
v -0.021017481 0.023463117 0.053450011
v -0.020935434 0.015417821 0.047450011
v -0.020935434 0.015417821 0.052850006
v -0.020130227 0.014824829 0.046450011
v -0.020075521 -0.024273885 0.050950016
v -0.020075521 -0.024273884 0.053450016
v -0.01892241 0.013935341 0.043950011
v -0.01892241 0.013935341 0.046450012
v -0.017293338 0.02632856 0.053450011
v -0.017293337 0.02632856 0.050950011
v -0.017197627 0.02638764 0.050950011
v -0.017197627 0.02638764 0.053450011
v -0.01709875 0.026441246 0.050950011
v -0.01709875 0.026441246 0.053450011
v -0.01699702 0.026489208 0.053450011
v -0.016997019 0.026489208 0.050950011
v -0.016603765 -0.022545804 0.044950015
v -0.016603765 -0.022545804 0.050950015
v -0.016327876 0.026652513 0.050950011
v -0.016327876 0.026652514 0.053450011
v -0.016241239 -0.026990184 0.050950016
v -0.016241239 -0.026990183 0.053450016
v -0.01601077 -0.021740596 0.043950015
v -0.015773573 -0.021418511 0.053450016
v -0.015653646 -0.027226702 0.050950016
v -0.015653646 -0.027226702 0.053450016
v -0.015643016 0.026579129 0.053450011
v -0.015643015 0.026579128 0.050950011
v -0.015417783 -0.020935385 0.047450015
v -0.015417783 -0.020935385 0.052850009
v -0.015023661 0.026277756 0.050950011
v -0.015023661 0.026277756 0.053450011
v -0.015021558 -0.027267617 0.050950016
v -0.015021558 -0.027267617 0.053450016
v -0.014824789 -0.020130177 0.046450015
v -0.014408376 -0.027108819 0.050950016
v -0.014408376 -0.027108818 0.053450016
v -0.014256917 -0.027034794 0.050950016
v -0.014256917 -0.027034794 0.053450016
v -0.014112226 -0.026948277 0.053450016
v -0.014112225 -0.026948277 0.050950016
v -0.013975331 -0.026849883 0.050950016
v -0.013975331 -0.026849882 0.053450016
v -0.0139353 -0.018922364 0.043950015
v -0.0139353 -0.018922364 0.046450015
v -0.013718663 -0.02666539 0.050950016
v -0.013718663 -0.02666539 0.053450016
v -0.01344737 -0.026503172 0.050950016
v -0.01344737 -0.026503172 0.053450016
v -0.013226283 0.025588191 0.053450011
v -0.013226282 0.02558819 0.050950011
v -0.013163373 -0.026364376 0.050950016
v -0.013163373 -0.026364376 0.053450016
v -0.011497136 -0.026053488 0.050950016
v -0.011497136 -0.026053488 0.053450016
v -0.011323611 0.025881283 0.050950011
v -0.011323611 0.025881283 0.053450011
v -0.011223398 0.025652244 0.044950011
v -0.011223398 0.025652245 0.050950011
v -0.010822565 0.024736095 0.043950011
v -0.010662226 0.024369635 0.053450011
v -0.010421732 0.023819944 0.047450011
v -0.010421732 0.023819945 0.052850005
v -0.010020899 0.022903795 0.046450011
v -0.009864217 -0.026508007 0.050950016
v -0.009864217 -0.026508007 0.053450016
v -0.009817072 0.027079793 0.050950011
v -0.009817072 0.027079793 0.053450011
v -0.009419641 0.021529569 0.043950011
v -0.009419641 0.02152957 0.046450011
v -0.009103724 0.02886786 0.050950011
v -0.009103724 0.02886786 0.053450011
v -0.008851374 0.029626284 0.050950011
v -0.008851374 0.029626285 0.053450011
v -0.008598241 -0.027635076 0.053450016
v -0.00859824 -0.027635076 0.050950016
v -0.0083222 0.030225328 0.053450011
v -0.008322199 0.030225327 0.050950011
v -0.007957829 -0.029204431 0.050950016
v -0.007957829 -0.029204431 0.053450017
v -0.007675755 -0.029952312 0.050950017
v -0.007675755 -0.029952312 0.053450017
v -0.007600688 0.030569305 0.050950011
v -0.007600688 0.030569305 0.053450011
v -0.007123356 -0.030530012 0.050950017
v -0.007123356 -0.030530012 0.053450017
v -0.006388844 -0.03084526 0.050950017
v -0.006388844 -0.03084526 0.053450017
v -0.003106358 -0.027827112 0.044950016
v -0.003106358 -0.027827112 0.050950017
v -0.002995411 -0.026833286 0.043950016
v -0.00296873 0.03135984 0.053450011
v -0.002968729 0.03135984 0.050950011
v -0.002951039 -0.026435754 0.053450017
v -0.00288448 -0.025839458 0.047450016
v -0.00288448 -0.025839458 0.05285001
v -0.002773533 -0.024845632 0.046450016
v -0.002607121 -0.023354891 0.043950016
v -0.002607121 -0.02335489 0.046450016
v -0.001729298 -0.031452453 0.050950017
v -0.001729298 -0.031452453 0.053450017
v 0.001729299 0.031452541 0.050950011
v 0.001729299 0.031452542 0.053450011
v 0.002607108 0.023354978 0.043950011
v 0.002607108 0.023354978 0.046450011
v 0.00277352 0.02484572 0.046450011
v 0.002884466 0.025839546 0.052850005
v 0.002884467 0.025839546 0.047450011
v 0.002951025 0.026435843 0.053450012
v 0.002968716 -0.031359752 0.050950017
v 0.002968716 -0.031359751 0.053450017
v 0.002995413 0.026833373 0.043950011
v 0.003106344 0.0278272 0.050950011
v 0.003106345 0.027827199 0.044950011
v 0.00638883 0.030845349 0.050950011
v 0.00638883 0.030845349 0.053450011
v 0.007123343 0.0305301 0.050950011
v 0.007123343 0.030530101 0.053450011
v 0.007600674 -0.030569216 0.050950017
v 0.007600674 -0.030569216 0.053450017
v 0.007675757 0.029952401 0.050950011
v 0.007675757 0.029952401 0.053450011
v 0.007709027 -0.030539019 0.050950017
v 0.007709027 -0.030539019 0.053450017
v 0.007815503 -0.030502779 0.050950017
v 0.007815503 -0.030502779 0.053450017
v 0.007919766 -0.030460612 0.050950017
v 0.007919766 -0.030460611 0.053450017
v 0.007957815 0.02920452 0.050950011
v 0.007957815 0.02920452 0.053450011
v 0.008493832 -0.030079985 0.050950017
v 0.008493832 -0.030079985 0.053450017
v 0.008741156 0.027445986 0.050950012
v 0.008741156 0.027445987 0.053450012
v 0.008904721 -0.029527184 0.050950017
v 0.008904721 -0.029527183 0.053450017
v 0.00910371 -0.028867771 0.053450017
v 0.009103711 -0.028867771 0.050950017
v 0.009419628 -0.021529482 0.043950016
v 0.009419628 -0.021529482 0.046450016
v 0.009476818 -0.027631371 0.050950017
v 0.009476818 -0.02763137 0.053450017
v 0.010020885 -0.022903708 0.046450016
v 0.010247234 -0.026594867 0.053450017
v 0.010247235 -0.026594868 0.050950017
v 0.010293799 0.026307843 0.050950012
v 0.010293799 0.026307843 0.053450012
v 0.010421718 -0.023819856 0.052850011
v 0.010421719 -0.023819857 0.047450017
v 0.010662228 -0.024369546 0.053450017
v 0.010822552 -0.024736008 0.043950016
v 0.011223385 -0.025652157 0.044950017
v 0.011223385 -0.025652157 0.050950017
v 0.011323605 -0.025881195 0.050950017
v 0.011323605 -0.025881195 0.053450017
v 0.012206549 0.026090037 0.050950012
v 0.012206549 0.026090038 0.053450012
v 0.012578243 -0.025574998 0.050950017
v 0.012578243 -0.025574998 0.053450017
v 0.013862362 -0.025712596 0.050950017
v 0.013862362 -0.025712596 0.053450017
v 0.013935295 0.018922451 0.043950012
v 0.013935295 0.018922451 0.046450012
v 0.013975318 0.026849971 0.050950012
v 0.013975318 0.026849971 0.053450012
v 0.014690039 0.027207824 0.050950012
v 0.014690039 0.027207824 0.053450012
v 0.014824775 0.020130265 0.046450012
v 0.015023648 -0.026277667 0.050950017
v 0.015023648 -0.026277667 0.053450017
v 0.015417777 0.020935474 0.052850006
v 0.015417778 0.020935473 0.047450012
v 0.015487815 0.027257222 0.050950012
v 0.015487815 0.027257223 0.053450012
v 0.015751934 -0.026607049 0.053450017
v 0.015751935 -0.026607049 0.050950017
v 0.015773567 0.021418599 0.053450013
v 0.016010765 0.021740683 0.043950012
v 0.016241233 0.026990272 0.050950012
v 0.016241233 0.026990272 0.053450012
v 0.016551037 -0.026624936 0.050950017
v 0.016551037 -0.026624936 0.053450017
v 0.016603752 0.022545891 0.044950012
v 0.016603752 0.022545892 0.050950012
v 0.017293332 -0.026328471 0.050950017
v 0.017293332 -0.026328471 0.053450017
v 0.018922405 -0.013935254 0.043950016
v 0.018922405 -0.013935254 0.046450016
v 0.020075507 0.024273973 0.053450012
v 0.020075508 0.024273973 0.050950012
v 0.020130214 -0.014824741 0.046450016
v 0.020935421 -0.015417733 0.047450016
v 0.020935421 -0.015417732 0.05285001
v 0.021017468 -0.023463029 0.050950017
v 0.021017468 -0.023463028 0.053450017
v 0.021418544 -0.015773527 0.053450016
v 0.021529519 0.00941968 0.043950013
v 0.021529519 0.00941968 0.046450014
v 0.021740627 -0.016010724 0.043950016
v 0.022545849 -0.016603717 0.044950016
v 0.022545849 -0.016603716 0.050950016
v 0.022903741 0.010020934 0.046450014
v 0.02335493 -0.002607075 0.043950015
v 0.02335493 -0.002607075 0.046450015
v 0.023463066 0.021017521 0.050950013
v 0.023463066 0.021017521 0.053450013
v 0.023819894 0.01042177 0.047450014
v 0.023819894 0.010421771 0.052850008
v 0.024273922 -0.020075476 0.050950017
v 0.024273922 -0.020075476 0.053450017
v 0.024369592 0.010662272 0.053450014
v 0.024736047 0.010822605 0.043950013
v 0.024845668 -0.002773486 0.046450015
v 0.025588143 0.013226322 0.050950014
v 0.025588143 0.013226322 0.053450014
v 0.0256522 0.011223441 0.044950014
v 0.0256522 0.011223442 0.050950014
v 0.025839503 -0.002884427 0.047450015
v 0.025839503 -0.002884427 0.052850009
v 0.025881234 0.01132365 0.050950014
v 0.025881234 0.01132365 0.053450014
v 0.026131923 -0.012439873 0.050950016
v 0.026131923 -0.012439873 0.053450016
v 0.026163326 -0.010745171 0.050950016
v 0.026163326 -0.010745171 0.053450016
v 0.026277703 0.015023699 0.050950013
v 0.026277703 0.015023699 0.053450014
v 0.026328514 0.017293377 0.053450013
v 0.026328515 0.017293377 0.050950013
v 0.026435801 -0.002950991 0.053450015
v 0.026607094 0.015751982 0.050950013
v 0.026607094 0.015751982 0.053450014
v 0.026624978 0.016551084 0.050950013
v 0.026624978 0.016551085 0.053450013
v 0.026833323 -0.002995369 0.043950015
v 0.026849926 -0.013975285 0.050950016
v 0.026849926 -0.013975285 0.053450016
v 0.026937694 -0.00923741 0.050950016
v 0.026937694 -0.00923741 0.053450016
v 0.026990215 -0.016241192 0.050950017
v 0.026990215 -0.016241191 0.053450017
v 0.027079736 0.009817117 0.050950014
v 0.027079736 0.009817118 0.053450014
v 0.027207775 -0.014690007 0.050950016
v 0.027207775 -0.014690007 0.053450017
v 0.027257168 -0.015487783 0.050950017
v 0.027257168 -0.015487783 0.053450017
v 0.027827159 -0.00310631 0.044950015
v 0.027827159 -0.003106309 0.050950015
v 0.02829684 -0.008224628 0.050950016
v 0.02829684 -0.008224627 0.053450016
v 0.028591518 -0.008110243 0.050950016
v 0.028591518 -0.008110243 0.053450016
v 0.028867807 0.00910376 0.050950014
v 0.028867807 0.00910376 0.053450014
v 0.028894786 -0.008021081 0.050950016
v 0.028894786 -0.008021081 0.053450016
v 0.029204478 -0.007957776 0.050950016
v 0.029204478 -0.007957776 0.053450016
v 0.02962623 0.008851416 0.050950014
v 0.02962623 0.008851417 0.053450014
v 0.029952357 -0.00767571 0.053450016
v 0.029952358 -0.00767571 0.050950016
v 0.030225275 0.008322232 0.050950014
v 0.030225275 0.008322232 0.053450014
v 0.030530055 -0.007123306 0.050950016
v 0.030530055 -0.007123306 0.053450016
v 0.030569254 0.007600729 0.050950014
v 0.030569254 0.00760073 0.053450014
v 0.030845302 -0.006388796 0.050950016
v 0.030845302 -0.006388795 0.053450016
v 0.031359797 0.002968768 0.050950015
v 0.031359797 0.002968768 0.053450015
v 0.031452494 -0.001729254 0.050950015
v 0.031452494 -0.001729254 0.053450015
v -0.07570424 0.130017561 0.065949999
v -0.075704239 0.13001756 0.050949998
v -0.075697717 0.130537947 0.065949999
v -0.075697716 0.130537946 0.050949998
v -0.075448384 0.129564359 0.050949998
v -0.075448384 0.12956436 0.065949999
v -0.074999444 0.129301116 0.065949999
v -0.074999443 0.129301114 0.050949998
v -0.072743715 0.140976454 0.050949997
v -0.072743715 0.140976455 0.065949998
v -0.072623415 0.141243774 0.065949998
v -0.072623414 0.141243772 0.050949997
v -0.072430773 0.141464706 0.065949998
v -0.072430772 0.141464704 0.050949997
v -0.072182337 0.1416203 0.065949998
v -0.072182336 0.141620298 0.050949997
v -0.071966356 0.141686918 0.050949997
v -0.071966356 0.14168692 0.065949998
v -0.071740923 0.141703338 0.065949998
v -0.071740922 0.141703337 0.050949997
v -0.071517565 0.141668701 0.065949998
v -0.071517564 0.141668699 0.050949997
v -0.070418428 0.141367918 0.050949997
v -0.070418428 0.14136792 0.065949998
v -0.069971712 0.14129866 0.065949998
v -0.069971711 0.141298658 0.050949997
v -0.069520853 0.141331466 0.065949998
v -0.069520852 0.141331465 0.050949997
v -0.069088877 0.141464706 0.065949998
v -0.069088876 0.141464705 0.050949997
v -0.068822031 0.141606369 0.065949998
v -0.06882203 0.141606367 0.050949997
v -0.068579561 0.141786604 0.050949997
v -0.068579561 0.141786606 0.065949998
v -0.068367014 0.142001312 0.065949998
v -0.068367013 0.142001311 0.050949997
v -0.061023652 0.133247605 0.065949999
v -0.061023651 0.133247603 0.050949998
v -0.060771202 0.131584319 0.050949998
v -0.060771202 0.13158432 0.065949999
v -0.060410645 0.134814269 0.050949998
v -0.060410645 0.13481427 0.065949999
v -0.05972094 0.130270111 0.065949999
v -0.059720939 0.13027011 0.050949999
v -0.059096429 0.135864533 0.065949999
v -0.059096428 0.135864531 0.050949998
v -0.058154274 0.129657105 0.065949999
v -0.058154273 0.129657103 0.050949999
v -0.057433152 0.136116975 0.065949999
v -0.057433151 0.136116973 0.050949998
v -0.056713504 0.155704057 0.065949997
v -0.056713503 0.155704056 0.050949996
v -0.056490997 0.12990956 0.050949999
v -0.056490997 0.129909562 0.065949999
v -0.056139507 0.163005007 0.065949996
v -0.056139506 0.163005005 0.050949995
v -0.055944491 0.156932526 0.050949996
v -0.055944491 0.156932527 0.065949997
v -0.055916584 0.164739413 0.065949996
v -0.055916583 0.164739411 0.050949995
v -0.055866494 0.135503968 0.065949999
v -0.055866493 0.135503967 0.050949998
v -0.05559267 0.159778902 0.065949997
v -0.055592669 0.159778901 0.050949996
v -0.055560115 0.158329943 0.065949997
v -0.055560114 0.158329941 0.050949996
v -0.055176788 0.130959823 0.050949999
v -0.055176788 0.130959824 0.065949999
v -0.054816224 0.134189759 0.065949999
v -0.054816223 0.134189758 0.050949998
v -0.054764454 0.166054873 0.065949996
v -0.054764453 0.166054871 0.050949995
v -0.054563774 0.132526489 0.050949999
v -0.054563774 0.13252649 0.065949999
v -0.053074558 0.166504458 0.065949996
v -0.053074557 0.166504457 0.050949995
v -0.051661277 0.122914849 0.06595
v -0.051661276 0.122914847 0.05095
v -0.049874419 0.122637756 0.05095
v -0.049874419 0.122637757 0.06595
v -0.04814573 0.147926331 0.050949997
v -0.04814573 0.147926333 0.065949998
v -0.048070983 0.122769036 0.065950001
v -0.048070982 0.122769035 0.05095
v -0.047893274 0.146263064 0.065949998
v -0.047893273 0.146263062 0.050949997
v -0.047532716 0.149492997 0.050949997
v -0.047532716 0.149492999 0.065949998
v -0.046843011 0.144948855 0.065949998
v -0.04684301 0.144948853 0.050949998
v -0.046343093 0.123301973 0.065950001
v -0.046343092 0.123301971 0.05095
v -0.046218507 0.15054326 0.050949997
v -0.046218507 0.150543261 0.065949998
v -0.045276345 0.144335831 0.050949998
v -0.045276345 0.144335833 0.065949998
v -0.044555231 0.150795718 0.065949998
v -0.04455523 0.150795716 0.050949997
v -0.044338035 0.124561761 0.06595
v -0.044338034 0.12456176 0.05095
v -0.043613076 0.144588288 0.050949998
v -0.043613076 0.14458829 0.065949999
v -0.042988565 0.150182712 0.065949998
v -0.042988564 0.15018271 0.050949997
v -0.042789603 0.126353317 0.05095
v -0.042789603 0.126353319 0.06595
v -0.04229886 0.145638552 0.065949998
v -0.042298859 0.145638551 0.050949998
v -0.041938302 0.148868486 0.050949997
v -0.041938302 0.148868487 0.065949998
v -0.041833457 0.128519669 0.050949999
v -0.041833457 0.12851967 0.06595
v -0.041685853 0.147205218 0.065949998
v -0.041685852 0.147205217 0.050949998
v -0.039453845 0.166017689 0.065949997
v -0.039453844 0.166017687 0.050949996
v -0.038067775 0.165621586 0.065949997
v -0.038067774 0.165621585 0.050949996
v -0.037026484 0.164624697 0.050949996
v -0.037026484 0.164624699 0.065949997
v -0.036570406 0.163257189 0.050949996
v -0.036570406 0.163257191 0.065949997
v -0.035685106 0.150988407 0.065949998
v -0.035685105 0.150988405 0.050949997
v -0.035649133 0.151157718 0.065949998
v -0.035649132 0.151157717 0.050949997
v -0.035636628 0.151503115 0.050949997
v -0.035636628 0.151503116 0.065949998
v -0.035632898 0.151330051 0.065949998
v -0.035632897 0.15133005 0.050949997
f 86 85 82
f 82 81 76
f 85 81 82
f 81 75 76
f 76 73 74
f 75 73 76
f 619 613 618
f 618 613 614
f 614 609 610
f 613 609 614
f 610 606 605
f 609 606 610
f 256 272 255
f 255 272 271
f 271 286 285
f 272 286 271
f 285 282 281
f 286 282 285
f 281 262 261
f 261 262 249
f 282 262 281
f 262 250 249
f 249 228 227
f 250 228 249
f 818 836 817
f 817 836 835
f 835 842 841
f 836 842 835
f 841 840 839
f 842 840 841
f 839 830 829
f 840 830 839
f 829 804 803
f 830 804 829
f 803 780 779
f 804 780 803
f 810 832 809
f 809 832 831
f 831 838 837
f 832 838 831
f 837 834 833
f 838 834 837
f 833 824 823
f 834 824 833
f 823 798 797
f 824 798 823
f 797 770 769
f 798 770 797
f 698 718 697
f 697 718 717
f 717 730 729
f 718 730 717
f 729 726 725
f 730 726 729
f 725 710 709
f 726 710 725
f 709 686 685
f 710 686 709
f 685 658 657
f 686 658 685
f 567 590 568
f 568 590 589
f 589 600 599
f 590 600 589
f 599 597 598
f 600 597 599
f 598 581 582
f 597 581 598
f 582 556 555
f 581 556 582
f 555 530 529
f 556 530 555
f 462 488 461
f 461 488 487
f 487 494 493
f 488 494 487
f 493 490 489
f 494 490 493
f 489 478 477
f 490 478 489
f 477 446 445
f 478 446 477
f 445 411 412
f 446 411 445
f 472 491 471
f 471 491 492
f 492 500 499
f 491 500 492
f 499 496 495
f 500 496 499
f 495 485 486
f 496 485 495
f 486 454 453
f 485 454 486
f 453 424 423
f 454 424 453
f 586 602 585
f 585 602 601
f 601 608 607
f 602 608 601
f 607 604 603
f 608 604 607
f 603 596 595
f 604 596 603
f 595 570 569
f 596 570 595
f 569 546 545
f 570 546 569
f 714 732 713
f 713 732 731
f 731 736 735
f 732 736 731
f 735 733 734
f 736 733 735
f 734 723 724
f 733 723 734
f 724 700 699
f 723 700 724
f 699 676 675
f 700 676 699
f 121 135 122
f 122 135 136
f 136 155 156
f 135 155 136
f 156 159 160
f 160 159 165
f 155 159 156
f 165 166 158
f 159 166 165
f 166 157 158
f 158 147 148
f 157 147 158
f 211 245 212
f 212 245 246
f 246 279 280
f 245 279 246
f 280 301 302
f 302 301 304
f 279 301 280
f 304 303 292
f 301 303 304
f 303 291 292
f 292 259 260
f 291 259 292
f 293 329 294
f 294 329 330
f 330 366 367
f 329 366 330
f 367 403 404
f 404 403 418
f 366 403 367
f 418 417 392
f 403 417 418
f 417 391 392
f 392 343 344
f 391 343 392
f 68 98 67
f 67 98 97
f 97 140 139
f 98 140 97
f 139 126 125
f 125 126 77
f 140 126 139
f 126 78 77
f 77 56 55
f 78 56 77
f 55 32 31
f 56 32 55
f 571 636 572
f 572 636 635
f 738 737 744
f 635 737 738
f 636 737 635
f 737 743 744
f 744 771 772
f 743 771 744
f 740 739 671
f 772 739 740
f 771 739 772
f 739 672 671
f 848 847 845
f 848 843 847
f 848 844 843
f 846 845 766
f 846 848 845
f 765 846 766
f 728 766 727
f 728 765 766
f 64 63 83
f 83 84 116
f 63 84 83
f 116 115 100
f 84 115 116
f 100 99 72
f 115 99 100
f 99 71 72
f 72 52 51
f 71 52 72
f 51 33 34
f 52 33 51
f 331 352 332
f 332 352 351
f 351 363 362
f 352 363 351
f 362 355 356
f 356 355 335
f 363 355 362
f 355 336 335
f 335 323 324
f 324 323 306
f 336 323 335
f 323 305 306
f 252 265 251
f 251 265 266
f 266 274 273
f 265 274 266
f 273 270 269
f 269 270 257
f 274 270 273
f 270 258 257
f 257 242 241
f 241 242 224
f 258 242 257
f 242 223 224
f 142 150 141
f 141 150 149
f 149 153 154
f 150 153 149
f 154 152 151
f 151 152 145
f 153 152 154
f 152 146 145
f 145 133 134
f 134 133 128
f 146 133 145
f 133 127 128
f 706 716 705
f 705 716 715
f 715 716 721
f 721 722 720
f 716 722 721
f 722 719 720
f 720 711 712
f 719 711 720
f 712 695 696
f 696 695 684
f 711 695 712
f 695 683 684
f 578 588 577
f 577 588 587
f 587 588 593
f 593 594 591
f 588 594 593
f 594 592 591
f 591 583 584
f 592 583 591
f 584 565 566
f 566 565 554
f 583 565 584
f 565 553 554
f 457 475 458
f 458 475 476
f 476 475 482
f 482 481 479
f 475 481 482
f 481 480 479
f 479 465 466
f 480 465 479
f 466 448 447
f 447 448 435
f 465 448 466
f 448 436 435
f 452 464 451
f 451 464 463
f 463 464 473
f 473 474 468
f 464 474 473
f 474 467 468
f 468 456 455
f 467 456 468
f 455 441 442
f 442 441 428
f 456 441 455
f 441 427 428
f 559 573 560
f 560 573 574
f 574 573 579
f 579 580 576
f 573 580 579
f 580 575 576
f 576 563 564
f 575 563 576
f 564 551 552
f 552 551 538
f 563 551 564
f 551 537 538
f 689 701 690
f 690 701 702
f 702 701 707
f 707 708 704
f 701 708 707
f 708 703 704
f 704 693 694
f 703 693 704
f 694 682 681
f 681 682 666
f 693 682 694
f 682 665 666
f 802 812 801
f 801 812 811
f 811 812 819
f 819 820 816
f 812 820 819
f 820 815 816
f 816 805 806
f 815 805 816
f 806 794 793
f 793 794 782
f 805 794 806
f 794 781 782
f 807 821 808
f 808 821 822
f 822 821 827
f 827 828 826
f 821 828 827
f 828 825 826
f 826 814 813
f 825 814 826
f 813 800 799
f 799 800 788
f 814 800 813
f 800 787 788
f 320 365 315
f 309 365 320
f 295 365 309
f 190 250 295
f 295 262 365
f 250 262 295
f 365 282 374
f 262 282 365
f 190 228 250
f 374 286 368
f 282 286 374
f 173 218 190
f 190 218 228
f 173 202 218
f 272 349 286
f 286 349 368
f 256 346 272
f 272 346 349
f 202 168 210
f 173 168 202
f 256 341 346
f 210 176 222
f 168 176 210
f 341 199 348
f 222 199 238
f 238 199 256
f 256 199 341
f 176 199 222
f 348 354 361
f 199 354 348
f 361 373 384
f 354 373 361
f 373 390 384
f 390 400 384
f 836 845 842
f 818 766 845
f 818 845 836
f 840 845 847
f 840 842 845
f 792 766 818
f 830 840 847
f 772 754 780
f 772 804 830
f 772 780 804
f 772 830 847
f 740 748 754
f 740 751 748
f 740 761 751
f 740 792 761
f 740 766 792
f 740 754 772
f 832 847 838
f 732 727 766
f 736 732 766
f 843 838 847
f 810 772 847
f 810 847 832
f 834 838 843
f 733 736 766
f 733 766 740
f 714 727 732
f 824 834 843
f 786 772 810
f 723 733 740
f 688 727 714
f 798 824 843
f 756 772 786
f 700 723 740
f 744 756 746
f 744 772 756
f 671 700 740
f 671 676 700
f 742 744 746
f 654 676 671
f 617 727 688
f 617 662 646
f 617 688 662
f 738 750 770
f 738 742 750
f 738 744 742
f 622 644 654
f 622 646 644
f 622 654 671
f 622 617 646
f 730 770 798
f 730 738 770
f 730 718 738
f 608 617 622
f 602 617 608
f 698 738 718
f 726 798 843
f 726 730 798
f 604 608 622
f 586 617 602
f 674 738 698
f 710 726 843
f 558 617 586
f 596 604 622
f 534 617 558
f 635 738 674
f 635 638 642
f 635 640 638
f 635 647 640
f 635 674 647
f 507 526 546
f 507 570 596
f 507 546 570
f 507 596 622
f 503 515 526
f 503 518 515
f 503 534 518
f 503 617 534
f 503 526 507
f 500 491 507
f 600 590 635
f 626 658 686
f 620 658 626
f 620 642 658
f 572 635 590
f 497 500 507
f 597 600 635
f 472 503 507
f 472 507 491
f 567 572 590
f 496 500 497
f 624 686 710
f 624 626 686
f 611 642 620
f 611 597 635
f 611 635 642
f 440 503 472
f 581 597 611
f 544 572 567
f 485 496 497
f 406 503 440
f 556 581 611
f 530 556 611
f 347 503 406
f 347 406 388
f 629 624 710
f 629 616 624
f 470 485 497
f 470 454 485
f 505 572 544
f 505 520 512
f 505 544 520
f 633 629 710
f 633 710 843
f 342 388 383
f 342 347 388
f 618 616 629
f 631 633 843
f 345 342 383
f 350 383 394
f 350 345 383
f 369 394 424
f 369 350 394
f 488 470 505
f 488 505 494
f 375 454 470
f 375 424 454
f 375 369 424
f 614 616 618
f 490 494 505
f 462 470 488
f 364 375 470
f 610 616 614
f 478 490 505
f 434 470 462
f 605 616 610
f 446 478 505
f 396 470 434
f 396 364 470
f 376 364 396
f 371 364 376
f 431 505 512
f 431 530 611
f 431 514 530
f 431 510 514
f 431 512 510
f 431 446 505
f 381 446 431
f 381 386 411
f 381 411 446
f 333 386 381
f 333 371 386
f 326 364 371
f 326 371 333
f 414 605 502
f 414 502 483
f 414 616 605
f 379 414 483
f 363 459 450
f 352 483 459
f 352 459 363
f 352 379 483
f 352 337 379
f 355 450 426
f 355 363 450
f 331 322 337
f 331 337 352
f 336 355 426
f 313 322 331
f 359 336 426
f 323 336 359
f 268 322 313
f 268 313 300
f 318 323 359
f 318 305 323
f 229 268 300
f 229 300 284
f 297 288 305
f 297 305 318
f 263 288 297
f 215 284 277
f 215 229 284
f 213 215 277
f 203 277 288
f 203 213 277
f 195 288 263
f 195 203 288
f 243 195 263
f 184 195 243
f 177 184 243
f 357 631 843
f 274 308 327
f 265 308 274
f 270 327 340
f 270 274 327
f 252 290 308
f 252 308 265
f 235 290 252
f 119 171 177
f 119 161 171
f 119 177 243
f 105 161 119
f 105 164 161
f 150 290 153
f 152 290 235
f 152 153 290
f 152 235 219
f 142 113 150
f 233 258 270
f 233 270 340
f 208 206 223
f 208 194 206
f 208 258 233
f 208 242 258
f 208 223 242
f 146 152 219
f 146 219 197
f 131 113 142
f 225 340 357
f 225 233 340
f 133 146 197
f 124 113 131
f 111 113 124
f 94 194 208
f 94 197 194
f 94 133 197
f 94 127 133
f 90 118 127
f 90 127 94
f 87 118 90
f 86 110 118
f 86 118 87
f 82 111 110
f 82 110 86
f 76 104 113
f 76 113 111
f 76 111 82
f 140 170 187
f 98 143 170
f 98 170 140
f 137 225 357
f 137 187 225
f 137 140 187
f 137 357 843
f 57 76 74
f 57 74 61
f 57 104 76
f 126 140 137
f 68 65 69
f 68 69 143
f 68 143 98
f 49 57 61
f 47 49 61
f 47 61 59
f 78 126 137
f 40 36 37
f 40 37 43
f 40 43 46
f 40 46 47
f 40 65 68
f 40 59 65
f 40 47 59
f 79 78 137
f 29 36 40
f 21 29 40
f 24 21 40
f 56 78 79
f 54 56 79
f 13 21 24
f 8 13 24
f 32 56 54
f 27 32 54
f 3 13 8
f 6 3 8
f 9 32 27
f 9 18 32
f 2 3 6
f 2 18 9
f 2 6 18
f 57 364 105
f 105 364 164
f 164 364 326
f 57 105 104
f 113 290 150
f 822 827 846
f 765 808 846
f 846 808 822
f 846 826 848
f 827 826 846
f 826 813 848
f 765 795 808
f 799 771 813
f 788 771 799
f 778 771 788
f 813 771 848
f 778 739 771
f 767 739 778
f 774 739 767
f 783 739 774
f 795 739 783
f 765 739 795
f 848 819 844
f 848 811 819
f 728 721 765
f 728 715 721
f 771 801 848
f 848 801 811
f 819 816 844
f 728 705 715
f 765 720 739
f 721 720 765
f 816 806 844
f 771 789 801
f 720 712 739
f 728 692 705
f 806 793 844
f 728 680 692
f 771 743 789
f 758 743 764
f 759 743 758
f 775 743 759
f 789 743 775
f 712 672 739
f 696 672 712
f 684 672 696
f 669 672 684
f 664 672 669
f 728 630 680
f 680 630 667
f 793 737 844
f 743 737 764
f 782 737 793
f 764 737 782
f 664 623 672
f 667 623 664
f 630 623 667
f 737 707 844
f 737 702 707
f 630 587 623
f 623 587 593
f 707 704 844
f 737 690 702
f 630 577 587
f 593 591 623
f 704 694 844
f 737 677 690
f 630 561 577
f 591 584 623
f 539 506 535
f 550 506 539
f 561 506 550
f 630 506 561
f 737 636 677
f 650 636 656
f 652 636 650
f 659 636 652
f 677 636 659
f 566 508 584
f 554 508 566
f 542 508 554
f 535 508 542
f 506 508 535
f 584 508 623
f 666 627 681
f 666 621 627
f 636 621 656
f 656 621 666
f 571 579 636
f 574 579 571
f 508 476 498
f 498 476 482
f 627 625 681
f 681 625 694
f 482 479 498
f 571 560 574
f 579 576 636
f 508 458 476
f 576 612 636
f 636 612 621
f 571 548 560
f 576 564 612
f 479 466 498
f 506 399 508
f 458 399 444
f 508 399 458
f 399 389 444
f 571 532 548
f 564 552 612
f 389 429 444
f 466 447 498
f 552 538 612
f 389 372 429
f 416 353 410
f 429 353 416
f 372 353 429
f 625 628 694
f 615 628 625
f 435 469 447
f 447 469 498
f 532 504 524
f 571 504 532
f 628 634 694
f 694 634 844
f 615 619 628
f 634 632 844
f 615 613 619
f 469 463 504
f 504 463 473
f 469 451 463
f 473 468 504
f 615 609 613
f 468 455 504
f 469 438 451
f 615 606 609
f 469 420 438
f 455 442 504
f 421 285 435
f 421 271 285
f 410 271 421
f 353 271 410
f 435 281 469
f 285 281 435
f 353 255 271
f 420 319 401
f 469 310 420
f 420 310 319
f 353 200 255
f 255 200 237
f 407 316 428
f 398 316 407
f 401 316 398
f 319 316 401
f 281 296 469
f 469 296 310
f 261 296 281
f 200 221 237
f 261 249 296
f 527 432 538
f 522 432 527
f 524 432 522
f 442 432 504
f 538 432 612
f 504 432 524
f 428 380 442
f 442 380 432
f 316 380 428
f 200 175 221
f 221 175 209
f 249 189 296
f 227 189 249
f 217 189 227
f 316 334 380
f 175 167 209
f 209 167 201
f 217 174 189
f 167 174 201
f 201 174 217
f 316 325 334
f 615 413 606
f 606 413 501
f 501 391 484
f 378 391 413
f 413 391 501
f 460 417 449
f 484 417 460
f 391 417 484
f 417 403 449
f 338 343 378
f 378 343 391
f 403 425 449
f 338 321 343
f 403 366 425
f 321 311 343
f 366 360 425
f 321 267 311
f 366 329 360
f 267 276 311
f 329 317 360
f 329 293 317
f 267 230 276
f 276 230 247
f 293 298 317
f 293 264 298
f 253 264 293
f 230 216 247
f 247 216 239
f 216 214 239
f 239 204 253
f 214 204 239
f 204 196 253
f 253 244 264
f 253 183 244
f 196 183 253
f 183 178 244
f 632 358 844
f 307 291 328
f 328 303 339
f 291 303 328
f 289 259 307
f 307 259 291
f 339 301 358
f 303 301 339
f 289 231 259
f 178 120 244
f 162 120 172
f 172 120 178
f 157 166 289
f 162 106 120
f 163 106 162
f 231 159 192
f 289 159 231
f 166 159 289
f 157 114 147
f 192 155 182
f 159 155 192
f 114 129 147
f 245 234 279
f 279 234 301
f 245 207 234
f 211 207 245
f 185 207 211
f 234 226 301
f 301 226 358
f 114 108 129
f 182 135 180
f 155 135 182
f 114 95 108
f 103 95 114
f 135 93 180
f 121 93 135
f 121 89 93
f 101 89 121
f 101 88 89
f 101 85 88
f 91 85 101
f 91 81 85
f 103 75 95
f 91 75 81
f 95 75 91
f 169 116 188
f 169 83 116
f 144 83 169
f 226 138 358
f 358 138 844
f 116 138 188
f 188 138 226
f 103 58 75
f 73 58 62
f 75 58 73
f 58 50 62
f 116 100 138
f 144 64 83
f 66 64 70
f 70 64 144
f 50 48 62
f 62 48 60
f 48 45 60
f 35 42 38
f 38 42 44
f 44 42 45
f 66 42 64
f 60 42 66
f 45 42 60
f 138 72 80
f 100 72 138
f 35 30 42
f 30 22 42
f 22 26 42
f 72 51 80
f 51 53 80
f 22 14 26
f 14 15 26
f 51 34 53
f 34 28 53
f 14 4 15
f 4 11 15
f 34 10 28
f 20 10 34
f 4 1 11
f 20 1 10
f 11 1 20
f 316 58 106
f 316 106 163
f 316 163 325
f 106 58 103
f 289 114 157
f 93 207 185
f 93 185 180
f 13 4 14
f 13 3 4
f 787 777 788
f 788 777 778
f 778 768 767
f 777 768 778
f 767 773 774
f 774 773 783
f 768 773 767
f 773 784 783
f 783 796 795
f 784 796 783
f 795 807 808
f 796 807 795
f 781 763 782
f 782 763 764
f 764 757 758
f 763 757 764
f 758 760 759
f 759 760 775
f 757 760 758
f 760 776 775
f 775 790 789
f 776 790 775
f 789 802 801
f 790 802 789
f 665 655 666
f 666 655 656
f 656 649 650
f 655 649 656
f 650 651 652
f 652 651 659
f 649 651 650
f 651 660 659
f 659 678 677
f 660 678 659
f 677 689 690
f 678 689 677
f 537 528 538
f 538 528 527
f 527 521 522
f 528 521 527
f 522 523 524
f 524 523 532
f 521 523 522
f 523 531 532
f 532 547 548
f 531 547 532
f 548 559 560
f 547 559 548
f 427 408 428
f 428 408 407
f 407 397 398
f 408 397 407
f 398 402 401
f 401 402 420
f 397 402 398
f 402 419 420
f 420 437 438
f 419 437 420
f 438 452 451
f 437 452 438
f 436 422 435
f 435 422 421
f 421 409 410
f 422 409 421
f 410 415 416
f 416 415 429
f 409 415 410
f 415 430 429
f 429 443 444
f 430 443 429
f 444 457 458
f 443 457 444
f 553 541 554
f 554 541 542
f 542 536 535
f 541 536 542
f 535 540 539
f 539 540 550
f 536 540 535
f 540 549 550
f 550 562 561
f 549 562 550
f 561 578 577
f 562 578 561
f 683 670 684
f 684 670 669
f 669 663 664
f 670 663 669
f 664 668 667
f 667 668 680
f 663 668 664
f 668 679 680
f 680 691 692
f 679 691 680
f 692 706 705
f 691 706 692
f 127 118 128
f 128 118 117
f 117 110 109
f 118 110 117
f 109 111 112
f 110 111 109
f 112 124 123
f 123 124 132
f 111 124 112
f 124 131 132
f 132 142 141
f 131 142 132
f 223 206 224
f 224 206 205
f 205 194 193
f 206 194 205
f 193 197 198
f 194 197 193
f 198 219 220
f 220 219 236
f 197 219 198
f 219 235 236
f 236 252 251
f 235 252 236
f 305 288 306
f 306 288 287
f 287 277 278
f 288 277 287
f 278 284 283
f 277 284 278
f 283 300 299
f 299 300 314
f 284 300 283
f 300 313 314
f 314 331 332
f 313 331 314
f 33 19 34
f 34 19 20
f 20 12 11
f 19 12 20
f 11 16 15
f 12 16 11
f 15 25 26
f 26 25 42
f 16 25 15
f 25 41 42
f 42 63 64
f 41 63 42
f 137 843 138
f 138 843 844
f 4 3 2
f 1 4 2
f 10 2 9
f 10 1 2
f 28 27 54
f 28 9 27
f 28 10 9
f 53 28 54
f 80 79 137
f 80 54 79
f 80 53 54
f 138 80 137
f 630 728 727
f 630 727 617
f 506 617 503
f 506 630 617
f 400 503 347
f 400 506 503
f 384 400 347
f 361 384 347
f 348 361 347
f 399 506 400
f 672 623 671
f 671 623 622
f 622 508 507
f 623 508 622
f 507 498 497
f 508 498 507
f 497 469 470
f 498 469 497
f 470 504 505
f 469 504 470
f 505 571 572
f 504 571 505
f 115 97 139
f 115 84 97
f 67 97 84
f 63 67 84
f 99 139 125
f 99 115 139
f 41 39 67
f 41 67 63
f 71 125 77
f 71 99 125
f 25 39 41
f 52 71 77
f 23 39 25
f 55 52 77
f 16 23 25
f 31 33 52
f 31 52 55
f 7 23 16
f 12 7 16
f 5 12 19
f 5 7 12
f 17 19 33
f 17 33 31
f 17 5 19
f 32 18 31
f 31 18 17
f 17 6 5
f 18 6 17
f 5 8 7
f 6 8 5
f 7 24 23
f 8 24 7
f 23 40 39
f 24 40 23
f 39 68 67
f 40 68 39
f 324 330 367
f 335 367 404
f 335 324 367
f 356 335 404
f 306 294 330
f 306 330 324
f 362 404 418
f 362 356 404
f 287 254 294
f 287 294 306
f 351 362 418
f 392 351 418
f 240 287 278
f 240 254 287
f 283 240 278
f 344 314 332
f 344 332 351
f 344 351 392
f 248 240 283
f 275 283 299
f 275 248 283
f 312 299 314
f 312 314 344
f 312 275 299
f 343 311 344
f 344 311 312
f 312 276 275
f 311 276 312
f 275 247 248
f 276 247 275
f 248 239 240
f 247 239 248
f 240 253 254
f 254 253 294
f 239 253 240
f 253 293 294
f 241 246 280
f 257 280 302
f 257 241 280
f 224 212 246
f 224 246 241
f 269 257 302
f 205 186 212
f 205 212 224
f 273 302 304
f 273 269 302
f 266 273 304
f 179 205 193
f 179 186 205
f 292 266 304
f 198 179 193
f 251 266 292
f 181 179 198
f 260 251 292
f 191 198 220
f 191 220 236
f 191 181 198
f 232 236 251
f 232 191 236
f 232 251 260
f 259 231 260
f 260 231 232
f 232 192 191
f 231 192 232
f 191 182 181
f 192 182 191
f 181 180 179
f 182 180 181
f 179 185 186
f 186 185 212
f 180 185 179
f 185 211 212
f 134 136 156
f 145 134 156
f 151 156 160
f 151 145 156
f 128 122 136
f 128 136 134
f 165 151 160
f 154 151 165
f 117 102 122
f 117 122 128
f 149 154 165
f 109 102 117
f 158 149 165
f 92 102 109
f 141 149 158
f 148 141 158
f 96 109 112
f 96 92 109
f 107 112 123
f 107 96 112
f 130 123 132
f 130 132 141
f 130 107 123
f 130 141 148
f 147 129 148
f 148 129 130
f 130 108 107
f 129 108 130
f 107 95 96
f 108 95 107
f 96 91 92
f 95 91 96
f 92 101 102
f 102 101 122
f 91 101 92
f 101 121 122
f 722 731 735
f 722 716 731
f 719 735 734
f 719 722 735
f 706 713 731
f 706 731 716
f 724 719 734
f 711 719 724
f 691 687 713
f 691 713 706
f 679 687 691
f 699 695 711
f 699 711 724
f 661 687 679
f 675 683 695
f 675 670 683
f 675 695 699
f 645 679 668
f 645 661 679
f 653 670 675
f 643 668 663
f 643 663 670
f 643 645 668
f 643 670 653
f 676 654 675
f 675 654 653
f 653 644 643
f 654 644 653
f 643 646 645
f 644 646 643
f 645 662 661
f 646 662 645
f 661 688 687
f 662 688 661
f 687 714 713
f 688 714 687
f 588 601 607
f 594 607 603
f 594 588 607
f 578 585 601
f 578 601 588
f 592 594 603
f 562 557 585
f 562 585 578
f 583 603 595
f 583 592 603
f 549 557 562
f 565 583 595
f 533 557 549
f 569 565 595
f 553 565 569
f 517 549 540
f 517 540 536
f 517 533 549
f 545 541 553
f 545 553 569
f 516 517 536
f 525 536 541
f 525 541 545
f 525 516 536
f 546 526 545
f 545 526 525
f 525 515 516
f 526 515 525
f 516 518 517
f 515 518 516
f 517 534 533
f 518 534 517
f 533 558 557
f 534 558 533
f 557 586 585
f 558 586 557
f 475 492 499
f 481 499 495
f 481 475 499
f 457 471 492
f 457 492 475
f 480 481 495
f 443 439 471
f 443 471 457
f 465 495 486
f 465 480 495
f 430 439 443
f 448 465 486
f 405 439 430
f 453 448 486
f 415 405 430
f 387 405 415
f 423 436 448
f 423 448 453
f 382 415 409
f 382 387 415
f 393 409 422
f 393 422 436
f 393 436 423
f 393 382 409
f 424 394 423
f 423 394 393
f 393 383 382
f 394 383 393
f 382 388 387
f 383 388 382
f 387 406 405
f 388 406 387
f 405 440 439
f 406 440 405
f 439 472 471
f 440 472 439
f 464 487 493
f 474 493 489
f 474 464 493
f 452 461 487
f 452 487 464
f 467 474 489
f 456 489 477
f 456 467 489
f 437 433 461
f 437 461 452
f 441 456 477
f 419 433 437
f 445 441 477
f 395 433 419
f 427 441 445
f 402 395 419
f 412 427 445
f 377 395 402
f 370 402 397
f 370 377 402
f 385 397 408
f 385 408 427
f 385 370 397
f 385 427 412
f 411 386 412
f 412 386 385
f 385 371 370
f 386 371 385
f 370 376 377
f 371 376 370
f 377 396 395
f 376 396 377
f 395 434 433
f 396 434 395
f 433 462 461
f 434 462 433
f 580 589 599
f 580 599 598
f 580 573 589
f 575 580 598
f 559 568 589
f 559 589 573
f 582 575 598
f 563 575 582
f 547 543 568
f 547 568 559
f 531 543 547
f 555 551 563
f 555 563 582
f 519 543 531
f 529 537 551
f 529 551 555
f 511 531 523
f 511 519 531
f 513 521 528
f 513 528 537
f 513 537 529
f 509 523 521
f 509 511 523
f 509 521 513
f 530 514 529
f 529 514 513
f 513 510 509
f 514 510 513
f 509 512 511
f 510 512 509
f 511 520 519
f 512 520 511
f 519 544 543
f 520 544 519
f 543 567 568
f 544 567 543
f 701 717 729
f 708 729 725
f 708 701 729
f 703 708 725
f 689 697 717
f 689 717 701
f 693 725 709
f 693 703 725
f 678 673 697
f 678 697 689
f 660 673 678
f 685 682 693
f 685 693 709
f 648 673 660
f 665 682 685
f 651 648 660
f 657 665 685
f 639 648 651
f 637 651 649
f 637 639 651
f 641 649 655
f 641 655 665
f 641 637 649
f 641 665 657
f 658 642 657
f 657 642 641
f 641 638 637
f 642 638 641
f 637 640 639
f 638 640 637
f 639 647 648
f 640 647 639
f 648 674 673
f 647 674 648
f 673 698 697
f 674 698 673
f 812 831 837
f 820 812 837
f 802 809 831
f 802 831 812
f 815 837 833
f 815 820 837
f 790 785 809
f 790 809 802
f 805 833 823
f 805 815 833
f 794 805 823
f 776 785 790
f 797 794 823
f 755 785 776
f 760 755 776
f 769 781 794
f 769 794 797
f 745 760 757
f 745 755 760
f 741 745 757
f 749 757 763
f 749 763 781
f 749 781 769
f 749 741 757
f 770 750 769
f 769 750 749
f 749 742 741
f 750 742 749
f 741 746 745
f 742 746 741
f 745 756 755
f 746 756 745
f 755 786 785
f 756 786 755
f 785 810 809
f 786 810 785
f 821 835 841
f 828 841 839
f 828 821 841
f 807 817 835
f 807 835 821
f 825 828 839
f 796 791 817
f 796 817 807
f 814 839 829
f 814 825 839
f 800 814 829
f 762 796 784
f 762 791 796
f 803 800 829
f 773 762 784
f 752 773 768
f 752 762 773
f 779 787 800
f 779 777 787
f 779 800 803
f 747 768 777
f 747 752 768
f 753 777 779
f 753 747 777
f 780 754 779
f 779 754 753
f 753 748 747
f 754 748 753
f 747 751 752
f 748 751 747
f 752 761 762
f 751 761 752
f 762 792 791
f 761 792 762
f 791 818 817
f 792 818 791
f 315 58 316
f 315 57 58
f 364 315 365
f 364 57 315
f 37 36 35
f 37 35 38
f 43 38 44
f 43 37 38
f 46 44 45
f 46 43 44
f 58 57 50
f 50 49 48
f 57 49 50
f 48 47 45
f 49 47 48
f 47 46 45
f 350 369 349
f 349 369 368
f 368 375 374
f 369 375 368
f 374 364 365
f 375 364 374
f 341 348 347
f 341 347 342
f 346 342 345
f 346 341 342
f 349 345 350
f 349 346 345
f 21 14 22
f 21 13 14
f 29 22 30
f 29 21 22
f 36 30 35
f 36 29 30
f 228 218 227
f 227 218 217
f 217 202 201
f 218 202 217
f 201 210 209
f 202 210 201
f 209 222 221
f 221 222 237
f 210 222 209
f 222 238 237
f 237 256 255
f 238 256 237
f 164 326 163
f 163 326 325
f 431 432 381
f 381 380 333
f 432 380 381
f 380 334 333
f 333 325 326
f 334 325 333
f 432 431 612
f 612 431 611
f 616 615 624
f 624 625 626
f 615 625 624
f 626 627 620
f 625 627 626
f 620 621 611
f 627 621 620
f 621 612 611
f 616 414 615
f 615 414 413
f 321 322 268
f 267 321 268
f 230 268 229
f 230 267 268
f 216 229 215
f 216 230 229
f 164 163 161
f 161 162 171
f 163 162 161
f 162 172 171
f 177 178 184
f 171 178 177
f 172 178 171
f 178 183 184
f 184 196 195
f 183 196 184
f 290 113 114
f 290 114 289
f 119 120 105
f 105 106 104
f 120 106 105
f 104 103 113
f 106 103 104
f 103 114 113
f 119 243 120
f 120 243 244
f 360 317 318
f 360 318 359
f 425 359 426
f 425 360 359
f 449 426 450
f 449 425 426
f 502 606 501
f 502 605 606
f 632 634 631
f 631 634 633
f 633 628 629
f 634 628 633
f 629 619 618
f 628 619 629
f 632 357 358
f 631 357 632
f 289 307 290
f 290 307 308
f 308 328 327
f 307 328 308
f 327 339 340
f 328 339 327
f 340 358 357
f 339 358 340
f 93 89 94
f 94 89 90
f 90 88 87
f 89 88 90
f 87 85 86
f 88 85 87
f 94 208 207
f 94 207 93
f 143 144 170
f 170 169 187
f 144 169 170
f 169 188 187
f 225 226 233
f 187 226 225
f 188 226 187
f 233 234 208
f 226 234 233
f 234 207 208
f 69 70 144
f 69 144 143
f 61 62 59
f 59 60 65
f 62 60 59
f 65 66 69
f 60 66 65
f 66 70 69
f 61 74 73
f 61 73 62
f 215 213 216
f 216 213 214
f 214 203 204
f 204 203 196
f 213 203 214
f 203 195 196
f 322 321 337
f 321 338 337
f 337 378 379
f 379 378 414
f 338 378 337
f 378 413 414
f 317 298 318
f 318 298 297
f 297 264 263
f 298 264 297
f 263 244 243
f 264 244 263
f 501 484 502
f 502 484 483
f 483 484 459
f 484 460 459
f 459 449 450
f 460 449 459
f 173 190 189
f 173 189 174
f 168 174 167
f 168 173 174
f 176 167 175
f 176 168 167
f 199 175 200
f 199 176 175
f 190 295 189
f 189 295 296
f 354 200 353
f 354 199 200
f 353 372 354
f 354 372 373
f 373 389 390
f 372 389 373
f 390 399 400
f 389 399 390
f 296 295 310
f 295 309 310
f 310 320 319
f 309 320 310
f 319 315 316
f 320 315 319
f 1475 1649 1476
f 1476 1649 1650
f 1650 1884 1885
f 1649 1884 1650
f 1885 2044 2045
f 1884 2044 1885
f 2078 2077 1988
f 2045 2077 2078
f 2044 2077 2045
f 1988 1987 1772
f 2077 1987 1988
f 1987 1771 1772
f 1480 1646 1493
f 1480 1648 1646
f 1648 1864 1646
f 1648 1878 1864
f 1878 2013 1864
f 1878 2036 2013
f 2036 2054 2013
f 2036 2067 2054
f 2054 1983 1976
f 2067 1983 2054
f 1976 1768 1756
f 1983 1768 1976
f 1502 1644 1503
f 1503 1644 1645
f 1645 1850 1851
f 1644 1850 1645
f 1851 1991 1992
f 1850 1991 1851
f 2023 2022 1968
f 1992 2022 2023
f 1991 2022 1992
f 2022 1967 1968
f 1968 1744 1745
f 1967 1744 1968
f 1596 1780 1775
f 1595 1780 1596
f 1351 1595 1596
f 1326 1595 1351
f 1196 1326 1351
f 1181 1326 1196
f 1135 1196 1163
f 1135 1181 1196
f 1243 1163 1252
f 1243 1135 1163
f 1463 1252 1470
f 1463 1243 1252
f 1747 1753 1746
f 1747 1750 1753
f 1737 1746 1736
f 1737 1747 1746
f 1726 1736 1725
f 1726 1737 1736
f 1437 1460 1436
f 1437 1461 1460
f 1408 1436 1407
f 1408 1437 1436
f 1389 1407 1388
f 1389 1408 1407
f 1066 1065 1055
f 1066 1088 1065
f 1066 1085 1088
f 1056 1066 1055
f 1040 1055 1039
f 1040 1056 1055
f 1572 1566 1571
f 1571 1566 1565
f 1565 1556 1555
f 1566 1556 1565
f 1555 1552 1551
f 1556 1552 1555
f 2035 2021 2034
f 2034 2021 2020
f 2020 2015 2014
f 2021 2015 2020
f 2014 2004 2003
f 2015 2004 2014
f 1675 1666 1676
f 1676 1666 1665
f 1665 1661 1662
f 1666 1661 1665
f 1662 1655 1656
f 1661 1655 1662
f 1211 1210 1199
f 1210 1198 1199
f 1199 1186 1187
f 1198 1186 1199
f 1187 1174 1171
f 1186 1174 1187
f 1535 1536 1533
f 1532 1533 1526
f 1532 1535 1533
f 1525 1526 1521
f 1525 1532 1526
f 1522 1525 1521
f 2233 2239 2234
f 2233 2238 2239
f 2225 2234 2226
f 2225 2233 2234
f 2210 2226 2209
f 2210 2225 2226
f 1102 1127 1101
f 1101 1127 1126
f 1126 1154 1155
f 1127 1154 1126
f 1140 1141 1117
f 1155 1141 1140
f 1154 1141 1155
f 1141 1118 1117
f 1117 1091 1092
f 1118 1091 1117
f 1092 1064 1063
f 1091 1064 1092
f 1089 1111 1090
f 1090 1111 1112
f 1112 1122 1121
f 1111 1122 1112
f 1120 1119 1098
f 1121 1119 1120
f 1122 1119 1121
f 1119 1097 1098
f 1098 1072 1071
f 1097 1072 1098
f 1071 1048 1047
f 1072 1048 1071
f 1439 1449 1438
f 1438 1449 1448
f 1448 1464 1465
f 1449 1464 1448
f 1454 1455 1445
f 1465 1455 1454
f 1464 1455 1465
f 1455 1444 1445
f 1445 1422 1421
f 1444 1422 1445
f 1421 1403 1402
f 1422 1403 1421
f 1808 1825 1809
f 1809 1825 1826
f 1826 1837 1838
f 1825 1837 1826
f 1831 1832 1818
f 1838 1832 1831
f 1837 1832 1838
f 1832 1817 1818
f 1818 1797 1796
f 1817 1797 1818
f 1796 1777 1776
f 1797 1777 1796
f 2185 2205 2186
f 2186 2205 2206
f 2206 2213 2214
f 2205 2213 2206
f 2212 2211 2196
f 2214 2211 2212
f 2213 2211 2214
f 2211 2195 2196
f 2196 2170 2169
f 2195 2170 2196
f 2169 2148 2147
f 2170 2148 2169
f 2201 2221 2202
f 2202 2221 2222
f 2222 2232 2231
f 2221 2232 2222
f 2227 2228 2208
f 2231 2228 2227
f 2232 2228 2231
f 2228 2207 2208
f 2208 2188 2187
f 2207 2188 2208
f 2187 2159 2160
f 2188 2159 2187
f 1841 1855 1840
f 1840 1855 1854
f 1854 1860 1861
f 1855 1860 1854
f 1859 1858 1845
f 1861 1858 1859
f 1860 1858 1861
f 1858 1844 1845
f 1845 1827 1828
f 1844 1827 1845
f 1828 1805 1804
f 1827 1805 1828
f 1467 1482 1466
f 1466 1482 1481
f 1481 1494 1495
f 1482 1494 1481
f 1492 1491 1471
f 1495 1491 1492
f 1494 1491 1495
f 1491 1472 1471
f 1471 1451 1450
f 1472 1451 1471
f 1450 1435 1434
f 1451 1435 1450
f 1735 1781 1780
f 1699 1735 1780
f 1669 1780 1595
f 1669 1699 1780
f 1592 1669 1595
f 1529 1592 1595
f 1639 1668 1669
f 1427 1595 1326
f 1427 1529 1595
f 1617 1669 1592
f 1617 1639 1669
f 1591 1617 1592
f 1330 1427 1326
f 1251 1326 1181
f 1251 1330 1326
f 1197 1251 1181
f 1281 1329 1330
f 1164 1197 1181
f 1266 1330 1251
f 1266 1281 1330
f 1250 1266 1251
f 1153 1181 1135
f 1153 1164 1181
f 1139 1153 1135
f 1160 1139 1135
f 1134 1152 1153
f 1188 1160 1135
f 1188 1135 1243
f 1124 1134 1153
f 1124 1153 1139
f 1138 1124 1139
f 1242 1188 1243
f 1303 1243 1463
f 1303 1242 1243
f 1366 1303 1463
f 1404 1366 1463
f 1462 1404 1463
f 1263 1241 1242
f 1278 1242 1303
f 1278 1263 1242
f 1302 1278 1303
f 2280 2241 2279
f 2279 2241 2242
f 2242 2215 2216
f 2241 2215 2242
f 2216 2229 2230
f 2215 2229 2216
f 2230 2249 2250
f 2229 2249 2230
f 2361 2362 2343
f 2364 2362 2363
f 2363 2362 2361
f 2362 2344 2343
f 2343 2330 2329
f 2344 2330 2343
f 2329 2332 2331
f 2330 2332 2329
f 2331 2346 2345
f 2332 2346 2331
f 2345 2368 2367
f 2346 2368 2345
f 2359 2360 2349
f 2375 2360 2376
f 2376 2360 2359
f 2349 2350 2340
f 2360 2350 2349
f 2350 2339 2340
f 2340 2354 2353
f 2339 2354 2340
f 2353 2374 2373
f 2354 2374 2353
f 2373 2386 2385
f 2374 2386 2373
f 2300 2325 2299
f 2300 2326 2325
f 880 879 867
f 868 880 867
f 1006 995 1005
f 1005 995 996
f 1245 1215 1244
f 1244 1215 1214
f 1483 1484 1473
f 1484 1474 1473
f 1473 1469 1468
f 1474 1469 1473
f 1468 1457 1456
f 1469 1457 1468
f 1456 1429 1428
f 1457 1429 1456
f 1642 1643 1635
f 1643 1636 1635
f 1635 1631 1632
f 1636 1631 1635
f 1632 1625 1624
f 1631 1625 1632
f 1624 1621 1620
f 1625 1621 1624
f 2061 2039 2060
f 2060 2039 2038
f 2038 2019 2018
f 2039 2019 2038
f 2018 2017 2016
f 2019 2017 2018
f 2016 2029 2028
f 2017 2029 2016
f 1863 1843 1862
f 1862 1843 1842
f 1842 1824 1823
f 1843 1824 1842
f 1823 1811 1810
f 1824 1811 1823
f 1810 1813 1812
f 1811 1813 1810
f 1898 1939 1897
f 1898 1938 1939
f 1869 1897 1870
f 1869 1898 1897
f 1856 1870 1857
f 1856 1869 1870
f 1479 1647 1480
f 1480 1647 1648
f 1648 1877 1878
f 1647 1877 1648
f 1878 2037 2036
f 1877 2037 1878
f 2067 2068 1983
f 2036 2068 2067
f 2037 2068 2036
f 2068 1982 1983
f 1983 1767 1768
f 1982 1767 1983
f 1767 1599 1768
f 1768 1599 1600
f 1600 1367 1368
f 1599 1367 1600
f 1368 1208 1209
f 1367 1208 1368
f 1180 1179 1264
f 1209 1179 1180
f 1208 1179 1209
f 1179 1265 1264
f 1264 1479 1480
f 1265 1479 1264
f 2319 2315 2327
f 2361 2343 2366
f 2189 2216 2230
f 2335 2282 2345
f 2327 2282 2335
f 2315 2259 2327
f 2327 2259 2282
f 2305 2259 2315
f 2282 2308 2345
f 2345 2308 2331
f 2305 2237 2259
f 2279 2237 2305
f 2308 2312 2331
f 2331 2312 2329
f 2279 2223 2237
f 2242 2223 2279
f 2100 2088 2155
f 2242 2192 2223
f 2216 2192 2242
f 2312 2293 2329
f 2329 2293 2343
f 2088 2075 2155
f 2371 2353 2373
f 2343 2264 2366
f 2293 2264 2343
f 2189 2161 2216
f 2216 2161 2192
f 2016 1989 2018
f 2349 2357 2359
f 2264 2180 2366
f 2189 2073 2161
f 2357 2302 2351
f 1974 1949 1989
f 2349 2276 2357
f 2357 2276 2302
f 1949 1956 1989
f 1989 1956 2018
f 2047 2021 2035
f 2351 2288 2337
f 2337 2288 2321
f 2302 2288 2351
f 1974 1937 1949
f 1934 1937 1960
f 1960 1937 1974
f 2073 2015 2059
f 2059 2015 2047
f 2047 2015 2021
f 2340 2254 2349
f 2349 2254 2276
f 1956 1953 2018
f 2018 1953 2038
f 2118 2111 2146
f 2146 2111 2180
f 2073 2004 2015
f 1934 1894 1937
f 2111 2125 2180
f 2180 2125 2366
f 2371 2125 2353
f 2366 2125 2371
f 2189 1985 2073
f 2073 1985 2004
f 2060 1985 2075
f 2155 1985 2189
f 2075 1985 2155
f 1894 1872 1937
f 1862 1872 1894
f 2321 2270 2286
f 2288 2270 2321
f 2353 2115 2340
f 2125 2115 2353
f 2060 1970 1985
f 2038 1970 2060
f 2340 2165 2254
f 1953 1912 2038
f 1842 1834 1862
f 1862 1834 1872
f 2286 2245 2273
f 2270 2245 2286
f 2115 2097 2340
f 2340 2097 2165
f 2038 1945 1970
f 1912 1945 2038
f 1912 1902 1945
f 2165 2103 2133
f 2097 2103 2165
f 1902 1920 1945
f 1769 1784 1810
f 1810 1784 1823
f 1823 1784 1842
f 1842 1784 1834
f 2273 2218 2291
f 2291 2218 2261
f 2245 2218 2273
f 1769 1761 1784
f 2218 2198 2261
f 1769 1728 1761
f 2198 2236 2261
f 1728 1740 1761
f 2198 2175 2236
f 1728 1689 1740
f 1704 1689 1728
f 1740 1689 1730
f 2140 2153 2175
f 2236 2153 2204
f 2175 2153 2236
f 1689 1663 1730
f 1730 1663 1707
f 2140 2092 2153
f 2062 2092 2140
f 1707 1684 1701
f 1663 1667 1707
f 1707 1667 1684
f 2062 1997 2092
f 2009 1997 2043
f 2043 1997 2062
f 1624 1611 1632
f 1632 1611 1635
f 2081 2056 2079
f 1663 1638 1667
f 1642 1638 1663
f 2092 1979 2081
f 1997 1979 2092
f 1587 1616 1611
f 1635 1616 1642
f 1611 1616 1635
f 1642 1616 1638
f 2056 1965 2026
f 1979 1965 2081
f 2081 1965 2056
f 2026 1977 2000
f 1567 1549 1587
f 1594 1582 1584
f 1582 1566 1572
f 1582 1556 1566
f 1582 1552 1556
f 1587 1552 1616
f 1616 1552 1594
f 1594 1552 1582
f 1549 1534 1587
f 1587 1534 1552
f 1965 1881 2026
f 1874 1881 1887
f 1887 1881 1916
f 1916 1881 1965
f 1881 1928 2026
f 2026 1928 1977
f 1549 1528 1534
f 1523 1528 1549
f 1977 1932 1962
f 1928 1932 1977
f 1523 1514 1528
f 1932 1907 1962
f 1907 1940 1962
f 1523 1483 1514
f 1483 1497 1514
f 1473 1497 1483
f 1907 1890 1940
f 1890 1905 1940
f 1473 1440 1497
f 1468 1440 1473
f 1890 1848 1905
f 1456 1415 1468
f 1468 1415 1440
f 1848 1865 1905
f 1415 1379 1440
f 1379 1398 1440
f 1865 1801 1829
f 1848 1801 1865
f 1379 1339 1398
f 1801 1787 1829
f 1339 1352 1398
f 1801 1750 1787
f 1339 1307 1352
f 1747 1748 1750
f 1750 1748 1787
f 1747 1737 1748
f 1307 1336 1352
f 1307 1284 1336
f 1336 1284 1314
f 1737 1716 1748
f 1715 1716 1724
f 1724 1716 1726
f 1726 1716 1737
f 1363 1328 1370
f 1370 1328 1357
f 1674 1654 1688
f 1688 1654 1696
f 1314 1269 1318
f 1284 1269 1314
f 1715 1693 1716
f 1711 1693 1715
f 1363 1283 1328
f 1654 1627 1696
f 1318 1218 1363
f 1363 1218 1283
f 1246 1218 1269
f 1269 1218 1318
f 1711 1659 1693
f 1693 1659 1679
f 1627 1659 1696
f 1696 1659 1711
f 1218 1189 1283
f 1627 1633 1659
f 1283 1165 1268
f 1189 1165 1283
f 1167 1165 1189
f 1633 1606 1618
f 1627 1606 1633
f 1608 1606 1627
f 1560 1545 1578
f 1268 1156 1249
f 1165 1156 1268
f 1608 1585 1606
f 1578 1585 1608
f 1249 1183 1236
f 1236 1183 1206
f 1156 1183 1249
f 1545 1541 1578
f 1578 1541 1585
f 1095 1108 1156
f 1156 1108 1183
f 1585 1516 1563
f 1541 1516 1585
f 1095 1075 1108
f 1516 1505 1563
f 1045 1011 1095
f 1095 1011 1075
f 1563 1519 1542
f 1505 1519 1563
f 1011 1050 1075
f 1505 1488 1519
f 1050 985 1031
f 1011 985 1050
f 1461 1477 1488
f 1488 1477 1519
f 1114 1151 1144
f 1325 1301 1344
f 1114 1084 1151
f 1301 1331 1344
f 985 955 1031
f 1461 1432 1477
f 1031 971 1004
f 955 971 1031
f 1461 1411 1432
f 1408 1411 1437
f 1437 1411 1461
f 1004 961 974
f 971 961 1004
f 1408 1382 1411
f 1373 1382 1389
f 1389 1382 1408
f 961 931 974
f 974 931 958
f 1373 1341 1382
f 1309 1341 1350
f 1350 1341 1373
f 931 915 958
f 1309 1286 1341
f 1123 1069 1137
f 1137 1069 1131
f 1131 1069 1103
f 1193 1173 1220
f 1220 1173 1240
f 1240 1173 1262
f 958 901 947
f 915 901 958
f 1297 1272 1309
f 1309 1272 1286
f 947 895 969
f 901 895 947
f 1288 1257 1297
f 1297 1257 1272
f 969 903 993
f 895 903 969
f 1293 1226 1288
f 1288 1226 1257
f 895 893 903
f 1226 1228 1257
f 1084 913 1151
f 993 913 1084
f 1151 913 1133
f 903 913 993
f 1293 1200 1226
f 1301 1200 1331
f 1277 1200 1301
f 1331 1200 1293
f 913 899 1133
f 1133 899 1123
f 1277 1176 1200
f 1262 1176 1277
f 899 883 1123
f 881 883 899
f 1176 1093 1148
f 1262 1093 1176
f 954 923 938
f 1024 1013 1040
f 1040 1013 1056
f 1056 1013 1066
f 954 909 923
f 979 909 954
f 1066 1033 1085
f 1013 1033 1066
f 1069 889 979
f 883 889 1123
f 979 889 909
f 1123 889 1069
f 1262 1059 1093
f 1085 1059 1173
f 1033 1059 1085
f 1173 1059 1262
f 938 922 942
f 923 922 938
f 1024 983 1013
f 1008 983 1016
f 1016 983 1024
f 889 891 909
f 1033 1019 1059
f 942 907 966
f 922 907 942
f 1008 933 983
f 989 933 1008
f 989 925 933
f 966 917 989
f 907 917 966
f 989 917 925
f 963 944 964
f 963 943 944
f 990 964 987
f 990 963 964
f 1009 987 1010
f 1009 990 987
f 1374 1311 1375
f 1374 1310 1311
f 1409 1375 1410
f 1409 1374 1375
f 1458 1410 1459
f 1458 1409 1410
f 1802 1752 1803
f 1802 1751 1752
f 1849 1803 1846
f 1849 1802 1803
f 1891 1846 1892
f 1891 1849 1846
f 2246 2220 2243
f 2246 2219 2220
f 2271 2243 2272
f 2271 2246 2243
f 2289 2272 2290
f 2289 2271 2272
f 2283 2310 2284
f 2283 2309 2310
f 2260 2284 2257
f 2260 2283 2284
f 2238 2257 2239
f 2238 2260 2257
f 1835 1856 1857
f 1835 1857 1836
f 1806 1836 1807
f 1806 1835 1836
f 1785 1807 1782
f 1785 1806 1807
f 1441 1498 1499
f 1441 1499 1442
f 1399 1442 1396
f 1399 1441 1442
f 1353 1396 1354
f 1353 1399 1396
f 1199 1188 1211
f 1187 1188 1199
f 1171 1188 1187
f 1231 1188 1242
f 1225 1188 1231
f 1211 1188 1225
f 1058 1072 1087
f 1026 1072 1058
f 1010 1072 1026
f 1087 1097 1171
f 1072 1097 1087
f 1010 1048 1072
f 1171 1119 1188
f 1097 1119 1171
f 1010 987 1048
f 987 1028 1048
f 1119 1122 1188
f 987 1018 1028
f 1122 1111 1188
f 987 964 1018
f 964 1022 1018
f 1089 1160 1111
f 1111 1160 1188
f 1022 944 1042
f 964 944 1022
f 944 940 1042
f 940 952 1042
f 1042 981 1061
f 952 981 1042
f 1061 1067 1089
f 981 1067 1061
f 1089 1067 1160
f 1067 1105 1160
f 1105 1129 1160
f 1129 1139 1160
f 1410 1422 1459
f 1507 1444 1518
f 1490 1444 1507
f 1459 1444 1490
f 1422 1444 1459
f 1518 1455 1539
f 1444 1455 1518
f 1375 1403 1410
f 1410 1403 1422
f 1455 1464 1539
f 1375 1390 1403
f 1562 1548 1580
f 1547 1548 1562
f 1375 1311 1390
f 1311 1384 1390
f 1311 1299 1384
f 1539 1512 1547
f 1449 1512 1464
f 1464 1512 1539
f 1547 1512 1548
f 1299 1290 1384
f 1384 1295 1386
f 1290 1295 1384
f 1439 1462 1449
f 1418 1462 1439
f 1449 1462 1512
f 1400 1404 1418
f 1418 1404 1462
f 1386 1333 1400
f 1295 1333 1386
f 1400 1333 1404
f 1333 1346 1404
f 1346 1366 1404
f 1346 1323 1366
f 1323 1303 1366
f 1803 1797 1846
f 1846 1797 1817
f 1846 1832 1892
f 1817 1832 1846
f 1752 1777 1803
f 1803 1777 1797
f 1930 1837 1926
f 1909 1837 1930
f 1892 1837 1909
f 1832 1837 1892
f 1734 1766 1752
f 1722 1766 1734
f 1713 1766 1722
f 1752 1766 1777
f 1837 1825 1926
f 1713 1755 1766
f 1808 1883 1825
f 1825 1883 1926
f 1755 1698 1758
f 1713 1698 1755
f 1883 1816 1876
f 1774 1816 1793
f 1793 1816 1808
f 1808 1816 1883
f 1692 1720 1698
f 1682 1720 1692
f 1758 1720 1774
f 1698 1720 1758
f 1774 1720 1816
f 1682 1676 1720
f 1816 1889 1876
f 1676 1665 1720
f 1665 1662 1720
f 1816 1918 1889
f 1656 1720 1662
f 2200 2170 2220
f 2173 2170 2200
f 2142 2170 2173
f 2220 2195 2243
f 2170 2195 2220
f 2064 2148 2142
f 2142 2148 2170
f 2243 2211 2272
f 2195 2211 2243
f 2064 2123 2148
f 2211 2213 2272
f 2213 2290 2272
f 2213 2205 2290
f 2205 2304 2290
f 2041 2048 2064
f 2011 2048 2041
f 1999 2048 2011
f 2123 2048 2095
f 2095 2048 2109
f 2064 2048 2123
f 2205 2278 2304
f 2185 2256 2205
f 2205 2256 2278
f 2109 2083 2132
f 2132 2083 2157
f 2048 2083 2109
f 2157 2167 2185
f 2083 2167 2157
f 2185 2167 2256
f 2083 2135 2167
f 2083 2105 2135
f 2083 2099 2105
f 2144 2087 2182
f 2120 2087 2144
f 2113 2087 2120
f 2314 2207 2310
f 2295 2207 2314
f 2266 2207 2295
f 2182 2188 2266
f 2266 2188 2207
f 2207 2228 2310
f 2087 2159 2182
f 2182 2159 2188
f 2228 2284 2310
f 2087 2138 2159
f 2228 2232 2284
f 2087 2128 2138
f 2232 2221 2284
f 2221 2257 2284
f 2221 2201 2257
f 2128 2057 2130
f 2087 2057 2128
f 2178 2239 2201
f 2201 2239 2257
f 2178 2234 2239
f 2178 2226 2234
f 2178 2209 2226
f 2178 2194 2209
f 2178 2184 2194
f 2152 2163 2178
f 2178 2163 2184
f 2130 2071 2152
f 2057 2071 2130
f 2152 2071 2163
f 2057 2053 2071
f 2057 2025 2053
f 2057 2006 2025
f 1947 1879 1922
f 1879 1904 1922
f 1904 1839 1914
f 1879 1839 1904
f 1839 1844 1914
f 1781 1827 1839
f 1839 1827 1844
f 1914 1858 1955
f 1844 1858 1914
f 1781 1805 1827
f 1735 1795 1781
f 1781 1795 1805
f 1958 1860 1951
f 1955 1860 1958
f 1858 1860 1955
f 1860 1939 1951
f 1735 1778 1795
f 1855 1897 1860
f 1860 1897 1939
f 1699 1703 1735
f 1686 1703 1699
f 1699 1669 1686
f 1841 1870 1855
f 1855 1870 1897
f 1778 1709 1788
f 1735 1709 1778
f 1703 1709 1735
f 1841 1857 1870
f 1841 1836 1857
f 1822 1836 1841
f 1822 1807 1836
f 1799 1807 1822
f 1788 1732 1799
f 1709 1732 1788
f 1799 1782 1807
f 1732 1742 1799
f 1742 1759 1799
f 1799 1759 1782
f 1592 1529 1574
f 1359 1427 1330
f 1529 1558 1574
f 1359 1372 1427
f 1529 1554 1558
f 1372 1365 1427
f 1427 1472 1529
f 1427 1451 1472
f 1472 1491 1529
f 1529 1491 1554
f 1365 1435 1427
f 1427 1435 1451
f 1491 1494 1554
f 1365 1420 1435
f 1482 1536 1494
f 1494 1536 1554
f 1420 1316 1405
f 1365 1316 1420
f 1482 1533 1536
f 1316 1312 1405
f 1482 1526 1533
f 1482 1521 1526
f 1312 1338 1405
f 1482 1511 1521
f 1482 1501 1511
f 1467 1499 1482
f 1482 1499 1501
f 1405 1354 1414
f 1338 1354 1405
f 1467 1442 1499
f 1447 1442 1467
f 1447 1396 1442
f 1414 1396 1425
f 1425 1396 1447
f 1354 1396 1414
f 2268 2248 2247
f 2268 2247 2267
f 2298 2297 2317
f 2298 2267 2297
f 2298 2268 2267
f 2318 2298 2317
f 2383 2380 2379
f 2383 2379 2384
f 2388 2387 2389
f 2388 2384 2387
f 2388 2383 2384
f 2390 2388 2389
f 2402 2400 2399
f 2402 2399 2401
f 2404 2403 2405
f 2404 2401 2403
f 2404 2402 2401
f 2406 2404 2405
f 2396 2398 2397
f 2396 2397 2395
f 2394 2393 2391
f 2394 2395 2393
f 2394 2396 2395
f 2392 2394 2391
f 2348 2356 2355
f 2348 2355 2347
f 2334 2333 2325
f 2334 2347 2333
f 2334 2348 2347
f 2326 2334 2325
f 2107 2150 2149
f 2107 2149 2106
f 2086 2085 2069
f 2086 2106 2085
f 2086 2107 2106
f 2070 2086 2069
f 1899 1943 1942
f 1899 1942 1900
f 1868 1900 1867
f 1868 1899 1900
f 1853 1867 1852
f 1853 1868 1867
f 1658 1672 1671
f 1658 1671 1657
f 1641 1640 1629
f 1641 1657 1640
f 1641 1658 1657
f 1630 1641 1629
f 1486 1509 1508
f 1486 1508 1485
f 1453 1452 1424
f 1453 1485 1452
f 1453 1486 1485
f 1423 1453 1424
f 1238 1254 1253
f 1238 1253 1237
f 1213 1212 1194
f 1213 1237 1212
f 1213 1238 1237
f 1195 1213 1194
f 978 1000 999
f 978 999 977
f 950 949 935
f 950 977 949
f 950 978 977
f 936 950 935
f 874 878 877
f 874 877 873
f 870 869 865
f 870 873 869
f 870 874 873
f 866 870 865
f 854 856 855
f 854 855 853
f 852 851 849
f 852 853 851
f 852 854 853
f 850 852 849
f 860 858 857
f 860 857 859
f 862 861 863
f 862 859 861
f 862 860 859
f 864 862 863
f 906 898 897
f 906 897 905
f 920 919 927
f 920 905 919
f 920 906 905
f 928 920 927
f 1143 1100 1099
f 1143 1099 1142
f 1162 1161 1177
f 1162 1142 1161
f 1162 1143 1142
f 1178 1162 1177
f 1348 1305 1304
f 1348 1304 1347
f 1378 1377 1392
f 1378 1347 1377
f 1378 1348 1347
f 1393 1378 1392
f 1590 1576 1575
f 1590 1575 1589
f 1605 1604 1613
f 1605 1589 1604
f 1605 1590 1589
f 1614 1605 1613
f 2001 1978 2027
f 1660 1694 1680
f 1866 1849 1906
f 1866 1802 1849
f 1786 1802 1830
f 1830 1802 1866
f 1849 1891 1906
f 1906 1891 1941
f 1786 1751 1802
f 1749 1751 1786
f 1891 1908 1941
f 1941 1908 1963
f 1749 1733 1751
f 1717 1733 1749
f 1908 1933 1963
f 1963 1933 1978
f 1717 1721 1733
f 1694 1721 1717
f 2055 2082 2080
f 1619 1607 1634
f 1978 1929 2027
f 1933 1929 1978
f 1660 1712 1694
f 1694 1712 1721
f 2154 2235 2203
f 1543 1520 1564
f 1929 1882 2027
f 1660 1697 1712
f 1697 1681 1691
f 1697 1675 1681
f 2235 2199 2262
f 1478 1489 1520
f 2154 2176 2235
f 2235 2176 2199
f 1520 1506 1564
f 1489 1506 1520
f 1697 1666 1675
f 2262 2219 2292
f 2292 2219 2274
f 2199 2219 2262
f 1478 1458 1489
f 1412 1458 1433
f 1433 1458 1478
f 1697 1661 1666
f 2154 2141 2176
f 2093 2141 2154
f 1506 1517 1564
f 1564 1517 1586
f 1875 1917 1882
f 1888 1917 1875
f 1697 1655 1661
f 1882 1966 2027
f 1917 1966 1882
f 2055 1966 2082
f 2027 1966 2055
f 1660 1628 1697
f 1697 1628 1655
f 1634 1628 1660
f 1607 1628 1634
f 2274 2246 2285
f 2219 2246 2274
f 1412 1409 1458
f 1383 1409 1412
f 1966 1980 2082
f 2082 1980 2093
f 1607 1609 1628
f 1586 1609 1607
f 2093 2063 2141
f 1517 1538 1586
f 2285 2271 2322
f 2246 2271 2285
f 1383 1374 1409
f 1342 1374 1383
f 2093 1998 2063
f 1980 1998 2093
f 1586 1579 1609
f 1538 1579 1586
f 2063 2010 2040
f 1998 2010 2063
f 1546 1561 1538
f 1538 1561 1579
f 2322 2289 2338
f 2338 2289 2352
f 2271 2289 2322
f 1273 1310 1287
f 1287 1310 1342
f 1342 1310 1374
f 2289 2303 2352
f 1273 1298 1310
f 2303 2358 2352
f 1273 1258 1298
f 2303 2277 2358
f 1258 1289 1298
f 2358 2350 2360
f 2277 2350 2358
f 2255 2350 2277
f 1289 1227 1294
f 1229 1227 1258
f 1258 1227 1289
f 2255 2339 2350
f 2166 2339 2255
f 1294 1201 1332
f 1227 1201 1294
f 2166 2098 2339
f 2134 2098 2166
f 2104 2098 2134
f 1201 1302 1332
f 1345 1302 1322
f 1332 1302 1345
f 2354 2372 2374
f 1149 1094 1175
f 2339 2116 2354
f 2098 2116 2339
f 1201 1278 1302
f 1175 1278 1201
f 2372 2126 2365
f 2116 2126 2354
f 2354 2126 2372
f 1094 1263 1175
f 1060 1263 1094
f 1175 1263 1278
f 2365 2344 2362
f 1020 1034 1060
f 1230 1210 1224
f 1241 1198 1230
f 1230 1198 1210
f 2119 2143 2112
f 2126 2181 2365
f 2112 2181 2126
f 2143 2181 2112
f 2365 2265 2344
f 2181 2265 2365
f 1060 1174 1263
f 1263 1174 1241
f 1198 1174 1186
f 1241 1174 1198
f 1034 1086 1060
f 1060 1086 1174
f 2344 2294 2330
f 2265 2294 2344
f 1034 1057 1086
f 1014 1057 1034
f 2294 2313 2330
f 1014 1025 1057
f 2313 2332 2330
f 1014 984 1025
f 2313 2309 2332
f 984 1009 1025
f 2309 2346 2332
f 984 934 1009
f 2309 2283 2346
f 934 990 1009
f 2283 2336 2346
f 934 926 990
f 2283 2328 2336
f 2283 2260 2328
f 926 963 990
f 918 963 926
f 918 908 963
f 2260 2316 2328
f 2328 2316 2320
f 908 943 963
f 2260 2306 2316
f 2238 2306 2260
f 2238 2280 2306
f 2238 2233 2280
f 908 921 943
f 921 939 943
f 2193 2241 2210
f 2225 2241 2233
f 2210 2241 2225
f 2233 2241 2280
f 921 924 939
f 939 924 951
f 1070 1128 1104
f 2052 2005 2074
f 2024 2005 2052
f 1070 1138 1128
f 2193 2215 2241
f 2183 2215 2193
f 2162 2215 2183
f 924 910 951
f 951 910 980
f 2005 1986 2074
f 1070 1124 1138
f 2215 2190 2229
f 2074 2190 2162
f 1986 2190 2074
f 2162 2190 2215
f 1070 890 1124
f 892 890 910
f 910 890 980
f 980 890 1070
f 1986 2156 2190
f 890 884 1124
f 2156 2089 2101
f 1986 2076 2156
f 2156 2076 2089
f 884 900 1124
f 882 900 884
f 1124 900 1134
f 1986 2061 2076
f 1971 2061 1986
f 1921 1903 1946
f 1152 1115 1145
f 900 914 1134
f 1134 914 1152
f 1971 2039 2061
f 1946 2039 1971
f 1903 1913 1946
f 1946 1913 2039
f 1152 1081 1115
f 914 1081 1152
f 2039 1954 2019
f 1913 1954 2039
f 904 994 914
f 914 994 1081
f 1954 1957 2019
f 904 970 994
f 2019 1990 2017
f 1957 1990 2019
f 894 896 904
f 904 896 970
f 1957 1950 1990
f 896 948 970
f 1950 1975 1990
f 1938 1975 1950
f 896 902 948
f 948 902 959
f 1685 1668 1702
f 1668 1708 1702
f 1233 1184 1250
f 1207 1184 1233
f 1938 1961 1975
f 902 916 959
f 1938 1935 1961
f 1898 1935 1938
f 916 932 959
f 959 932 975
f 1898 1895 1935
f 1869 1895 1898
f 1869 1863 1895
f 1835 1863 1856
f 1856 1863 1869
f 932 962 975
f 975 962 1001
f 1835 1843 1863
f 1806 1843 1835
f 962 972 1001
f 1001 972 1032
f 1806 1824 1843
f 1785 1824 1806
f 1573 1557 1591
f 1785 1811 1824
f 972 956 1032
f 1591 1553 1617
f 1557 1553 1591
f 1281 1364 1329
f 1358 1364 1371
f 1329 1364 1358
f 1762 1770 1785
f 1785 1770 1811
f 956 986 1032
f 1032 986 1051
f 1741 1727 1762
f 1762 1727 1770
f 986 1012 1051
f 1051 1012 1076
f 1012 1096 1076
f 1076 1096 1109
f 1731 1690 1741
f 1741 1690 1727
f 1668 1664 1708
f 1639 1664 1668
f 1708 1664 1731
f 1731 1664 1690
f 1690 1705 1727
f 1012 1046 1096
f 1184 1157 1250
f 1096 1157 1109
f 1109 1157 1184
f 1250 1157 1266
f 1617 1643 1639
f 1639 1643 1664
f 1266 1166 1281
f 1157 1166 1266
f 1617 1636 1643
f 1636 1612 1631
f 1631 1612 1625
f 1617 1612 1636
f 1166 1190 1281
f 1168 1190 1166
f 1315 1285 1337
f 1532 1550 1535
f 1525 1550 1532
f 1510 1524 1522
f 1500 1524 1510
f 1522 1524 1525
f 1525 1524 1550
f 1319 1270 1315
f 1315 1270 1285
f 1553 1588 1617
f 1535 1588 1553
f 1617 1588 1612
f 1550 1588 1535
f 1190 1219 1281
f 1319 1219 1270
f 1281 1219 1364
f 1364 1219 1319
f 1337 1306 1353
f 1285 1306 1337
f 1550 1568 1588
f 1219 1247 1270
f 1498 1484 1500
f 1500 1484 1524
f 1441 1474 1498
f 1498 1474 1484
f 1441 1469 1474
f 1353 1340 1399
f 1306 1340 1353
f 1469 1416 1457
f 1441 1416 1469
f 1399 1380 1441
f 1441 1380 1416
f 1340 1380 1399
f 2008 1994 1993
f 2008 1993 2007
f 2033 2007 2032
f 2033 2008 2007
f 2051 2032 2050
f 2051 2033 2032
f 1764 1739 1738
f 1764 1738 1763
f 1791 1790 1819
f 1791 1763 1790
f 1791 1764 1763
f 1820 1791 1819
f 1813 1820 1819
f 1813 1819 1812
f 1972 1973 1960
f 1960 1961 1934
f 1973 1961 1960
f 1934 1935 1894
f 1961 1935 1934
f 1894 1895 1862
f 1935 1895 1894
f 1895 1863 1862
f 1973 1972 1993
f 1994 1973 1993
f 2172 2171 2247
f 2248 2172 2247
f 2029 2051 2050
f 2029 2050 2028
f 2171 2172 2100
f 2100 2101 2088
f 2172 2101 2100
f 2088 2089 2075
f 2101 2089 2088
f 2075 2076 2060
f 2089 2076 2075
f 2076 2061 2060
f 1719 1718 1738
f 1739 1719 1738
f 1718 1719 1704
f 1704 1705 1689
f 1719 1705 1704
f 1689 1690 1663
f 1705 1690 1689
f 1663 1664 1642
f 1690 1664 1663
f 1664 1643 1642
f 1621 1614 1613
f 1621 1613 1620
f 1570 1568 1569
f 1569 1568 1567
f 1567 1568 1549
f 1549 1550 1523
f 1568 1550 1549
f 1523 1524 1483
f 1550 1524 1523
f 1524 1484 1483
f 1429 1393 1392
f 1429 1392 1428
f 1570 1569 1575
f 1576 1570 1575
f 1320 1321 1339
f 1339 1340 1307
f 1321 1340 1339
f 1340 1306 1307
f 1307 1285 1284
f 1306 1285 1307
f 1284 1270 1269
f 1285 1270 1284
f 1269 1247 1246
f 1246 1247 1244
f 1270 1247 1269
f 1247 1245 1244
f 1215 1178 1177
f 1215 1177 1214
f 1321 1320 1304
f 1305 1321 1304
f 1158 1159 1167
f 1167 1168 1165
f 1159 1168 1167
f 1165 1166 1156
f 1168 1166 1165
f 1156 1157 1095
f 1166 1157 1156
f 1157 1096 1095
f 1095 1046 1045
f 1045 1046 1005
f 1096 1046 1095
f 1046 1006 1005
f 995 928 927
f 995 927 996
f 1159 1158 1099
f 1100 1159 1099
f 930 929 955
f 955 956 971
f 929 956 955
f 971 972 961
f 956 972 971
f 972 962 961
f 961 932 931
f 962 932 961
f 931 916 915
f 932 916 931
f 915 886 885
f 916 886 915
f 886 864 863
f 886 863 885
f 929 930 897
f 898 929 897
f 879 880 893
f 893 894 903
f 880 894 893
f 903 904 913
f 894 904 903
f 904 914 913
f 913 900 899
f 914 900 913
f 899 882 881
f 900 882 899
f 881 872 871
f 882 872 881
f 872 850 849
f 872 849 871
f 868 867 857
f 868 857 858
f 876 892 875
f 875 892 891
f 891 892 909
f 909 910 923
f 892 910 909
f 910 924 923
f 923 921 922
f 924 921 923
f 922 908 907
f 921 908 922
f 907 888 887
f 908 888 907
f 888 866 865
f 888 865 887
f 876 875 855
f 856 876 855
f 911 912 933
f 933 934 983
f 912 934 933
f 983 984 1013
f 934 984 983
f 1013 1014 1033
f 984 1014 1013
f 1014 1034 1033
f 1033 1020 1019
f 1034 1020 1033
f 1019 998 997
f 1020 998 1019
f 998 936 935
f 998 935 997
f 912 911 877
f 878 912 877
f 1148 1149 1176
f 1078 1149 1077
f 1077 1149 1148
f 1176 1175 1200
f 1149 1175 1176
f 1175 1201 1200
f 1200 1227 1226
f 1201 1227 1200
f 1226 1229 1228
f 1227 1229 1226
f 1228 1217 1216
f 1229 1217 1228
f 1217 1195 1194
f 1217 1194 1216
f 1078 1077 999
f 1000 1078 999
f 1274 1275 1286
f 1286 1287 1341
f 1275 1287 1286
f 1287 1342 1341
f 1341 1383 1382
f 1342 1383 1341
f 1382 1412 1411
f 1383 1412 1382
f 1411 1433 1432
f 1412 1433 1411
f 1432 1431 1430
f 1433 1431 1432
f 1431 1423 1424
f 1431 1424 1430
f 1275 1274 1253
f 1254 1275 1253
f 1530 1531 1542
f 1542 1543 1563
f 1531 1543 1542
f 1563 1564 1585
f 1543 1564 1563
f 1564 1586 1585
f 1585 1607 1606
f 1586 1607 1585
f 1606 1619 1618
f 1618 1619 1622
f 1607 1619 1606
f 1619 1623 1622
f 1623 1630 1629
f 1623 1629 1622
f 1531 1530 1508
f 1509 1531 1508
f 1678 1680 1677
f 1677 1680 1679
f 1679 1680 1693
f 1693 1694 1716
f 1680 1694 1693
f 1694 1717 1716
f 1716 1749 1748
f 1717 1749 1716
f 1748 1786 1787
f 1749 1786 1748
f 1787 1815 1814
f 1786 1815 1787
f 1815 1853 1852
f 1815 1852 1814
f 1678 1677 1671
f 1672 1678 1671
f 1924 1925 1905
f 1905 1906 1940
f 1925 1906 1905
f 1940 1941 1962
f 1906 1941 1940
f 1962 1963 1977
f 1941 1963 1962
f 1963 1978 1977
f 1977 2001 2000
f 1978 2001 1977
f 2000 2031 2030
f 2001 2031 2000
f 2031 2070 2069
f 2031 2069 2030
f 1925 1924 1942
f 1943 1925 1942
f 2090 2091 2079
f 2079 2080 2081
f 2091 2080 2079
f 2081 2082 2092
f 2080 2082 2081
f 2082 2093 2092
f 2092 2154 2153
f 2093 2154 2092
f 2153 2203 2204
f 2154 2203 2153
f 2204 2252 2251
f 2203 2252 2204
f 2252 2300 2299
f 2252 2299 2251
f 2091 2090 2149
f 2150 2091 2149
f 2323 2324 2291
f 2291 2292 2273
f 2324 2292 2291
f 2273 2274 2286
f 2292 2274 2273
f 2274 2285 2286
f 2286 2322 2321
f 2285 2322 2286
f 2321 2338 2337
f 2322 2338 2321
f 2337 2370 2369
f 2338 2370 2337
f 2370 2392 2391
f 2370 2391 2369
f 2324 2323 2355
f 2356 2324 2355
f 2378 2375 2377
f 2377 2375 2376
f 2386 2406 2405
f 2386 2405 2385
f 2378 2377 2397
f 2398 2378 2397
f 2382 2364 2381
f 2381 2364 2363
f 2368 2390 2389
f 2368 2389 2367
f 2382 2381 2399
f 2400 2382 2399
f 2342 2341 2379
f 2380 2342 2379
f 2249 2318 2317
f 2249 2317 2250
f 2341 2342 2319
f 2319 2320 2315
f 2342 2320 2319
f 2320 2316 2315
f 2315 2306 2305
f 2316 2306 2315
f 2305 2280 2279
f 2306 2280 2305
f 1001 1029 1002
f 1001 1032 1029
f 975 1002 976
f 975 1001 1002
f 959 976 960
f 959 975 976
f 1146 1164 1153
f 1116 1164 1146
f 1082 1164 1116
f 1082 1091 1164
f 1164 1091 1118
f 1164 1141 1197
f 1118 1141 1164
f 991 1064 1082
f 1082 1064 1091
f 1141 1154 1197
f 967 1043 991
f 945 1043 967
f 991 1043 1064
f 945 960 1043
f 1154 1127 1197
f 960 1036 1043
f 1197 1204 1234
f 1234 1251 1197
f 1036 976 1037
f 960 976 1036
f 1102 1185 1127
f 1127 1185 1197
f 1197 1185 1204
f 1037 1002 1053
f 976 1002 1037
f 1080 1110 1102
f 1102 1110 1185
f 1053 1029 1080
f 1002 1029 1053
f 1080 1073 1110
f 1029 1052 1080
f 1080 1052 1073
f 1512 1462 1463
f 1548 1512 1463
f 1580 1463 1652
f 1580 1548 1463
f 1656 1580 1652
f 1720 1656 1652
f 1609 1579 1580
f 1816 1652 1919
f 1816 1720 1652
f 1628 1580 1656
f 1628 1609 1580
f 1655 1628 1656
f 1918 1816 1919
f 1999 1919 2066
f 1999 1918 1919
f 2048 1999 2066
f 1966 1917 1918
f 2083 2048 2066
f 1980 1918 1999
f 1980 1966 1918
f 1998 1980 1999
f 2099 2066 2114
f 2099 2083 2066
f 2113 2099 2114
f 2087 2113 2114
f 2116 2098 2099
f 2057 2087 2114
f 2057 2114 2002
f 2126 2116 2099
f 2126 2099 2113
f 2112 2126 2113
f 2006 2057 2002
f 1947 2002 1780
f 1947 2006 2002
f 1879 1947 1780
f 1839 1879 1780
f 1781 1839 1780
f 1986 2005 2006
f 1971 2006 1947
f 1971 1986 2006
f 1946 1971 1947
f 2249 2229 2190
f 2298 2318 2249
f 2172 2190 2156
f 2172 2156 2101
f 2172 2249 2190
f 2268 2298 2249
f 2268 2249 2172
f 2248 2268 2172
f 2368 2346 2336
f 2388 2390 2368
f 2342 2336 2328
f 2342 2328 2320
f 2342 2368 2336
f 2383 2388 2368
f 2383 2368 2342
f 2380 2383 2342
f 2171 2100 2155
f 2267 2247 2171
f 2250 2189 2230
f 2250 2155 2189
f 2250 2171 2155
f 2250 2267 2171
f 2297 2267 2250
f 2317 2297 2250
f 2341 2319 2327
f 2384 2379 2341
f 2367 2335 2345
f 2367 2327 2335
f 2367 2341 2327
f 2367 2384 2341
f 2387 2384 2367
f 2389 2387 2367
f 2386 2374 2372
f 2365 2386 2372
f 2364 2365 2362
f 2404 2406 2386
f 2382 2386 2365
f 2382 2365 2364
f 2402 2386 2382
f 2402 2404 2386
f 2400 2402 2382
f 2366 2363 2361
f 2381 2363 2366
f 2401 2399 2381
f 2385 2371 2373
f 2385 2366 2371
f 2385 2381 2366
f 2385 2401 2381
f 2403 2401 2385
f 2405 2403 2385
f 2370 2338 2352
f 2358 2370 2352
f 2375 2358 2360
f 2394 2392 2370
f 2378 2358 2375
f 2378 2370 2358
f 2396 2394 2370
f 2396 2370 2378
f 2398 2396 2378
f 2357 2376 2359
f 2377 2376 2357
f 2395 2397 2377
f 2369 2351 2337
f 2369 2357 2351
f 2369 2377 2357
f 2393 2395 2377
f 2393 2377 2369
f 2391 2393 2369
f 2252 2203 2235
f 2334 2326 2300
f 2324 2235 2262
f 2324 2262 2292
f 2324 2300 2252
f 2324 2252 2235
f 2348 2300 2324
f 2348 2334 2300
f 2356 2348 2324
f 2323 2291 2261
f 2347 2355 2323
f 2251 2236 2204
f 2251 2261 2236
f 2251 2323 2261
f 2299 2333 2347
f 2299 2347 2323
f 2299 2323 2251
f 2325 2333 2299
f 2031 2001 2027
f 2055 2031 2027
f 2086 2070 2031
f 2091 2055 2080
f 2091 2031 2055
f 2107 2086 2031
f 2107 2031 2091
f 2150 2107 2091
f 2090 2079 2056
f 2106 2149 2090
f 2030 2026 2000
f 2030 2056 2026
f 2030 2090 2056
f 2085 2106 2090
f 2085 2090 2030
f 2069 2085 2030
f 1815 1786 1830
f 1866 1815 1830
f 1868 1853 1815
f 1925 1866 1906
f 1925 1815 1866
f 1899 1868 1815
f 1899 1815 1925
f 1943 1899 1925
f 1924 1905 1865
f 1900 1942 1924
f 1814 1829 1787
f 1814 1865 1829
f 1814 1924 1865
f 1867 1900 1924
f 1867 1924 1814
f 1852 1867 1814
f 1623 1619 1634
f 1660 1623 1634
f 1641 1630 1623
f 1678 1660 1680
f 1678 1623 1660
f 1658 1641 1623
f 1658 1623 1678
f 1672 1658 1678
f 1677 1679 1659
f 1657 1671 1677
f 1622 1633 1618
f 1622 1659 1633
f 1622 1677 1659
f 1622 1657 1677
f 1640 1657 1622
f 1629 1640 1622
f 1431 1433 1478
f 1520 1431 1478
f 1453 1423 1431
f 1531 1520 1543
f 1531 1431 1520
f 1486 1453 1431
f 1486 1431 1531
f 1509 1486 1531
f 1530 1542 1519
f 1477 1530 1519
f 1485 1508 1530
f 1430 1477 1432
f 1430 1530 1477
f 1452 1485 1530
f 1452 1530 1430
f 1424 1452 1430
f 1217 1229 1258
f 1213 1195 1217
f 1275 1258 1273
f 1275 1273 1287
f 1275 1217 1258
f 1238 1213 1217
f 1238 1217 1275
f 1254 1238 1275
f 1274 1286 1272
f 1257 1274 1272
f 1237 1253 1274
f 1216 1257 1228
f 1216 1274 1257
f 1212 1237 1274
f 1212 1274 1216
f 1194 1212 1216
f 998 1020 1060
f 950 936 998
f 1078 1060 1094
f 1078 1094 1149
f 1078 998 1060
f 1078 950 998
f 978 950 1078
f 1000 978 1078
f 1077 1148 1093
f 977 999 1077
f 997 1059 1019
f 997 1093 1059
f 997 1077 1093
f 949 977 1077
f 949 1077 997
f 935 949 997
f 888 908 918
f 926 888 918
f 870 866 888
f 912 926 934
f 912 888 926
f 912 870 888
f 874 870 912
f 878 874 912
f 911 933 925
f 873 877 911
f 887 917 907
f 887 925 917
f 887 911 925
f 869 873 911
f 869 911 887
f 865 869 887
f 872 882 884
f 890 872 884
f 852 850 872
f 876 890 892
f 876 872 890
f 876 852 872
f 854 852 876
f 856 854 876
f 875 891 889
f 883 875 889
f 853 855 875
f 871 883 881
f 871 853 875
f 871 875 883
f 851 853 871
f 849 851 871
f 886 916 902
f 896 886 902
f 862 864 886
f 880 896 894
f 880 886 896
f 868 860 862
f 868 862 886
f 868 886 880
f 858 860 868
f 879 893 895
f 901 879 895
f 859 857 867
f 885 867 879
f 885 901 915
f 885 879 901
f 861 859 867
f 861 867 885
f 863 861 885
f 1012 1006 1046
f 995 1006 1012
f 986 995 1012
f 920 928 995
f 929 986 956
f 929 995 986
f 906 920 995
f 906 995 929
f 898 906 929
f 930 955 985
f 1011 930 985
f 1005 1011 1045
f 905 897 930
f 996 905 930
f 996 930 1011
f 996 1011 1005
f 919 905 996
f 927 919 996
f 1219 1245 1247
f 1215 1245 1219
f 1190 1215 1219
f 1162 1178 1215
f 1159 1190 1168
f 1159 1215 1190
f 1143 1162 1215
f 1143 1215 1159
f 1100 1143 1159
f 1158 1167 1189
f 1218 1158 1189
f 1244 1218 1246
f 1142 1099 1158
f 1214 1158 1218
f 1214 1218 1244
f 1214 1142 1158
f 1161 1142 1214
f 1177 1161 1214
f 1429 1457 1416
f 1380 1429 1416
f 1378 1393 1429
f 1321 1380 1340
f 1321 1429 1380
f 1348 1378 1429
f 1348 1429 1321
f 1305 1348 1321
f 1320 1339 1379
f 1347 1304 1320
f 1428 1415 1456
f 1428 1379 1415
f 1428 1320 1379
f 1377 1347 1320
f 1377 1320 1428
f 1392 1377 1428
f 1621 1625 1612
f 1588 1621 1612
f 1605 1614 1621
f 1570 1588 1568
f 1570 1621 1588
f 1590 1605 1621
f 1590 1621 1570
f 1576 1590 1570
f 1569 1567 1587
f 1589 1575 1569
f 1620 1611 1624
f 1620 1587 1611
f 1620 1569 1587
f 1620 1589 1569
f 1604 1589 1620
f 1613 1604 1620
f 1813 1811 1770
f 1727 1813 1770
f 1791 1820 1813
f 1719 1727 1705
f 1719 1813 1727
f 1764 1791 1813
f 1764 1813 1719
f 1739 1764 1719
f 1718 1704 1728
f 1769 1718 1728
f 1763 1738 1718
f 1812 1769 1810
f 1812 1718 1769
f 1790 1763 1718
f 1790 1718 1812
f 1819 1790 1812
f 2029 2017 1990
f 2033 2051 2029
f 1973 1990 1975
f 1973 1975 1961
f 1973 2029 1990
f 2008 2033 2029
f 2008 2029 1973
f 1994 2008 1973
f 1972 1960 1974
f 2007 1993 1972
f 2028 1989 2016
f 2028 1974 1989
f 2028 1972 1974
f 2032 2007 1972
f 2032 1972 2028
f 2050 2032 2028
f 1435 1420 1434
f 1434 1420 1419
f 1419 1405 1406
f 1420 1405 1419
f 1406 1414 1413
f 1405 1414 1406
f 1413 1425 1426
f 1414 1425 1413
f 1426 1447 1446
f 1425 1447 1426
f 1446 1467 1466
f 1447 1467 1446
f 1805 1795 1804
f 1804 1795 1794
f 1794 1778 1779
f 1795 1778 1794
f 1779 1788 1789
f 1778 1788 1779
f 1789 1799 1798
f 1788 1799 1789
f 1798 1822 1821
f 1799 1822 1798
f 1821 1841 1840
f 1822 1841 1821
f 2159 2138 2160
f 2160 2138 2137
f 2137 2128 2127
f 2138 2128 2137
f 2127 2130 2129
f 2128 2130 2127
f 2129 2152 2151
f 2130 2152 2129
f 2151 2178 2177
f 2152 2178 2151
f 2177 2201 2202
f 2178 2201 2177
f 2148 2123 2147
f 2147 2123 2122
f 2122 2095 2094
f 2123 2095 2122
f 2094 2109 2108
f 2095 2109 2094
f 2108 2132 2131
f 2109 2132 2108
f 2131 2157 2158
f 2132 2157 2131
f 2158 2185 2186
f 2157 2185 2158
f 1777 1766 1776
f 1776 1766 1765
f 1765 1755 1754
f 1766 1755 1765
f 1754 1758 1757
f 1755 1758 1754
f 1757 1774 1773
f 1758 1774 1757
f 1773 1793 1792
f 1774 1793 1773
f 1792 1808 1809
f 1793 1808 1792
f 1403 1390 1402
f 1402 1390 1391
f 1391 1384 1385
f 1390 1384 1391
f 1385 1386 1387
f 1384 1386 1385
f 1387 1400 1401
f 1386 1400 1387
f 1401 1418 1417
f 1400 1418 1401
f 1417 1439 1438
f 1418 1439 1417
f 1048 1028 1047
f 1047 1028 1027
f 1027 1018 1017
f 1028 1018 1027
f 1017 1022 1021
f 1018 1022 1017
f 1021 1042 1041
f 1022 1042 1021
f 1041 1061 1062
f 1042 1061 1041
f 1062 1089 1090
f 1061 1089 1062
f 1064 1043 1063
f 1063 1043 1044
f 1044 1036 1035
f 1043 1036 1044
f 1035 1037 1038
f 1036 1037 1035
f 1038 1053 1054
f 1037 1053 1038
f 1054 1080 1079
f 1053 1080 1054
f 1079 1102 1101
f 1080 1102 1079
f 1316 1365 1319
f 1319 1365 1364
f 1185 1109 1184
f 1185 1110 1109
f 1353 1354 1338
f 1337 1353 1338
f 1315 1338 1312
f 1315 1337 1338
f 1319 1312 1316
f 1319 1315 1312
f 1076 1109 1110
f 1076 1110 1073
f 1051 1073 1052
f 1051 1076 1073
f 1032 1052 1029
f 1032 1051 1052
f 1329 1358 1330
f 1330 1358 1359
f 1359 1371 1372
f 1358 1371 1359
f 1372 1364 1365
f 1371 1364 1372
f 1184 1207 1185
f 1185 1207 1204
f 1204 1207 1234
f 1234 1233 1251
f 1207 1233 1234
f 1233 1250 1251
f 1732 1709 1731
f 1731 1709 1708
f 1554 1535 1553
f 1554 1536 1535
f 2163 2071 2162
f 2162 2071 2074
f 1914 1954 1913
f 1914 1955 1954
f 2256 2167 2255
f 2255 2167 2166
f 2182 2265 2181
f 2182 2266 2265
f 1926 1883 1929
f 1929 1883 1882
f 2064 2141 2063
f 2064 2142 2141
f 1518 1539 1517
f 1517 1539 1538
f 1698 1712 1697
f 1698 1713 1712
f 1087 1171 1086
f 1086 1171 1174
f 1333 1294 1332
f 1333 1295 1294
f 991 1082 994
f 994 1082 1081
f 1067 980 1070
f 1067 981 980
f 959 960 945
f 948 959 945
f 970 945 967
f 970 948 945
f 994 967 991
f 994 970 967
f 951 980 981
f 951 981 952
f 939 952 940
f 939 951 952
f 943 940 944
f 943 939 940
f 1009 1010 1026
f 1025 1026 1058
f 1025 1009 1026
f 1057 1025 1058
f 1086 1058 1087
f 1086 1057 1058
f 1294 1295 1290
f 1289 1294 1290
f 1298 1290 1299
f 1298 1289 1290
f 1310 1299 1311
f 1310 1298 1299
f 1458 1459 1490
f 1489 1490 1507
f 1489 1458 1490
f 1506 1489 1507
f 1517 1507 1518
f 1517 1506 1507
f 1712 1713 1722
f 1721 1722 1734
f 1721 1712 1722
f 1733 1721 1734
f 1751 1734 1752
f 1751 1733 1734
f 1908 1891 1892
f 1908 1892 1909
f 1933 1909 1930
f 1933 1908 1909
f 1929 1930 1926
f 1929 1933 1930
f 2176 2141 2142
f 2176 2142 2173
f 2199 2173 2200
f 2199 2176 2173
f 2219 2200 2220
f 2219 2199 2200
f 2303 2289 2290
f 2303 2290 2304
f 2277 2304 2278
f 2277 2303 2304
f 2255 2278 2256
f 2255 2277 2278
f 2294 2265 2266
f 2294 2266 2295
f 2313 2295 2314
f 2313 2294 2295
f 2309 2314 2310
f 2309 2313 2314
f 2210 2209 2194
f 2193 2194 2184
f 2193 2210 2194
f 2183 2193 2184
f 2162 2184 2163
f 2162 2183 2184
f 1954 1955 1958
f 1957 1954 1958
f 1950 1951 1939
f 1950 1958 1951
f 1950 1957 1958
f 1938 1950 1939
f 1785 1782 1759
f 1762 1759 1742
f 1762 1785 1759
f 1741 1762 1742
f 1731 1742 1732
f 1731 1741 1742
f 1510 1522 1521
f 1510 1521 1511
f 1500 1511 1501
f 1500 1510 1511
f 1498 1501 1499
f 1498 1500 1501
f 1153 1152 1146
f 1146 1145 1116
f 1152 1145 1146
f 1116 1115 1082
f 1145 1115 1116
f 1115 1081 1082
f 1067 1070 1105
f 1105 1104 1129
f 1070 1104 1105
f 1104 1128 1129
f 1129 1138 1139
f 1128 1138 1129
f 1242 1241 1231
f 1241 1230 1231
f 1231 1224 1225
f 1230 1224 1231
f 1225 1210 1211
f 1224 1210 1225
f 1332 1345 1333
f 1333 1345 1346
f 1346 1322 1323
f 1345 1322 1346
f 1323 1302 1303
f 1322 1302 1323
f 1579 1561 1580
f 1580 1561 1562
f 1562 1546 1547
f 1561 1546 1562
f 1547 1538 1539
f 1546 1538 1547
f 1698 1697 1692
f 1697 1691 1692
f 1692 1681 1682
f 1691 1681 1692
f 1682 1675 1676
f 1681 1675 1682
f 1917 1888 1918
f 1918 1888 1889
f 1889 1875 1876
f 1876 1875 1883
f 1888 1875 1889
f 1875 1882 1883
f 2063 2040 2064
f 2064 2040 2041
f 2041 2010 2011
f 2040 2010 2041
f 2011 1998 1999
f 2010 1998 2011
f 2098 2104 2099
f 2099 2104 2105
f 2105 2134 2135
f 2135 2134 2167
f 2104 2134 2105
f 2134 2166 2167
f 2181 2143 2182
f 2182 2143 2144
f 2144 2119 2120
f 2120 2119 2113
f 2143 2119 2144
f 2119 2112 2113
f 2005 2024 2006
f 2006 2024 2025
f 2025 2052 2053
f 2024 2052 2025
f 2053 2074 2071
f 2052 2074 2053
f 1913 1903 1914
f 1914 1903 1904
f 1904 1921 1922
f 1903 1921 1904
f 1922 1946 1947
f 1921 1946 1922
f 1669 1668 1686
f 1668 1685 1686
f 1686 1702 1703
f 1685 1702 1686
f 1703 1708 1709
f 1702 1708 1703
f 1554 1553 1558
f 1553 1557 1558
f 1558 1573 1574
f 1557 1573 1558
f 1574 1591 1592
f 1573 1591 1574
f 1796 1847 1818
f 1796 1800 1847
f 1776 1800 1796
f 1776 1753 1800
f 1831 1818 1847
f 1831 1847 1893
f 1765 1753 1776
f 1765 1710 1714
f 1765 1714 1723
f 1765 1723 1725
f 1765 1725 1736
f 1765 1736 1746
f 1765 1746 1753
f 1838 1831 1893
f 1838 1893 1910
f 1838 1910 1931
f 1838 1931 1927
f 1826 1838 1927
f 1754 1710 1765
f 1880 1826 1927
f 1880 1809 1826
f 1695 1710 1754
f 1695 1754 1757
f 1873 1809 1880
f 1873 1792 1809
f 1687 1695 1757
f 1687 1757 1773
f 1886 1792 1873
f 1673 1687 1773
f 1884 1792 1886
f 1884 1773 1792
f 1884 1886 1915
f 1884 1915 1964
f 1649 1673 1773
f 1649 1626 1653
f 1649 1653 1673
f 1649 1773 1884
f 1981 1884 1964
f 1610 1626 1649
f 1996 1884 1981
f 1577 1610 1649
f 2196 2217 2244
f 2169 2139 2174
f 2169 2174 2197
f 2169 2197 2217
f 2169 2217 2196
f 1445 1436 1460
f 1445 1460 1487
f 1445 1487 1504
f 1445 1504 1515
f 1421 1407 1436
f 1421 1436 1445
f 2147 2065 2139
f 2147 2139 2169
f 2212 2196 2244
f 2212 2244 2269
f 1454 1515 1540
f 1454 1445 1515
f 1402 1407 1421
f 1402 1376 1388
f 1402 1388 1407
f 2214 2212 2269
f 2122 2065 2147
f 1465 1454 1540
f 1391 1349 1376
f 1391 1376 1402
f 2287 2214 2269
f 2206 2214 2287
f 2094 2065 2122
f 2094 2042 2065
f 1448 1540 1544
f 1448 1465 1540
f 1385 1308 1349
f 1385 1349 1391
f 2301 2206 2287
f 1296 1308 1385
f 2275 2206 2301
f 1291 1296 1385
f 2253 2186 2206
f 2253 2206 2275
f 1292 1291 1385
f 1292 1385 1387
f 2044 2108 2131
f 2044 2094 2108
f 2044 2042 2094
f 2044 1996 2012
f 2044 2012 2042
f 2044 1884 1996
f 1475 1448 1544
f 1475 1544 1559
f 1475 1559 1577
f 1475 1438 1448
f 1475 1417 1438
f 1475 1577 1649
f 2168 2158 2186
f 2168 2131 2158
f 2168 2186 2253
f 1334 1292 1387
f 1334 1401 1417
f 1334 1387 1401
f 2136 2131 2168
f 2136 2044 2131
f 1343 1417 1475
f 1343 1334 1417
f 2102 2044 2136
f 1324 1343 1475
f 2096 2044 2102
f 1300 1324 1475
f 2077 2096 2117
f 2077 2117 2124
f 2077 2124 2110
f 2077 2044 2096
f 1259 1239 1261
f 1259 1261 1276
f 1259 1276 1300
f 1259 1300 1475
f 2121 2077 2110
f 1221 1239 1259
f 2208 2263 2296
f 2208 2296 2311
f 2208 2311 2307
f 2187 2263 2208
f 2187 2179 2263
f 1098 1088 1172
f 1071 1088 1098
f 1071 1007 1015
f 1071 1015 1023
f 1071 1023 1039
f 1071 1039 1055
f 1071 1055 1065
f 1071 1065 1088
f 2227 2208 2307
f 2160 2179 2187
f 2160 2145 2179
f 1120 1098 1172
f 1120 1172 1192
f 1047 1007 1071
f 2281 2227 2307
f 988 1007 1047
f 2137 2077 2121
f 2137 2145 2160
f 2137 2121 2145
f 2231 2227 2281
f 1121 1192 1221
f 1121 1221 1259
f 1121 1120 1192
f 1027 988 1047
f 1112 1121 1259
f 1017 988 1027
f 2258 2222 2231
f 2258 2231 2281
f 965 988 1017
f 2202 2222 2258
f 1021 965 1017
f 2240 2177 2202
f 2240 2202 2258
f 941 1021 1041
f 941 965 1021
f 2224 2177 2240
f 937 941 1041
f 2191 2177 2224
f 953 937 1041
f 2164 2177 2191
f 2164 2151 2177
f 2072 2129 2151
f 2072 2151 2164
f 982 953 1041
f 982 1041 1062
f 1068 982 1062
f 1068 1062 1090
f 2058 2127 2129
f 2058 2129 2072
f 1106 1090 1112
f 1106 1068 1090
f 2046 2127 2058
f 2034 2127 2046
f 1130 1106 1112
f 1987 2034 2020
f 1987 2020 2014
f 1987 2127 2034
f 1987 2077 2137
f 1987 2137 2127
f 1169 1130 1112
f 1169 1112 1259
f 2003 1987 2014
f 1136 1130 1169
f 1984 1987 2003
f 1125 1136 1169
f 1969 1987 1984
f 1132 1125 1169
f 1944 1987 1969
f 1150 1132 1169
f 1771 1944 1923
f 1771 1923 1901
f 1771 1987 1944
f 1202 1150 1169
f 1202 1113 1147
f 1202 1147 1150
f 1828 1901 1911
f 1828 1771 1901
f 1845 1828 1911
f 1117 1113 1202
f 1117 1083 1113
f 1092 1083 1117
f 1859 1911 1952
f 1859 1845 1911
f 1804 1771 1828
f 1140 1117 1202
f 1063 992 1083
f 1063 1083 1092
f 1794 1771 1804
f 1861 1952 1959
f 1861 1959 1948
f 1861 1859 1952
f 1044 946 968
f 1044 968 992
f 1044 992 1063
f 1155 1140 1202
f 1936 1861 1948
f 957 946 1044
f 1854 1861 1936
f 1035 957 1044
f 1700 1683 1771
f 1700 1771 1794
f 1205 1202 1235
f 1205 1155 1202
f 1670 1771 1683
f 1248 1235 1202
f 1871 1840 1854
f 1871 1854 1936
f 973 957 1035
f 973 1035 1038
f 1706 1700 1794
f 1706 1779 1789
f 1706 1794 1779
f 1182 1155 1205
f 1182 1126 1155
f 1182 1101 1126
f 1597 1771 1670
f 1597 1670 1637
f 1360 1248 1202
f 1360 1267 1248
f 1833 1821 1840
f 1833 1840 1871
f 1003 973 1038
f 1003 1038 1054
f 1615 1597 1637
f 1282 1267 1360
f 1593 1597 1615
f 1327 1282 1360
f 1729 1789 1798
f 1729 1706 1789
f 1107 1101 1182
f 1107 1079 1101
f 1583 1597 1593
f 1783 1798 1821
f 1783 1821 1833
f 1030 1003 1054
f 1030 1054 1079
f 1581 1597 1583
f 1743 1729 1798
f 1074 1079 1107
f 1356 1327 1360
f 1760 1743 1798
f 1760 1798 1783
f 1049 1030 1079
f 1049 1079 1074
f 1571 1597 1581
f 1471 1571 1565
f 1471 1565 1555
f 1471 1597 1571
f 1450 1597 1471
f 1450 1369 1356
f 1450 1356 1360
f 1450 1360 1597
f 1492 1555 1551
f 1492 1471 1555
f 1434 1369 1450
f 1434 1362 1369
f 1419 1362 1434
f 1495 1492 1551
f 1537 1495 1551
f 1537 1481 1495
f 1317 1362 1419
f 1317 1419 1406
f 1527 1481 1537
f 1313 1317 1406
f 1513 1481 1527
f 1335 1313 1406
f 1496 1481 1513
f 1496 1466 1481
f 1355 1335 1406
f 1355 1406 1413
f 1397 1355 1413
f 1397 1413 1426
f 1443 1466 1496
f 1443 1397 1426
f 1443 1446 1466
f 1443 1426 1446
f 2312 2308 2307
f 2312 2307 2311
f 2293 2311 2296
f 2293 2312 2311
f 2264 2296 2263
f 2264 2293 2296
f 2259 2237 2240
f 2259 2240 2258
f 2282 2258 2281
f 2282 2259 2258
f 2308 2281 2307
f 2308 2282 2281
f 2192 2161 2164
f 2192 2164 2191
f 2223 2191 2224
f 2223 2192 2191
f 2237 2224 2240
f 2237 2223 2224
f 2161 2072 2164
f 2161 2073 2072
f 2073 2059 2072
f 2072 2059 2058
f 2058 2047 2046
f 2059 2047 2058
f 2046 2035 2034
f 2047 2035 2046
f 1970 1945 1944
f 1970 1944 1969
f 1985 1969 1984
f 1985 1970 1969
f 2004 1984 2003
f 2004 1985 1984
f 1945 1920 1944
f 1944 1920 1923
f 1923 1902 1901
f 1920 1902 1923
f 1901 1912 1911
f 1902 1912 1901
f 1912 1953 1911
f 1911 1953 1952
f 1949 1937 1936
f 1949 1936 1948
f 1956 1948 1959
f 1956 1949 1948
f 1953 1959 1952
f 1953 1956 1959
f 1834 1784 1783
f 1834 1783 1833
f 1872 1833 1871
f 1872 1834 1833
f 1937 1871 1936
f 1937 1872 1871
f 1740 1730 1729
f 1740 1729 1743
f 1761 1743 1760
f 1761 1740 1743
f 1784 1760 1783
f 1784 1761 1760
f 1730 1707 1729
f 1729 1707 1706
f 1707 1701 1706
f 1706 1701 1700
f 1700 1684 1683
f 1701 1684 1700
f 1683 1667 1670
f 1684 1667 1683
f 1616 1594 1593
f 1616 1593 1615
f 1638 1615 1637
f 1638 1616 1615
f 1667 1637 1670
f 1667 1638 1637
f 1594 1584 1593
f 1593 1584 1583
f 1583 1582 1581
f 1584 1582 1583
f 1581 1572 1571
f 1582 1572 1581
f 1552 1534 1551
f 1551 1534 1537
f 1514 1497 1496
f 1514 1496 1513
f 1528 1513 1527
f 1528 1514 1513
f 1534 1527 1537
f 1534 1528 1527
f 1398 1352 1355
f 1398 1355 1397
f 1440 1397 1443
f 1440 1398 1397
f 1497 1443 1496
f 1497 1440 1443
f 1314 1318 1317
f 1314 1317 1313
f 1336 1313 1335
f 1336 1314 1313
f 1352 1335 1355
f 1352 1336 1335
f 1318 1362 1317
f 1318 1363 1362
f 1363 1370 1362
f 1362 1370 1369
f 1369 1357 1356
f 1370 1357 1369
f 1356 1328 1327
f 1357 1328 1356
f 1268 1249 1248
f 1268 1248 1267
f 1283 1267 1282
f 1283 1268 1267
f 1328 1282 1327
f 1328 1283 1282
f 1249 1236 1248
f 1248 1236 1235
f 1235 1206 1205
f 1236 1206 1235
f 1205 1183 1182
f 1206 1183 1205
f 1183 1108 1182
f 1182 1108 1107
f 1050 1031 1030
f 1050 1030 1049
f 1075 1049 1074
f 1075 1050 1049
f 1108 1074 1107
f 1108 1075 1074
f 974 958 957
f 974 957 973
f 1004 973 1003
f 1004 974 973
f 1031 1003 1030
f 1031 1004 1003
f 969 993 992
f 969 992 968
f 947 968 946
f 947 969 968
f 958 946 957
f 958 947 946
f 993 1084 992
f 992 1084 1083
f 1084 1114 1083
f 1083 1114 1113
f 1113 1144 1147
f 1114 1144 1113
f 1147 1151 1150
f 1144 1151 1147
f 1123 1137 1136
f 1123 1136 1125
f 1133 1125 1132
f 1133 1123 1125
f 1151 1132 1150
f 1151 1133 1132
f 1137 1131 1136
f 1136 1131 1130
f 1130 1103 1106
f 1131 1103 1130
f 1106 1069 1068
f 1103 1069 1106
f 1069 979 1068
f 1068 979 982
f 942 941 937
f 938 942 937
f 954 937 953
f 954 938 937
f 979 953 982
f 979 954 953
f 989 1008 1007
f 989 1007 988
f 966 988 965
f 966 989 988
f 942 965 941
f 942 966 965
f 1024 1040 1039
f 1024 1039 1023
f 1016 1023 1015
f 1016 1024 1023
f 1008 1015 1007
f 1008 1016 1015
f 1085 1173 1088
f 1088 1173 1172
f 1173 1193 1172
f 1172 1193 1192
f 1192 1220 1221
f 1193 1220 1192
f 1221 1240 1239
f 1220 1240 1221
f 1277 1301 1300
f 1277 1300 1276
f 1262 1276 1261
f 1262 1277 1276
f 1240 1261 1239
f 1240 1262 1261
f 1301 1325 1300
f 1300 1325 1324
f 1324 1344 1343
f 1325 1344 1324
f 1343 1331 1334
f 1344 1331 1343
f 1331 1293 1334
f 1334 1293 1292
f 1297 1309 1308
f 1297 1308 1296
f 1288 1291 1292
f 1288 1296 1291
f 1288 1297 1296
f 1293 1288 1292
f 1373 1389 1388
f 1373 1388 1376
f 1350 1376 1349
f 1350 1373 1376
f 1309 1349 1308
f 1309 1350 1349
f 1505 1516 1515
f 1505 1515 1504
f 1488 1504 1487
f 1488 1505 1504
f 1461 1487 1460
f 1461 1488 1487
f 1516 1541 1515
f 1515 1541 1540
f 1541 1545 1540
f 1540 1545 1544
f 1544 1560 1559
f 1545 1560 1544
f 1559 1578 1577
f 1560 1578 1559
f 1627 1654 1653
f 1627 1653 1626
f 1608 1626 1610
f 1608 1627 1626
f 1578 1610 1577
f 1578 1608 1610
f 1654 1674 1653
f 1653 1674 1673
f 1673 1688 1687
f 1674 1688 1673
f 1687 1696 1695
f 1688 1696 1687
f 1696 1711 1695
f 1695 1711 1710
f 1724 1726 1725
f 1724 1725 1723
f 1715 1723 1714
f 1715 1724 1723
f 1711 1714 1710
f 1711 1715 1714
f 1848 1890 1893
f 1848 1893 1847
f 1801 1847 1800
f 1801 1848 1847
f 1750 1800 1753
f 1750 1801 1800
f 1932 1928 1927
f 1932 1927 1931
f 1907 1931 1910
f 1907 1932 1931
f 1890 1910 1893
f 1890 1907 1910
f 1928 1881 1927
f 1927 1881 1880
f 1881 1874 1880
f 1880 1874 1873
f 1873 1887 1886
f 1874 1887 1873
f 1886 1916 1915
f 1887 1916 1886
f 1979 1997 1996
f 1979 1996 1981
f 1965 1981 1964
f 1965 1979 1981
f 1916 1964 1915
f 1916 1965 1964
f 1997 2009 1996
f 1996 2009 2012
f 2012 2043 2042
f 2009 2043 2012
f 2042 2062 2065
f 2043 2062 2042
f 2062 2139 2065
f 2062 2140 2139
f 2198 2218 2217
f 2198 2217 2197
f 2175 2197 2174
f 2175 2198 2197
f 2140 2174 2139
f 2140 2175 2174
f 2270 2288 2287
f 2270 2287 2269
f 2245 2269 2244
f 2245 2270 2269
f 2218 2244 2217
f 2218 2245 2244
f 2254 2253 2275
f 2276 2254 2275
f 2302 2275 2301
f 2302 2276 2275
f 2288 2301 2287
f 2288 2302 2301
f 2254 2165 2253
f 2253 2165 2168
f 2165 2133 2168
f 2168 2133 2136
f 2136 2103 2102
f 2102 2103 2096
f 2133 2103 2136
f 2103 2097 2096
f 2125 2111 2110
f 2125 2110 2124
f 2115 2124 2117
f 2115 2125 2124
f 2097 2117 2096
f 2097 2115 2117
f 2110 2111 2121
f 2121 2118 2145
f 2111 2118 2121
f 2145 2146 2179
f 2118 2146 2145
f 2146 2180 2179
f 2180 2263 2179
f 2180 2264 2263
f 1644 1646 1864
f 1644 1864 1850
f 1502 1493 1646
f 1502 1646 1644
f 1991 1864 2013
f 1991 1850 1864
f 1279 1271 1493
f 1279 1493 1502
f 2022 2013 2054
f 2022 1991 2013
f 1222 1271 1279
f 1191 1271 1222
f 1976 1967 2022
f 1976 2022 2054
f 1255 1191 1222
f 1744 1967 1976
f 1232 1191 1255
f 1756 1744 1976
f 1601 1602 1744
f 1601 1394 1602
f 1601 1744 1756
f 1381 1255 1394
f 1381 1394 1601
f 1381 1232 1255
f 1651 1851 1896
f 1645 1851 1651
f 1651 1470 1645
f 1470 1503 1645
f 1896 1992 2049
f 1851 1992 1896
f 1252 1280 1470
f 1470 1280 1503
f 2049 2023 2084
f 1992 2023 2049
f 1252 1223 1280
f 2023 1968 2084
f 1252 1163 1223
f 1968 1995 2084
f 1163 1256 1223
f 1163 1196 1256
f 1745 1775 1968
f 1968 1775 1995
f 1603 1596 1745
f 1745 1596 1775
f 1256 1351 1395
f 1395 1351 1603
f 1196 1351 1256
f 1603 1351 1596
f 1652 1463 1470
f 1652 1470 1651
f 1919 1651 1896
f 1919 1652 1651
f 2066 1896 2049
f 2066 1919 1896
f 2114 2049 2084
f 2114 2066 2049
f 1995 2114 2084
f 2002 2114 1995
f 1780 1995 1775
f 1780 2002 1995
f 1744 1602 1745
f 1603 1602 1395
f 1745 1602 1603
f 1602 1394 1395
f 1395 1255 1256
f 1394 1255 1395
f 1256 1222 1223
f 1255 1222 1256
f 1223 1279 1280
f 1222 1279 1223
f 1280 1502 1503
f 1279 1502 1280
f 1768 1600 1756
f 1756 1600 1601
f 1601 1368 1381
f 1600 1368 1601
f 1381 1209 1232
f 1368 1209 1381
f 1209 1191 1232
f 1209 1180 1191
f 1180 1271 1191
f 1180 1264 1271
f 1264 1493 1271
f 1264 1480 1493
f 1772 1771 1598
f 1771 1597 1598
f 1598 1360 1361
f 1597 1360 1598
f 1361 1202 1203
f 1360 1202 1361
f 1203 1169 1170
f 1202 1169 1203
f 1260 1259 1476
f 1170 1259 1260
f 1169 1259 1170
f 1259 1475 1476
f 1877 1650 1885
f 1877 1647 1650
f 2037 1885 2045
f 2037 1877 1885
f 1479 1476 1650
f 1479 1650 1647
f 2078 2037 2045
f 1265 1260 1476
f 1265 1476 1479
f 2068 2037 2078
f 1179 1260 1265
f 1170 1260 1179
f 1988 1982 2068
f 1988 2068 2078
f 1772 1767 1982
f 1772 1982 1988
f 1203 1179 1208
f 1203 1170 1179
f 1599 1767 1772
f 1598 1599 1772
f 1361 1208 1367
f 1361 1367 1599
f 1361 1599 1598
f 1361 1203 1208
f 2636 2679 2630
f 2630 2679 2678
f 2678 2705 2700
f 2679 2705 2678
f 2705 2689 2700
f 2705 2694 2689
f 2689 2659 2655
f 2694 2659 2689
f 2659 2593 2655
f 2659 2595 2593
f 2595 2551 2593
f 2595 2549 2551
f 2637 2683 2635
f 2635 2683 2680
f 2680 2717 2706
f 2683 2717 2680
f 2717 2695 2706
f 2717 2698 2695
f 2698 2658 2695
f 2698 2664 2658
f 2664 2594 2658
f 2664 2596 2594
f 2596 2550 2594
f 2596 2548 2550
f 2483 2545 2547
f 2481 2545 2483
f 2447 2481 2483
f 2433 2481 2447
f 2470 2433 2447
f 2466 2433 2470
f 2504 2470 2510
f 2504 2466 2470
f 2576 2510 2578
f 2576 2504 2510
f 2638 2576 2578
f 2639 2576 2638
f 2528 2530 2527
f 2528 2529 2530
f 2525 2527 2526
f 2525 2528 2527
f 2523 2526 2524
f 2523 2525 2526
f 2514 2518 2515
f 2514 2519 2518
f 2507 2515 2506
f 2507 2514 2515
f 2502 2506 2503
f 2502 2507 2506
f 2428 2429 2427
f 2428 2430 2429
f 2426 2427 2425
f 2426 2428 2427
f 2422 2425 2421
f 2422 2426 2425
f 2622 2624 2623
f 2622 2625 2624
f 2618 2623 2619
f 2618 2622 2623
f 2614 2619 2615
f 2614 2618 2619
f 2738 2726 2737
f 2737 2726 2725
f 2725 2712 2711
f 2726 2712 2725
f 2711 2710 2709
f 2712 2710 2711
f 2709 2724 2723
f 2710 2724 2709
f 2642 2631 2641
f 2641 2631 2632
f 2632 2629 2628
f 2631 2629 2632
f 2628 2624 2625
f 2629 2624 2628
f 2540 2536 2539
f 2539 2536 2535
f 2535 2534 2533
f 2536 2534 2535
f 2533 2530 2529
f 2534 2530 2533
f 2549 2595 2550
f 2550 2595 2594
f 2594 2659 2658
f 2595 2659 2594
f 2658 2694 2695
f 2659 2694 2658
f 2706 2705 2680
f 2695 2705 2706
f 2694 2705 2695
f 2705 2679 2680
f 2680 2636 2635
f 2679 2636 2680
f 2576 2640 2577
f 2576 2577 2505
f 2576 2639 2640
f 2504 2505 2465
f 2504 2576 2505
f 2466 2504 2465
f 2433 2465 2434
f 2433 2434 2482
f 2433 2466 2465
f 2481 2482 2546
f 2481 2433 2482
f 2545 2481 2546
f 2556 2591 2557
f 2557 2591 2592
f 2592 2649 2650
f 2591 2649 2592
f 2650 2684 2685
f 2649 2684 2650
f 2685 2690 2691
f 2684 2690 2685
f 2691 2674 2675
f 2690 2674 2691
f 2675 2626 2627
f 2674 2626 2675
f 2409 2416 2410
f 2409 2415 2416
f 2407 2410 2408
f 2407 2409 2410
f 2411 2408 2412
f 2411 2407 2408
f 2472 2443 2444
f 2472 2444 2473
f 2487 2473 2488
f 2487 2472 2473
f 2497 2488 2496
f 2497 2487 2488
f 2580 2570 2571
f 2580 2571 2579
f 2589 2579 2590
f 2589 2580 2579
f 2602 2590 2603
f 2602 2589 2590
f 2677 2666 2667
f 2677 2667 2676
f 2692 2676 2693
f 2692 2677 2676
f 2716 2693 2715
f 2716 2692 2693
f 2759 2755 2756
f 2759 2756 2760
f 2761 2760 2762
f 2761 2759 2760
f 2757 2762 2758
f 2757 2761 2762
f 2696 2727 2728
f 2696 2728 2697
f 2681 2697 2682
f 2681 2696 2697
f 2672 2682 2673
f 2672 2681 2682
f 2597 2606 2607
f 2597 2607 2598
f 2587 2598 2588
f 2587 2597 2598
f 2574 2588 2575
f 2574 2587 2588
f 2626 2585 2627
f 2627 2585 2586
f 2586 2531 2532
f 2585 2531 2586
f 2532 2484 2485
f 2531 2484 2532
f 2485 2478 2479
f 2484 2478 2485
f 2479 2494 2495
f 2478 2494 2479
f 2495 2556 2557
f 2494 2556 2495
f 2686 2690 2722
f 2686 2674 2690
f 2686 2638 2674
f 2638 2626 2674
f 2722 2684 2699
f 2690 2684 2722
f 2699 2649 2665
f 2684 2649 2699
f 2578 2585 2638
f 2638 2585 2626
f 2585 2510 2531
f 2578 2510 2585
f 2591 2599 2649
f 2649 2599 2665
f 2510 2484 2531
f 2556 2547 2591
f 2591 2547 2599
f 2510 2470 2484
f 2556 2494 2547
f 2478 2483 2494
f 2494 2483 2547
f 2484 2447 2478
f 2478 2447 2483
f 2470 2447 2484
f 2601 2545 2546
f 2601 2546 2600
f 2670 2600 2671
f 2670 2671 2704
f 2670 2601 2600
f 2703 2670 2704
f 2735 2704 2736
f 2735 2736 2688
f 2735 2703 2704
f 2687 2688 2640
f 2687 2735 2688
f 2639 2687 2640
f 2733 2723 2731
f 2727 2723 2733
f 2753 2745 2757
f 2750 2745 2753
f 2745 2743 2757
f 2761 2736 2759
f 2757 2736 2761
f 2725 2736 2737
f 2711 2736 2725
f 2739 2736 2743
f 2737 2736 2739
f 2743 2736 2757
f 2696 2688 2727
f 2681 2688 2696
f 2709 2688 2711
f 2723 2688 2709
f 2727 2688 2723
f 2711 2688 2736
f 2668 2663 2672
f 2663 2656 2672
f 2759 2741 2755
f 2751 2741 2747
f 2755 2741 2751
f 2672 2647 2681
f 2681 2647 2688
f 2656 2647 2672
f 2736 2729 2759
f 2759 2729 2741
f 2647 2645 2688
f 2641 2640 2645
f 2645 2640 2688
f 2729 2704 2707
f 2736 2704 2729
f 2641 2632 2640
f 2704 2701 2707
f 2713 2720 2718
f 2618 2614 2622
f 2614 2612 2622
f 2622 2612 2625
f 2713 2716 2720
f 2625 2606 2628
f 2612 2606 2625
f 2610 2606 2612
f 2606 2597 2628
f 2701 2692 2713
f 2713 2692 2716
f 2628 2577 2632
f 2632 2577 2640
f 2597 2577 2628
f 2587 2577 2597
f 2701 2671 2692
f 2692 2671 2677
f 2704 2671 2701
f 2587 2574 2577
f 2671 2666 2677
f 2574 2566 2577
f 2572 2566 2574
f 2568 2566 2572
f 2671 2651 2666
f 2660 2651 2653
f 2666 2651 2660
f 2566 2563 2577
f 2671 2643 2651
f 2563 2552 2577
f 2671 2633 2643
f 2525 2520 2528
f 2523 2520 2525
f 2512 2508 2520
f 2520 2508 2528
f 2528 2508 2529
f 2529 2508 2533
f 2608 2602 2604
f 2616 2602 2608
f 2508 2505 2533
f 2552 2505 2577
f 2535 2505 2539
f 2533 2505 2535
f 2541 2505 2552
f 2539 2505 2541
f 2620 2600 2616
f 2633 2600 2620
f 2671 2600 2633
f 2616 2600 2602
f 2508 2492 2505
f 2600 2589 2602
f 2492 2477 2505
f 2600 2580 2589
f 2453 2458 2477
f 2580 2558 2570
f 2570 2558 2565
f 2458 2467 2477
f 2477 2467 2505
f 2600 2554 2580
f 2580 2554 2558
f 2453 2450 2458
f 2449 2450 2453
f 2558 2560 2565
f 2467 2465 2505
f 2600 2546 2554
f 2467 2461 2465
f 2546 2543 2554
f 2461 2442 2465
f 2546 2538 2543
f 2506 2500 2503
f 2506 2498 2500
f 2423 2415 2431
f 2417 2415 2423
f 2515 2497 2506
f 2518 2497 2515
f 2506 2497 2498
f 2442 2434 2465
f 2546 2482 2538
f 2482 2487 2538
f 2538 2487 2518
f 2518 2487 2497
f 2442 2409 2434
f 2415 2409 2431
f 2431 2409 2442
f 2434 2455 2482
f 2455 2459 2482
f 2434 2435 2455
f 2482 2472 2487
f 2409 2407 2434
f 2459 2445 2482
f 2434 2429 2435
f 2427 2421 2425
f 2429 2421 2427
f 2429 2419 2421
f 2407 2411 2434
f 2434 2411 2429
f 2440 2443 2445
f 2437 2443 2440
f 2482 2443 2472
f 2445 2443 2482
f 2429 2413 2419
f 2411 2413 2429
f 2492 2508 2509
f 2492 2509 2493
f 2477 2493 2476
f 2477 2492 2493
f 2453 2476 2454
f 2453 2477 2476
f 2605 2617 2609
f 2603 2617 2605
f 2661 2652 2667
f 2654 2652 2661
f 2652 2664 2667
f 2634 2664 2644
f 2644 2664 2652
f 2667 2664 2676
f 2676 2664 2693
f 2603 2596 2617
f 2634 2596 2664
f 2579 2596 2590
f 2590 2596 2603
f 2617 2596 2621
f 2621 2596 2634
f 2715 2719 2721
f 2564 2561 2571
f 2715 2714 2719
f 2693 2714 2715
f 2571 2559 2579
f 2561 2559 2571
f 2664 2702 2693
f 2693 2702 2714
f 2579 2555 2596
f 2559 2555 2579
f 2514 2507 2519
f 2708 2698 2730
f 2664 2698 2702
f 2702 2698 2708
f 2555 2548 2596
f 2537 2548 2544
f 2544 2548 2555
f 2742 2752 2748
f 2502 2501 2507
f 2501 2499 2507
f 2507 2499 2519
f 2742 2756 2752
f 2499 2496 2519
f 2496 2488 2519
f 2519 2488 2537
f 2730 2760 2742
f 2742 2760 2756
f 2760 2717 2762
f 2730 2717 2760
f 2698 2717 2730
f 2537 2486 2548
f 2488 2486 2537
f 2473 2486 2488
f 2473 2444 2486
f 2717 2758 2762
f 2438 2439 2444
f 2444 2446 2486
f 2439 2446 2444
f 2754 2746 2749
f 2758 2746 2754
f 2717 2744 2758
f 2758 2744 2746
f 2717 2740 2744
f 2717 2738 2740
f 2446 2460 2486
f 2717 2726 2738
f 2460 2456 2486
f 2717 2712 2726
f 2428 2422 2430
f 2426 2422 2428
f 2724 2734 2732
f 2420 2414 2422
f 2724 2728 2734
f 2422 2412 2430
f 2414 2412 2422
f 2430 2452 2436
f 2436 2452 2456
f 2456 2452 2486
f 2412 2452 2430
f 2710 2683 2724
f 2712 2683 2710
f 2717 2683 2712
f 2724 2683 2728
f 2683 2697 2728
f 2412 2408 2452
f 2683 2682 2697
f 2408 2410 2452
f 2682 2648 2673
f 2637 2648 2683
f 2683 2648 2682
f 2416 2432 2410
f 2673 2657 2669
f 2648 2657 2673
f 2410 2441 2452
f 2432 2441 2410
f 2452 2441 2471
f 2657 2662 2669
f 2416 2424 2432
f 2418 2424 2416
f 2637 2646 2648
f 2637 2642 2646
f 2441 2462 2471
f 2637 2631 2642
f 2462 2468 2471
f 2637 2629 2631
f 2619 2613 2615
f 2619 2611 2613
f 2468 2511 2471
f 2637 2581 2629
f 2629 2607 2624
f 2623 2607 2619
f 2624 2607 2623
f 2619 2607 2611
f 2451 2454 2457
f 2448 2454 2451
f 2457 2476 2468
f 2454 2476 2457
f 2468 2476 2511
f 2581 2598 2629
f 2629 2598 2607
f 2511 2553 2581
f 2511 2542 2553
f 2553 2562 2581
f 2511 2540 2542
f 2511 2536 2540
f 2511 2534 2536
f 2581 2588 2598
f 2476 2493 2511
f 2562 2567 2581
f 2569 2573 2567
f 2581 2575 2588
f 2567 2575 2581
f 2573 2575 2567
f 2534 2509 2530
f 2526 2509 2524
f 2527 2509 2526
f 2530 2509 2527
f 2511 2509 2534
f 2493 2509 2511
f 2524 2513 2521
f 2509 2513 2524
f 2635 2636 2583
f 2583 2582 2517
f 2636 2582 2583
f 2517 2516 2475
f 2582 2516 2517
f 2516 2474 2475
f 2464 2463 2490
f 2475 2463 2464
f 2474 2463 2475
f 2463 2489 2490
f 2490 2549 2550
f 2489 2549 2490
f 2593 2650 2655
f 2593 2592 2650
f 2593 2551 2592
f 2655 2685 2689
f 2650 2685 2655
f 2551 2557 2592
f 2551 2491 2557
f 2689 2691 2700
f 2685 2691 2689
f 2491 2495 2557
f 2495 2469 2479
f 2491 2469 2495
f 2675 2678 2691
f 2691 2678 2700
f 2627 2630 2675
f 2675 2630 2678
f 2479 2480 2485
f 2469 2480 2479
f 2586 2584 2627
f 2627 2584 2630
f 2532 2522 2586
f 2485 2522 2532
f 2586 2522 2584
f 2480 2522 2485
f 2566 2567 2563
f 2563 2562 2552
f 2567 2562 2563
f 2552 2553 2541
f 2562 2553 2552
f 2541 2542 2539
f 2553 2542 2541
f 2542 2540 2539
f 2656 2657 2647
f 2647 2648 2645
f 2657 2648 2647
f 2645 2646 2641
f 2648 2646 2645
f 2646 2642 2641
f 2746 2744 2745
f 2745 2744 2743
f 2743 2740 2739
f 2744 2740 2743
f 2739 2738 2737
f 2740 2738 2739
f 2714 2702 2713
f 2713 2702 2701
f 2701 2708 2707
f 2702 2708 2701
f 2707 2730 2729
f 2729 2730 2741
f 2708 2730 2707
f 2730 2742 2741
f 2617 2621 2616
f 2616 2621 2620
f 2620 2634 2633
f 2621 2634 2620
f 2633 2644 2643
f 2643 2644 2651
f 2634 2644 2633
f 2644 2652 2651
f 2519 2537 2518
f 2518 2537 2538
f 2538 2544 2543
f 2537 2544 2538
f 2543 2555 2554
f 2544 2555 2543
f 2554 2559 2558
f 2555 2559 2554
f 2430 2436 2429
f 2429 2436 2435
f 2435 2456 2455
f 2436 2456 2435
f 2455 2460 2459
f 2456 2460 2455
f 2459 2446 2445
f 2460 2446 2459
f 2457 2468 2458
f 2458 2468 2467
f 2467 2462 2461
f 2468 2462 2467
f 2461 2441 2442
f 2462 2441 2461
f 2442 2432 2431
f 2441 2432 2442
f 2731 2723 2724
f 2731 2724 2732
f 2733 2734 2728
f 2733 2732 2734
f 2733 2731 2732
f 2727 2733 2728
f 2440 2445 2446
f 2440 2446 2439
f 2437 2439 2438
f 2437 2440 2439
f 2443 2438 2444
f 2443 2437 2438
f 2747 2741 2742
f 2747 2742 2748
f 2751 2752 2756
f 2751 2748 2752
f 2751 2747 2748
f 2755 2751 2756
f 2612 2614 2615
f 2612 2615 2613
f 2610 2611 2607
f 2610 2613 2611
f 2610 2612 2613
f 2606 2610 2607
f 2420 2422 2421
f 2420 2421 2419
f 2414 2413 2411
f 2414 2419 2413
f 2414 2420 2419
f 2412 2414 2411
f 2501 2502 2503
f 2501 2503 2500
f 2499 2500 2498
f 2499 2501 2500
f 2496 2498 2497
f 2496 2499 2498
f 2653 2651 2652
f 2653 2652 2654
f 2660 2661 2667
f 2660 2654 2661
f 2660 2653 2654
f 2666 2660 2667
f 2560 2558 2559
f 2560 2559 2561
f 2565 2561 2564
f 2565 2560 2561
f 2570 2564 2571
f 2570 2565 2564
f 2609 2617 2616
f 2609 2616 2608
f 2605 2608 2604
f 2605 2609 2608
f 2603 2604 2602
f 2603 2605 2604
f 2719 2714 2713
f 2719 2718 2720
f 2719 2713 2718
f 2721 2719 2720
f 2715 2720 2716
f 2715 2721 2720
f 2746 2745 2750
f 2749 2750 2753
f 2749 2746 2750
f 2754 2749 2753
f 2758 2753 2757
f 2758 2754 2753
f 2662 2657 2656
f 2662 2656 2663
f 2669 2663 2668
f 2669 2662 2663
f 2673 2668 2672
f 2673 2669 2668
f 2569 2567 2566
f 2569 2566 2568
f 2573 2568 2572
f 2573 2569 2568
f 2575 2572 2574
f 2575 2573 2572
f 2520 2523 2524
f 2520 2524 2521
f 2512 2521 2513
f 2512 2520 2521
f 2508 2513 2509
f 2508 2512 2513
f 2451 2457 2458
f 2451 2458 2450
f 2448 2450 2449
f 2448 2451 2450
f 2454 2449 2453
f 2454 2448 2449
f 2423 2431 2432
f 2423 2432 2424
f 2417 2418 2416
f 2417 2424 2418
f 2417 2423 2424
f 2415 2417 2416
f 2687 2639 2638
f 2687 2638 2686
f 2735 2686 2722
f 2735 2687 2686
f 2703 2722 2699
f 2703 2735 2722
f 2670 2699 2665
f 2670 2703 2699
f 2601 2665 2599
f 2601 2670 2665
f 2547 2601 2599
f 2545 2601 2547
f 2548 2490 2550
f 2548 2486 2490
f 2486 2464 2490
f 2486 2452 2464
f 2452 2475 2464
f 2452 2471 2475
f 2475 2511 2517
f 2471 2511 2475
f 2517 2581 2583
f 2511 2581 2517
f 2583 2637 2635
f 2581 2637 2583
f 2549 2491 2551
f 2549 2489 2491
f 2489 2469 2491
f 2489 2463 2469
f 2469 2474 2480
f 2463 2474 2469
f 2474 2522 2480
f 2474 2516 2522
f 2522 2582 2584
f 2516 2582 2522
f 2584 2636 2630
f 2582 2636 2584
f 2816 2830 2815
f 2815 2830 2829
f 2829 2836 2835
f 2830 2836 2829
f 2835 2831 2832
f 2836 2831 2835
f 2832 2823 2824
f 2824 2823 2812
f 2831 2823 2832
f 2823 2811 2812
f 2812 2807 2808
f 2811 2807 2812
f 2864 2869 2863
f 2863 2869 2870
f 2870 2875 2876
f 2869 2875 2870
f 2876 2872 2871
f 2875 2872 2876
f 2871 2865 2866
f 2866 2865 2860
f 2872 2865 2871
f 2865 2859 2860
f 2860 2856 2855
f 2859 2856 2860
f 2783 2784 2782
f 2781 2782 2779
f 2781 2783 2782
f 2780 2781 2779
f 2777 2779 2778
f 2777 2780 2779
f 2792 2790 2791
f 2791 2790 2789
f 2789 2788 2787
f 2790 2788 2789
f 2787 2785 2786
f 2788 2785 2787
f 2867 2868 2861
f 2867 2874 2868
f 2867 2873 2874
f 2862 2861 2853
f 2862 2867 2861
f 2854 2862 2853
f 2846 2854 2853
f 2846 2845 2842
f 2846 2853 2845
f 2841 2846 2842
f 2840 2842 2839
f 2840 2841 2842
f 2885 2874 2886
f 2886 2874 2873
f 2883 2884 2889
f 2884 2890 2889
f 2817 2818 2826
f 2825 2817 2826
f 2797 2813 2798
f 2798 2813 2814
f 2839 2770 2840
f 2839 2769 2770
f 2891 2885 2887
f 2890 2885 2891
f 2869 2874 2885
f 2869 2885 2875
f 2872 2875 2885
f 2872 2885 2890
f 2864 2874 2869
f 2865 2890 2884
f 2865 2872 2890
f 2858 2874 2864
f 2879 2884 2882
f 2859 2865 2884
f 2877 2859 2884
f 2877 2884 2879
f 2836 2853 2861
f 2836 2861 2868
f 2836 2868 2874
f 2830 2839 2842
f 2830 2842 2845
f 2830 2845 2853
f 2830 2853 2836
f 2831 2874 2858
f 2831 2836 2874
f 2831 2858 2851
f 2816 2839 2830
f 2823 2831 2851
f 2823 2851 2847
f 2809 2839 2816
f 2811 2823 2847
f 2811 2847 2844
f 2805 2839 2809
f 2820 2850 2856
f 2827 2820 2856
f 2813 2811 2844
f 2813 2850 2820
f 2813 2844 2850
f 2825 2859 2877
f 2825 2827 2856
f 2825 2856 2859
f 2837 2825 2877
f 2817 2825 2837
f 2821 2837 2833
f 2821 2817 2837
f 2797 2811 2813
f 2797 2804 2807
f 2797 2807 2811
f 2796 2804 2797
f 2793 2804 2796
f 2791 2799 2804
f 2791 2804 2793
f 2789 2799 2791
f 2769 2839 2805
f 2769 2802 2799
f 2769 2805 2802
f 2765 2789 2787
f 2765 2763 2768
f 2765 2768 2769
f 2765 2799 2789
f 2765 2769 2799
f 2780 2783 2781
f 2775 2780 2777
f 2775 2783 2780
f 2773 2783 2775
f 2772 2787 2786
f 2772 2786 2783
f 2772 2765 2787
f 2772 2783 2773
f 2888 2889 2892
f 2886 2889 2888
f 2873 2870 2886
f 2886 2870 2876
f 2876 2871 2886
f 2886 2871 2889
f 2873 2863 2870
f 2889 2866 2883
f 2871 2866 2889
f 2873 2857 2863
f 2866 2860 2883
f 2881 2878 2880
f 2883 2878 2881
f 2860 2878 2883
f 2854 2835 2862
f 2862 2835 2867
f 2867 2835 2873
f 2840 2829 2841
f 2841 2829 2846
f 2846 2829 2854
f 2854 2829 2835
f 2873 2832 2857
f 2835 2832 2873
f 2857 2832 2852
f 2840 2815 2829
f 2832 2824 2852
f 2852 2824 2848
f 2840 2810 2815
f 2824 2812 2848
f 2848 2812 2843
f 2840 2806 2810
f 2849 2819 2855
f 2819 2828 2855
f 2812 2814 2843
f 2849 2814 2819
f 2843 2814 2849
f 2860 2826 2878
f 2828 2826 2855
f 2855 2826 2860
f 2826 2838 2878
f 2838 2818 2834
f 2826 2818 2838
f 2818 2822 2834
f 2812 2798 2814
f 2808 2798 2812
f 2803 2798 2808
f 2803 2795 2798
f 2803 2794 2795
f 2800 2792 2803
f 2803 2792 2794
f 2800 2790 2792
f 2840 2770 2806
f 2801 2770 2800
f 2806 2770 2801
f 2790 2766 2788
f 2767 2766 2770
f 2764 2766 2767
f 2800 2766 2790
f 2770 2766 2800
f 2782 2778 2779
f 2782 2776 2778
f 2788 2771 2785
f 2785 2771 2784
f 2784 2771 2782
f 2776 2771 2774
f 2782 2771 2776
f 2766 2771 2788
f 2889 2890 2891
f 2892 2891 2887
f 2892 2889 2891
f 2888 2892 2887
f 2886 2887 2885
f 2886 2888 2887
f 2825 2826 2827
f 2826 2828 2827
f 2827 2819 2820
f 2828 2819 2827
f 2820 2814 2813
f 2819 2814 2820
f 2783 2785 2784
f 2783 2786 2785
f 2765 2772 2771
f 2765 2771 2766
f 2797 2798 2796
f 2796 2795 2793
f 2798 2795 2796
f 2793 2794 2791
f 2795 2794 2793
f 2794 2792 2791
f 2777 2778 2776
f 2775 2776 2774
f 2775 2777 2776
f 2773 2774 2771
f 2773 2775 2774
f 2772 2773 2771
f 2767 2770 2769
f 2767 2769 2768
f 2764 2768 2763
f 2764 2767 2768
f 2766 2763 2765
f 2766 2764 2763
f 2856 2850 2855
f 2855 2850 2849
f 2849 2844 2843
f 2850 2844 2849
f 2843 2847 2848
f 2848 2847 2852
f 2844 2847 2843
f 2847 2851 2852
f 2852 2858 2857
f 2851 2858 2852
f 2857 2864 2863
f 2858 2864 2857
f 2807 2804 2808
f 2808 2804 2803
f 2803 2799 2800
f 2804 2799 2803
f 2800 2802 2801
f 2801 2802 2806
f 2799 2802 2800
f 2802 2805 2806
f 2806 2809 2810
f 2805 2809 2806
f 2810 2816 2815
f 2809 2816 2810
f 2837 2877 2878
f 2837 2878 2838
f 2882 2884 2883
f 2882 2883 2881
f 2879 2881 2880
f 2879 2882 2881
f 2877 2880 2878
f 2877 2879 2880
f 2818 2817 2821
f 2822 2821 2833
f 2822 2818 2821
f 2834 2833 2837
f 2834 2822 2833
f 2838 2834 2837
