v -0.058992838 -0.084411273 0.064450021
v -0.058992837 -0.084411274 0.05445002
v -0.058210337 -0.077285518 0.054450019
v -0.058210337 -0.077285517 0.06445002
v -0.05619784 -0.082219507 0.06445002
v -0.056197839 -0.082219508 0.05445002
v -0.055731744 -0.090795146 0.064450021
v -0.055731743 -0.090795147 0.054450021
v -0.054957087 -0.077461046 0.06445002
v -0.054957086 -0.077461047 0.05445002
v -0.054893136 -0.086960834 0.054450021
v -0.054893136 -0.086960833 0.064450021
v -0.051503329 -0.073960473 0.06445002
v -0.051503328 -0.073960474 0.054450019
v -0.051392564 -0.090414583 0.064450021
v -0.051392563 -0.090414584 0.054450021
v -0.049499573 -0.094337573 0.054450021
v -0.049499573 -0.094337572 0.064450022
v -0.046762003 -0.072655771 0.054450019
v -0.046762003 -0.07265577 0.06445002
v -0.04663411 -0.091655344 0.064450022
v -0.046634109 -0.091655345 0.054450021
v -0.044490207 -0.059909345 0.054450018
v -0.044490207 -0.059909344 0.064450019
v -0.044078052 -0.056711785 0.054450018
v -0.044078052 -0.056711784 0.064450018
v -0.043187877 -0.062858617 0.054450019
v -0.043187877 -0.062858616 0.064450019
v -0.042346024 -0.093873483 0.064450022
v -0.042346023 -0.093873484 0.054450022
v -0.042003542 -0.073896531 0.05445002
v -0.042003542 -0.07389653 0.06445002
v -0.041892784 -0.090350641 0.054450021
v -0.041892784 -0.09035064 0.064450022
v -0.040547068 -0.064708054 0.054450019
v -0.040547068 -0.064708053 0.064450019
v -0.039523684 -0.065103333 0.054450019
v -0.039523684 -0.065103332 0.064450019
v -0.038525523 -0.065558579 0.054450019
v -0.038525523 -0.065558578 0.06445002
v -0.038502969 -0.077350289 0.05445002
v -0.038502969 -0.077350289 0.064450021
v -0.038439026 -0.086850069 0.054450021
v -0.038439026 -0.086850068 0.064450022
v -0.037556109 -0.06607219 0.054450019
v -0.037556109 -0.066072189 0.06445002
v -0.037198266 -0.082091607 0.054450021
v -0.037198266 -0.082091606 0.064450021
v -0.036623802 -0.089555521 0.054450022
v -0.036623802 -0.08955552 0.064450022
v -0.036618838 -0.066642356 0.06445002
v -0.036618837 -0.066642357 0.054450019
v -0.03571702 -0.067267075 0.054450019
v -0.03571702 -0.067267074 0.06445002
v -0.034853808 -0.06794416 0.06445002
v -0.034853807 -0.067944161 0.054450019
v -0.031913675 -0.069266983 0.05445002
v -0.031913675 -0.069266982 0.06445002
v -0.029147269 -0.021416936 0.054450015
v -0.029147269 -0.021416935 0.064450016
v -0.02871332 -0.068877082 0.06445002
v -0.028713319 -0.068877083 0.05445002
v -0.02704927 -0.018830172 0.064450015
v -0.027049269 -0.018830173 0.054450015
v -0.02617679 -0.066887039 0.05445002
v -0.02617679 -0.066887038 0.06445002
v -0.023894996 -0.017760797 0.064450015
v -0.023894995 -0.017760798 0.054450015
v -0.023499474 -0.00015814 0.053450013
v -0.023416138 -0.001983555 0.054450013
v -0.021643098 0.009155723 0.054450012
v -0.021643098 0.009155724 0.064450013
v -0.020656417 -0.018538328 0.064450016
v -0.020656416 -0.018538329 0.054450015
v -0.020430231 0.011612787 0.053450012
v -0.020272048 -0.011886682 0.053450014
v -0.020206626 -0.018821046 0.064450016
v -0.020206625 -0.018821047 0.054450015
v -0.019794577 -0.012665853 0.054450015
v -0.019783614 -0.019142444 0.064450016
v -0.019783613 -0.019142445 0.054450015
v -0.019390677 -0.0195 0.054450015
v -0.019390677 -0.019499999 0.064450016
v -0.01881392 0.0086236 0.060250001
v -0.01881392 0.0086236 0.064450013
v -0.018696128 -0.008876005 0.060250002
v -0.018696128 -0.008876005 0.064450015
v -0.018343744 0.010426805 0.06025
v -0.018343744 0.010426806 0.064450013
v -0.018319513 0.006826887 0.064450013
v -0.018319512 0.006826887 0.060250001
v -0.018225944 -0.007072799 0.060250002
v -0.018225944 -0.007072799 0.064450015
v -0.018201713 -0.010672717 0.060250002
v -0.018201713 -0.010672717 0.064450015
v -0.017313958 0.008633696 0.053450012
v -0.017313958 0.008633696 0.060250001
v -0.017196159 -0.008865908 0.060250002
v -0.017196158 -0.008865908 0.053450014
v -0.017039682 0.009685566 0.06025
v -0.017039681 0.009685565 0.053450012
v -0.017034952 0.011753337 0.06025
v -0.017034952 0.011753337 0.064450013
v -0.017025552 0.007585613 0.053450013
v -0.017025552 0.007585614 0.060250001
v -0.016992982 0.005518095 0.060250001
v -0.016992982 0.005518095 0.064450013
v -0.01692189 -0.007814038 0.060250002
v -0.016921889 -0.007814039 0.053450014
v -0.016917152 -0.005746268 0.060250002
v -0.016917152 -0.005746267 0.064450014
v -0.016907752 -0.009913992 0.053450014
v -0.016907752 -0.009913991 0.060250002
v -0.016875182 -0.011981509 0.060250003
v -0.016875182 -0.011981509 0.064450015
v -0.016276224 0.010459376 0.06025
v -0.016276223 0.010459376 0.053450012
v -0.01625174 0.006822151 0.053450013
v -0.01625174 0.006822152 0.060250001
v -0.016158424 -0.007040229 0.053450014
v -0.016158424 -0.007040228 0.060250002
v -0.016133941 -0.010677453 0.053450014
v -0.016133941 -0.010677452 0.060250003
v -0.015650923 -0.022611875 0.064450016
v -0.015650922 -0.022611876 0.054450016
v -0.015238237 0.012247751 0.06025
v -0.015238237 0.012247751 0.064450013
v -0.015228143 0.010747784 0.053450012
v -0.015228143 0.010747785 0.06025
v -0.015199868 0.006547879 0.053450013
v -0.015199868 0.006547879 0.060250001
v -0.015189774 0.005047914 0.060250001
v -0.015189774 0.005047914 0.064450013
v -0.015120437 -0.005251854 0.060250002
v -0.015120437 -0.005251854 0.064450014
v -0.015110343 -0.00675182 0.053450014
v -0.015110343 -0.00675182 0.060250002
v -0.015082076 -0.010951725 0.053450015
v -0.015082076 -0.010951725 0.060250003
v -0.015071975 -0.012451691 0.060250003
v -0.015071975 -0.01245169 0.064450015
v -0.014176271 0.010473512 0.060250001
v -0.01417627 0.010473511 0.053450012
v -0.014151788 0.006836288 0.060250001
v -0.014151787 0.006836287 0.053450013
v -0.014058471 -0.007026093 0.053450014
v -0.014058471 -0.007026093 0.060250002
v -0.014033988 -0.010663317 0.053450015
v -0.014033988 -0.010663316 0.060250003
v -0.013749695 -9.251e-05 0.053450013
v -0.013749695 -9.2509e-05 0.064450014
v -0.01343503 0.01177757 0.064450013
v -0.013435029 0.011777569 0.06025
v -0.013425921 0.019287214 0.064450012
v -0.013402459 0.009710049 0.053450013
v -0.013402459 0.00971005 0.060250001
v -0.01339306 0.005542328 0.064450013
v -0.013393059 0.005542327 0.060250001
v -0.013388322 0.007610097 0.053450013
v -0.013388322 0.007610098 0.060250001
v -0.013317238 -0.005722035 0.064450015
v -0.013317237 -0.005722035 0.060250002
v -0.013284667 -0.007789555 0.053450014
v -0.013284667 -0.007789554 0.060250002
v -0.01327526 -0.011957277 0.060250003
v -0.01327526 -0.011957277 0.064450015
v -0.01327053 -0.009889508 0.053450014
v -0.01327053 -0.009889507 0.060250003
v -0.013114053 0.008661967 0.053450013
v -0.013114053 0.008661968 0.060250001
v -0.012996253 -0.008837637 0.053450014
v -0.012996253 -0.008837636 0.060250002
v -0.012108499 0.010468777 0.060250001
v -0.012108499 0.010468778 0.064450013
v -0.012084268 0.006868859 0.064450013
v -0.012084267 0.006868859 0.060250001
v -0.011990707 -0.007030827 0.060250002
v -0.011990707 -0.007030826 0.064450015
v -0.011966468 -0.010630745 0.060250003
v -0.011966468 -0.010630745 0.064450015
v -0.011953866 0.006794735 0.064450013
v -0.011953865 0.006794734 0.053450013
v -0.011886728 0.020272089 0.053450012
v -0.011861305 -0.006954954 0.064450015
v -0.011861304 -0.006954955 0.053450014
v -0.011614083 0.008672064 0.060250001
v -0.011614083 0.008672065 0.064450013
v -0.011612745 -0.020430185 0.053450016
v -0.011612745 -0.020430185 0.054450016
v -0.011496291 -0.00882754 0.060250003
v -0.011496291 -0.008827539 0.064450015
v -0.011421308 -0.025016029 0.054450016
v -0.011421308 -0.025016028 0.064450017
v -0.006955011 0.011861348 0.064450013
v -0.00695501 0.011861347 0.053450013
v -0.006834218 -0.026637214 0.054450016
v -0.006834218 -0.026637213 0.064450017
v -0.006794699 -0.011953813 0.053450015
v -0.006794699 -0.011953812 0.064450015
v -0.006325978 -0.026791894 0.054450016
v -0.006325978 -0.026791893 0.064450017
v -0.005833409 -0.026990926 0.054450017
v -0.005833409 -0.026990925 0.064450017
v -0.005360372 -0.027232748 0.064450017
v -0.005360371 -0.027232749 0.054450017
v -0.003717722 0.017475416 0.064450013
v -0.003717721 0.017475416 0.06025
v -0.003489689 -0.036000961 0.054450018
v -0.003489689 -0.03600096 0.064450018
v -0.003482122 -0.017523792 0.060250004
v -0.003482122 -0.017523792 0.064450016
v -0.003247537 0.019278624 0.06025
v -0.003247537 0.019278624 0.064450012
v -0.003223306 0.015678704 0.06025
v -0.003223306 0.015678704 0.064450013
v -0.003035405 -0.029617596 0.064450017
v -0.003035404 -0.029617597 0.054450017
v -0.003011938 -0.015720586 0.060250004
v -0.003011938 -0.015720585 0.064450016
v -0.002987707 -0.019320505 0.060250004
v -0.002987707 -0.019320505 0.064450016
v -0.002340458 -0.0328749 0.054450017
v -0.002340458 -0.032874899 0.064450018
v -0.002217752 0.017485513 0.053450012
v -0.002217752 0.017485514 0.06025
v -0.001982168 -0.017513695 0.053450016
v -0.001982168 -0.017513695 0.060250004
v -0.001943475 0.018537383 0.053450012
v -0.001943475 0.018537384 0.06025
v -0.001938745 0.020605154 0.06025
v -0.001938745 0.020605155 0.064450012
v -0.001929345 0.016437431 0.053450012
v -0.001929345 0.016437431 0.06025
v -0.001896783 0.014369912 0.060250001
v -0.001896783 0.014369912 0.064450013
v -0.001707891 -0.016461825 0.053450016
v -0.001707891 -0.016461824 0.060250004
v -0.001703146 -0.014394055 0.060250003
v -0.001703146 -0.014394055 0.064450016
v -0.001693746 -0.018561778 0.053450016
v -0.001693746 -0.018561777 0.060250004
v -0.001661184 -0.020629297 0.060250004
v -0.001661184 -0.020629297 0.064450017
v -0.001180017 0.019311193 0.053450012
v -0.001180017 0.019311194 0.06025
v -0.001155542 0.015673969 0.060250001
v -0.001155541 0.015673969 0.053450012
v -0.001071711 0.023475596 0.064450012
v -0.000944433 -0.015688015 0.053450016
v -0.000944433 -0.015688015 0.060250004
v -0.000919942 -0.01932524 0.053450016
v -0.000919942 -0.019325239 0.060250004
v -0.000755574 -0.023487807 0.054450016
v -0.000158182 0.023499513 0.053450012
v -0.000142038 0.021099568 0.06025
v -0.000142038 0.021099568 0.064450012
v -0.000131937 0.019599602 0.06025
v -0.000131936 0.019599601 0.053450012
v -0.000103662 0.015399697 0.060250001
v -0.000103661 0.015399697 0.053450012
v -9.3576e-05 0.013899731 0.064450013
v -9.3575e-05 0.013899731 0.060250001
v -9.2553e-05 0.013749733 0.053450013
v -9.2553e-05 0.013749734 0.064450013
v 9.2554e-05 -0.013749644 0.053450015
v 9.2554e-05 -0.013749643 0.064450016
v 9.3561e-05 -0.01389964 0.060250004
v 9.3561e-05 -0.01389964 0.064450016
v 0.000103663 -0.015399608 0.053450016
v 0.000103663 -0.015399607 0.060250004
v 0.000131922 -0.019599512 0.060250004
v 0.000131923 -0.019599512 0.053450016
v 0.000142024 -0.021099478 0.060250004
v 0.000142024 -0.021099477 0.064450017
v 0.000158183 -0.023499425 0.053450016
v 0.000919928 0.019325329 0.053450012
v 0.000919928 0.019325329 0.06025
v 0.000944419 0.015688104 0.053450012
v 0.000944419 0.015688105 0.060250001
v 0.001155527 -0.015673879 0.060250004
v 0.001155528 -0.01567388 0.053450016
v 0.001180003 -0.019311104 0.053450016
v 0.001180003 -0.019311103 0.060250004
v 0.001661169 0.020629388 0.064450013
v 0.00166117 0.020629387 0.06025
v 0.001693747 0.018561867 0.06025
v 0.001693748 0.018561866 0.053450012
v 0.001703147 0.014394145 0.060250001
v 0.001703147 0.014394146 0.064450013
v 0.001707877 0.016461914 0.053450012
v 0.001707877 0.016461914 0.060250001
v 0.001896769 -0.014369822 0.060250004
v 0.001896769 -0.014369821 0.064450016
v 0.001929331 -0.016437342 0.053450016
v 0.001929331 -0.016437341 0.060250004
v 0.001938731 -0.020605064 0.060250004
v 0.001938731 -0.020605064 0.064450017
v 0.001943476 -0.018537294 0.060250004
v 0.001943477 -0.018537295 0.053450016
v 0.001982154 0.017513784 0.053450012
v 0.001982154 0.017513785 0.06025
v 0.002217738 -0.017485424 0.053450016
v 0.002217738 -0.017485423 0.060250004
v 0.002987708 0.019320595 0.06025
v 0.002987708 0.019320596 0.064450013
v 0.003011939 0.015720676 0.060250001
v 0.003011939 0.015720676 0.064450013
v 0.003223292 -0.015678614 0.060250004
v 0.003223292 -0.015678613 0.064450016
v 0.003247523 -0.019278533 0.060250004
v 0.003247523 -0.019278533 0.064450017
v 0.003482123 0.017523882 0.060250001
v 0.003482123 0.017523883 0.064450013
v 0.003717707 -0.017475326 0.060250004
v 0.003717707 -0.017475325 0.064450016
v 0.006794685 0.011953902 0.053450013
v 0.006794685 0.011953903 0.064450014
v 0.006954996 -0.011861257 0.064450016
v 0.006954997 -0.011861258 0.053450015
v 0.010275661 -0.021134305 0.054450017
v 0.011496285 0.00882763 0.060250002
v 0.011496285 0.00882763 0.064450014
v 0.011612738 0.020430275 0.064450013
v 0.011612739 0.020430274 0.053450012
v 0.011614084 -0.008671974 0.060250003
v 0.011614084 -0.008671974 0.064450016
v 0.01186129 0.006955045 0.064450014
v 0.011861291 0.006955044 0.053450014
v 0.011886715 -0.020272 0.053450017
v 0.011953851 -0.006794644 0.064450016
v 0.011953852 -0.006794645 0.053450015
v 0.011966453 0.010630836 0.064450014
v 0.011966454 0.010630836 0.060250002
v 0.0119907 0.007030917 0.060250002
v 0.0119907 0.007030917 0.064450014
v 0.012084253 -0.006868768 0.060250003
v 0.012084253 -0.006868768 0.064450016
v 0.012108484 -0.010468687 0.064450016
v 0.012108485 -0.010468687 0.060250004
v 0.012996239 0.008837726 0.053450014
v 0.012996239 0.008837727 0.060250002
v 0.013114039 -0.008661878 0.053450015
v 0.013114039 -0.008661877 0.060250004
v 0.013270516 0.009889596 0.053450014
v 0.013270516 0.009889597 0.060250002
v 0.013275245 0.011957368 0.064450014
v 0.013275246 0.011957367 0.060250001
v 0.013284661 0.007789644 0.053450014
v 0.013284661 0.007789644 0.060250002
v 0.013317223 0.005722126 0.060250002
v 0.013317223 0.005722126 0.064450015
v 0.013388315 -0.007610008 0.053450015
v 0.013388315 -0.007610007 0.060250003
v 0.013393045 -0.005542237 0.060250003
v 0.013393045 -0.005542236 0.064450016
v 0.013402445 -0.00970996 0.053450016
v 0.013402445 -0.00970996 0.060250004
v 0.013435023 -0.011777479 0.060250004
v 0.013435023 -0.011777479 0.064450016
v 0.013749688 9.26e-05 0.064450015
v 0.013749689 9.2599e-05 0.053450015
v 0.014033974 0.010663406 0.053450014
v 0.014033974 0.010663407 0.060250002
v 0.014058465 0.007026182 0.053450014
v 0.014058465 0.007026183 0.060250002
v 0.014151773 -0.006836197 0.060250003
v 0.014151774 -0.006836198 0.053450015
v 0.014176264 -0.010473422 0.053450016
v 0.014176264 -0.010473422 0.060250004
v 0.015071968 0.012451781 0.060250001
v 0.015071968 0.012451781 0.064450014
v 0.01508207 0.010951814 0.053450014
v 0.01508207 0.010951815 0.060250002
v 0.015110329 0.00675191 0.060250002
v 0.01511033 0.006751909 0.053450014
v 0.015120431 0.005251944 0.060250002
v 0.015120431 0.005251945 0.064450015
v 0.015189768 -0.005047823 0.060250003
v 0.015189768 -0.005047823 0.064450016
v 0.015199854 -0.00654779 0.053450015
v 0.015199854 -0.006547789 0.060250003
v 0.015228129 -0.010747695 0.053450016
v 0.015228129 -0.010747695 0.060250004
v 0.01523823 -0.01224766 0.060250004
v 0.01523823 -0.01224766 0.064450016
v 0.016133934 0.010677542 0.060250002
v 0.016133935 0.010677542 0.053450014
v 0.01615841 0.007040318 0.053450014
v 0.01615841 0.007040318 0.060250002
v 0.016251734 -0.006822063 0.053450015
v 0.016251734 -0.006822062 0.060250003
v 0.016276209 -0.010459286 0.060250004
v 0.01627621 -0.010459287 0.053450016
v 0.016875175 0.0119816 0.064450014
v 0.016875176 0.011981599 0.060250002
v 0.016907738 0.00991408 0.053450014
v 0.016907738 0.009914081 0.060250002
v 0.016917138 0.005746358 0.060250002
v 0.016917138 0.005746358 0.064450015
v 0.016921883 0.007814128 0.053450014
v 0.016921883 0.007814128 0.060250002
v 0.016992975 -0.005518005 0.060250003
v 0.016992975 -0.005518004 0.064450016
v 0.017025538 -0.007585525 0.053450015
v 0.017025538 -0.007585524 0.060250004
v 0.017034937 -0.011753246 0.064450016
v 0.017034938 -0.011753247 0.060250004
v 0.017039683 -0.009685476 0.053450016
v 0.017039683 -0.009685476 0.060250004
v 0.017196145 0.008865997 0.053450014
v 0.017196145 0.008865998 0.060250002
v 0.017313944 -0.008633607 0.053450016
v 0.017313944 -0.008633606 0.060250004
v 0.018201698 0.010672808 0.064450014
v 0.018201699 0.010672807 0.060250002
v 0.01822593 0.007072889 0.060250002
v 0.01822593 0.00707289 0.064450015
v 0.018319498 -0.006826797 0.060250004
v 0.018319498 -0.006826796 0.064450016
v 0.018343729 -0.010426715 0.064450016
v 0.01834373 -0.010426715 0.060250004
v 0.018696114 0.008876095 0.060250002
v 0.018696114 0.008876096 0.064450014
v 0.018813914 -0.00862351 0.060250004
v 0.018813914 -0.008623509 0.064450016
v 0.018939601 -0.013911879 0.054450016
v 0.018939601 -0.013911878 0.064450017
v 0.020272042 0.011886771 0.053450014
v 0.020430232 -0.011612698 0.053450016
v 0.020718849 0.011089627 0.064450014
v 0.023440714 -0.001668141 0.064450016
v 0.02349946 0.000158229 0.053450015
v -0.043086098 -0.000718121 0.020049986
v -0.043086098 -0.000718121 0.020850005
v -0.043048561 -0.00193628 0.020049986
v -0.043048561 -0.00193628 0.020850005
v -0.042976585 -0.00315289 0.020049987
v -0.042976585 -0.00315289 0.020850005
v -0.042870231 -0.004366978 0.020049987
v -0.042870231 -0.004366978 0.020850005
v -0.042121499 0.009094388 0.020049985
v -0.042121499 0.009094388 0.020850004
v -0.041847466 0.010281919 0.020049985
v -0.041847466 0.010281919 0.020850004
v -0.041539964 0.011461225 0.020049985
v -0.041539964 0.011461225 0.020850004
v -0.041199243 0.012631363 0.020049985
v -0.041199243 0.012631363 0.020850003
v -0.040755392 -0.013997308 0.020049988
v -0.040755392 -0.013997308 0.020850006
v -0.040343252 -0.015144245 0.020049988
v -0.040343252 -0.015144245 0.020850006
v -0.040160965 -2.4605e-05 0.019683623
v -0.040160965 -2.4605e-05 0.021216399
v -0.039898848 -0.016279068 0.020049988
v -0.039898848 -0.016279068 0.020850006
v -0.039883735 -0.004710762 0.019683623
v -0.039883735 -0.004710762 0.021216399
v -0.039422529 -0.017400869 0.020049988
v -0.039422529 -0.017400869 0.020850007
v -0.039387406 0.007844552 0.019683622
v -0.039387406 0.007844552 0.021216398
v -0.038372658 0.000518236 0.021439482
v -0.038372657 0.000518236 0.019460509
v -0.038287872 0.000569372 0.019450011
v -0.038287872 0.000569372 0.021450011
v -0.038269401 -0.001318398 0.019450011
v -0.038269401 -0.001318398 0.021450011
v -0.038202966 0.012387022 0.019683622
v -0.038202966 0.012387022 0.021216398
v -0.038187735 -0.012433819 0.019683624
v -0.038187735 -0.012433819 0.0212164
v -0.038157913 -0.003202964 0.019450011
v -0.038157913 -0.003202964 0.021450011
v -0.037953674 -0.005079744 0.021450011
v -0.037953673 -0.005079744 0.019450011
v -0.037665825 0.006897207 0.01945001
v -0.037665825 0.006897207 0.02145001
v -0.037622641 -0.012159599 0.019605835
v -0.037622641 -0.012159599 0.021294159
v -0.037280114 0.008745244 0.01945001
v -0.037280114 0.008745244 0.02145001
v -0.037249613 0.021665537 0.020049984
v -0.037249613 0.021665537 0.020850003
v -0.036999283 0.001855651 0.019450011
v -0.036999283 0.001855651 0.021450011
v -0.03680378 0.010572025 0.01945001
v -0.03680378 0.010572025 0.02145001
v -0.036652374 0.00538463 0.01945001
v -0.036652374 0.00538463 0.021450011
v -0.036622034 0.022710267 0.020049984
v -0.036622034 0.022710267 0.020850003
v -0.036589865 -0.011290096 0.019450012
v -0.036589865 -0.011290095 0.021450012
v -0.036522407 -0.006205117 0.021450012
v -0.036522406 -0.006205117 0.019450012
v -0.036475965 -0.01680495 0.019683625
v -0.036475965 -0.01680495 0.021216401
v -0.036413742 0.00357963 0.019450011
v -0.036413742 0.003579631 0.021450011
v -0.036238 0.012373109 0.01945001
v -0.036238 0.012373109 0.02145001
v -0.035988943 -0.013079764 0.019450012
v -0.035988943 -0.013079764 0.021450012
v -0.035965159 0.02373683 0.020850003
v -0.035965158 0.02373683 0.020049984
v -0.035868005 0.012483175 0.01945001
v -0.035868005 0.012483175 0.02145001
v -0.035761824 -0.009668576 0.019450012
v -0.035761824 -0.009668576 0.021450012
v -0.035737677 -0.00784803 0.019450012
v -0.035737677 -0.00784803 0.021450012
v -0.035510331 0.01262837 0.01945001
v -0.035510331 0.01262837 0.02145001
v -0.035300543 -0.014837639 0.019450012
v -0.035300543 -0.014837639 0.021450013
v -0.035279513 0.024744406 0.020049984
v -0.035279513 0.024744406 0.020850003
v -0.035168305 0.012807343 0.01945001
v -0.035168305 0.012807343 0.02145001
v -0.035035562 0.019631991 0.019683621
v -0.035035562 0.019631991 0.021216397
v -0.034901368 0.006491945 0.024450011
v -0.034901367 0.006491944 0.02145001
v -0.034807167 0.005422393 0.021450011
v -0.034807167 0.005422393 0.024450011
v -0.03455423 0.008139802 0.02145001
v -0.03455423 0.008139802 0.02445001
v -0.034526342 -0.01655945 0.019450013
v -0.034526342 -0.016559449 0.021450013
v -0.034435262 -0.025906336 0.020049989
v -0.034435262 -0.025906336 0.020850008
v -0.034173424 0.004555682 0.021450011
v -0.034173424 0.004555682 0.024450011
v -0.034129327 0.009769343 0.02445001
v -0.034129326 0.009769343 0.02145001
v -0.03379924 -0.000227476 0.019450011
v -0.033729493 0.01425368 0.01945001
v -0.033729493 0.014253681 0.02145001
v -0.033690988 0.018199015 0.019450009
v -0.033690988 0.018199015 0.021450009
v -0.033688878 -0.026869781 0.020049989
v -0.033688878 -0.026869781 0.020850008
v -0.033627633 0.0113769 0.02145001
v -0.033627633 0.0113769 0.02445001
v -0.033190377 0.016221274 0.019450009
v -0.033190377 0.016221274 0.02145001
v -0.033182793 0.004141601 0.021450011
v -0.033182793 0.004141601 0.024450011
v -0.033023164 0.012264275 0.02145001
v -0.033023164 0.012264275 0.02445001
v -0.032915539 -0.027811733 0.020049989
v -0.032915539 -0.027811733 0.020850008
v -0.032817381 -0.017187459 0.019450013
v -0.032817381 -0.017187459 0.021450013
v -0.032753076 0.019837411 0.019450009
v -0.032753076 0.019837411 0.021450009
v -0.032505396 0.023586125 0.019683621
v -0.032505396 0.023586125 0.021216397
v -0.032476422 -0.023625921 0.019683626
v -0.032476422 -0.023625921 0.021216401
v -0.032115879 -0.028731439 0.02004999
v -0.032115879 -0.028731439 0.020850008
v -0.032046899 0.012711181 0.02145001
v -0.032046899 0.012711182 0.02445001
v -0.032023024 -0.014678736 0.021450013
v -0.032023024 -0.014678735 0.024450013
v -0.031822981 -0.015733627 0.021450013
v -0.031822981 -0.015733627 0.024450013
v -0.031799285 -0.000214014 0.012450011
v -0.031799285 -0.000214013 0.017450011
v -0.031735559 0.021427588 0.019450009
v -0.031735559 0.021427588 0.021450009
v -0.031648718 -0.013672403 0.021450013
v -0.031648718 -0.013672403 0.024450013
v -0.031563367 -0.018507466 0.019450013
v -0.031563367 -0.018507466 0.021450013
v -0.031310186 -0.022044406 0.021450013
v -0.031310185 -0.022044406 0.019450013
v -0.031041021 -0.017225097 0.021450013
v -0.031041021 -0.017225096 0.024450013
v -0.031023755 -0.020246371 0.019450013
v -0.031023755 -0.020246371 0.021450013
v -0.030980202 0.012588819 0.02145001
v -0.030980202 0.012588819 0.02445001
v -0.030807921 -0.013004658 0.024450013
v -0.03080792 -0.013004658 0.021450013
v -0.030640894 0.022965684 0.019450009
v -0.030640894 0.022965684 0.021450009
v -0.030617169 -0.028034702 0.019852663
v -0.030617169 -0.028034702 0.021047365
v -0.030616951 0.003821357 0.021450011
v -0.030616951 0.003821358 0.024450011
v -0.030189207 -0.018677805 0.024450013
v -0.030189206 -0.018677806 0.021450013
v -0.030185635 -0.023560786 0.019450014
v -0.030185635 -0.023560786 0.021450014
v -0.029999328 -0.000201898 0.012450011
v -0.029999327 -0.000201898 0.007499998
v -0.029837213 0.022987666 0.019450009
v -0.029837213 0.022987666 0.021450009
v -0.029497677 -0.027254148 0.019683626
v -0.029497677 -0.027254148 0.021216402
v -0.029384759 0.016702624 0.01945001
v -0.029269468 -0.020088483 0.021450013
v -0.029269468 -0.020088482 0.024450013
v -0.0292565 0.003293981 0.021450011
v -0.0292565 0.003293981 0.024450011
v -0.029157239 -0.017096612 0.019450013
v -0.029054132 0.023169814 0.019450009
v -0.029054132 0.023169814 0.021450009
v -0.028987721 -0.025019899 0.019450014
v -0.028987721 -0.025019898 0.021450014
v -0.028731486 0.032115915 0.020049984
v -0.028731486 0.032115915 0.020850002
v -0.028584679 0.011615399 0.02145001
v -0.028584679 0.0116154 0.02445001
v -0.028525228 -0.020740391 0.021450013
v -0.028525228 -0.020740391 0.024450014
v -0.028425718 -0.011999077 0.021450013
v -0.028425718 -0.011999077 0.024450013
v -0.028323244 0.023504777 0.019450009
v -0.028323244 0.023504777 0.021450009
v -0.028305755 0.002187168 0.021450011
v -0.028305755 0.002187169 0.024450011
v -0.027989616 0.000762737 0.021450011
v -0.027989616 0.000762737 0.024450011
v -0.027904372 -0.002312172 0.021450012
v -0.027904372 -0.002312171 0.024450012
v -0.027811778 0.032915579 0.020049984
v -0.027811778 0.032915579 0.020850002
v -0.027719342 -0.026418197 0.019450014
v -0.027719342 -0.026418197 0.021450014
v -0.027646012 0.015714304 0.012450009
v -0.027646012 0.015714305 0.01745001
v -0.027559583 -0.020955807 0.021450013
v -0.027559583 -0.020955807 0.024450014
v -0.027482344 -0.005359173 0.021450012
v -0.027482344 -0.005359173 0.024450012
v -0.027431959 -0.016084977 0.017450013
v -0.027431958 -0.016084977 0.012450013
v -0.027259825 -0.011121785 0.021450013
v -0.027259825 -0.011121785 0.024450013
v -0.027254191 0.029497717 0.01968362
v -0.027254191 0.029497717 0.021216396
v -0.027139924 0.011411327 0.02445001
v -0.027139923 0.011411326 0.02145001
v -0.027113161 0.024600072 0.019450009
v -0.027113161 0.024600073 0.021450009
v -0.026869822 0.033688913 0.020049984
v -0.026869822 0.033688913 0.020850002
v -0.026808769 0.006549027 0.007499998
v -0.026808769 0.006549028 0.019550017
v -0.026728621 -0.008341494 0.021450012
v -0.026728621 -0.008341493 0.024450012
v -0.026645697 -0.009798227 0.021450012
v -0.026645697 -0.009798227 0.024450013
v -0.026608846 -0.020682015 0.021450013
v -0.026608846 -0.020682015 0.024450014
v -0.026593269 0.007375496 0.007499998
v -0.026593269 0.007375498 0.019550017
v -0.026582161 0.005725535 0.019550017
v -0.02658216 0.005725533 0.007499998
v -0.026534551 -0.020636246 0.021450013
v -0.026534551 -0.020636246 0.024450014
v -0.026462323 -0.020587281 0.021450013
v -0.026462323 -0.02058728 0.024450014
v -0.026440897 0.026087368 0.019450009
v -0.026440897 0.026087368 0.021450009
v -0.026418238 0.027719381 0.019450009
v -0.026418238 0.027719381 0.021450009
v -0.026392308 -0.02053521 0.021450013
v -0.026392308 -0.02053521 0.024450014
v -0.026081147 0.014824818 0.01245001
v -0.026081146 0.014824818 0.007499997
v -0.025999419 -0.000174971 0.024450012
v -0.0259934 0.00798349 0.007499998
v -0.0259934 0.007983491 0.019550017
v -0.025974166 0.005125671 0.007499998
v -0.025974166 0.005125672 0.019550017
v -0.025906382 0.034435297 0.020049984
v -0.025906382 0.034435297 0.020850002
v -0.025899952 -0.026487369 0.019450014
v -0.025899952 -0.026487368 0.021450014
v -0.025879209 -0.015174504 0.0075
v -0.025879209 -0.015174503 0.012450013
v -0.025769776 0.011912972 0.02145001
v -0.025769776 0.011912972 0.02445001
v -0.025169906 0.008210096 0.007499998
v -0.025169906 0.008210097 0.019550017
v -0.025147697 0.004910171 0.007499998
v -0.025147697 0.004910172 0.019550017
v -0.025019945 0.028987757 0.019450009
v -0.025019945 0.028987757 0.021450009
v -0.024798348 0.013001671 0.02145001
v -0.024798348 0.013001671 0.02445001
v -0.024744373 -0.035279466 0.020049991
v -0.024744373 -0.035279466 0.020850009
v -0.024351537 -0.018947333 0.021450013
v -0.024351537 -0.018947332 0.024450014
v -0.024343445 0.007994597 0.019550017
v -0.024343444 0.007994596 0.007499998
v -0.024324203 0.005136777 0.007499998
v -0.024324203 0.005136778 0.019550017
v -0.024299412 -0.02735526 0.019450014
v -0.024299412 -0.02735526 0.021450014
v -0.024246503 -0.018869229 0.021450013
v -0.024246503 -0.018869228 0.024450014
v -0.024138166 -0.018795778 0.021450013
v -0.024138166 -0.018795778 0.024450014
v -0.024078611 -0.013162337 0.019550019
v -0.02407861 -0.013162339 0.0075
v -0.024026723 -0.018727125 0.021450013
v -0.024026723 -0.018727125 0.024450014
v -0.023863111 -0.012335869 0.0075
v -0.023863111 -0.012335868 0.019550019
v -0.023852003 -0.01398583 0.019550019
v -0.023852002 -0.013985832 0.0075
v -0.023736789 -0.035965112 0.020049991
v -0.023736789 -0.035965112 0.020850009
v -0.02373545 0.007394734 0.007499998
v -0.02373545 0.007394735 0.019550017
v -0.023724342 0.005744772 0.019550017
v -0.023724341 0.005744771 0.007499998
v -0.023625964 0.032476458 0.01968362
v -0.023625964 0.032476458 0.021216396
v -0.023586086 -0.032505349 0.019683627
v -0.023586086 -0.032505349 0.021216403
v -0.023560831 0.030185675 0.019450008
v -0.023560831 0.030185675 0.021450009
v -0.023508842 0.00657124 0.007499998
v -0.023508842 0.006571241 0.019550017
v -0.023499473 -0.000158143 0.026950012
v -0.023499473 -0.000158142 0.031450012
v -0.02326325 -0.011727876 0.0075
v -0.02326325 -0.011727875 0.019550019
v -0.023248859 -0.028842307 0.019450014
v -0.023248859 -0.028842307 0.021450014
v -0.023244008 -0.014585695 0.0075
v -0.023244008 -0.014585693 0.019550019
v -0.023222489 0.015643451 0.02145001
v -0.023222489 0.015643452 0.02445001
v -0.022965648 -0.030640851 0.019450015
v -0.022965648 -0.030640851 0.021450015
v -0.022757009 -0.018325293 0.021450013
v -0.022757009 -0.018325292 0.024450014
v -0.022710231 -0.036621987 0.020049991
v -0.022710231 -0.036621987 0.020850009
v -0.022603661 0.012848183 0.02445001
v -0.022439756 -0.011501269 0.0075
v -0.022439756 -0.011501268 0.019550019
v -0.022428648 -0.01315123 0.024450013
v -0.022417539 -0.014801193 0.019550019
v -0.022417538 -0.014801194 0.0075
v -0.022044451 0.031310223 0.019450008
v -0.022044451 0.031310223 0.021450009
v -0.021999503 -0.000148047 0.012550017
v -0.021999502 -0.000148048 0.007499999
v -0.0216655 -0.037249574 0.020049991
v -0.0216655 -0.037249574 0.020850009
v -0.021613287 -0.011716768 0.019550019
v -0.021613286 -0.011716769 0.0075
v -0.021594045 -0.014574587 0.019550019
v -0.021594044 -0.014574588 0.0075
v -0.021438466 -0.018512657 0.021450013
v -0.021438466 -0.018512657 0.024450014
v -0.021427555 -0.031735511 0.019450015
v -0.021427555 -0.03173551 0.021450015
v -0.021366349 0.018096428 0.02145001
v -0.021366349 0.018096428 0.02445001
v -0.021005292 -0.012316632 0.0075
v -0.021005292 -0.012316631 0.019550019
v -0.020999527 -0.000141312 0.052450013
v -0.020999526 -0.000141314 0.031450012
v -0.020994184 -0.013966594 0.019550019
v -0.020994183 -0.013966595 0.0075
v -0.020942942 0.027385625 0.024450009
v -0.020942941 0.027385624 0.021450009
v -0.020858072 0.03102686 0.019450008
v -0.020858072 0.03102686 0.021450009
v -0.020778684 -0.013140125 0.0075
v -0.020778684 -0.013140124 0.019550019
v -0.0207782 0.028446604 0.021450009
v -0.0207782 0.028446605 0.024450009
v -0.020535257 0.026392342 0.021450009
v -0.020535257 0.026392342 0.024450009
v -0.02043023 0.011612785 0.031450011
v -0.020430229 0.011612785 0.026950011
v -0.020330953 -0.019252296 0.024450014
v -0.020330952 -0.019252296 0.021450014
v -0.020272047 -0.011886684 0.026950013
v -0.020272047 -0.011886684 0.031450013
v -0.020088526 0.029269501 0.021450009
v -0.020088526 0.029269502 0.024450009
v -0.01999955 -0.000134581 0.053450013
v -0.019999549 -0.000134584 0.022550018
v -0.019999548 -0.000134585 0.014550017
v -0.019837375 -0.032753033 0.019450015
v -0.019837375 -0.032753033 0.021450015
v -0.019641436 0.031113947 0.019450009
v -0.019641436 0.031113948 0.021450009
v -0.019631953 -0.035035516 0.019683627
v -0.019631953 -0.035035515 0.021216403
v -0.019252343 0.020330992 0.02145001
v -0.019252343 0.020330992 0.02445001
v -0.019126174 0.010871543 0.007499998
v -0.019126174 0.010871544 0.012550016
v -0.018978086 -0.011127959 0.0075
v -0.018978086 -0.011127958 0.012550019
v -0.018947381 0.024351573 0.021450009
v -0.018947381 0.024351573 0.024450009
v -0.018677851 0.030189248 0.021450009
v -0.018677851 0.030189248 0.024450009
v -0.018507509 0.031563401 0.019450009
v -0.018507509 0.031563401 0.021450009
v -0.01846866 0.021561764 0.02445001
v -0.018468659 0.021561764 0.02145001
v -0.018358308 0.023016678 0.021450009
v -0.018358308 0.023016679 0.02445001
v -0.018256806 0.010377387 0.031450011
v -0.018256806 0.010377389 0.052450012
v -0.018198978 -0.033690945 0.019450015
v -0.018198978 -0.033690945 0.021450015
v -0.018115447 -0.010622137 0.052450014
v -0.018115446 -0.010622139 0.031450013
v -0.018096387 -0.021366308 0.024450014
v -0.018096386 -0.021366308 0.021450014
v -0.017561594 0.032333484 0.019450008
v -0.017561594 0.032333484 0.021450009
v -0.017400912 0.039422569 0.020049983
v -0.017400912 0.039422569 0.020850002
v -0.017387437 0.00988323 0.053450012
v -0.017387436 0.009883226 0.022550017
v -0.017387435 0.009883226 0.014550017
v -0.017252807 -0.010116318 0.053450014
v -0.017252805 -0.010116322 0.014550019
v -0.017252805 -0.010116321 0.022550019
v -0.017225145 0.031041059 0.021450009
v -0.017225145 0.031041059 0.024450009
v -0.017096658 0.029157279 0.019450009
v -0.016999617 -0.00011439 0.025550018
v -0.016891512 0.033352691 0.019450008
v -0.016891512 0.033352691 0.021450009
v -0.016863969 0.008636725 0.053450012
v -0.016863968 0.008636723 0.037450012
v -0.016804995 0.036476005 0.01968362
v -0.016804995 0.036476005 0.021216396
v -0.016746169 -0.008862881 0.037450013
v -0.016746169 -0.008862879 0.053450014
v -0.016702587 -0.029384714 0.019450015
v -0.016648469 0.009463194 0.053450012
v -0.016648468 0.009463193 0.037450012
v -0.01663736 0.00781323 0.037450012
v -0.01663736 0.007813231 0.053450013
v -0.016559496 0.034526385 0.019450008
v -0.016559496 0.034526386 0.021450008
v -0.016530669 -0.008036411 0.037450013
v -0.016530669 -0.00803641 0.053450014
v -0.016519561 -0.009686373 0.053450014
v -0.01651956 -0.009686375 0.037450014
v -0.016447261 -0.033194508 0.019450015
v -0.016447261 -0.033194508 0.021450015
v -0.016279109 0.039898887 0.020049983
v -0.016279109 0.039898887 0.020850002
v -0.016085023 0.027431999 0.012450009
v -0.016085023 0.027432 0.017450009
v -0.016048608 0.010071187 0.053450012
v -0.016048607 0.010071186 0.037450012
v -0.016029366 0.007213367 0.037450012
v -0.016029366 0.007213368 0.053450013
v -0.015930808 -0.007428418 0.037450013
v -0.015930808 -0.007428417 0.053450014
v -0.015911574 -0.010286238 0.037450014
v -0.015911574 -0.010286236 0.053450014
v -0.015733675 0.031823016 0.021450009
v -0.015733675 0.031823017 0.024450009
v -0.015714267 -0.027645972 0.012450014
v -0.015714267 -0.027645971 0.017450014
v -0.015643414 -0.023222444 0.021450014
v -0.015643414 -0.023222444 0.024450014
v -0.015225114 0.010297794 0.053450012
v -0.015225113 0.010297792 0.037450012
v -0.015202897 0.006997868 0.053450013
v -0.015202896 0.006997867 0.037450012
v -0.015174546 0.025879245 0.007499996
v -0.015174546 0.025879246 0.012450009
v -0.01514429 0.040343292 0.020049983
v -0.01514429 0.040343292 0.020850002
v -0.015107314 -0.007201812 0.037450013
v -0.015107314 -0.00720181 0.053450014
v -0.015085105 -0.010501736 0.053450014
v -0.015085104 -0.010501738 0.037450014
v -0.014837687 0.035300582 0.019450008
v -0.014837687 0.035300582 0.021450008
v -0.014824779 -0.026081103 0.007500002
v -0.014824779 -0.026081103 0.012450014
v -0.01480124 0.02241758 0.019550016
v -0.014801239 0.022417579 0.007499997
v -0.014779319 0.008400749 0.025550017
v -0.014678782 0.032023063 0.024450009
v -0.014678781 0.032023063 0.021450009
v -0.014664884 -0.008598867 0.025550019
v -0.014656856 -0.033525326 0.019450015
v -0.014656856 -0.033525326 0.021450015
v -0.01458574 0.023244049 0.007499997
v -0.01458574 0.02324405 0.019550016
v -0.014574631 0.021594085 0.007499997
v -0.014574631 0.021594086 0.019550016
v -0.014398644 0.010082292 0.037450012
v -0.014398644 0.010082294 0.053450012
v -0.014379403 0.007224475 0.053450013
v -0.014379402 0.007224473 0.037450012
v -0.014280845 -0.00741731 0.053450014
v -0.014280844 -0.007417312 0.037450013
v -0.014261611 -0.01027513 0.053450014
v -0.01426161 -0.010275131 0.037450014
v -0.013997355 0.040755428 0.020049983
v -0.013997355 0.040755428 0.020850002
v -0.013985871 0.023852041 0.007499997
v -0.013985871 0.023852042 0.019550016
v -0.013966637 0.020994222 0.007499997
v -0.013966637 0.020994223 0.019550016
v -0.01379065 0.009482429 0.037450012
v -0.01379065 0.009482431 0.053450013
v -0.013779542 0.007832469 0.053450013
v -0.013779541 0.007832467 0.037450012
v -0.013672851 -0.008017173 0.053450014
v -0.01367285 -0.008017175 0.037450014
v -0.013672449 0.031648752 0.021450009
v -0.013672449 0.031648752 0.024450009
v -0.013661742 -0.009667136 0.053450014
v -0.013661741 -0.009667137 0.037450014
v -0.013564042 0.008658938 0.053450013
v -0.013564041 0.008658936 0.037450012
v -0.013499703 -9.0826e-05 0.073050021
v -0.013499702 -9.0828e-05 0.053450013
v -0.013446242 -0.008840668 0.037450014
v -0.013446242 -0.008840666 0.053450014
v -0.013198199 -0.034614952 0.019450015
v -0.013198199 -0.034614952 0.021450015
v -0.013162385 0.024078648 0.019550016
v -0.013162384 0.024078647 0.007499997
v -0.013151277 0.022428687 0.02445001
v -0.013140168 0.020778723 0.019550016
v -0.013140167 0.020778722 0.007499997
v -0.013079806 0.035988979 0.019450008
v -0.013079806 0.035988979 0.021450008
v -0.013004701 0.03080796 0.021450009
v -0.013004701 0.03080796 0.024450009
v -0.013001637 -0.024798299 0.024450015
v -0.013001636 -0.024798299 0.021450014
v -0.012848141 -0.022603616 0.024450014
v -0.012711147 -0.032046855 0.024450015
v -0.012711146 -0.032046856 0.021450015
v -0.012631327 -0.041199196 0.020049992
v -0.012631327 -0.041199196 0.02085001
v -0.012588779 -0.030980159 0.021450015
v -0.012588779 -0.030980159 0.024450015
v -0.012433863 0.038187771 0.01968362
v -0.012433863 0.038187771 0.021216396
v -0.01238698 -0.038202923 0.019683628
v -0.01238698 -0.038202923 0.021216404
v -0.012373072 -0.036237953 0.019450016
v -0.012373072 -0.036237953 0.021450016
v -0.012335915 0.023863147 0.007499997
v -0.012335915 0.023863149 0.019550016
v -0.012316674 0.02100533 0.019550016
v -0.012316673 0.021005329 0.007499997
v -0.012264239 -0.033023117 0.021450015
v -0.012264239 -0.033023116 0.024450015
v -0.011999124 0.028425756 0.021450009
v -0.011999124 0.028425756 0.024450009
v -0.011912937 -0.025769735 0.021450015
v -0.011912937 -0.025769734 0.024450015
v -0.011886727 0.020272087 0.02695001
v -0.011886727 0.020272087 0.03145001
v -0.01173652 0.006671196 0.07305002
v -0.011736519 0.006671194 0.053450013
v -0.011727921 0.023263284 0.007499997
v -0.011727921 0.023263286 0.019550016
v -0.011716813 0.021613324 0.019550016
v -0.011716812 0.021613323 0.007499997
v -0.011645645 -0.006828499 0.073050021
v -0.011645644 -0.006828501 0.053450014
v -0.01161536 -0.028584632 0.021450015
v -0.01161536 -0.028584632 0.024450015
v -0.011612744 -0.020430188 0.026950014
v -0.011612744 -0.020430187 0.031450015
v -0.011501313 0.022439794 0.019550016
v -0.011501312 0.022439792 0.007499997
v -0.011461184 -0.041539925 0.020049992
v -0.011461184 -0.041539925 0.02085001
v -0.011411289 -0.02713988 0.021450015
v -0.011411289 -0.02713988 0.024450015
v -0.011376864 -0.033627586 0.021450015
v -0.011376864 -0.033627586 0.024450016
v -0.01129014 0.036589901 0.019450008
v -0.01129014 0.036589901 0.021450008
v -0.011127998 0.018978124 0.007499997
v -0.011127998 0.018978125 0.012550016
v -0.011121835 0.027259862 0.021450009
v -0.011121835 0.027259863 0.024450009
v -0.01087151 -0.019126131 0.01255002
v -0.010871509 -0.019126131 0.007500001
v -0.010622186 0.018115488 0.052450012
v -0.010622185 0.018115486 0.031450011
v -0.010571993 -0.036803738 0.019450016
v -0.010571993 -0.036803737 0.021450016
v -0.010499764 -7.0632e-05 0.073050021
v -0.010499762 -7.0637e-05 0.025550018
v -0.010377355 -0.018256755 0.052450015
v -0.010377354 -0.018256757 0.031450014
v -0.010281877 -0.041847424 0.020049992
v -0.010281877 -0.041847424 0.02085001
v -0.010116373 0.017252848 0.053450012
v -0.010116371 0.017252844 0.014550016
v -0.010116371 0.017252845 0.022550017
v -0.009883184 -0.017387384 0.053450015
v -0.009883183 -0.017387388 0.01455002
v -0.009883183 -0.017387387 0.02255002
v -0.009854853 0.035812771 0.019450008
v -0.009854853 0.035812771 0.021450009
v -0.009798272 0.026645738 0.021450009
v -0.009798272 0.026645738 0.02445001
v -0.009769305 -0.034129283 0.021450016
v -0.009769305 -0.034129283 0.024450016
v -0.009128411 0.005188719 0.07305002
v -0.009128409 0.005188714 0.025550018
v -0.009094347 -0.042121452 0.020049992
v -0.009094347 -0.042121452 0.02085001
v -0.009057732 -0.005311044 0.073050021
v -0.00905773 -0.005311049 0.025550019
v -0.008745211 -0.037280067 0.019450016
v -0.008745211 -0.037280067 0.021450016
v -0.008598915 0.014664925 0.025550017
v -0.008400716 -0.014779273 0.02555002
v -0.008341531 0.026728657 0.02145001
v -0.008341531 0.026728657 0.02445001
v -0.008228662 0.035673195 0.019450009
v -0.008228662 0.035673195 0.021450009
v -0.008210056 -0.025169866 0.019550021
v -0.008210055 -0.025169867 0.007500002
v -0.008139758 -0.034554183 0.021450016
v -0.008139758 -0.034554183 0.024450016
v -0.007994556 -0.024343397 0.007500002
v -0.007994556 -0.024343396 0.019550021
v -0.007983447 -0.025993361 0.007500002
v -0.007983447 -0.02599336 0.019550021
v -0.007844515 -0.039387359 0.019683628
v -0.007844515 -0.039387359 0.021216404
v -0.007394703 -0.023735404 0.019550021
v -0.007394702 -0.023735405 0.007500002
v -0.007375461 -0.026593223 0.019550021
v -0.00737546 -0.026593224 0.007500002
v -0.006897173 -0.037665782 0.019450016
v -0.006897173 -0.037665782 0.021450016
v -0.006828546 0.011645689 0.07305002
v -0.006828545 0.011645687 0.053450013
v -0.00668194 0.036194382 0.019450009
v -0.00668194 0.036194382 0.021450009
v -0.006671149 -0.01173647 0.053450015
v -0.006671149 -0.011736468 0.073050022
v -0.006571201 -0.023508797 0.019550021
v -0.0065712 -0.023508799 0.007500002
v -0.006548984 -0.026808722 0.019550021
v -0.006548983 -0.026808724 0.007500002
v -0.0064919 -0.034901324 0.021450016
v -0.0064919 -0.034901324 0.024450016
v -0.00603274 0.036668648 0.019450009
v -0.00603274 0.036668648 0.021450009
v -0.006017871 -0.034932116 0.024450016
v -0.00601787 -0.034932117 0.021450016
v -0.005744739 -0.023724298 0.007500002
v -0.005744739 -0.023724297 0.019550021
v -0.005725497 -0.026582117 0.007500002
v -0.005725497 -0.026582116 0.019550021
v -0.005549944 -0.034850246 0.021450016
v -0.005549944 -0.034850245 0.024450016
v -0.005491404 0.037263085 0.021450009
v -0.005491403 0.037263085 0.019450008
v -0.005384585 -0.036652332 0.019450016
v -0.005384585 -0.036652331 0.021450016
v -0.005359216 0.02748238 0.02145001
v -0.005359216 0.02748238 0.02445001
v -0.00531109 0.009057768 0.07305002
v -0.005311088 0.009057764 0.025550018
v -0.005188682 -0.009128353 0.073050022
v -0.00518868 -0.009128358 0.025550019
v -0.005136737 -0.024324161 0.007500002
v -0.005136737 -0.02432416 0.019550021
v -0.005125629 -0.025974122 0.019550021
v -0.005125628 -0.025974123 0.007500002
v -0.005114535 -0.034660331 0.021450016
v -0.005114535 -0.03466033 0.024450016
v -0.005079783 0.037953709 0.021450009
v -0.005079782 0.037953709 0.019450008
v -0.004910129 -0.025147652 0.019550021
v -0.004910128 -0.025147654 0.007500002
v -0.00471081 0.039883771 0.01968362
v -0.00471081 0.039883771 0.021216396
v -0.00464255 -0.034276275 0.021450016
v -0.00464255 -0.034276274 0.024450016
v -0.00436703 0.042870271 0.020049984
v -0.00436703 0.042870271 0.020850002
v -0.004307894 -0.033768065 0.021450016
v -0.004307894 -0.033768065 0.024450016
v -0.004141558 -0.03318275 0.021450016
v -0.004141558 -0.033182749 0.024450016
v -0.003821322 -0.03061691 0.021450015
v -0.003821322 -0.030616909 0.024450016
v -0.003579592 -0.036413695 0.019450016
v -0.003579592 -0.036413695 0.021450016
v -0.003571811 -0.029738934 0.021450015
v -0.003571811 -0.029738934 0.024450015
v -0.003203012 0.038157948 0.019450008
v -0.003203012 0.038157948 0.021450009
v -0.003152934 0.042976621 0.020049984
v -0.003152934 0.042976621 0.020850002
v -0.003069842 -0.028976622 0.021450015
v -0.003069842 -0.028976622 0.024450015
v -0.002361865 -0.028400538 0.021450015
v -0.002361865 -0.028400538 0.024450015
v -0.002312219 0.02790441 0.02145001
v -0.002312219 0.02790441 0.02445001
v -0.00193632 0.043048596 0.020049984
v -0.00193632 0.043048597 0.020850002
v -0.001857516 -0.028164696 0.021450015
v -0.001857516 -0.028164696 0.024450015
v -0.001855608 -0.03699924 0.019450016
v -0.001855608 -0.03699924 0.021450016
v -0.00176777 0.017488542 0.053450012
v -0.001767769 0.01748854 0.037450011
v -0.00155227 0.018315011 0.053450012
v -0.001552269 0.01831501 0.037450011
v -0.001541162 0.01666505 0.053450012
v -0.001541161 0.016665048 0.037450012
v -0.001532171 -0.017510666 0.053450016
v -0.00153217 -0.017510668 0.037450015
v -0.001318445 0.038269437 0.019450009
v -0.001318445 0.038269437 0.021450009
v -0.001318271 -0.028026116 0.021450015
v -0.001318271 -0.028026115 0.024450015
v -0.001316671 -0.016684197 0.053450016
v -0.00131667 -0.016684198 0.037450015
v -0.001305562 -0.018334162 0.037450015
v -0.001305562 -0.01833416 0.053450016
v -0.000952401 0.018923004 0.037450011
v -0.000952401 0.018923006 0.053450012
v -0.00093316 0.016065187 0.053450012
v -0.000933159 0.016065185 0.037450012
v -0.000762698 -0.027989571 0.021450015
v -0.000762698 -0.027989571 0.024450015
v -0.000718165 0.043086137 0.020049984
v -0.000718165 0.043086137 0.020850002
v -0.000716802 -0.016076204 0.037450015
v -0.000716802 -0.016076203 0.053450016
v -0.000697576 -0.018934023 0.053450016
v -0.000697575 -0.018934025 0.037450015
v -0.000569338 -0.038287829 0.019450016
v -0.000569338 -0.038287829 0.021450016
v -0.000227517 0.033799275 0.019450009
v -0.000214059 0.031799322 0.012450009
v -0.000214059 0.031799323 0.017450009
v -0.000201943 0.029999362 0.007499997
v -0.000201943 0.029999363 0.012450009
v -0.000175011 0.025999453 0.02445001
v -0.000158181 0.023499511 0.02695001
v -0.000158181 0.023499511 0.031450011
v -0.000148094 0.021999543 0.007499997
v -0.000148094 0.021999544 0.012550016
v -0.000141366 0.02099957 0.052450012
v -0.000141365 0.020999568 0.031450011
v -0.000134637 0.019999591 0.053450012
v -0.000134636 0.019999588 0.014550016
v -0.000134636 0.019999588 0.022550017
v -0.000128915 0.019149612 0.053450012
v -0.000128914 0.01914961 0.037450011
v -0.000114433 0.016999657 0.025550017
v -0.000106698 0.015849686 0.053450012
v -0.000106697 0.015849684 0.037450012
v -9.0875e-05 0.013499741 0.07305002
v -9.0874e-05 0.013499739 0.053450013
v -7.0687e-05 0.010499809 0.07305002
v -7.0685e-05 0.010499805 0.025550018
v -2.4652e-05 0.040161004 0.01968362
v -2.4652e-05 0.040161004 0.021216396
v 2.4641e-05 -0.040160922 0.019683628
v 2.4641e-05 -0.040160922 0.021216404
v 7.0672e-05 -0.010499717 0.073050022
v 7.0674e-05 -0.010499721 0.02555002
v 9.086e-05 -0.013499648 0.073050022
v 9.0861e-05 -0.01349965 0.053450015
v 0.000106684 -0.015849597 0.053450016
v 0.000106685 -0.015849599 0.037450015
v 0.000114422 -0.016999574 0.02555002
v 0.000128901 -0.019149523 0.053450016
v 0.000128902 -0.019149525 0.037450015
v 0.000134623 -0.019999503 0.053450016
v 0.000134625 -0.019999506 0.01455002
v 0.000134625 -0.019999506 0.022550021
v 0.000141353 -0.020999482 0.052450016
v 0.000141354 -0.020999484 0.031450015
v 0.000148084 -0.021999463 0.007500002
v 0.000148084 -0.021999463 0.01255002
v 0.000158184 -0.023499427 0.026950015
v 0.000158184 -0.023499427 0.031450015
v 0.000175015 -0.02599937 0.024450015
v 0.000201933 -0.029999283 0.007500003
v 0.000201933 -0.029999282 0.012450015
v 0.000214048 -0.031799241 0.012450015
v 0.000214048 -0.031799241 0.017450015
v 0.000227506 -0.033799193 0.019450016
v 0.000569327 0.038287911 0.019450009
v 0.000569327 0.038287912 0.021450009
v 0.000697562 0.018934112 0.053450012
v 0.000697563 0.018934111 0.037450011
v 0.000716804 0.01607629 0.037450012
v 0.000716804 0.016076292 0.053450012
v 0.000718154 -0.043086055 0.020049992
v 0.000718154 -0.043086055 0.020850011
v 0.000762687 0.027989653 0.02145001
v 0.000762687 0.027989654 0.02445001
v 0.000933161 -0.016065098 0.053450016
v 0.000933162 -0.016065099 0.037450015
v 0.000952388 -0.018922918 0.037450015
v 0.000952388 -0.018922917 0.053450016
v 0.001305549 0.018334248 0.037450011
v 0.001305549 0.018334249 0.053450012
v 0.001316657 0.016684286 0.053450012
v 0.001316658 0.016684284 0.037450012
v 0.001318434 -0.038269355 0.019450016
v 0.001318434 -0.038269354 0.021450016
v 0.001532157 0.017510755 0.053450012
v 0.001532158 0.017510754 0.037450012
v 0.001541148 -0.016664963 0.037450015
v 0.001541148 -0.016664961 0.053450016
v 0.001552256 -0.018314922 0.053450016
v 0.001552257 -0.018314924 0.037450015
v 0.001767756 -0.017488453 0.053450016
v 0.001767757 -0.017488455 0.037450015
v 0.001936324 -0.043048514 0.020049992
v 0.001936324 -0.043048514 0.020850011
v 0.002050818 0.036885312 0.019450009
v 0.002050818 0.036885312 0.021450009
v 0.002187125 0.028305795 0.02445001
v 0.002187126 0.028305795 0.02145001
v 0.002312207 -0.027904327 0.021450015
v 0.002312207 -0.027904327 0.024450016
v 0.003152922 -0.042976538 0.020850011
v 0.003152923 -0.042976538 0.020049992
v 0.003203001 -0.038157866 0.019450016
v 0.003203001 -0.038157866 0.021450016
v 0.003293937 0.029256541 0.02145001
v 0.003293937 0.029256542 0.02445001
v 0.003821311 0.030616992 0.02145001
v 0.003821311 0.030616992 0.02445001
v 0.004031134 0.036395025 0.019450009
v 0.004031134 0.036395025 0.021450009
v 0.004141562 0.033182832 0.021450009
v 0.004141562 0.033182832 0.02445001
v 0.004367019 -0.042870188 0.020049992
v 0.004367019 -0.042870188 0.020850011
v 0.00455564 0.034173463 0.021450009
v 0.00455564 0.034173464 0.024450009
v 0.004710799 -0.039883688 0.019683629
v 0.004710799 -0.039883688 0.021216405
v 0.004910133 0.025147734 0.019550016
v 0.004910134 0.025147733 0.007499997
v 0.005079787 -0.037953627 0.019450016
v 0.005079787 -0.037953627 0.021450016
v 0.005125633 0.025974204 0.019550016
v 0.005125634 0.025974203 0.007499997
v 0.005136726 0.024324242 0.019550016
v 0.005136727 0.024324241 0.007499997
v 0.005188667 0.009128446 0.07305002
v 0.005188669 0.009128442 0.025550018
v 0.00531109 -0.009057676 0.073050022
v 0.005311092 -0.00905768 0.02555002
v 0.005359204 -0.027482297 0.024450016
v 0.005359205 -0.027482297 0.021450015
v 0.005422354 0.034807203 0.024450009
v 0.005422355 0.034807203 0.021450009
v 0.005725487 0.026582197 0.007499997
v 0.005725487 0.026582198 0.019550016
v 0.005744728 0.023724379 0.019550016
v 0.005744729 0.023724378 0.007499998
v 0.005995886 0.036944402 0.021450009
v 0.005995887 0.036944402 0.019450009
v 0.006205153 -0.036522368 0.019450016
v 0.006205153 -0.036522367 0.021450016
v 0.006319083 0.037155489 0.019450009
v 0.006319083 0.037155489 0.021450009
v 0.006491904 0.034901407 0.021450009
v 0.006491904 0.034901407 0.024450009
v 0.006548988 0.026808805 0.019550016
v 0.006548989 0.026808803 0.007499997
v 0.00657119 0.023508878 0.007499998
v 0.00657119 0.02350888 0.019550016
v 0.006620444 0.037396722 0.019450009
v 0.006620444 0.037396723 0.021450009
v 0.006671149 0.011736561 0.07305002
v 0.00667115 0.011736559 0.053450013
v 0.006828546 -0.011645596 0.073050022
v 0.006828547 -0.011645598 0.053450015
v 0.006897162 0.037665865 0.019450009
v 0.006897162 0.037665865 0.021450009
v 0.00737545 0.026593304 0.007499997
v 0.00737545 0.026593305 0.019550016
v 0.007394692 0.023735485 0.007499998
v 0.007394692 0.023735486 0.019550016
v 0.007844504 0.039387442 0.019683621
v 0.007844504 0.039387442 0.021216397
v 0.007848067 -0.035737635 0.019450016
v 0.007848067 -0.035737634 0.021450016
v 0.007983452 0.025993441 0.007499997
v 0.007983452 0.025993442 0.019550016
v 0.00799456 0.024343478 0.019550016
v 0.007994561 0.024343477 0.007499998
v 0.008139762 0.034554266 0.021450009
v 0.008139762 0.034554266 0.02445001
v 0.00821006 0.025169948 0.019550016
v 0.008210061 0.025169947 0.007499997
v 0.008341535 -0.026728574 0.021450015
v 0.008341535 -0.026728574 0.024450016
v 0.008400704 0.014779356 0.025550018
v 0.008598904 -0.014664842 0.025550021
v 0.0087452 0.037280149 0.019450009
v 0.0087452 0.037280149 0.021450009
v 0.009057716 0.005311137 0.073050021
v 0.009057718 0.005311132 0.025550019
v 0.009094351 0.042121535 0.020049984
v 0.009094351 0.042121535 0.020850003
v 0.009128396 -0.005188626 0.073050022
v 0.009128398 -0.005188631 0.02555002
v 0.009668608 -0.035761781 0.019450016
v 0.009668608 -0.035761781 0.021450016
v 0.009769294 0.034129366 0.021450009
v 0.009769294 0.034129366 0.02445001
v 0.009798261 -0.026645656 0.021450016
v 0.009798261 -0.026645655 0.024450016
v 0.009883186 0.017387473 0.053450013
v 0.009883187 0.017387469 0.014550017
v 0.009883187 0.01738747 0.022550017
v 0.010116359 -0.017252759 0.053450016
v 0.01011636 -0.017252763 0.01455002
v 0.01011636 -0.017252762 0.022550021
v 0.010281882 0.041847506 0.020049984
v 0.010281882 0.041847506 0.020850003
v 0.010377342 0.018256844 0.052450013
v 0.010377343 0.018256842 0.031450012
v 0.010499764 7.0725e-05 0.073050021
v 0.010499766 7.072e-05 0.025550019
v 0.010571982 0.03680382 0.019450009
v 0.010571982 0.03680382 0.021450009
v 0.010622173 -0.018115402 0.031450015
v 0.010622173 -0.0181154 0.052450016
v 0.010871499 0.019126211 0.007499998
v 0.010871499 0.019126212 0.012550017
v 0.011121824 -0.02725978 0.021450016
v 0.011121824 -0.02725978 0.024450016
v 0.011128003 -0.018978044 0.007500002
v 0.011128003 -0.018978044 0.012550021
v 0.011290129 -0.036589819 0.019450016
v 0.011290129 -0.036589818 0.021450017
v 0.011376853 0.033627669 0.02145001
v 0.011376853 0.033627669 0.02445001
v 0.011411278 0.027139963 0.02145001
v 0.011411278 0.027139963 0.02445001
v 0.011461188 0.041540007 0.020049984
v 0.011461188 0.041540007 0.020850003
v 0.01150131 -0.022439713 0.007500002
v 0.01150131 -0.022439711 0.019550021
v 0.01161274 0.020430271 0.026950011
v 0.01161274 0.020430272 0.031450011
v 0.011615348 0.028584715 0.02445001
v 0.011615349 0.028584715 0.02145001
v 0.011645637 0.006828592 0.073050021
v 0.011645638 0.00682859 0.053450014
v 0.011716809 -0.021613242 0.019550021
v 0.01171681 -0.021613243 0.007500002
v 0.011727918 -0.023263205 0.007500002
v 0.011727918 -0.023263203 0.019550021
v 0.011736505 -0.006671103 0.073050022
v 0.011736506 -0.006671105 0.053450015
v 0.011886715 -0.020272003 0.031450015
v 0.011886716 -0.020272003 0.026950015
v 0.011912926 0.025769817 0.02145001
v 0.011912926 0.025769817 0.024450011
v 0.011999113 -0.028425673 0.021450016
v 0.011999113 -0.028425673 0.024450016
v 0.012264228 0.033023199 0.02145001
v 0.012264228 0.0330232 0.02445001
v 0.012316663 -0.021005249 0.007500002
v 0.012316663 -0.021005248 0.019550021
v 0.012335904 -0.023863067 0.019550021
v 0.012335905 -0.023863068 0.007500002
v 0.012373069 0.036238035 0.019450009
v 0.012373069 0.036238036 0.021450009
v 0.012386985 0.038203005 0.019683621
v 0.012386985 0.038203005 0.021216397
v 0.012433852 -0.038187688 0.019683629
v 0.012433852 -0.038187688 0.021216405
v 0.012588767 0.030980242 0.02445001
v 0.012588768 0.030980242 0.02145001
v 0.012631323 0.041199278 0.020049984
v 0.012631323 0.041199278 0.020850003
v 0.012711143 0.032046938 0.02145001
v 0.012711143 0.032046938 0.02445001
v 0.012848137 0.022603699 0.024450011
v 0.013001625 0.024798382 0.021450011
v 0.013001625 0.024798382 0.024450011
v 0.013004698 -0.030807877 0.021450016
v 0.013004698 -0.030807877 0.024450016
v 0.013079802 -0.035988897 0.019450016
v 0.013079802 -0.035988897 0.021450017
v 0.013140164 -0.020778641 0.019550021
v 0.013140165 -0.020778643 0.007500002
v 0.013151273 -0.022428604 0.024450015
v 0.013162382 -0.024078568 0.007500003
v 0.013162382 -0.024078566 0.019550021
v 0.013198188 0.034615034 0.019450009
v 0.013198188 0.034615034 0.02145001
v 0.013446236 0.008840755 0.053450014
v 0.013446237 0.008840753 0.037450013
v 0.013499688 9.0918e-05 0.073050022
v 0.013499689 9.0916e-05 0.053450015
v 0.013564036 -0.008658851 0.037450015
v 0.013564036 -0.008658849 0.053450015
v 0.013661736 0.009667224 0.053450014
v 0.013661737 0.009667223 0.037450013
v 0.013672438 -0.031648669 0.021450016
v 0.013672438 -0.031648669 0.024450016
v 0.013672845 0.00801726 0.037450013
v 0.013672845 0.008017262 0.053450014
v 0.013779536 -0.007832381 0.037450015
v 0.013779536 -0.00783238 0.053450015
v 0.013790644 -0.009482342 0.053450016
v 0.013790645 -0.009482344 0.037450015
v 0.013966626 -0.020994141 0.019550021
v 0.013966627 -0.020994142 0.007500002
v 0.013985868 -0.023851961 0.007500003
v 0.013985868 -0.02385196 0.019550021
v 0.013997344 -0.040755346 0.020049993
v 0.013997344 -0.040755346 0.020850011
v 0.014261605 0.010275217 0.037450013
v 0.014261605 0.010275219 0.053450014
v 0.014280831 0.007417399 0.053450014
v 0.014280832 0.007417397 0.037450013
v 0.014379389 -0.007224386 0.053450015
v 0.01437939 -0.007224388 0.037450015
v 0.014398631 -0.010082207 0.037450015
v 0.014398631 -0.010082205 0.053450016
v 0.014574628 -0.021594004 0.019550021
v 0.014574629 -0.021594005 0.007500002
v 0.014585737 -0.023243969 0.007500003
v 0.014585737 -0.023243968 0.019550021
v 0.014656852 0.033525408 0.01945001
v 0.014656852 0.033525408 0.02145001
v 0.014664881 0.00859895 0.025550019
v 0.01467877 -0.03202298 0.021450016
v 0.01467877 -0.03202298 0.024450016
v 0.014779308 -0.008400665 0.02555002
v 0.014801236 -0.022417498 0.019550021
v 0.014801237 -0.022417499 0.007500002
v 0.014824776 0.026081183 0.007499998
v 0.014824776 0.026081184 0.01245001
v 0.014837676 -0.0353005 0.019450016
v 0.014837676 -0.0353005 0.021450017
v 0.015085091 0.010501825 0.053450014
v 0.015085092 0.010501823 0.037450013
v 0.015107308 0.007201899 0.053450014
v 0.015107309 0.007201897 0.037450013
v 0.015144286 -0.04034321 0.020049993
v 0.015144286 -0.040343209 0.020850011
v 0.015174543 -0.025879165 0.012450015
v 0.015174544 -0.025879166 0.007500003
v 0.015202891 -0.006997781 0.037450015
v 0.015202891 -0.00699778 0.053450015
v 0.015225108 -0.010297707 0.037450015
v 0.015225108 -0.010297705 0.053450016
v 0.01564341 0.023222527 0.021450011
v 0.01564341 0.023222527 0.024450011
v 0.015714257 0.027646053 0.01245001
v 0.015714257 0.027646053 0.01745001
v 0.015733671 -0.031822934 0.021450016
v 0.015733671 -0.031822934 0.024450016
v 0.015911568 0.010286325 0.053450014
v 0.015911569 0.010286324 0.037450013
v 0.015930795 0.007428504 0.037450013
v 0.015930795 0.007428506 0.053450014
v 0.016029353 -0.007213281 0.037450015
v 0.016029353 -0.007213279 0.053450015
v 0.016048594 -0.010071099 0.053450016
v 0.016048595 -0.0100711 0.037450015
v 0.01608502 -0.027431918 0.012450015
v 0.01608502 -0.027431918 0.017450016
v 0.016279113 -0.039898805 0.020049993
v 0.016279113 -0.039898805 0.020850011
v 0.016447258 0.03319459 0.01945001
v 0.016447258 0.03319459 0.02145001
v 0.016484038 -0.0314408 0.021450016
v 0.016484038 -0.0314408 0.024450016
v 0.016519555 0.009686461 0.037450013
v 0.016519555 0.009686462 0.053450014
v 0.016530663 0.008036499 0.053450014
v 0.016530664 0.008036497 0.037450013
v 0.016559493 -0.034526303 0.019450016
v 0.016559493 -0.034526303 0.021450017
v 0.016637354 -0.007813142 0.053450015
v 0.016637355 -0.007813144 0.037450015
v 0.016648463 -0.009463105 0.053450016
v 0.016648464 -0.009463107 0.037450015
v 0.016702583 0.029384796 0.01945001
v 0.016746163 0.008862968 0.053450014
v 0.016746164 0.008862967 0.037450013
v 0.016804992 -0.036475923 0.019683629
v 0.016804992 -0.036475922 0.021216405
v 0.016863963 -0.008636637 0.037450015
v 0.016863963 -0.008636636 0.053450016
v 0.016999614 0.000114473 0.025550019
v 0.017096647 -0.029157197 0.019450016
v 0.017187499 -0.032817334 0.019450016
v 0.017187499 -0.032817334 0.021450016
v 0.017225142 -0.031040976 0.021450016
v 0.017225142 -0.031040976 0.024450016
v 0.017252801 0.010116407 0.053450014
v 0.017252802 0.010116403 0.014550018
v 0.017252802 0.010116404 0.022550018
v 0.017387431 -0.009883141 0.053450016
v 0.017387432 -0.009883145 0.01455002
v 0.017387432 -0.009883144 0.02255002
v 0.017400909 -0.039422486 0.020049993
v 0.017400909 -0.039422486 0.020850011
v 0.017956541 -0.030623686 0.021450016
v 0.017956541 -0.030623686 0.024450016
v 0.018096383 0.02136639 0.021450011
v 0.018096383 0.021366391 0.024450011
v 0.018115441 0.010622226 0.052450014
v 0.018115442 0.010622224 0.031450013
v 0.018198967 0.033691027 0.01945001
v 0.018198967 0.033691027 0.02145001
v 0.018256801 -0.010377302 0.031450015
v 0.018256801 -0.0103773 0.052450016
v 0.018284996 0.03374005 0.019460508
v 0.018284996 0.03374005 0.021439481
v 0.018358304 -0.023016596 0.021450016
v 0.018358304 -0.023016596 0.024450016
v 0.018468656 -0.021561682 0.021450015
v 0.018468656 -0.021561681 0.024450016
v 0.018507506 -0.031563319 0.019450016
v 0.018507506 -0.031563319 0.021450016
v 0.018677839 -0.030189165 0.024450016
v 0.01867784 -0.030189165 0.021450016
v 0.01894737 -0.02435149 0.021450016
v 0.01894737 -0.02435149 0.024450016
v 0.018978083 0.011128039 0.007499999
v 0.018978083 0.011128039 0.012550018
v 0.019126172 -0.010871464 0.007500001
v 0.019126172 -0.010871463 0.01255002
v 0.019252332 -0.020330909 0.021450015
v 0.019252332 -0.020330909 0.024450015
v 0.01938864 -0.029737658 0.021450016
v 0.01938864 -0.029737657 0.024450016
v 0.01963195 0.035035598 0.019683622
v 0.01963195 0.035035598 0.021216398
v 0.019837364 0.032753115 0.01945001
v 0.019837364 0.032753116 0.02145001
v 0.019999536 0.00013467 0.053450015
v 0.019999538 0.000134666 0.014550019
v 0.019999538 0.000134667 0.022550019
v 0.020088514 -0.029269419 0.024450016
v 0.020088515 -0.029269419 0.021450016
v 0.020246413 -0.031023707 0.019450016
v 0.020246413 -0.031023707 0.021450016
v 0.020272043 0.011886768 0.026950012
v 0.020272043 0.011886768 0.031450013
v 0.020330941 0.019252379 0.021450011
v 0.020330941 0.019252379 0.024450012
v 0.020430233 -0.011612701 0.026950015
v 0.020430233 -0.011612701 0.031450015
v 0.020535246 -0.02639226 0.021450016
v 0.020535246 -0.026392259 0.024450016
v 0.020778196 -0.028446522 0.021450016
v 0.020778196 -0.028446521 0.024450016
v 0.020778681 0.013140205 0.007499999
v 0.020778681 0.013140206 0.019550018
v 0.02094293 -0.027385542 0.021450016
v 0.02094293 -0.027385542 0.024450016
v 0.020994181 0.013966675 0.007499999
v 0.020994181 0.013966676 0.019550018
v 0.020999521 0.000141401 0.052450015
v 0.020999522 0.000141399 0.031450014
v 0.021005289 0.012316713 0.019550018
v 0.02100529 0.012316712 0.007499999
v 0.021366345 -0.018096345 0.024450015
v 0.021366346 -0.018096345 0.021450015
v 0.021427544 0.031735593 0.01945001
v 0.021427544 0.031735593 0.02145001
v 0.021561715 0.018468699 0.021450012
v 0.021561715 0.018468699 0.024450012
v 0.021594049 0.014574669 0.019550018
v 0.02159405 0.014574668 0.007499999
v 0.021613276 0.011716849 0.007499999
v 0.021613276 0.01171685 0.019550018
v 0.021665489 0.037249656 0.020049985
v 0.021665489 0.037249656 0.020850004
v 0.021999492 0.000148128 0.0075
v 0.021999492 0.000148128 0.012550019
v 0.022044447 -0.031310141 0.021450016
v 0.022044448 -0.031310141 0.019450016
v 0.022417536 0.014801274 0.007499999
v 0.022417536 0.014801275 0.019550018
v 0.022428644 0.013151313 0.024450012
v 0.022439753 0.011501349 0.007499999
v 0.022439753 0.01150135 0.019550018
v 0.02260365 -0.012848099 0.024450015
v 0.022710228 0.03662207 0.020049985
v 0.022710228 0.03662207 0.020850004
v 0.022965645 0.030640933 0.01945001
v 0.022965645 0.030640933 0.02145001
v 0.023016626 0.018358344 0.021450012
v 0.023016626 0.018358344 0.024450012
v 0.023222485 -0.015643369 0.024450015
v 0.023222486 -0.015643369 0.021450015
v 0.023243997 0.014585776 0.019550018
v 0.023243998 0.014585774 0.007499999
v 0.023248848 0.028842389 0.01945001
v 0.023248848 0.028842389 0.021450011
v 0.023263239 0.011727957 0.019550018
v 0.02326324 0.011727956 0.007499999
v 0.023499461 0.000158227 0.026950014
v 0.023499461 0.000158227 0.031450014
v 0.023508831 -0.006571159 0.01955002
v 0.023508832 -0.00657116 0.007500001
v 0.02356082 -0.030185593 0.019450016
v 0.02356082 -0.030185592 0.021450016
v 0.023586082 0.032505431 0.019683622
v 0.023586082 0.032505431 0.021216398
v 0.02362596 -0.032476376 0.019683629
v 0.02362596 -0.032476375 0.021216405
v 0.023724331 -0.005744691 0.007500001
v 0.023724331 -0.00574469 0.01955002
v 0.023735439 -0.007394653 0.01955002
v 0.02373544 -0.007394654 0.007500001
v 0.023736778 0.035965194 0.020049985
v 0.023736778 0.035965194 0.020850004
v 0.023851999 0.013985913 0.019550018
v 0.023852 0.013985911 0.007499999
v 0.023863108 0.012335949 0.007499999
v 0.023863108 0.01233595 0.019550018
v 0.024078608 0.013162418 0.007499999
v 0.024078608 0.01316242 0.019550018
v 0.024299401 0.027355342 0.019450011
v 0.024299401 0.027355342 0.021450011
v 0.0243242 -0.005136697 0.007500001
v 0.0243242 -0.005136696 0.01955002
v 0.024343441 -0.007994515 0.01955002
v 0.024343442 -0.007994516 0.007500001
v 0.024351526 0.018947415 0.021450012
v 0.024351526 0.018947415 0.024450012
v 0.024744362 0.035279548 0.020049985
v 0.024744362 0.035279548 0.020850004
v 0.024798337 -0.013001589 0.021450015
v 0.024798337 -0.013001588 0.024450015
v 0.025019942 -0.028987675 0.019450016
v 0.025019942 -0.028987674 0.021450016
v 0.025101513 -0.0125346 0.024450015
v 0.025101514 -0.0125346 0.021450015
v 0.025147686 -0.004910091 0.007500001
v 0.025147686 -0.00491009 0.01955002
v 0.025169903 -0.008210015 0.01955002
v 0.025169904 -0.008210016 0.007500001
v 0.02548576 -0.012131677 0.021450015
v 0.02548576 -0.012131677 0.024450015
v 0.025879206 0.015174584 0.007499999
v 0.025879206 0.015174584 0.012450012
v 0.025899941 0.026487451 0.019450011
v 0.025899941 0.026487451 0.021450011
v 0.025906371 -0.034435215 0.020049992
v 0.025906371 -0.034435215 0.020850011
v 0.025937848 -0.011806699 0.021450015
v 0.025937848 -0.011806699 0.024450015
v 0.025974163 -0.00512559 0.01955002
v 0.025974164 -0.005125591 0.007500001
v 0.025993389 -0.007983409 0.01955002
v 0.02599339 -0.00798341 0.007500001
v 0.025999416 0.000175054 0.024450014
v 0.026081144 -0.014824738 0.007500002
v 0.026081144 -0.014824737 0.012450015
v 0.026392297 0.020535293 0.021450012
v 0.026392297 0.020535293 0.024450012
v 0.026418242 -0.027719299 0.019450016
v 0.026418242 -0.027719299 0.021450016
v 0.02648741 -0.025899906 0.019450016
v 0.02648741 -0.025899905 0.021450016
v 0.02658215 -0.005725454 0.007500001
v 0.02658215 -0.005725452 0.01955002
v 0.026593258 -0.007375415 0.01955002
v 0.026593259 -0.007375417 0.007500001
v 0.026623942 0.009669241 0.021450013
v 0.026623942 0.009669242 0.024450013
v 0.026728617 0.008341576 0.021450013
v 0.026728617 0.008341576 0.024450013
v 0.026786282 -0.01147017 0.021450015
v 0.026786282 -0.011470169 0.024450015
v 0.026808758 -0.006548946 0.01955002
v 0.026808759 -0.006548947 0.007500001
v 0.026869826 -0.033688831 0.020049992
v 0.026869826 -0.033688831 0.020850011
v 0.027104273 0.010911391 0.021450012
v 0.027104273 0.010911391 0.024450013
v 0.02725418 -0.029497634 0.019683628
v 0.02725418 -0.029497634 0.021216404
v 0.027355299 -0.024299363 0.019450016
v 0.027355299 -0.024299363 0.021450016
v 0.027385583 0.020942975 0.021450012
v 0.027385583 0.020942975 0.024450012
v 0.027431955 0.016085059 0.017450012
v 0.027431956 0.016085058 0.012450012
v 0.027482341 0.005359256 0.021450013
v 0.027482341 0.005359256 0.024450013
v 0.027646009 -0.015714223 0.012450015
v 0.027646009 -0.015714223 0.017450015
v 0.027696652 -0.011404344 0.021450015
v 0.027696652 -0.011404344 0.024450015
v 0.027719338 0.026418279 0.019450011
v 0.027719338 0.026418279 0.021450011
v 0.027811767 -0.032915496 0.020049992
v 0.027811767 -0.032915496 0.020850011
v 0.027904369 0.002312254 0.021450013
v 0.027904369 0.002312255 0.024450014
v 0.027989604 -0.000762654 0.024450014
v 0.027989605 -0.000762654 0.021450014
v 0.02807493 0.011823233 0.024450013
v 0.028074931 0.011823232 0.021450012
v 0.028189265 0.011886959 0.021450012
v 0.028189265 0.011886959 0.024450013
v 0.028305752 -0.002187086 0.021450014
v 0.028305752 -0.002187085 0.024450014
v 0.028306269 0.011945639 0.021450012
v 0.028306269 0.01194564 0.024450013
v 0.028425715 0.01199916 0.021450012
v 0.028425715 0.01199916 0.024450013
v 0.028446557 0.020778241 0.021450012
v 0.028446557 0.020778242 0.024450012
v 0.028584668 -0.011615317 0.021450015
v 0.028584668 -0.011615316 0.024450015
v 0.028731475 -0.032115833 0.020049992
v 0.028731475 -0.032115833 0.020850011
v 0.028842344 -0.023248811 0.019450016
v 0.028842344 -0.023248811 0.021450016
v 0.02898243 0.026894985 0.019605834
v 0.02898243 0.026894985 0.021294158
v 0.02898771 0.025019981 0.019450011
v 0.02898771 0.025019981 0.021450011
v 0.029157236 0.017096694 0.019450012
v 0.029256496 -0.003293898 0.021450014
v 0.029256496 -0.003293898 0.024450014
v 0.029269464 0.020088565 0.021450012
v 0.029269464 0.020088565 0.024450012
v 0.029384748 -0.016702542 0.019450015
v 0.029497674 0.02725423 0.019683623
v 0.029497674 0.02725423 0.021216399
v 0.029999325 0.000201978 0.007500001
v 0.029999325 0.000201978 0.012450013
v 0.030185632 0.023560869 0.019450011
v 0.030185632 0.023560869 0.021450011
v 0.030189203 0.018677888 0.021450012
v 0.030189203 0.018677889 0.024450012
v 0.03061694 -0.003821275 0.021450014
v 0.03061694 -0.003821274 0.024450014
v 0.030640883 -0.022965602 0.019450016
v 0.030640883 -0.022965602 0.021450016
v 0.030807917 0.013004741 0.021450012
v 0.030807917 0.013004741 0.024450013
v 0.030887552 0.013040421 0.024450013
v 0.030887553 0.013040421 0.021450012
v 0.03096554 0.01307954 0.021450012
v 0.03096554 0.013079541 0.024450013
v 0.030980191 -0.012588737 0.021450015
v 0.030980191 -0.012588736 0.024450015
v 0.031023752 0.020246454 0.019450012
v 0.031023752 0.020246454 0.021450012
v 0.03104101 0.017225179 0.021450012
v 0.03104101 0.017225179 0.024450012
v 0.031041758 0.013122026 0.021450012
v 0.031041758 0.013122026 0.024450013
v 0.031310174 0.022044488 0.019450011
v 0.031310174 0.022044489 0.021450012
v 0.031563364 0.018507549 0.019450012
v 0.031563364 0.018507549 0.021450012
v 0.031572217 -0.012729385 0.021450015
v 0.031572217 -0.012729385 0.024450015
v 0.031735548 -0.021427506 0.019450016
v 0.031735548 -0.021427506 0.021450016
v 0.031744944 0.013818025 0.021450012
v 0.031744944 0.013818025 0.024450013
v 0.031799282 0.000214095 0.012450013
v 0.031799282 0.000214095 0.017450014
v 0.031822977 0.01573371 0.021450012
v 0.031822977 0.01573371 0.024450012
v 0.032028467 0.014765908 0.021450012
v 0.032028467 0.014765908 0.024450012
v 0.032115868 0.028731522 0.020049986
v 0.032115868 0.028731522 0.020850005
v 0.03217912 -0.012685501 0.021450015
v 0.03217912 -0.012685501 0.024450015
v 0.032476419 0.023626003 0.019683623
v 0.032476419 0.023626003 0.021216399
v 0.032505385 -0.023586043 0.019683628
v 0.032505385 -0.023586043 0.021216404
v 0.032744748 -0.012461147 0.021450015
v 0.032744748 -0.012461147 0.024450015
v 0.032753065 -0.019837328 0.019450016
v 0.032753065 -0.019837328 0.021450016
v 0.032817377 0.017187541 0.019450012
v 0.032817377 0.017187542 0.021450012
v 0.032915536 0.027811815 0.020049987
v 0.032915536 0.027811815 0.020850005
v 0.03312309 -0.012173902 0.021450015
v 0.03312309 -0.012173902 0.024450015
v 0.033182781 -0.004141519 0.021450014
v 0.033182781 -0.004141518 0.024450014
v 0.033194547 -0.016447213 0.019450015
v 0.033194547 -0.016447212 0.021450015
v 0.033423032 -0.011805532 0.021450015
v 0.033423032 -0.011805532 0.024450015
v 0.033525358 -0.014656814 0.019450015
v 0.033525358 -0.014656814 0.021450015
v 0.033627622 -0.011376818 0.021450015
v 0.033627622 -0.011376817 0.024450015
v 0.033688867 0.026869863 0.020049987
v 0.033688867 0.026869864 0.020850005
v 0.033690977 -0.018198933 0.019450016
v 0.033690977 -0.018198933 0.021450016
v 0.033799236 0.000227558 0.019450014
v 0.034129315 -0.00976926 0.021450015
v 0.034129315 -0.00976926 0.024450015
v 0.034173413 -0.0045556 0.021450014
v 0.034173413 -0.004555599 0.024450014
v 0.03443525 0.025906418 0.020850005
v 0.034435251 0.025906418 0.020049987
v 0.034526346 0.016559532 0.019450012
v 0.034526346 0.016559532 0.021450012
v 0.034554227 -0.00813972 0.021450015
v 0.034554227 -0.008139719 0.024450015
v 0.034614988 -0.013198156 0.019450015
v 0.034614988 -0.013198156 0.021450015
v 0.034807156 -0.00542231 0.021450014
v 0.034807156 -0.00542231 0.024450015
v 0.034901364 -0.006491862 0.021450015
v 0.034901364 -0.006491861 0.024450015
v 0.035035551 -0.019631909 0.019683628
v 0.035035551 -0.019631908 0.021216404
v 0.035279509 -0.024744324 0.020049992
v 0.035279509 -0.024744324 0.02085001
v 0.035300532 0.014837721 0.019450012
v 0.035300532 0.014837722 0.021450012
v 0.035737666 0.007848112 0.019450013
v 0.035737666 0.007848112 0.021450013
v 0.035761821 0.009668659 0.019450013
v 0.035761821 0.009668659 0.021450013
v 0.035965147 -0.023736748 0.020049992
v 0.035965147 -0.023736748 0.02085001
v 0.035988932 0.013079846 0.019450013
v 0.035988932 0.013079846 0.021450013
v 0.036237989 -0.012373027 0.019450015
v 0.036237989 -0.012373026 0.021450015
v 0.036413739 -0.003579548 0.019450014
v 0.036413739 -0.003579548 0.021450014
v 0.036475962 0.016805032 0.019683624
v 0.036475962 0.016805033 0.0212164
v 0.036522411 0.006205199 0.019450013
v 0.036522411 0.006205199 0.021450013
v 0.036589854 0.011290178 0.019450013
v 0.036589854 0.011290178 0.021450013
v 0.036622023 -0.022710184 0.020049992
v 0.036622023 -0.022710184 0.02085001
v 0.036652371 -0.005384548 0.019450014
v 0.036652371 -0.005384547 0.021450014
v 0.036803769 -0.010571943 0.019450015
v 0.036803769 -0.010571943 0.021450015
v 0.036999279 -0.001855569 0.019450014
v 0.036999279 -0.001855569 0.021450014
v 0.037249617 -0.021665455 0.020049992
v 0.037249617 -0.021665455 0.02085001
v 0.037280103 -0.008745162 0.019450015
v 0.037280103 -0.008745161 0.021450015
v 0.037665814 -0.006897125 0.019450015
v 0.037665814 -0.006897124 0.021450015
v 0.03795367 0.005079826 0.019450013
v 0.03795367 0.005079826 0.021450014
v 0.038157909 0.003203046 0.019450014
v 0.038157909 0.003203046 0.021450014
v 0.038187724 0.012433901 0.019683625
v 0.038187724 0.012433902 0.021216401
v 0.038202955 -0.01238694 0.019683627
v 0.038202955 -0.012386939 0.021216403
v 0.03826939 0.00131848 0.019450014
v 0.03826939 0.001318481 0.021450014
v 0.038287869 -0.00056929 0.019450014
v 0.038287869 -0.000569289 0.021450014
v 0.039387402 -0.00784447 0.021216403
v 0.039387403 -0.00784447 0.019683627
v 0.039415538 0.013029718 0.019852662
v 0.039415538 0.013029718 0.021047364
v 0.039422526 0.017400951 0.020049988
v 0.039422526 0.017400952 0.020850006
v 0.039883724 0.004710844 0.019683626
v 0.039883724 0.004710844 0.021216402
v 0.039898844 0.01627915 0.020049988
v 0.039898844 0.01627915 0.020850006
v 0.040160961 2.4687e-05 0.019683626
v 0.040160961 2.4688e-05 0.021216402
v 0.040343241 0.015144327 0.020049988
v 0.040343241 0.015144327 0.020850006
v 0.040755381 0.01399739 0.020049988
v 0.040755381 0.01399739 0.020850007
v 0.041199232 -0.012631281 0.020049991
v 0.041199232 -0.012631281 0.020850009
v 0.04153996 -0.011461143 0.020049991
v 0.04153996 -0.011461143 0.020850009
v 0.041847455 -0.010281837 0.020049991
v 0.041847455 -0.010281836 0.020850009
v 0.042121488 -0.009094306 0.020049991
v 0.042121488 -0.009094306 0.020850009
v 0.04287022 0.00436706 0.020049989
v 0.04287022 0.004367061 0.020850008
v 0.042976574 0.003152972 0.020049989
v 0.042976574 0.003152973 0.020850008
v 0.04304855 0.001936362 0.02004999
v 0.04304855 0.001936363 0.020850008
v 0.043086087 0.000718204 0.02004999
v 0.043086087 0.000718204 0.020850008
f 74 73 68
f 68 67 64
f 73 67 68
f 64 63 59
f 67 63 64
f 63 60 59
f 204 203 205
f 205 203 202
f 202 201 200
f 203 201 202
f 200 197 196
f 201 197 200
f 54 56 53
f 54 55 56
f 51 53 52
f 51 54 53
f 46 52 45
f 46 51 52
f 243 274 242
f 242 274 273
f 273 297 296
f 296 297 310
f 274 297 273
f 297 311 310
f 310 315 314
f 311 315 310
f 314 309 308
f 315 309 314
f 308 293 292
f 309 293 308
f 359 385 358
f 358 385 384
f 384 406 407
f 407 406 421
f 385 406 384
f 406 420 421
f 421 425 424
f 420 425 421
f 424 419 418
f 425 419 424
f 418 403 402
f 419 403 418
f 351 377 350
f 350 377 376
f 376 399 398
f 398 399 416
f 377 399 376
f 399 417 416
f 416 423 422
f 417 423 416
f 422 414 415
f 423 414 422
f 415 394 395
f 414 394 415
f 235 261 234
f 234 261 262
f 262 289 288
f 288 289 306
f 261 289 262
f 289 307 306
f 306 313 312
f 307 313 306
f 312 305 304
f 313 305 312
f 304 284 285
f 305 284 304
f 107 133 106
f 106 133 132
f 132 157 158
f 158 157 176
f 133 157 132
f 157 175 176
f 176 187 186
f 175 187 176
f 186 174 173
f 187 174 186
f 173 152 153
f 174 152 173
f 115 141 114
f 114 141 140
f 140 166 165
f 165 166 179
f 141 166 140
f 166 180 179
f 179 191 190
f 180 191 179
f 190 178 177
f 191 178 190
f 177 161 162
f 178 161 177
f 15 21 16
f 16 21 22
f 22 34 33
f 21 34 22
f 33 44 43
f 34 44 33
f 47 48 41
f 43 48 47
f 44 48 43
f 48 42 41
f 41 32 31
f 42 32 41
f 199 266 198
f 198 266 265
f 265 318 319
f 266 318 265
f 319 330 331
f 318 330 319
f 331 360 361
f 330 360 331
f 328 327 316
f 361 327 328
f 360 327 361
f 327 317 316
f 323 324 254
f 248 254 183
f 248 323 254
f 154 183 75
f 154 248 183
f 154 75 71
f 69 71 75
f 70 71 69
f 76 70 69
f 72 154 71
f 79 70 76
f 188 79 76
f 189 79 188
f 247 246 260
f 246 259 260
f 260 279 278
f 259 279 260
f 278 291 290
f 279 291 278
f 300 301 287
f 290 301 300
f 291 301 290
f 301 286 287
f 287 277 276
f 286 277 287
f 364 365 375
f 365 374 375
f 375 389 388
f 374 389 375
f 388 401 400
f 389 401 388
f 410 411 396
f 400 411 410
f 401 411 400
f 411 397 396
f 396 386 387
f 397 386 396
f 368 369 382
f 369 383 382
f 382 392 393
f 383 392 382
f 393 409 408
f 392 409 393
f 412 413 404
f 408 413 412
f 409 413 408
f 413 405 404
f 404 391 390
f 405 391 404
f 251 252 272
f 252 271 272
f 272 283 282
f 271 283 272
f 282 298 299
f 283 298 282
f 302 303 294
f 299 303 302
f 298 303 299
f 303 295 294
f 294 280 281
f 295 280 294
f 122 123 138
f 123 139 138
f 138 149 148
f 139 149 138
f 148 168 167
f 149 168 148
f 171 172 163
f 167 172 171
f 168 172 167
f 172 164 163
f 163 147 146
f 164 147 163
f 118 119 130
f 119 131 130
f 130 144 145
f 131 144 130
f 145 160 159
f 144 160 145
f 169 170 155
f 159 170 169
f 160 170 159
f 170 156 155
f 155 142 143
f 156 142 155
f 222 253 320
f 222 217 253
f 205 253 217
f 202 253 205
f 208 320 426
f 208 222 320
f 200 253 202
f 196 253 200
f 189 253 196
f 192 189 196
f 125 189 192
f 82 79 189
f 82 189 125
f 81 79 82
f 78 79 81
f 74 79 78
f 68 79 74
f 64 70 79
f 64 79 68
f 59 70 64
f 41 56 57
f 47 41 57
f 47 57 62
f 49 47 62
f 49 62 65
f 49 65 208
f 49 208 426
f 31 56 41
f 31 35 37
f 31 37 39
f 31 39 45
f 31 45 52
f 31 52 53
f 31 53 56
f 43 47 49
f 33 43 49
f 19 35 31
f 19 27 35
f 30 33 49
f 22 33 30
f 14 23 27
f 14 27 19
f 17 22 30
f 16 22 17
f 3 10 6
f 3 14 10
f 3 25 23
f 3 23 14
f 8 11 16
f 8 16 17
f 2 6 11
f 2 3 6
f 2 11 8
f 3 71 70
f 3 70 59
f 3 59 25
f 430 414 423
f 430 394 414
f 430 417 431
f 423 417 430
f 417 399 431
f 430 323 394
f 394 323 371
f 323 346 371
f 431 419 425
f 431 403 419
f 425 427 431
f 420 427 425
f 420 406 427
f 399 360 431
f 431 360 403
f 351 360 377
f 377 360 399
f 403 360 379
f 322 327 335
f 335 327 351
f 351 327 360
f 406 385 427
f 360 355 379
f 360 330 355
f 355 330 337
f 323 317 346
f 322 317 327
f 346 317 332
f 332 317 322
f 330 326 337
f 323 313 317
f 323 305 313
f 323 284 305
f 313 307 317
f 307 289 317
f 323 248 284
f 284 248 256
f 248 231 256
f 261 264 289
f 289 264 317
f 330 318 326
f 326 318 338
f 338 318 359
f 248 213 231
f 261 235 264
f 309 315 318
f 318 315 359
f 318 293 309
f 315 311 359
f 359 311 385
f 385 311 427
f 235 194 264
f 206 194 215
f 215 194 235
f 318 266 293
f 266 268 293
f 266 239 268
f 248 154 213
f 206 154 194
f 213 154 206
f 194 174 187
f 239 199 219
f 219 199 211
f 266 199 239
f 187 181 194
f 187 175 181
f 154 152 194
f 194 152 174
f 274 216 297
f 311 223 427
f 216 223 297
f 297 223 311
f 175 157 181
f 154 127 152
f 274 204 216
f 243 204 274
f 243 203 204
f 223 209 427
f 221 201 243
f 243 201 203
f 157 151 181
f 154 103 127
f 157 133 151
f 184 191 199
f 178 191 184
f 221 197 201
f 151 161 184
f 184 161 178
f 191 180 199
f 133 107 151
f 151 135 161
f 180 166 199
f 199 166 211
f 211 193 221
f 221 193 197
f 151 111 135
f 107 111 151
f 103 72 89
f 89 72 85
f 85 72 90
f 154 72 103
f 72 93 90
f 107 93 111
f 90 93 107
f 166 124 211
f 141 124 166
f 211 124 193
f 141 83 124
f 141 80 83
f 115 80 141
f 115 77 80
f 115 73 77
f 95 73 115
f 95 67 73
f 87 67 95
f 72 63 93
f 87 63 67
f 93 63 87
f 72 60 63
f 58 48 61
f 55 42 58
f 58 42 48
f 61 50 66
f 66 50 209
f 48 50 61
f 209 50 427
f 40 32 46
f 38 32 40
f 36 32 38
f 54 32 55
f 51 32 54
f 46 32 51
f 55 32 42
f 48 44 50
f 44 34 50
f 28 20 36
f 36 20 32
f 34 29 50
f 34 21 29
f 24 13 28
f 28 13 20
f 21 18 29
f 21 15 18
f 9 4 5
f 13 4 9
f 26 4 24
f 24 4 13
f 15 7 18
f 12 7 15
f 12 1 7
f 4 1 5
f 5 1 12
f 72 4 60
f 60 4 26
f 142 129 143
f 143 129 128
f 128 116 117
f 129 116 128
f 117 100 101
f 116 100 117
f 101 97 96
f 100 97 101
f 104 105 118
f 96 105 104
f 97 105 96
f 105 119 118
f 147 137 146
f 146 137 136
f 136 121 120
f 137 121 136
f 120 108 109
f 121 108 120
f 109 98 99
f 108 98 109
f 112 113 122
f 99 113 112
f 98 113 99
f 113 123 122
f 280 270 281
f 281 270 269
f 269 250 249
f 270 250 269
f 249 237 236
f 250 237 249
f 236 227 226
f 237 227 236
f 240 241 251
f 226 241 240
f 227 241 226
f 241 252 251
f 391 381 390
f 390 381 380
f 380 366 367
f 381 366 380
f 367 353 352
f 366 353 367
f 352 343 342
f 353 343 352
f 356 357 368
f 342 357 356
f 343 357 342
f 357 369 368
f 386 373 387
f 387 373 372
f 372 363 362
f 373 363 372
f 362 345 344
f 363 345 362
f 344 341 340
f 345 341 344
f 348 349 364
f 340 349 348
f 341 349 340
f 349 365 364
f 277 257 276
f 276 257 258
f 258 245 244
f 257 245 258
f 244 229 228
f 245 229 244
f 228 225 224
f 229 225 228
f 232 233 247
f 224 233 232
f 225 233 224
f 233 246 247
f 253 189 188
f 253 188 275
f 320 275 329
f 320 253 275
f 426 320 329
f 429 426 329
f 431 429 432
f 431 427 426
f 431 426 429
f 430 432 428
f 430 431 432
f 323 428 324
f 323 430 428
f 49 426 50
f 50 426 427
f 1 4 3
f 1 3 2
f 7 2 8
f 7 1 2
f 18 8 17
f 18 7 8
f 29 30 49
f 29 17 30
f 29 18 17
f 50 29 49
f 71 4 72
f 71 3 4
f 317 264 316
f 316 264 263
f 263 194 195
f 264 194 263
f 195 181 182
f 194 181 195
f 182 151 150
f 181 151 182
f 150 184 185
f 151 184 150
f 185 199 198
f 184 199 185
f 31 32 19
f 32 20 19
f 19 13 14
f 20 13 19
f 14 9 10
f 13 9 14
f 10 5 6
f 9 5 10
f 6 12 11
f 5 12 6
f 11 15 16
f 12 15 11
f 410 396 428
f 400 428 432
f 400 410 428
f 387 428 396
f 388 400 432
f 372 428 387
f 324 428 372
f 362 324 372
f 404 432 429
f 404 429 412
f 408 412 429
f 390 432 404
f 361 388 432
f 361 432 390
f 361 375 388
f 361 364 375
f 328 364 361
f 328 348 364
f 328 340 348
f 393 408 429
f 380 361 390
f 382 393 429
f 367 361 380
f 331 361 367
f 331 352 342
f 331 367 352
f 316 324 362
f 316 340 328
f 316 344 340
f 316 362 344
f 300 324 316
f 287 324 300
f 329 368 382
f 329 382 429
f 254 324 287
f 276 254 287
f 290 300 316
f 258 254 276
f 278 290 316
f 244 254 258
f 263 260 278
f 263 278 316
f 319 331 342
f 319 356 368
f 319 342 356
f 319 368 329
f 228 254 244
f 247 260 263
f 302 319 329
f 294 319 302
f 299 302 329
f 281 319 294
f 195 232 247
f 195 224 232
f 195 247 263
f 265 319 281
f 269 265 281
f 249 265 269
f 275 299 329
f 275 282 299
f 275 272 282
f 275 251 272
f 183 228 224
f 183 224 195
f 183 254 228
f 240 251 275
f 198 265 249
f 198 236 226
f 198 249 236
f 169 195 182
f 155 195 169
f 159 169 182
f 143 183 195
f 143 195 155
f 145 159 182
f 128 183 143
f 150 145 182
f 150 130 145
f 118 130 150
f 171 185 198
f 163 185 171
f 146 150 185
f 146 185 163
f 167 171 198
f 136 150 146
f 148 167 198
f 188 198 226
f 188 240 275
f 188 226 240
f 188 148 198
f 75 183 128
f 75 96 104
f 75 101 96
f 75 117 101
f 75 128 117
f 120 150 136
f 138 148 188
f 76 122 138
f 76 112 122
f 76 99 112
f 76 109 99
f 76 138 188
f 69 118 150
f 69 75 104
f 69 150 120
f 69 120 109
f 69 109 76
f 69 104 118
f 161 135 162
f 162 135 134
f 134 111 110
f 110 111 92
f 135 111 134
f 111 93 92
f 92 87 86
f 93 87 92
f 86 95 94
f 87 95 86
f 94 115 114
f 95 115 94
f 149 165 179
f 139 140 165
f 139 165 149
f 123 114 140
f 123 140 139
f 168 149 179
f 113 94 114
f 113 114 123
f 172 179 190
f 172 168 179
f 164 172 190
f 86 113 98
f 86 94 113
f 177 164 190
f 147 164 177
f 92 98 108
f 92 86 98
f 162 147 177
f 110 108 121
f 110 92 108
f 134 137 147
f 134 121 137
f 134 147 162
f 134 110 121
f 152 127 153
f 153 127 126
f 126 103 102
f 102 103 88
f 127 103 126
f 103 89 88
f 88 85 84
f 89 85 88
f 84 90 91
f 85 90 84
f 91 107 106
f 90 107 91
f 144 132 158
f 131 132 144
f 160 158 176
f 160 144 158
f 119 106 132
f 119 132 131
f 170 176 186
f 170 160 176
f 105 91 106
f 105 106 119
f 173 156 170
f 173 170 186
f 84 105 97
f 84 91 105
f 153 129 142
f 153 142 156
f 153 156 173
f 88 100 116
f 88 97 100
f 88 84 97
f 126 129 153
f 102 116 129
f 102 88 116
f 102 129 126
f 284 256 285
f 285 256 255
f 255 231 230
f 230 231 212
f 256 231 255
f 231 213 212
f 212 206 207
f 213 206 212
f 207 215 214
f 206 215 207
f 214 235 234
f 215 235 214
f 279 262 288
f 259 234 262
f 259 262 279
f 291 288 306
f 291 279 288
f 246 234 259
f 301 306 312
f 301 291 306
f 233 214 234
f 233 234 246
f 225 214 233
f 304 286 301
f 304 301 312
f 207 214 225
f 277 286 304
f 229 207 225
f 285 277 304
f 212 207 229
f 255 257 277
f 255 245 257
f 255 277 285
f 230 229 245
f 230 212 229
f 230 245 255
f 394 371 395
f 395 371 370
f 370 346 347
f 347 346 333
f 371 346 370
f 346 332 333
f 333 322 321
f 332 322 333
f 321 335 334
f 322 335 321
f 334 351 350
f 335 351 334
f 374 376 398
f 389 398 416
f 389 374 398
f 365 350 376
f 365 376 374
f 401 389 416
f 334 350 365
f 349 334 365
f 411 416 422
f 411 401 416
f 321 349 341
f 321 334 349
f 415 397 411
f 415 411 422
f 333 345 363
f 333 341 345
f 333 321 341
f 395 386 397
f 395 397 415
f 347 363 373
f 347 333 363
f 370 373 386
f 370 347 373
f 370 386 395
f 403 379 402
f 402 379 378
f 378 355 354
f 354 355 336
f 379 355 378
f 355 337 336
f 336 326 325
f 337 326 336
f 325 338 339
f 326 338 325
f 339 359 358
f 338 359 339
f 383 384 407
f 383 407 392
f 409 407 421
f 409 392 407
f 369 358 384
f 369 384 383
f 339 358 369
f 357 339 369
f 413 421 424
f 413 409 421
f 325 357 343
f 325 339 357
f 418 405 413
f 418 413 424
f 353 325 343
f 402 391 405
f 402 405 418
f 336 325 353
f 354 353 366
f 354 336 353
f 378 381 391
f 378 366 381
f 378 391 402
f 378 354 366
f 293 268 292
f 292 268 267
f 267 239 238
f 238 239 218
f 268 239 267
f 239 219 218
f 218 211 210
f 219 211 218
f 210 221 220
f 211 221 210
f 220 243 242
f 221 243 220
f 271 273 296
f 271 296 283
f 252 242 273
f 252 273 271
f 298 296 310
f 298 283 296
f 220 242 252
f 241 220 252
f 303 310 314
f 303 298 310
f 210 241 227
f 210 220 241
f 308 295 303
f 308 303 314
f 237 210 227
f 218 210 237
f 292 270 280
f 292 280 295
f 292 295 308
f 238 250 270
f 238 237 250
f 238 218 237
f 267 270 292
f 267 238 270
f 40 46 45
f 40 45 39
f 38 39 37
f 38 40 39
f 36 37 35
f 36 38 37
f 25 59 60
f 25 60 26
f 124 82 125
f 124 83 82
f 193 125 192
f 193 124 125
f 197 192 196
f 197 193 192
f 208 65 209
f 209 65 66
f 209 223 208
f 208 223 222
f 222 216 217
f 223 216 222
f 217 204 205
f 216 204 217
f 82 83 81
f 81 80 78
f 83 80 81
f 78 77 74
f 80 77 78
f 77 73 74
f 25 26 23
f 23 24 27
f 26 24 23
f 27 28 35
f 24 28 27
f 28 36 35
f 55 58 56
f 56 58 57
f 57 61 62
f 58 61 57
f 62 66 65
f 61 66 62
f 678 677 690
f 690 689 701
f 677 689 690
f 689 702 701
f 701 721 722
f 702 721 701
f 722 731 732
f 732 731 723
f 721 731 722
f 731 724 723
f 723 703 704
f 724 703 723
f 920 919 941
f 941 942 966
f 919 942 941
f 942 965 966
f 966 979 980
f 965 979 966
f 980 990 989
f 989 990 981
f 979 990 980
f 990 982 981
f 981 968 967
f 982 968 981
f 1284 1283 1295
f 1295 1296 1308
f 1283 1296 1295
f 1296 1307 1308
f 1308 1315 1316
f 1307 1315 1308
f 1316 1322 1321
f 1321 1322 1317
f 1315 1322 1316
f 1322 1318 1317
f 1317 1309 1310
f 1318 1309 1317
f 1601 1602 1612
f 1612 1611 1625
f 1602 1611 1612
f 1611 1626 1625
f 1625 1648 1647
f 1626 1648 1625
f 1647 1651 1652
f 1652 1651 1650
f 1648 1651 1647
f 1651 1649 1650
f 1650 1630 1629
f 1649 1630 1650
f 1656 1655 1670
f 1670 1669 1683
f 1655 1669 1670
f 1669 1684 1683
f 1683 1696 1697
f 1684 1696 1683
f 1697 1707 1706
f 1706 1707 1698
f 1696 1707 1697
f 1707 1699 1698
f 1698 1686 1685
f 1699 1686 1698
f 1394 1393 1416
f 1416 1417 1439
f 1393 1417 1416
f 1417 1440 1439
f 1439 1454 1453
f 1440 1454 1439
f 1453 1464 1463
f 1463 1464 1456
f 1454 1464 1453
f 1464 1455 1456
f 1456 1441 1442
f 1455 1441 1456
f 1051 1052 1063
f 1063 1064 1074
f 1052 1064 1063
f 1064 1073 1074
f 1074 1089 1090
f 1073 1089 1074
f 1090 1098 1097
f 1097 1098 1091
f 1089 1098 1090
f 1098 1092 1091
f 1091 1075 1076
f 1092 1075 1091
f 736 735 751
f 751 750 761
f 735 750 751
f 750 762 761
f 761 771 772
f 762 771 761
f 772 781 782
f 782 781 775
f 771 781 772
f 781 776 775
f 775 764 763
f 776 764 775
f 1207 1386 1205
f 1207 1418 1386
f 952 1205 987
f 952 1207 1205
f 752 987 791
f 752 952 987
f 676 791 733
f 676 752 791
f 788 676 733
f 749 676 788
f 943 788 975
f 943 749 788
f 787 975 788
f 787 976 975
f 734 788 733
f 734 733 791
f 734 787 788
f 792 734 791
f 988 791 987
f 988 792 791
f 1206 987 1205
f 1206 1205 1386
f 1206 988 987
f 1385 1206 1386
f 635 840 866
f 604 840 635
f 571 604 635
f 537 604 571
f 609 571 640
f 609 537 571
f 850 640 878
f 850 609 640
f 1212 878 1211
f 1212 850 878
f 1521 1211 1496
f 1521 1212 1211
f 1122 1120 1121
f 1121 1120 1119
f 1119 1114 1113
f 1120 1114 1119
f 1113 1110 1109
f 1114 1110 1113
f 1681 1682 1673
f 1673 1674 1668
f 1682 1674 1673
f 1668 1667 1663
f 1674 1667 1668
f 1667 1664 1663
f 1734 1711 1735
f 1735 1711 1710
f 1710 1701 1700
f 1711 1701 1710
f 1700 1703 1702
f 1701 1703 1700
f 1107 1108 1106
f 1105 1106 1102
f 1105 1107 1106
f 1101 1105 1102
f 1093 1102 1094
f 1093 1101 1102
f 1826 1831 1827
f 1826 1830 1831
f 1820 1827 1821
f 1820 1826 1827
f 1812 1821 1813
f 1812 1820 1821
f 1802 1801 1803
f 1802 1800 1801
f 1796 1803 1797
f 1796 1802 1803
f 1786 1797 1787
f 1786 1796 1797
f 713 714 709
f 709 710 707
f 714 710 709
f 710 708 707
f 707 700 699
f 708 700 707
f 666 673 667
f 666 672 673
f 664 667 665
f 664 666 667
f 658 665 659
f 658 664 665
f 1017 1178 1035
f 1017 1175 1178
f 1175 1325 1178
f 1175 1343 1325
f 1343 1459 1325
f 1343 1528 1459
f 1459 1570 1520
f 1528 1570 1459
f 1520 1531 1462
f 1570 1531 1520
f 1462 1346 1326
f 1531 1346 1462
f 1000 1174 1016
f 1000 1170 1174
f 1170 1342 1174
f 1170 1358 1342
f 1358 1527 1342
f 1358 1557 1527
f 1527 1608 1569
f 1557 1608 1527
f 1569 1559 1530
f 1608 1559 1569
f 1530 1362 1345
f 1559 1362 1530
f 1016 1174 1017
f 1017 1174 1175
f 1175 1342 1343
f 1174 1342 1175
f 1343 1527 1528
f 1342 1527 1343
f 1570 1569 1531
f 1528 1569 1570
f 1527 1569 1528
f 1531 1530 1346
f 1569 1530 1531
f 1530 1345 1346
f 1198 1356 1344
f 1201 1356 1198
f 1018 1201 1198
f 1011 1201 1018
f 824 1018 835
f 824 1011 1018
f 773 835 795
f 773 824 835
f 821 795 832
f 821 773 795
f 1005 832 1015
f 1005 821 832
f 916 915 932
f 915 931 932
f 932 938 937
f 931 938 932
f 937 927 928
f 938 927 937
f 928 913 914
f 927 913 928
f 914 890 889
f 913 890 914
f 889 872 871
f 890 872 889
f 1225 1226 1238
f 1226 1237 1238
f 1238 1239 1240
f 1237 1239 1238
f 1240 1236 1235
f 1239 1236 1240
f 1235 1223 1224
f 1236 1223 1235
f 1224 1193 1194
f 1223 1193 1224
f 1194 1156 1155
f 1193 1156 1194
f 1494 1493 1512
f 1493 1511 1512
f 1512 1519 1518
f 1511 1519 1512
f 1518 1509 1510
f 1519 1509 1518
f 1510 1492 1491
f 1509 1492 1510
f 1491 1478 1477
f 1492 1478 1491
f 1477 1449 1450
f 1478 1449 1477
f 1489 1490 1506
f 1490 1505 1506
f 1506 1514 1515
f 1505 1514 1506
f 1515 1504 1503
f 1514 1504 1515
f 1503 1487 1488
f 1504 1487 1503
f 1488 1469 1470
f 1487 1469 1488
f 1470 1446 1445
f 1469 1446 1470
f 1217 1218 1230
f 1218 1229 1230
f 1230 1233 1234
f 1229 1233 1230
f 1234 1228 1227
f 1233 1228 1234
f 1227 1215 1216
f 1228 1215 1227
f 1216 1176 1177
f 1215 1176 1216
f 1177 1148 1147
f 1176 1148 1177
f 912 911 926
f 911 925 926
f 926 933 934
f 925 933 926
f 934 924 923
f 933 924 934
f 923 910 909
f 924 910 923
f 909 881 882
f 910 881 909
f 882 867 868
f 881 867 882
f 1304 1303 1191
f 1192 1304 1191
f 1061 1191 1062
f 1061 1192 1191
f 984 1062 983
f 984 983 935
f 984 1061 1062
f 936 984 935
f 978 935 977
f 978 936 935
f 1058 977 1057
f 1058 978 977
f 1355 1356 1201
f 1202 1201 1011
f 1202 1355 1201
f 1012 1011 824
f 1012 1202 1011
f 825 1012 824
f 774 824 773
f 774 825 824
f 820 773 821
f 820 821 1005
f 820 774 773
f 1006 820 1005
f 1210 1496 1211
f 1210 1211 878
f 1210 1495 1496
f 877 878 640
f 877 1210 878
f 641 877 640
f 570 640 571
f 570 641 640
f 634 571 635
f 634 635 866
f 634 570 571
f 865 634 866
f 1277 1333 1278
f 1278 1333 1334
f 1334 1351 1352
f 1352 1351 1330
f 1333 1351 1334
f 1351 1329 1330
f 1330 1275 1276
f 1329 1275 1330
f 1276 1183 1184
f 1184 1183 1086
f 1275 1183 1276
f 1183 1085 1086
f 519 513 520
f 520 513 514
f 514 507 508
f 513 507 514
f 508 501 502
f 507 501 508
f 502 469 470
f 501 469 502
f 464 453 463
f 463 453 454
f 479 471 480
f 480 471 472
f 590 603 591
f 590 602 603
f 1917 1918 1906
f 1905 1917 1906
f 1727 1726 1678
f 1752 1726 1753
f 1753 1726 1727
f 1678 1677 1654
f 1726 1677 1678
f 1654 1653 1628
f 1677 1653 1654
f 1653 1627 1628
f 1628 1619 1620
f 1627 1619 1628
f 1620 1637 1638
f 1619 1637 1620
f 1545 1544 1541
f 1541 1540 1500
f 1544 1540 1541
f 1540 1499 1500
f 1500 1457 1458
f 1499 1457 1500
f 1458 1421 1422
f 1457 1421 1458
f 1422 1397 1398
f 1398 1397 1400
f 1421 1397 1422
f 1397 1399 1400
f 1287 1288 1258
f 1258 1257 1244
f 1288 1257 1258
f 1244 1243 1214
f 1257 1243 1244
f 1243 1213 1214
f 1214 1185 1186
f 1213 1185 1214
f 1059 1039 1060
f 1040 1039 1022
f 1060 1039 1040
f 1022 1021 998
f 1039 1021 1022
f 1021 997 998
f 998 959 960
f 997 959 998
f 622 610 623
f 623 610 611
f 601 600 589
f 611 600 601
f 610 600 611
f 600 588 589
f 589 558 559
f 588 558 589
f 815 814 801
f 801 800 780
f 814 800 801
f 800 779 780
f 780 755 756
f 779 755 780
f 756 725 726
f 755 725 756
f 1562 1571 1563
f 1562 1572 1571
f 1553 1563 1552
f 1553 1562 1563
f 1534 1552 1535
f 1534 1553 1552
f 999 1169 1000
f 1000 1169 1170
f 1170 1357 1358
f 1169 1357 1170
f 1358 1556 1557
f 1357 1556 1358
f 1608 1607 1559
f 1557 1607 1608
f 1556 1607 1557
f 1559 1558 1362
f 1607 1558 1559
f 1558 1361 1362
f 1208 1475 1209
f 1208 1476 1475
f 895 1209 896
f 895 1208 1209
f 685 896 686
f 685 895 896
f 599 686 598
f 599 598 674
f 599 685 686
f 675 599 674
f 885 674 886
f 885 675 674
f 1164 885 886
f 1164 886 1165
f 1465 1165 1466
f 1465 1164 1165
f 1675 1466 1676
f 1675 1676 1765
f 1675 1465 1466
f 1764 1765 1689
f 1764 1675 1765
f 1688 1764 1689
f 1476 1689 1475
f 1476 1688 1689
f 1361 1203 1362
f 1362 1203 1204
f 1003 1004 809
f 1204 1004 1003
f 1203 1004 1204
f 1004 808 809
f 809 758 757
f 808 758 809
f 807 806 1000
f 757 806 807
f 758 806 757
f 806 999 1000
f 595 606 594
f 595 605 606
f 580 594 581
f 580 595 594
f 568 581 569
f 568 580 581
f 527 523 528
f 527 524 523
f 536 528 535
f 536 527 528
f 544 535 545
f 544 536 535
f 812 794 813
f 812 793 794
f 838 813 839
f 838 812 813
f 875 839 876
f 875 838 839
f 1319 1294 1320
f 1319 1293 1294
f 1337 1320 1338
f 1337 1319 1320
f 1365 1338 1366
f 1365 1337 1338
f 1768 1760 1769
f 1768 1759 1760
f 1784 1769 1785
f 1784 1768 1769
f 1800 1785 1801
f 1800 1784 1785
f 1845 1852 1846
f 1845 1851 1852
f 1837 1846 1838
f 1837 1845 1846
f 1830 1838 1831
f 1830 1837 1838
f 1524 1534 1535
f 1524 1535 1525
f 1501 1525 1502
f 1501 1524 1525
f 1485 1502 1486
f 1485 1501 1502
f 1306 1300 1328
f 1541 1500 1567
f 1140 1244 1214
f 1300 1319 1328
f 1328 1319 1354
f 1319 1337 1354
f 1337 1365 1354
f 1354 1365 1398
f 1398 1365 1422
f 1300 1293 1319
f 1287 1293 1292
f 1292 1293 1300
f 1287 1282 1293
f 1258 1282 1287
f 1365 1391 1422
f 1422 1391 1458
f 1095 1079 1116
f 1244 1263 1258
f 1258 1263 1282
f 1391 1407 1458
f 1079 1070 1116
f 1598 1628 1620
f 1244 1259 1263
f 1458 1404 1500
f 1407 1404 1458
f 1678 1755 1727
f 998 947 1022
f 1367 1387 1376
f 843 901 856
f 856 901 894
f 1767 1744 1789
f 1259 1221 1255
f 1253 1221 1246
f 1255 1221 1253
f 1244 1221 1259
f 1404 1410 1500
f 1387 1410 1376
f 1376 1410 1404
f 901 929 894
f 947 929 1022
f 894 929 947
f 1755 1716 1767
f 1767 1716 1744
f 1678 1716 1755
f 843 875 901
f 829 875 843
f 1789 1759 1783
f 1744 1759 1789
f 929 948 1022
f 1022 948 1040
f 1654 1690 1678
f 1678 1690 1716
f 1244 1123 1221
f 1140 1123 1244
f 1060 1123 1070
f 1116 1123 1140
f 1070 1123 1116
f 1410 1481 1500
f 1598 1481 1628
f 1500 1481 1567
f 1567 1481 1598
f 829 838 875
f 815 838 829
f 1783 1768 1791
f 1759 1768 1783
f 1040 1083 1060
f 1060 1083 1123
f 1628 1536 1654
f 1481 1536 1628
f 801 812 815
f 815 812 838
f 1791 1784 1817
f 1768 1784 1791
f 948 971 1040
f 1654 1659 1690
f 971 1037 1040
f 1040 1037 1083
f 1536 1577 1654
f 1654 1577 1659
f 1001 1023 971
f 971 1023 1037
f 1577 1599 1659
f 1659 1599 1621
f 780 793 801
f 801 793 812
f 1817 1800 1844
f 1784 1800 1817
f 1844 1802 1858
f 1800 1802 1844
f 780 783 793
f 730 783 756
f 756 783 780
f 1858 1796 1866
f 1802 1796 1858
f 730 778 783
f 694 778 730
f 1740 1736 1742
f 778 669 785
f 671 669 694
f 694 669 778
f 1736 1735 1742
f 1778 1862 1786
f 1777 1862 1778
f 1774 1862 1777
f 1786 1862 1796
f 1866 1862 1876
f 1796 1862 1866
f 1735 1710 1742
f 785 649 810
f 669 649 785
f 1742 1860 1774
f 1774 1860 1862
f 1710 1700 1742
f 649 804 810
f 818 804 817
f 810 804 818
f 1742 1702 1860
f 1700 1702 1742
f 1874 1894 1892
f 589 573 601
f 601 573 611
f 623 769 649
f 649 769 804
f 1860 1720 1874
f 1702 1720 1860
f 557 741 573
f 611 741 623
f 623 741 769
f 573 741 611
f 1894 1730 1900
f 1720 1730 1874
f 1874 1730 1894
f 1900 1884 1902
f 1730 1884 1900
f 557 547 741
f 541 547 557
f 547 695 741
f 1730 1733 1884
f 547 584 695
f 1733 1822 1884
f 1884 1822 1870
f 547 564 584
f 539 564 547
f 1822 1839 1870
f 584 616 695
f 687 616 647
f 695 616 687
f 1733 1770 1822
f 1738 1770 1733
f 1757 1770 1738
f 539 550 564
f 1870 1849 1880
f 1839 1849 1870
f 539 520 550
f 520 544 550
f 508 544 514
f 514 544 520
f 1849 1851 1880
f 1880 1851 1890
f 1851 1888 1890
f 502 488 508
f 488 536 508
f 508 536 544
f 1851 1845 1888
f 488 527 536
f 1845 1882 1888
f 1837 1882 1845
f 488 482 527
f 482 524 527
f 1837 1830 1882
f 1830 1868 1882
f 482 478 524
f 1826 1848 1830
f 1820 1848 1826
f 1812 1848 1820
f 1830 1848 1868
f 524 490 525
f 478 490 524
f 1724 1681 1746
f 1704 1681 1724
f 592 624 607
f 1806 1829 1812
f 1792 1829 1806
f 1812 1829 1848
f 490 500 525
f 533 500 548
f 525 500 533
f 1681 1668 1746
f 1673 1668 1681
f 592 626 624
f 548 626 592
f 1668 1663 1746
f 1746 1663 1780
f 1792 1825 1829
f 1780 1825 1792
f 1663 1825 1780
f 500 486 548
f 548 486 626
f 486 628 626
f 1663 1624 1825
f 1825 1815 1835
f 1624 1815 1825
f 486 468 628
f 466 468 486
f 1624 1795 1815
f 468 474 628
f 1795 1751 1773
f 1624 1751 1795
f 1596 1751 1624
f 475 495 474
f 474 495 628
f 628 495 638
f 1596 1715 1751
f 1560 1715 1596
f 495 512 638
f 638 512 654
f 1548 1546 1560
f 512 620 654
f 656 620 642
f 654 620 656
f 1546 1554 1560
f 1560 1554 1715
f 510 587 512
f 512 587 620
f 1554 1581 1715
f 1715 1581 1695
f 510 574 587
f 1581 1587 1695
f 1695 1666 1693
f 1587 1666 1695
f 494 504 510
f 510 504 574
f 1587 1636 1666
f 1583 1636 1587
f 504 516 574
f 574 516 566
f 1339 1323 1359
f 745 709 765
f 713 709 745
f 765 709 790
f 709 707 790
f 707 699 790
f 1323 1389 1359
f 1583 1609 1636
f 1572 1609 1583
f 516 530 566
f 566 530 568
f 1572 1574 1609
f 1553 1574 1562
f 1562 1574 1572
f 530 555 568
f 568 555 580
f 1553 1551 1574
f 1524 1551 1534
f 1534 1551 1553
f 555 577 580
f 580 577 595
f 1485 1523 1501
f 1501 1523 1524
f 1524 1523 1551
f 577 583 595
f 595 583 605
f 1141 1127 1151
f 1127 1121 1151
f 951 993 973
f 1460 1508 1485
f 1485 1508 1523
f 605 578 618
f 583 578 605
f 1121 1113 1151
f 1119 1113 1121
f 1460 1468 1508
f 1431 1468 1460
f 578 597 618
f 618 597 636
f 951 985 993
f 1113 1109 1151
f 1431 1415 1468
f 597 613 636
f 1412 1336 1431
f 1431 1336 1415
f 613 684 636
f 636 684 658
f 666 684 672
f 664 684 666
f 658 684 664
f 1336 1364 1415
f 613 633 684
f 1280 1314 1323
f 1412 1314 1336
f 1389 1314 1412
f 1323 1314 1389
f 790 706 827
f 684 706 672
f 699 706 790
f 672 706 699
f 951 957 985
f 1109 1107 1151
f 1247 1290 1280
f 1280 1290 1314
f 827 738 879
f 706 738 827
f 1290 1252 1270
f 1247 1252 1290
f 744 768 738
f 738 768 879
f 1101 1112 1105
f 1093 1112 1101
f 954 904 969
f 957 904 954
f 1105 1130 1107
f 1151 1130 1247
f 1107 1130 1151
f 1112 1130 1105
f 879 862 951
f 951 862 957
f 957 862 904
f 1130 1232 1247
f 1247 1232 1252
f 768 799 879
f 879 799 862
f 1077 1082 1093
f 1072 1082 1077
f 1067 1082 1072
f 1093 1082 1112
f 969 940 995
f 904 940 969
f 1130 1160 1232
f 799 823 862
f 1067 1056 1082
f 940 964 995
f 1043 1034 1067
f 1067 1034 1056
f 1043 1008 1034
f 995 1008 1025
f 1025 1008 1043
f 964 1008 995
f 443 441 442
f 443 442 444
f 445 444 446
f 445 443 444
f 447 446 448
f 447 445 446
f 437 439 440
f 437 440 438
f 435 438 436
f 435 437 438
f 433 436 434
f 433 435 436
f 455 459 460
f 455 460 456
f 451 456 452
f 451 455 456
f 449 452 450
f 449 451 452
f 552 562 563
f 552 563 553
f 542 553 543
f 542 552 553
f 531 543 532
f 531 542 543
f 747 759 760
f 747 760 748
f 719 748 720
f 719 747 748
f 697 720 698
f 697 719 720
f 1013 1029 1030
f 1013 1030 1014
f 991 1014 992
f 991 1013 1014
f 955 992 956
f 955 991 992
f 1250 1261 1262
f 1250 1262 1249
f 1241 1249 1242
f 1241 1250 1249
f 1219 1242 1220
f 1219 1241 1242
f 1497 1532 1533
f 1497 1533 1498
f 1473 1498 1474
f 1473 1497 1498
f 1443 1474 1444
f 1443 1473 1474
f 1728 1748 1749
f 1728 1749 1729
f 1708 1729 1709
f 1708 1728 1729
f 1679 1709 1680
f 1679 1708 1709
f 1877 1885 1886
f 1877 1886 1878
f 1863 1878 1864
f 1863 1877 1878
f 1855 1864 1856
f 1855 1863 1864
f 1923 1925 1926
f 1923 1926 1924
f 1921 1924 1922
f 1921 1923 1924
f 1919 1922 1920
f 1919 1921 1922
f 1929 1927 1928
f 1929 1928 1930
f 1931 1930 1932
f 1931 1929 1930
f 1933 1932 1934
f 1933 1931 1932
f 1911 1907 1908
f 1911 1908 1912
f 1915 1912 1916
f 1915 1911 1912
f 1917 1916 1918
f 1917 1915 1916
f 1818 1804 1805
f 1818 1805 1819
f 1832 1819 1833
f 1832 1818 1819
f 1842 1833 1841
f 1842 1832 1833
f 1617 1605 1606
f 1617 1606 1618
f 1645 1618 1646
f 1645 1617 1618
f 1661 1646 1662
f 1661 1645 1646
f 1347 1331 1332
f 1347 1332 1348
f 1369 1348 1370
f 1369 1347 1348
f 1405 1370 1406
f 1405 1369 1370
f 1117 1103 1104
f 1117 1104 1118
f 1125 1118 1126
f 1125 1117 1118
f 1153 1126 1154
f 1153 1125 1126
f 863 830 831
f 863 831 864
f 887 864 888
f 887 863 864
f 917 888 918
f 917 887 888
f 491 483 484
f 491 484 492
f 506 492 505
f 506 491 492
f 517 505 518
f 517 506 505
f 1867 1847 1881
f 1847 1879 1881
f 1887 1879 1889
f 1881 1879 1887
f 1772 1750 1794
f 1893 1873 1891
f 1893 1836 1873
f 1847 1836 1879
f 1879 1836 1869
f 1869 1836 1883
f 1883 1836 1901
f 1899 1836 1893
f 1901 1836 1899
f 1847 1761 1836
f 1750 1761 1794
f 1814 1761 1834
f 1794 1761 1814
f 1834 1761 1824
f 1824 1761 1828
f 1828 1761 1847
f 1750 1714 1761
f 1836 1859 1873
f 1692 1665 1694
f 1861 1865 1875
f 1610 1573 1635
f 1857 1816 1843
f 1865 1756 1857
f 1816 1756 1790
f 1790 1756 1782
f 1861 1756 1865
f 1857 1756 1816
f 1859 1756 1861
f 1836 1756 1859
f 1714 1521 1761
f 1573 1521 1635
f 1665 1521 1694
f 1522 1521 1550
f 1550 1521 1573
f 1635 1521 1665
f 1694 1521 1714
f 1522 1467 1521
f 1507 1467 1522
f 1782 1766 1788
f 1756 1766 1782
f 1467 1414 1521
f 1756 1754 1766
f 1414 1335 1521
f 1363 1335 1414
f 1754 1677 1726
f 1756 1677 1754
f 1335 1313 1521
f 1756 1653 1677
f 1269 1251 1289
f 1627 1597 1619
f 1653 1513 1627
f 1566 1513 1540
f 1597 1513 1566
f 1756 1513 1653
f 1627 1513 1597
f 1231 1212 1251
f 1159 1212 1231
f 1289 1212 1313
f 1313 1212 1521
f 1251 1212 1289
f 1159 1129 1212
f 1513 1499 1540
f 1129 1111 1212
f 1513 1457 1499
f 1111 1081 1212
f 1513 1421 1457
f 1055 1033 1081
f 1421 1353 1397
f 1033 1007 1081
f 1421 1327 1353
f 1327 1299 1305
f 1327 1291 1299
f 1421 1288 1327
f 1327 1288 1291
f 1081 939 1212
f 963 939 1007
f 1007 939 1081
f 1421 1257 1288
f 939 850 1212
f 861 850 903
f 903 850 939
f 1513 1161 1421
f 1257 1161 1243
f 1421 1161 1257
f 861 822 850
f 1161 1213 1243
f 822 798 850
f 1161 1139 1213
f 798 767 850
f 1161 1115 1139
f 1115 1080 1096
f 1161 1080 1115
f 1161 1069 1080
f 743 737 767
f 767 737 850
f 1161 1059 1069
f 737 705 850
f 1161 1039 1059
f 632 612 683
f 1021 946 997
f 1039 840 1021
f 946 840 893
f 1161 840 1039
f 1021 840 946
f 596 609 612
f 683 609 705
f 705 609 850
f 612 609 683
f 893 842 855
f 840 842 893
f 579 582 596
f 596 582 609
f 840 828 842
f 582 576 609
f 840 814 828
f 840 800 814
f 576 554 609
f 840 779 800
f 554 515 609
f 529 515 554
f 840 729 779
f 779 729 755
f 515 503 609
f 840 693 729
f 503 509 609
f 840 668 693
f 840 648 668
f 503 493 509
f 668 670 693
f 509 511 609
f 511 537 609
f 840 604 648
f 604 622 648
f 511 496 537
f 604 610 622
f 604 600 610
f 476 473 496
f 496 473 537
f 600 572 588
f 604 572 600
f 604 538 546
f 537 485 499
f 473 467 537
f 604 556 572
f 537 489 604
f 499 489 537
f 604 489 538
f 537 465 485
f 467 465 537
f 604 540 556
f 546 540 604
f 489 519 538
f 519 487 513
f 513 487 507
f 507 487 501
f 489 487 519
f 477 481 489
f 489 481 487
f 630 614 615
f 630 615 631
f 650 631 651
f 650 630 631
f 681 651 682
f 681 650 651
f 846 847 831
f 830 846 831
f 725 681 682
f 725 682 726
f 847 846 856
f 846 855 856
f 843 842 829
f 856 842 843
f 855 842 856
f 842 828 829
f 829 814 815
f 828 814 829
f 614 644 645
f 614 645 615
f 558 517 518
f 558 518 559
f 645 644 671
f 644 670 671
f 671 668 669
f 670 668 671
f 669 648 649
f 668 648 669
f 649 622 623
f 648 622 649
f 1099 1096 1100
f 1100 1096 1095
f 1095 1080 1079
f 1096 1080 1095
f 1079 1069 1070
f 1080 1069 1079
f 1070 1059 1060
f 1069 1059 1070
f 959 917 918
f 959 918 960
f 1103 1099 1100
f 1103 1100 1104
f 1312 1311 1306
f 1311 1305 1306
f 1306 1299 1300
f 1305 1299 1306
f 1300 1291 1292
f 1299 1291 1300
f 1292 1288 1287
f 1291 1288 1292
f 1185 1153 1154
f 1185 1154 1186
f 1311 1312 1332
f 1331 1311 1332
f 1564 1544 1565
f 1565 1544 1545
f 1399 1405 1406
f 1399 1406 1400
f 1605 1564 1565
f 1605 1565 1606
f 1763 1762 1753
f 1762 1752 1753
f 1637 1661 1662
f 1637 1662 1638
f 1804 1762 1763
f 1804 1763 1805
f 1872 1871 1844
f 1871 1843 1844
f 1844 1816 1817
f 1843 1816 1844
f 1817 1790 1791
f 1816 1790 1817
f 1791 1782 1783
f 1790 1782 1791
f 1783 1788 1789
f 1782 1788 1783
f 1789 1808 1809
f 1788 1808 1789
f 1808 1842 1841
f 1808 1841 1809
f 1871 1872 1908
f 1907 1871 1908
f 1909 1891 1910
f 1910 1891 1892
f 1892 1873 1874
f 1891 1873 1892
f 1874 1859 1860
f 1873 1859 1874
f 1860 1861 1862
f 1859 1861 1860
f 1862 1875 1876
f 1876 1875 1896
f 1861 1875 1862
f 1875 1895 1896
f 1895 1905 1906
f 1895 1906 1896
f 1927 1909 1910
f 1927 1910 1928
f 1903 1904 1890
f 1904 1889 1890
f 1890 1879 1880
f 1889 1879 1890
f 1870 1869 1884
f 1880 1869 1870
f 1879 1869 1880
f 1869 1883 1884
f 1884 1901 1902
f 1883 1901 1884
f 1902 1913 1914
f 1901 1913 1902
f 1913 1933 1934
f 1913 1934 1914
f 1904 1903 1926
f 1925 1904 1926
f 1854 1853 1835
f 1853 1834 1835
f 1825 1824 1829
f 1835 1824 1825
f 1834 1824 1835
f 1829 1828 1848
f 1824 1828 1829
f 1828 1847 1848
f 1848 1867 1868
f 1868 1867 1898
f 1847 1867 1848
f 1867 1897 1898
f 1897 1919 1920
f 1897 1920 1898
f 1885 1853 1854
f 1885 1854 1886
f 1712 1692 1713
f 1713 1692 1693
f 1693 1694 1695
f 1692 1694 1693
f 1715 1714 1751
f 1695 1714 1715
f 1694 1714 1695
f 1714 1750 1751
f 1751 1772 1773
f 1773 1772 1811
f 1750 1772 1751
f 1772 1810 1811
f 1810 1855 1856
f 1810 1856 1811
f 1748 1712 1713
f 1748 1713 1749
f 1517 1516 1508
f 1516 1507 1508
f 1508 1522 1523
f 1507 1522 1508
f 1551 1550 1574
f 1523 1550 1551
f 1522 1550 1523
f 1550 1573 1574
f 1574 1610 1609
f 1573 1610 1574
f 1609 1639 1640
f 1610 1639 1609
f 1639 1679 1680
f 1639 1680 1640
f 1516 1517 1533
f 1532 1516 1533
f 1266 1265 1270
f 1265 1269 1270
f 1270 1289 1290
f 1269 1289 1270
f 1290 1313 1314
f 1289 1313 1290
f 1314 1335 1336
f 1313 1335 1314
f 1336 1363 1364
f 1364 1363 1402
f 1335 1363 1336
f 1363 1401 1402
f 1401 1443 1444
f 1401 1444 1402
f 1261 1265 1266
f 1261 1266 1262
f 1050 1049 1056
f 1049 1055 1056
f 1056 1081 1082
f 1055 1081 1056
f 1082 1111 1112
f 1081 1111 1082
f 1112 1129 1130
f 1111 1129 1112
f 1130 1159 1160
f 1160 1159 1188
f 1129 1159 1130
f 1159 1187 1188
f 1187 1219 1220
f 1187 1220 1188
f 1049 1050 1030
f 1029 1049 1030
f 803 802 823
f 802 822 823
f 862 861 904
f 823 861 862
f 822 861 823
f 904 903 940
f 861 903 904
f 903 939 940
f 940 963 964
f 964 963 962
f 939 963 940
f 963 961 962
f 961 955 956
f 961 956 962
f 802 803 760
f 759 802 760
f 603 602 633
f 602 632 633
f 633 683 684
f 632 683 633
f 684 705 706
f 683 705 684
f 706 737 738
f 705 737 706
f 738 743 744
f 737 743 738
f 744 727 728
f 743 727 744
f 727 697 698
f 727 698 728
f 590 591 563
f 590 563 562
f 498 497 530
f 497 529 530
f 530 554 555
f 529 554 530
f 577 576 583
f 555 576 577
f 554 576 555
f 576 582 583
f 583 579 578
f 582 579 583
f 578 560 561
f 579 560 578
f 560 531 532
f 560 532 561
f 497 498 460
f 459 497 460
f 458 457 475
f 457 476 475
f 495 496 512
f 475 496 495
f 476 496 475
f 512 511 510
f 496 511 512
f 511 509 510
f 510 493 494
f 494 493 480
f 509 493 510
f 493 479 480
f 471 449 450
f 471 450 472
f 439 457 458
f 439 458 440
f 462 461 478
f 461 477 478
f 478 489 490
f 477 489 478
f 490 499 500
f 489 499 490
f 500 485 486
f 499 485 500
f 486 465 466
f 485 465 486
f 466 464 463
f 465 464 466
f 453 433 434
f 453 434 454
f 441 461 462
f 441 462 442
f 521 522 484
f 483 521 484
f 469 447 448
f 469 448 470
f 522 521 541
f 521 540 541
f 541 546 547
f 540 546 541
f 547 538 539
f 546 538 547
f 539 519 520
f 538 519 539
f 1086 1085 1028
f 1028 1027 1010
f 1085 1027 1028
f 1010 1009 1032
f 1027 1009 1010
f 1009 1031 1032
f 1032 1087 1088
f 1031 1087 1032
f 1088 1189 1190
f 1087 1189 1088
f 1190 1277 1278
f 1189 1277 1190
f 1722 1689 1798
f 1798 1689 1765
f 1495 1475 1722
f 1722 1475 1689
f 1798 1676 1719
f 1765 1676 1798
f 1210 1209 1495
f 1495 1209 1475
f 1719 1466 1483
f 1676 1466 1719
f 1210 896 1209
f 1210 877 896
f 1165 1162 1466
f 1466 1162 1483
f 896 641 686
f 877 641 896
f 886 865 1165
f 1165 865 1162
f 686 570 598
f 641 570 686
f 598 634 674
f 674 634 886
f 886 634 865
f 570 634 598
f 1162 865 866
f 1162 866 1163
f 1162 1163 1484
f 1483 1484 1718
f 1483 1162 1484
f 1719 1483 1718
f 1798 1718 1799
f 1798 1719 1718
f 1722 1799 1723
f 1722 1723 1496
f 1722 1798 1799
f 1495 1722 1496
f 1172 1006 1005
f 1172 1005 1171
f 1350 1171 1349
f 1350 1172 1171
f 1539 1349 1538
f 1539 1350 1349
f 1592 1538 1591
f 1592 1539 1538
f 1542 1591 1543
f 1542 1543 1356
f 1542 1592 1591
f 1355 1542 1356
f 1176 1215 1173
f 1173 1215 1341
f 1215 1228 1341
f 1173 1148 1176
f 1228 1233 1341
f 1173 1015 1148
f 1148 1015 1133
f 1133 1015 1131
f 1341 1487 1526
f 1469 1487 1341
f 1341 1446 1469
f 1487 1504 1526
f 1233 1302 1341
f 1341 1302 1446
f 1218 1302 1229
f 1229 1302 1233
f 1218 1182 1302
f 1149 1182 1179
f 1179 1182 1218
f 1504 1514 1526
f 1302 1429 1446
f 1302 1423 1429
f 1015 1058 1131
f 1149 1058 1182
f 1131 1058 1135
f 1135 1058 1149
f 1302 1378 1423
f 1423 1378 1434
f 1434 1378 1447
f 1015 910 1058
f 881 910 1015
f 1015 867 881
f 910 924 1058
f 1015 832 867
f 1514 1568 1526
f 1490 1568 1505
f 1505 1568 1514
f 832 851 867
f 924 933 1058
f 832 844 851
f 925 978 933
f 933 978 1058
f 1490 1426 1568
f 1447 1426 1471
f 1471 1426 1490
f 1378 1426 1447
f 925 911 978
f 1426 1492 1568
f 1478 1492 1426
f 1426 1449 1478
f 1492 1509 1568
f 870 936 883
f 883 936 911
f 911 936 978
f 1426 1384 1449
f 1509 1519 1568
f 1384 1436 1449
f 1384 1428 1436
f 844 795 854
f 854 795 870
f 832 795 844
f 870 795 936
f 1519 1529 1568
f 1511 1529 1519
f 1511 1493 1529
f 1384 1304 1428
f 1428 1304 1437
f 1437 1304 1452
f 890 913 936
f 936 913 984
f 795 872 936
f 936 872 890
f 913 927 984
f 927 938 984
f 795 858 872
f 795 849 858
f 931 1061 938
f 938 1061 984
f 931 915 1061
f 849 835 859
f 859 835 874
f 795 835 849
f 1304 1344 1452
f 1493 1344 1529
f 1452 1344 1480
f 1480 1344 1493
f 1192 1223 1304
f 1192 1193 1223
f 1223 1236 1304
f 1192 1156 1193
f 1061 1156 1192
f 1304 1239 1344
f 1236 1239 1304
f 1061 1143 1156
f 1239 1237 1344
f 1061 1137 1143
f 1237 1226 1344
f 1157 1198 1196
f 1196 1198 1226
f 1226 1198 1344
f 874 1018 891
f 891 1018 915
f 1137 1018 1146
f 1146 1018 1157
f 835 1018 874
f 1061 1018 1137
f 1157 1018 1198
f 915 1018 1061
f 1182 1058 1057
f 1182 1057 1181
f 1182 1181 1301
f 1302 1182 1301
f 1378 1301 1377
f 1378 1302 1301
f 1426 1377 1425
f 1426 1378 1377
f 1384 1425 1383
f 1384 1426 1425
f 1304 1383 1303
f 1304 1384 1383
f 1181 1275 1301
f 1181 1183 1275
f 1275 1377 1301
f 1181 1057 1183
f 1275 1329 1377
f 1057 1085 1183
f 1329 1425 1377
f 1329 1351 1425
f 977 1027 1057
f 1057 1027 1085
f 1333 1383 1351
f 1351 1383 1425
f 1027 935 1009
f 977 935 1027
f 1277 1303 1333
f 1333 1303 1383
f 1009 983 1031
f 935 983 1009
f 1189 1191 1277
f 1277 1191 1303
f 1031 1062 1087
f 1087 1062 1189
f 983 1062 1031
f 1189 1062 1191
f 868 867 852
f 867 851 852
f 852 844 845
f 851 844 852
f 845 854 853
f 844 854 845
f 853 870 869
f 854 870 853
f 869 883 884
f 870 883 869
f 884 911 912
f 883 911 884
f 923 926 934
f 882 923 909
f 882 926 923
f 868 912 926
f 868 926 882
f 852 912 868
f 845 853 869
f 845 869 884
f 845 884 912
f 845 912 852
f 1147 1148 1134
f 1148 1133 1134
f 1134 1131 1132
f 1133 1131 1134
f 1132 1135 1136
f 1131 1135 1132
f 1136 1149 1150
f 1135 1149 1136
f 1150 1179 1180
f 1149 1179 1150
f 1180 1218 1217
f 1179 1218 1180
f 1136 1150 1180
f 1136 1180 1217
f 1136 1217 1230
f 1136 1230 1234
f 1136 1234 1227
f 1134 1132 1136
f 1134 1227 1216
f 1134 1216 1177
f 1134 1177 1147
f 1134 1136 1227
f 1445 1446 1430
f 1446 1429 1430
f 1430 1423 1424
f 1429 1423 1430
f 1424 1434 1433
f 1423 1434 1424
f 1433 1447 1448
f 1434 1447 1433
f 1448 1471 1472
f 1447 1471 1448
f 1472 1490 1489
f 1471 1490 1472
f 1488 1515 1503
f 1470 1506 1515
f 1470 1515 1488
f 1445 1472 1489
f 1445 1489 1506
f 1445 1506 1470
f 1433 1448 1472
f 1424 1445 1430
f 1424 1433 1472
f 1424 1472 1445
f 1450 1449 1435
f 1449 1436 1435
f 1435 1428 1427
f 1436 1428 1435
f 1427 1437 1438
f 1428 1437 1427
f 1438 1452 1451
f 1437 1452 1438
f 1451 1480 1479
f 1452 1480 1451
f 1479 1493 1494
f 1480 1493 1479
f 1479 1494 1512
f 1451 1512 1518
f 1451 1479 1512
f 1438 1518 1510
f 1438 1451 1518
f 1427 1438 1510
f 1435 1510 1491
f 1435 1491 1477
f 1435 1477 1450
f 1435 1427 1510
f 1155 1156 1144
f 1156 1143 1144
f 1144 1137 1138
f 1143 1137 1144
f 1138 1146 1145
f 1137 1146 1138
f 1145 1157 1158
f 1146 1157 1145
f 1158 1196 1197
f 1157 1196 1158
f 1197 1226 1225
f 1196 1226 1197
f 1194 1238 1240
f 1194 1240 1235
f 1194 1235 1224
f 1155 1225 1238
f 1155 1238 1194
f 1145 1158 1197
f 1144 1197 1225
f 1144 1225 1155
f 1138 1145 1197
f 1138 1197 1144
f 871 872 857
f 872 858 857
f 857 849 848
f 858 849 857
f 848 859 860
f 849 859 848
f 860 874 873
f 859 874 860
f 873 891 892
f 874 891 873
f 892 915 916
f 891 915 892
f 873 892 916
f 873 916 932
f 860 932 937
f 860 873 932
f 871 914 889
f 857 848 860
f 857 937 928
f 857 928 914
f 857 860 937
f 857 914 871
f 1171 1005 1015
f 1171 1015 1173
f 1349 1173 1341
f 1349 1171 1173
f 1538 1341 1526
f 1538 1349 1341
f 1591 1526 1568
f 1591 1538 1526
f 1529 1591 1568
f 1543 1591 1529
f 1356 1529 1344
f 1356 1543 1529
f 1184 1178 1325
f 1276 1325 1459
f 1276 1184 1325
f 1086 1035 1178
f 1086 1178 1184
f 1330 1276 1459
f 1028 899 1035
f 1028 1035 1086
f 1352 1459 1520
f 1352 1330 1459
f 1010 899 1028
f 1334 1352 1520
f 1462 1334 1520
f 841 899 1010
f 1032 841 1010
f 1326 1278 1334
f 1326 1334 1462
f 902 841 1032
f 1036 1032 1088
f 1036 1088 1190
f 1036 902 1032
f 1195 1190 1278
f 1195 1036 1190
f 1195 1278 1326
f 1345 1199 1346
f 1346 1199 1200
f 1020 1019 837
f 1200 1019 1020
f 1199 1019 1200
f 1019 836 837
f 837 797 796
f 836 797 837
f 796 834 833
f 797 834 796
f 833 1016 1017
f 834 1016 833
f 522 541 557
f 573 522 557
f 492 484 522
f 559 573 589
f 559 522 573
f 505 492 522
f 505 522 559
f 518 505 559
f 462 478 482
f 488 462 482
f 444 442 462
f 470 488 502
f 470 444 462
f 470 462 488
f 446 444 470
f 448 446 470
f 558 588 572
f 506 517 558
f 521 556 540
f 521 572 556
f 521 558 572
f 521 506 558
f 491 506 521
f 483 491 521
f 469 501 487
f 481 469 487
f 445 447 469
f 461 481 477
f 461 445 469
f 461 469 481
f 443 445 461
f 441 443 461
f 458 475 474
f 468 458 474
f 463 468 466
f 438 440 458
f 454 458 468
f 454 468 463
f 454 438 458
f 436 438 454
f 434 436 454
f 467 464 465
f 453 464 467
f 473 453 467
f 435 433 453
f 457 473 476
f 457 453 473
f 437 435 453
f 437 453 457
f 439 437 457
f 498 530 516
f 480 504 494
f 456 460 498
f 472 516 504
f 472 498 516
f 472 456 498
f 472 504 480
f 452 456 472
f 450 452 472
f 503 479 493
f 471 479 503
f 451 449 471
f 497 515 529
f 497 503 515
f 497 471 503
f 455 451 471
f 455 471 497
f 459 455 497
f 603 633 613
f 553 563 591
f 561 613 597
f 561 597 578
f 561 591 603
f 561 603 613
f 543 591 561
f 543 553 591
f 532 543 561
f 560 579 596
f 612 560 596
f 542 531 560
f 602 612 632
f 602 560 612
f 590 552 542
f 590 542 560
f 590 560 602
f 562 552 590
f 803 823 799
f 748 760 803
f 728 799 768
f 728 768 744
f 728 803 799
f 720 748 803
f 720 803 728
f 698 720 728
f 727 743 767
f 719 697 727
f 802 798 822
f 802 767 798
f 802 727 767
f 747 719 727
f 747 727 802
f 759 747 802
f 1050 1056 1034
f 1014 1030 1050
f 962 1034 1008
f 962 1008 964
f 962 1050 1034
f 962 1014 1050
f 992 1014 962
f 956 992 962
f 961 963 1007
f 991 955 961
f 1049 1033 1055
f 1049 1007 1033
f 1049 961 1007
f 1049 991 961
f 1013 991 1049
f 1029 1013 1049
f 1266 1270 1252
f 1249 1262 1266
f 1188 1252 1232
f 1188 1232 1160
f 1188 1266 1252
f 1188 1249 1266
f 1242 1249 1188
f 1220 1242 1188
f 1187 1159 1231
f 1241 1219 1187
f 1265 1251 1269
f 1265 1231 1251
f 1265 1187 1231
f 1265 1241 1187
f 1250 1241 1265
f 1261 1250 1265
f 1517 1508 1468
f 1498 1533 1517
f 1402 1468 1415
f 1402 1415 1364
f 1402 1517 1468
f 1402 1498 1517
f 1474 1498 1402
f 1444 1474 1402
f 1401 1363 1414
f 1473 1443 1401
f 1516 1467 1507
f 1516 1414 1467
f 1516 1401 1414
f 1497 1473 1401
f 1497 1401 1516
f 1532 1497 1516
f 1713 1693 1666
f 1636 1713 1666
f 1729 1749 1713
f 1640 1636 1609
f 1640 1713 1636
f 1640 1729 1713
f 1709 1729 1640
f 1680 1709 1640
f 1639 1610 1635
f 1708 1679 1639
f 1712 1665 1692
f 1712 1635 1665
f 1712 1639 1635
f 1728 1708 1639
f 1728 1639 1712
f 1748 1728 1712
f 1854 1835 1815
f 1878 1886 1854
f 1811 1815 1795
f 1811 1795 1773
f 1811 1854 1815
f 1811 1878 1854
f 1864 1878 1811
f 1856 1864 1811
f 1810 1772 1794
f 1863 1855 1810
f 1853 1814 1834
f 1853 1794 1814
f 1853 1810 1794
f 1853 1863 1810
f 1877 1863 1853
f 1885 1877 1853
f 1903 1890 1888
f 1924 1926 1903
f 1898 1888 1882
f 1898 1882 1868
f 1898 1903 1888
f 1898 1924 1903
f 1922 1924 1898
f 1920 1922 1898
f 1897 1867 1881
f 1921 1919 1897
f 1904 1887 1889
f 1904 1881 1887
f 1904 1897 1881
f 1904 1921 1897
f 1923 1921 1904
f 1925 1923 1904
f 1910 1892 1894
f 1900 1910 1894
f 1930 1928 1910
f 1914 1900 1902
f 1914 1910 1900
f 1914 1930 1910
f 1932 1930 1914
f 1934 1932 1914
f 1913 1901 1899
f 1931 1933 1913
f 1909 1893 1891
f 1909 1899 1893
f 1909 1913 1899
f 1909 1931 1913
f 1929 1931 1909
f 1927 1929 1909
f 1872 1844 1858
f 1912 1908 1872
f 1896 1858 1866
f 1896 1866 1876
f 1896 1872 1858
f 1906 1916 1912
f 1906 1912 1872
f 1906 1872 1896
f 1918 1916 1906
f 1895 1875 1865
f 1915 1917 1905
f 1871 1905 1895
f 1871 1857 1843
f 1871 1865 1857
f 1871 1895 1865
f 1911 1915 1905
f 1911 1905 1871
f 1907 1911 1871
f 1755 1753 1727
f 1763 1753 1755
f 1819 1805 1763
f 1809 1755 1767
f 1809 1767 1789
f 1809 1763 1755
f 1809 1819 1763
f 1833 1819 1809
f 1841 1833 1809
f 1808 1788 1766
f 1752 1754 1726
f 1832 1842 1808
f 1762 1766 1754
f 1762 1808 1766
f 1762 1832 1808
f 1762 1754 1752
f 1818 1832 1762
f 1804 1818 1762
f 1567 1545 1541
f 1565 1545 1567
f 1618 1606 1565
f 1638 1567 1598
f 1638 1598 1620
f 1638 1565 1567
f 1646 1618 1565
f 1646 1565 1638
f 1662 1646 1638
f 1637 1619 1597
f 1544 1566 1540
f 1645 1661 1637
f 1564 1597 1566
f 1564 1637 1597
f 1564 1566 1544
f 1617 1645 1637
f 1617 1637 1564
f 1605 1617 1564
f 1312 1306 1328
f 1348 1332 1312
f 1400 1328 1354
f 1400 1354 1398
f 1400 1312 1328
f 1370 1348 1312
f 1370 1312 1400
f 1406 1370 1400
f 1399 1397 1353
f 1369 1405 1399
f 1311 1327 1305
f 1311 1353 1327
f 1311 1399 1353
f 1311 1369 1399
f 1347 1369 1311
f 1331 1347 1311
f 1100 1095 1116
f 1118 1104 1100
f 1186 1116 1140
f 1186 1140 1214
f 1186 1100 1116
f 1186 1118 1100
f 1126 1118 1186
f 1154 1126 1186
f 1185 1213 1139
f 1125 1153 1185
f 1099 1115 1096
f 1099 1139 1115
f 1099 1185 1139
f 1117 1125 1185
f 1117 1185 1099
f 1103 1117 1099
f 847 856 894
f 864 831 847
f 960 894 947
f 960 947 998
f 960 847 894
f 888 864 847
f 888 847 960
f 918 888 960
f 959 997 946
f 893 959 946
f 887 917 959
f 846 893 855
f 846 959 893
f 863 887 959
f 863 959 846
f 830 863 846
f 645 671 694
f 730 645 694
f 631 615 645
f 726 730 756
f 726 631 645
f 726 645 730
f 651 631 726
f 682 651 726
f 725 755 729
f 650 681 725
f 644 693 670
f 644 729 693
f 644 725 729
f 644 650 725
f 630 650 644
f 614 630 644
f 1807 1813 1821
f 1793 1807 1821
f 1793 1821 1827
f 1793 1827 1831
f 1823 1846 1852
f 1823 1852 1850
f 1823 1850 1840
f 1781 1793 1831
f 1781 1831 1838
f 1771 1846 1823
f 1747 1781 1838
f 1747 1846 1771
f 1747 1838 1846
f 1725 1747 1771
f 1758 1725 1771
f 1705 1725 1758
f 1739 1705 1758
f 1739 1682 1705
f 1801 1797 1803
f 1571 1584 1588
f 1776 1779 1787
f 1775 1797 1801
f 1775 1787 1797
f 1775 1776 1787
f 1582 1571 1588
f 1563 1571 1582
f 1785 1775 1801
f 1616 1595 1623
f 1616 1623 1664
f 1616 1664 1667
f 1616 1667 1674
f 1616 1674 1682
f 1687 1682 1739
f 1687 1616 1682
f 1687 1739 1732
f 1687 1732 1731
f 1687 1731 1721
f 1743 1775 1785
f 1555 1535 1552
f 1555 1552 1563
f 1555 1563 1582
f 1703 1687 1721
f 1561 1595 1616
f 1691 1769 1760
f 1691 1760 1745
f 1691 1745 1717
f 1413 1432 1461
f 1413 1461 1486
f 1413 1486 1502
f 1660 1734 1737
f 1660 1737 1741
f 1660 1741 1743
f 1660 1785 1769
f 1660 1743 1785
f 1660 1769 1691
f 1390 1502 1525
f 1390 1525 1535
f 1390 1413 1502
f 1390 1535 1555
f 1418 1390 1555
f 1418 1555 1547
f 1418 1547 1549
f 1418 1549 1561
f 1418 1561 1616
f 1613 1734 1660
f 1613 1687 1703
f 1613 1703 1701
f 1613 1701 1711
f 1613 1711 1734
f 1622 1613 1660
f 1360 1390 1418
f 1600 1613 1622
f 1340 1360 1418
f 1578 1613 1600
f 1324 1340 1418
f 1207 1248 1279
f 1207 1279 1324
f 1207 1324 1418
f 1409 1613 1578
f 1409 1578 1537
f 1409 1537 1482
f 1411 1409 1482
f 1152 1248 1207
f 1142 1152 1207
f 1128 1142 1207
f 1388 1409 1411
f 1122 1128 1207
f 1392 1403 1408
f 1078 1094 1102
f 1078 1102 1106
f 1366 1403 1392
f 1068 1071 1078
f 1068 1106 1108
f 1068 1078 1106
f 1338 1375 1403
f 1338 1403 1366
f 1044 1068 1108
f 1044 1108 1110
f 1320 1375 1338
f 1026 1044 1110
f 1256 1375 1320
f 1256 1368 1375
f 986 1026 1110
f 986 1110 1114
f 1254 1368 1256
f 994 986 1114
f 994 1114 1120
f 1260 1256 1320
f 1260 1320 1294
f 1260 1294 1281
f 1260 1281 1264
f 958 1026 986
f 958 953 970
f 958 970 996
f 958 996 1026
f 1245 1409 1388
f 1245 1368 1254
f 1245 1388 1368
f 974 994 1120
f 974 1120 1122
f 952 974 1122
f 952 950 974
f 952 1122 1207
f 1166 1409 1245
f 1166 1245 1222
f 1124 1166 1222
f 880 950 952
f 1084 1166 1124
f 826 880 952
f 1038 1166 1084
f 789 826 952
f 752 789 952
f 752 746 766
f 752 766 789
f 943 1166 1038
f 943 1038 1024
f 943 1024 1002
f 714 746 752
f 972 943 1002
f 659 665 667
f 659 667 673
f 900 949 930
f 619 637 659
f 876 949 900
f 606 659 673
f 606 619 659
f 819 816 943
f 643 752 657
f 805 943 816
f 655 657 752
f 811 819 943
f 811 943 972
f 621 700 708
f 621 708 710
f 621 710 714
f 621 714 752
f 621 752 643
f 839 972 949
f 839 949 876
f 839 811 972
f 594 673 700
f 594 606 673
f 749 943 805
f 676 655 752
f 770 749 805
f 639 655 676
f 813 811 839
f 581 594 700
f 581 700 621
f 742 749 770
f 629 639 676
f 786 811 813
f 586 581 621
f 794 786 813
f 569 581 586
f 696 749 742
f 627 629 676
f 784 777 786
f 784 786 794
f 567 586 575
f 567 569 586
f 688 749 696
f 625 627 676
f 625 749 688
f 625 676 749
f 608 688 646
f 608 625 688
f 593 646 617
f 593 608 646
f 545 585 565
f 545 565 551
f 523 526 534
f 523 534 549
f 535 617 585
f 535 585 545
f 528 549 593
f 528 593 617
f 528 523 549
f 528 617 535
f 1043 1067 1068
f 1043 1068 1044
f 1025 1044 1026
f 1025 1043 1044
f 995 1026 996
f 995 1025 1026
f 1362 1204 1345
f 1345 1204 1199
f 1199 1003 1019
f 1204 1003 1199
f 1019 809 836
f 1003 809 1019
f 809 797 836
f 809 757 797
f 757 834 797
f 757 807 834
f 834 1000 1016
f 807 1000 834
f 1346 1200 1326
f 1326 1200 1195
f 1195 1020 1036
f 1200 1020 1195
f 1036 837 902
f 1020 837 1036
f 837 841 902
f 837 796 841
f 841 833 899
f 796 833 841
f 833 1035 899
f 833 1017 1035
f 700 673 699
f 699 673 672
f 986 985 957
f 958 986 957
f 826 790 827
f 826 789 790
f 880 827 879
f 880 826 827
f 950 879 951
f 950 880 879
f 969 995 996
f 969 996 970
f 954 970 953
f 954 969 970
f 957 953 958
f 957 954 953
f 636 658 659
f 636 659 637
f 618 637 619
f 618 636 637
f 605 619 606
f 605 618 619
f 986 994 985
f 985 994 993
f 993 974 973
f 994 974 993
f 973 950 951
f 974 950 973
f 789 766 790
f 790 766 765
f 765 766 745
f 766 746 745
f 745 714 713
f 746 714 745
f 1110 1108 1109
f 1109 1108 1107
f 1413 1390 1389
f 1413 1389 1412
f 1248 1151 1247
f 1248 1247 1280
f 1248 1152 1151
f 1279 1248 1280
f 1324 1280 1323
f 1324 1279 1280
f 1555 1582 1554
f 1554 1582 1581
f 1781 1747 1746
f 1781 1746 1780
f 1595 1560 1596
f 1595 1596 1624
f 1595 1561 1560
f 1623 1595 1624
f 1664 1624 1663
f 1664 1623 1624
f 1771 1823 1770
f 1770 1823 1822
f 1743 1742 1774
f 1775 1743 1774
f 1731 1733 1730
f 1731 1732 1733
f 1721 1730 1720
f 1721 1731 1730
f 1703 1720 1702
f 1703 1721 1720
f 1660 1691 1659
f 1659 1691 1690
f 1375 1376 1404
f 1403 1375 1404
f 1537 1577 1536
f 1537 1578 1577
f 1482 1536 1481
f 1482 1537 1536
f 1411 1481 1410
f 1411 1482 1481
f 1256 1260 1255
f 1255 1260 1259
f 949 972 971
f 949 971 948
f 1124 1221 1123
f 1124 1123 1083
f 1124 1222 1221
f 1084 1124 1083
f 1038 1083 1037
f 1038 1084 1083
f 811 786 810
f 810 786 785
f 585 617 616
f 585 616 584
f 770 804 769
f 770 805 804
f 742 769 741
f 742 770 769
f 696 741 695
f 696 742 741
f 593 549 592
f 592 549 548
f 586 621 620
f 586 620 587
f 629 626 628
f 629 628 638
f 629 627 626
f 639 629 638
f 655 638 654
f 655 639 638
f 568 569 567
f 566 568 567
f 574 567 575
f 574 566 567
f 587 575 586
f 587 574 575
f 533 548 549
f 533 549 534
f 525 534 526
f 525 533 534
f 524 526 523
f 524 525 526
f 550 544 545
f 550 545 551
f 564 551 565
f 564 550 551
f 584 565 585
f 584 564 565
f 785 786 777
f 778 777 784
f 778 785 777
f 783 778 784
f 793 784 794
f 793 783 784
f 901 875 876
f 901 876 900
f 929 900 930
f 929 901 900
f 948 930 949
f 948 929 930
f 1259 1260 1264
f 1263 1264 1281
f 1263 1259 1264
f 1282 1281 1294
f 1282 1263 1281
f 1293 1282 1294
f 1391 1365 1366
f 1391 1366 1392
f 1407 1392 1408
f 1407 1391 1392
f 1404 1408 1403
f 1404 1407 1408
f 1690 1691 1717
f 1716 1717 1745
f 1716 1690 1717
f 1744 1745 1760
f 1744 1716 1745
f 1759 1744 1760
f 1778 1786 1787
f 1778 1787 1779
f 1777 1779 1776
f 1777 1778 1779
f 1774 1776 1775
f 1774 1777 1776
f 1839 1822 1823
f 1839 1823 1840
f 1849 1850 1852
f 1849 1840 1850
f 1849 1839 1840
f 1851 1849 1852
f 1806 1812 1813
f 1806 1813 1807
f 1792 1807 1793
f 1792 1806 1807
f 1780 1793 1781
f 1780 1792 1793
f 1581 1582 1588
f 1587 1588 1584
f 1587 1581 1588
f 1583 1584 1571
f 1583 1587 1584
f 1572 1583 1571
f 1460 1485 1486
f 1460 1486 1461
f 1431 1461 1432
f 1431 1460 1461
f 1412 1432 1413
f 1412 1431 1432
f 1077 1093 1094
f 1077 1094 1078
f 1072 1078 1071
f 1072 1077 1078
f 1067 1071 1068
f 1067 1072 1071
f 620 621 642
f 621 643 642
f 642 657 656
f 643 657 642
f 656 655 654
f 657 655 656
f 626 627 624
f 624 625 607
f 627 625 624
f 625 608 607
f 607 593 592
f 608 593 607
f 616 617 647
f 647 646 687
f 617 646 647
f 646 688 687
f 687 696 695
f 688 696 687
f 805 816 804
f 804 816 817
f 817 819 818
f 816 819 817
f 818 811 810
f 819 811 818
f 971 972 1001
f 1001 1002 1023
f 972 1002 1001
f 1023 1024 1037
f 1002 1024 1023
f 1024 1038 1037
f 1222 1245 1221
f 1221 1245 1246
f 1246 1254 1253
f 1245 1254 1246
f 1253 1256 1255
f 1254 1256 1253
f 1375 1368 1376
f 1376 1368 1367
f 1367 1388 1387
f 1368 1388 1367
f 1387 1411 1410
f 1388 1411 1387
f 1578 1600 1577
f 1577 1600 1599
f 1599 1622 1621
f 1600 1622 1599
f 1621 1660 1659
f 1622 1660 1621
f 1743 1741 1742
f 1742 1741 1740
f 1740 1737 1736
f 1741 1737 1740
f 1736 1734 1735
f 1737 1734 1736
f 1733 1732 1738
f 1738 1739 1757
f 1732 1739 1738
f 1757 1758 1770
f 1739 1758 1757
f 1758 1771 1770
f 1746 1747 1724
f 1724 1725 1704
f 1747 1725 1724
f 1704 1705 1681
f 1725 1705 1704
f 1705 1682 1681
f 1561 1549 1560
f 1560 1549 1548
f 1548 1547 1546
f 1549 1547 1548
f 1546 1555 1554
f 1547 1555 1546
f 1389 1390 1359
f 1359 1360 1339
f 1390 1360 1359
f 1360 1340 1339
f 1339 1324 1323
f 1340 1324 1339
f 1152 1142 1151
f 1151 1142 1141
f 1141 1128 1127
f 1142 1128 1141
f 1127 1122 1121
f 1128 1122 1127
f 1761 1521 1496
f 1761 1496 1723
f 1836 1723 1799
f 1836 1761 1723
f 1756 1799 1718
f 1756 1836 1799
f 1513 1718 1484
f 1513 1756 1718
f 1161 1484 1163
f 1161 1513 1484
f 840 1163 866
f 840 1161 1163
f 1542 1580 1632
f 1542 1632 1592
f 1539 1632 1576
f 1539 1592 1632
f 1355 1385 1580
f 1355 1580 1542
f 1350 1576 1374
f 1350 1539 1576
f 1202 1206 1385
f 1202 1385 1355
f 1172 1350 1374
f 1168 1172 1374
f 988 1202 1012
f 988 1206 1202
f 976 1006 1172
f 976 1172 1168
f 792 1012 825
f 792 988 1012
f 734 825 774
f 734 792 825
f 787 820 1006
f 787 774 820
f 787 1006 976
f 787 734 774
f 1580 1385 1386
f 1580 1386 1579
f 1632 1579 1631
f 1632 1631 1575
f 1632 1580 1579
f 1576 1632 1575
f 1374 1575 1373
f 1374 1373 1167
f 1374 1576 1575
f 1168 1167 975
f 1168 1374 1167
f 976 1168 975
f 1167 943 975
f 1166 943 1167
f 1409 1167 1373
f 1409 1166 1167
f 1575 1409 1373
f 1613 1409 1575
f 1687 1575 1631
f 1687 1613 1575
f 1616 1631 1579
f 1616 1687 1631
f 1418 1579 1386
f 1418 1616 1579
f 1296 1164 1465
f 1307 1296 1465
f 1283 1164 1296
f 1315 1307 1465
f 1272 1164 1283
f 1322 1315 1465
f 1318 1322 1465
f 1268 1164 1272
f 1169 1164 1268
f 1169 1268 1274
f 1169 1274 1286
f 1357 1309 1318
f 1357 1318 1465
f 1357 1286 1297
f 1357 1297 1309
f 1357 1169 1286
f 965 885 1164
f 942 885 965
f 1611 1465 1675
f 1626 1611 1675
f 919 885 942
f 979 1164 1169
f 979 965 1164
f 1648 1626 1675
f 1602 1357 1465
f 1602 1465 1611
f 905 885 919
f 990 979 1169
f 1651 1648 1675
f 1589 1357 1602
f 898 885 905
f 1649 1651 1675
f 999 968 982
f 999 982 990
f 999 921 945
f 999 945 968
f 999 990 1169
f 1556 1589 1585
f 1556 1585 1594
f 1556 1594 1603
f 1556 1603 1614
f 1556 1357 1589
f 1764 1630 1649
f 1764 1649 1675
f 675 898 907
f 675 885 898
f 806 675 907
f 806 907 921
f 806 921 999
f 1607 1614 1630
f 1607 1630 1764
f 1607 1556 1614
f 702 675 806
f 702 689 675
f 1669 1607 1764
f 1669 1764 1684
f 677 675 689
f 721 702 806
f 1655 1607 1669
f 1696 1684 1764
f 660 675 677
f 731 721 806
f 1707 1696 1764
f 1641 1607 1655
f 724 731 806
f 758 703 724
f 758 691 703
f 758 724 806
f 1558 1607 1641
f 1558 1641 1634
f 1558 1634 1644
f 1558 1644 1658
f 599 660 652
f 599 652 663
f 599 663 679
f 599 679 691
f 599 675 660
f 599 691 758
f 1688 1707 1764
f 1688 1686 1699
f 1688 1699 1707
f 1688 1558 1658
f 1688 1658 1672
f 1688 1672 1686
f 750 758 808
f 750 808 762
f 1440 1361 1558
f 1440 1417 1361
f 735 599 758
f 735 758 750
f 771 762 808
f 1393 1361 1417
f 1454 1558 1688
f 1454 1440 1558
f 715 599 735
f 781 771 808
f 1380 1361 1393
f 1464 1454 1688
f 776 781 808
f 1371 1361 1380
f 1476 1464 1688
f 1476 1441 1455
f 1476 1455 1464
f 1476 1396 1419
f 1476 1419 1441
f 685 715 712
f 685 712 718
f 685 718 739
f 685 739 754
f 685 599 715
f 1203 1371 1381
f 1203 1361 1371
f 1004 776 808
f 1004 764 776
f 1073 1004 1203
f 1073 1064 1004
f 1089 1073 1203
f 1052 1004 1064
f 1045 1004 1052
f 1098 1089 1203
f 895 685 754
f 895 754 764
f 895 764 1004
f 895 1004 1045
f 895 1045 1042
f 895 1042 1047
f 895 1047 1054
f 1208 1396 1476
f 1208 1203 1381
f 1208 1098 1203
f 1208 895 1054
f 1208 1381 1396
f 1208 1075 1092
f 1208 1092 1098
f 1208 1054 1066
f 1208 1066 1075
f 782 751 761
f 782 761 772
f 775 751 782
f 763 736 751
f 763 751 775
f 717 711 716
f 753 740 717
f 753 716 736
f 753 736 763
f 753 717 716
f 764 754 763
f 763 754 753
f 753 739 740
f 754 739 753
f 740 718 717
f 739 718 740
f 717 712 711
f 718 712 717
f 711 715 716
f 712 715 711
f 716 735 736
f 715 735 716
f 1091 1063 1074
f 1091 1074 1090
f 1091 1090 1097
f 1041 1046 1051
f 1065 1053 1048
f 1065 1048 1041
f 1065 1051 1063
f 1065 1091 1076
f 1065 1063 1091
f 1065 1041 1051
f 1075 1066 1076
f 1076 1066 1065
f 1065 1054 1053
f 1066 1054 1065
f 1053 1047 1048
f 1054 1047 1053
f 1048 1042 1041
f 1047 1042 1048
f 1041 1045 1046
f 1042 1045 1041
f 1046 1052 1051
f 1045 1052 1046
f 1379 1394 1416
f 1372 1416 1439
f 1372 1379 1416
f 1382 1439 1453
f 1382 1372 1439
f 1420 1395 1382
f 1420 1453 1463
f 1420 1463 1456
f 1420 1456 1442
f 1420 1382 1453
f 1441 1419 1442
f 1442 1419 1420
f 1420 1396 1395
f 1419 1396 1420
f 1395 1381 1382
f 1396 1381 1395
f 1382 1371 1372
f 1381 1371 1382
f 1372 1380 1379
f 1371 1380 1372
f 1379 1393 1394
f 1380 1393 1379
f 1657 1643 1633
f 1657 1633 1642
f 1657 1642 1656
f 1657 1656 1670
f 1657 1670 1683
f 1657 1683 1697
f 1657 1697 1706
f 1657 1706 1698
f 1671 1698 1685
f 1671 1657 1698
f 1686 1672 1685
f 1685 1672 1671
f 1671 1658 1657
f 1672 1658 1671
f 1657 1644 1643
f 1658 1644 1657
f 1643 1634 1633
f 1644 1634 1643
f 1633 1641 1642
f 1634 1641 1633
f 1642 1655 1656
f 1641 1655 1642
f 1650 1647 1652
f 1615 1604 1593
f 1615 1593 1586
f 1615 1586 1590
f 1615 1590 1601
f 1615 1601 1612
f 1615 1612 1625
f 1615 1625 1647
f 1615 1650 1629
f 1615 1647 1650
f 1630 1614 1629
f 1629 1614 1615
f 1615 1603 1604
f 1614 1603 1615
f 1604 1594 1593
f 1603 1594 1604
f 1593 1585 1586
f 1594 1585 1593
f 1586 1589 1590
f 1585 1589 1586
f 1590 1602 1601
f 1589 1602 1590
f 1271 1284 1295
f 1267 1295 1308
f 1267 1271 1295
f 1273 1308 1316
f 1273 1267 1308
f 1285 1316 1321
f 1285 1273 1316
f 1298 1321 1317
f 1298 1317 1310
f 1298 1285 1321
f 1309 1297 1310
f 1310 1297 1298
f 1298 1286 1285
f 1297 1286 1298
f 1285 1274 1273
f 1286 1274 1285
f 1273 1268 1267
f 1274 1268 1273
f 1267 1272 1271
f 1268 1272 1267
f 1271 1283 1284
f 1272 1283 1271
f 981 966 980
f 981 980 989
f 967 920 941
f 967 941 966
f 967 966 981
f 922 908 897
f 922 897 906
f 944 906 920
f 944 920 967
f 944 922 906
f 968 945 967
f 967 945 944
f 944 921 922
f 945 921 944
f 922 907 908
f 921 907 922
f 908 898 897
f 907 898 908
f 897 905 906
f 898 905 897
f 906 919 920
f 905 919 906
f 732 690 701
f 732 701 722
f 704 678 690
f 704 732 723
f 704 690 732
f 680 704 692
f 680 662 653
f 680 653 661
f 680 661 678
f 680 678 704
f 703 691 704
f 704 691 692
f 692 679 680
f 691 679 692
f 680 663 662
f 679 663 680
f 662 652 653
f 663 652 662
f 653 660 661
f 652 660 653
f 661 677 678
f 660 677 661
