v -0.206055358 -0.187285726 -0.013999975
v -0.206055358 -0.187285725 0.001000026
v -0.205962785 -0.170101824 0.001000024
v -0.205962784 -0.170101825 -0.013999976
v -0.20419867 -0.178669679 0.001000025
v -0.204198669 -0.178669681 -0.013999975
v -0.204185761 -0.179756643 0.001000026
v -0.20418576 -0.179756644 -0.013999975
v -0.203666352 -0.177721889 0.001000025
v -0.203666351 -0.17772189 -0.013999975
v -0.203631103 -0.18069153 -0.013999975
v -0.203631103 -0.180691529 0.001000026
v -0.202731476 -0.177167233 0.001000025
v -0.202731475 -0.177167234 -0.013999975
v -0.202683319 -0.181223835 0.001000026
v -0.202683318 -0.181223837 -0.013999975
v -0.201644501 -0.177154328 0.001000025
v -0.2016445 -0.17715433 -0.013999975
v -0.201596344 -0.181210931 0.001000026
v -0.201596343 -0.181210933 -0.013999975
v -0.200696716 -0.177686636 -0.013999975
v -0.200696716 -0.177686635 0.001000025
v -0.200661468 -0.180656276 -0.013999975
v -0.200661468 -0.180656275 0.001000026
v -0.200142059 -0.178621522 -0.013999975
v -0.200142059 -0.178621521 0.001000026
v -0.20012915 -0.179708486 -0.013999975
v -0.20012915 -0.179708485 0.001000026
v -0.197372403 -0.202114792 -0.013999973
v -0.197372403 -0.202114791 0.001000028
v -0.197120547 -0.15536718 0.001000023
v -0.197120546 -0.155367182 -0.013999977
v -0.19637549 -0.159129998 0.001000024
v -0.196375489 -0.159129999 -0.013999977
v -0.196362596 -0.160216963 -0.013999977
v -0.196362596 -0.160216961 0.001000024
v -0.195982315 -0.173421279 -0.013999976
v -0.195982315 -0.173421277 0.001000025
v -0.195913831 -0.198018136 -0.013999973
v -0.195913831 -0.198018134 0.001000028
v -0.195900938 -0.199105098 0.001000028
v -0.195900937 -0.199105099 -0.013999973
v -0.195847121 -0.184808515 -0.013999974
v -0.195847121 -0.184808513 0.001000026
v -0.195843187 -0.158182211 -0.013999977
v -0.195843187 -0.158182209 0.001000024
v -0.195807939 -0.16115185 -0.013999977
v -0.195807939 -0.161151848 0.001000024
v -0.195381529 -0.197070344 0.001000028
v -0.195381528 -0.197070346 -0.013999973
v -0.195346281 -0.200039984 0.001000028
v -0.19534628 -0.200039985 -0.013999973
v -0.194908296 -0.157627554 -0.013999977
v -0.194908296 -0.157627552 0.001000024
v -0.194860139 -0.161684157 -0.013999977
v -0.194860139 -0.161684155 0.001000024
v -0.194446638 -0.196515688 0.001000028
v -0.194446637 -0.196515689 -0.013999973
v -0.194398481 -0.200572291 0.001000028
v -0.19439848 -0.200572292 -0.013999973
v -0.193821337 -0.157614651 0.001000024
v -0.193821336 -0.157614652 -0.013999977
v -0.193773179 -0.161671253 -0.013999977
v -0.193773179 -0.161671252 0.001000024
v -0.193359678 -0.196502784 0.001000028
v -0.193359677 -0.196502785 -0.013999973
v -0.193311521 -0.200559387 0.001000028
v -0.19331152 -0.200559388 -0.013999973
v -0.192873552 -0.158146958 0.001000024
v -0.192873551 -0.158146959 -0.013999977
v -0.192838289 -0.161116595 0.001000024
v -0.192838288 -0.161116596 -0.013999977
v -0.192411894 -0.19703509 0.001000028
v -0.192411893 -0.197035092 -0.013999973
v -0.192376645 -0.200004731 -0.013999973
v -0.192376645 -0.20000473 0.001000028
v -0.192318895 -0.159081841 0.001000024
v -0.192318894 -0.159081842 -0.013999977
v -0.192305986 -0.160168804 0.001000024
v -0.192305985 -0.160168806 -0.013999977
v -0.191857236 -0.197969978 -0.013999973
v -0.191857236 -0.197969977 0.001000028
v -0.191844327 -0.199056942 -0.013999973
v -0.191844327 -0.19905694 0.001000028
v -0.190405763 -0.16349205 0.001000024
v -0.190405762 -0.163492052 -0.013999976
v -0.190036436 -0.194602558 0.001000028
v -0.190036435 -0.19460256 -0.013999973
v -0.182341388 -0.210443273 -0.013999971
v -0.182341388 -0.210443271 0.001000029
v -0.182000658 -0.147201141 -0.013999978
v -0.182000658 -0.14720114 0.001000023
v -0.180611718 -0.157681363 -0.013999976
v -0.180611718 -0.157681361 0.001000024
v -0.180107213 -0.200179105 0.001000028
v -0.180107212 -0.200179107 -0.013999972
v -0.179303515 -0.146299593 0.001000023
v -0.179303514 -0.146299595 -0.013999978
v -0.17702704 -0.150845176 -0.013999977
v -0.17702704 -0.150845175 0.001000024
v -0.177014131 -0.15193214 -0.013999977
v -0.177014131 -0.151932139 0.001000024
v -0.176824999 -0.144905204 -0.013999978
v -0.176824999 -0.144905203 0.001000023
v -0.17649473 -0.149897387 0.001000024
v -0.176494729 -0.149897388 -0.013999977
v -0.176459474 -0.152867026 0.001000024
v -0.176459473 -0.152867027 -0.013999977
v -0.176374157 -0.205841303 0.001000029
v -0.176374156 -0.205841304 -0.013999972
v -0.176361255 -0.206928268 -0.013999971
v -0.176361255 -0.206928266 0.001000029
v -0.175841854 -0.204893513 0.001000029
v -0.175841853 -0.204893515 -0.013999972
v -0.175806598 -0.207863154 -0.013999971
v -0.175806598 -0.207863152 0.001000029
v -0.175559847 -0.149342729 0.001000024
v -0.175559846 -0.149342731 -0.013999977
v -0.17551169 -0.153399332 0.001000024
v -0.175511689 -0.153399334 -0.013999977
v -0.174906963 -0.204338858 -0.013999972
v -0.174906963 -0.204338856 0.001000029
v -0.174858806 -0.20839546 -0.013999971
v -0.174858806 -0.208395459 0.00100003
v -0.174654192 -0.143068091 -0.013999978
v -0.174654192 -0.14306809 0.001000023
v -0.174472879 -0.149329826 -0.013999977
v -0.174472879 -0.149329824 0.001000024
v -0.174424722 -0.153386427 0.001000024
v -0.174424721 -0.153386428 -0.013999977
v -0.173820003 -0.204325954 -0.013999972
v -0.173820003 -0.204325952 0.001000029
v -0.173771846 -0.208382557 -0.013999971
v -0.173771846 -0.208382556 0.00100003
v -0.173525095 -0.149862131 0.001000024
v -0.173525094 -0.149862132 -0.013999977
v -0.173489839 -0.15283177 0.001000024
v -0.173489838 -0.152831771 -0.013999977
v -0.172970438 -0.150797018 0.001000024
v -0.172970437 -0.150797019 -0.013999977
v -0.172957528 -0.151883983 -0.013999977
v -0.172957528 -0.151883981 0.001000024
v -0.172872211 -0.204858261 -0.013999971
v -0.172872211 -0.20485826 0.001000029
v -0.172836956 -0.207827899 0.00100003
v -0.172836955 -0.2078279 -0.013999971
v -0.172317554 -0.205793147 -0.013999971
v -0.172317554 -0.205793146 0.001000029
v -0.172304653 -0.206880109 0.001000029
v -0.172304652 -0.206880111 -0.013999971
v -0.16922448 -0.15754618 -0.013999976
v -0.16922448 -0.157546178 0.001000025
v -0.168719975 -0.200043923 0.001000029
v -0.168719974 -0.200043925 -0.013999972
v -0.165164523 -0.209942781 0.00100003
v -0.165164522 -0.209942783 -0.013999971
v -0.162895159 -0.143243981 0.001000024
v -0.162895158 -0.143243982 -0.013999977
v -0.162870576 -0.145314386 -0.013999977
v -0.162870576 -0.145314385 0.001000024
v -0.161881243 -0.141438667 0.001000023
v -0.161881242 -0.141438669 -0.013999977
v -0.161814088 -0.147095121 -0.013999977
v -0.161814088 -0.14709512 0.001000024
v -0.161462861 -0.147400286 -0.013999977
v -0.161462861 -0.147400284 0.001000024
v -0.161078576 -0.147662599 -0.013999977
v -0.161078576 -0.147662598 0.001000024
v -0.160666429 -0.14787851 0.001000024
v -0.160666428 -0.147878511 -0.013999977
v -0.159295257 -0.163122727 -0.013999975
v -0.159295257 -0.163122725 0.001000026
v -0.159266137 -0.148550119 -0.013999977
v -0.159266137 -0.148550118 0.001000024
v -0.15892593 -0.194233235 -0.013999972
v -0.15892593 -0.194233234 0.001000029
v -0.157897973 -0.149284969 0.001000024
v -0.157897972 -0.149284971 -0.013999976
v -0.157025707 -0.197556478 0.001000029
v -0.157025706 -0.19755648 -0.013999972
v -0.157012798 -0.198643442 0.001000029
v -0.157012797 -0.198643444 -0.013999971
v -0.156564797 -0.150081537 -0.013999976
v -0.156564797 -0.150081535 0.001000024
v -0.156493397 -0.196608689 0.001000029
v -0.156493396 -0.19660869 -0.013999972
v -0.156458141 -0.199578328 0.001000029
v -0.15645814 -0.19957833 -0.013999971
v -0.155558514 -0.196054032 0.001000029
v -0.155558513 -0.196054033 -0.013999972
v -0.155510356 -0.200110636 -0.013999971
v -0.155510356 -0.200110635 0.001000029
v -0.154868493 -0.150671989 0.001000025
v -0.154868492 -0.150671991 -0.013999976
v -0.154471546 -0.196041128 0.001000029
v -0.154471545 -0.19604113 -0.013999972
v -0.154423389 -0.200097731 0.001000029
v -0.154423388 -0.200097733 -0.013999971
v -0.153523754 -0.196573435 0.001000029
v -0.153523753 -0.196573437 -0.013999972
v -0.153488506 -0.199543074 0.001000029
v -0.153488505 -0.199543076 -0.013999971
v -0.153484564 -0.17291677 0.001000027
v -0.153484563 -0.172916771 -0.013999974
v -0.153349385 -0.184304008 -0.013999973
v -0.153349385 -0.184304007 0.001000028
v -0.153084832 -0.150460666 0.001000025
v -0.153084831 -0.150460668 -0.013999976
v -0.152969097 -0.197508321 0.001000029
v -0.152969096 -0.197508323 -0.013999971
v -0.152956195 -0.198595286 -0.013999971
v -0.152956195 -0.198595284 0.001000029
v -0.151573456 -0.149490174 -0.013999976
v -0.151573456 -0.149490173 0.001000025
v -0.150643939 -0.200753241 -0.013999971
v -0.150643939 -0.20075324 0.00100003
v -0.148402026 -0.127635576 0.001000023
v -0.148402025 -0.127635578 -0.013999978
v -0.146953117 -0.158401637 0.001000026
v -0.146953116 -0.158401639 -0.013999975
v -0.146784195 -0.156613464 0.001000025
v -0.146784194 -0.156613465 -0.013999975
v -0.146621295 -0.126579088 0.001000023
v -0.146621294 -0.126579089 -0.013999978
v -0.146322555 -0.16008345 0.001000026
v -0.146322554 -0.160083451 -0.013999975
v -0.145849853 -0.15507948 -0.013999975
v -0.145849853 -0.155079478 0.001000025
v -0.145494567 -0.16139734 0.001000026
v -0.145494566 -0.161397342 -0.013999975
v -0.144727446 -0.162747674 -0.013999975
v -0.144727446 -0.162747672 0.001000026
v -0.144550883 -0.126554506 0.001000023
v -0.144550882 -0.126554507 -0.013999978
v -0.14402278 -0.164131624 0.001000026
v -0.144022779 -0.164131625 -0.013999974
v -0.143797148 -0.164538531 -0.013999974
v -0.143797148 -0.16453853 0.001000026
v -0.143525786 -0.164916482 0.001000026
v -0.143525785 -0.164916484 -0.013999974
v -0.14321237 -0.165260367 -0.013999974
v -0.14321237 -0.165260366 0.001000026
v -0.142839146 -0.185443762 0.001000029
v -0.142839145 -0.185443763 -0.013999972
v -0.14274557 -0.127568429 0.001000023
v -0.142745569 -0.127568431 -0.013999978
v -0.142001881 -0.182725978 -0.013999972
v -0.142001881 -0.182725976 0.001000028
v -0.141407057 -0.166274285 -0.013999974
v -0.141407057 -0.166274284 0.001000027
v -0.141319042 -0.118478585 0.001000022
v -0.141319041 -0.118478586 -0.004999978
v -0.141288318 -0.12106659 0.001000022
v -0.141288317 -0.121066591 -0.004999978
v -0.140666722 -0.180215057 -0.013999973
v -0.140666722 -0.180215055 0.001000028
v -0.140051647 -0.11622194 0.001000022
v -0.140051646 -0.11622194 -0.004999979
v -0.139967707 -0.123292512 -0.004999978
v -0.139967707 -0.123292512 0.001000022
v -0.139336653 -0.166249705 0.001000027
v -0.139336652 -0.166249707 -0.013999974
v -0.139168321 -0.131061744 -0.013999977
v -0.139168321 -0.131061742 0.001000023
v -0.139101167 -0.136718198 0.001000024
v -0.139101166 -0.1367182 -0.013999977
v -0.138881658 -0.178001253 0.001000028
v -0.138881657 -0.178001254 -0.013999973
v -0.138111833 -0.132842479 -0.013999977
v -0.138111833 -0.132842477 0.001000023
v -0.138087251 -0.134912885 0.001000024
v -0.13808725 -0.134912886 -0.013999977
v -0.137555914 -0.165193219 -0.013999974
v -0.137555914 -0.165193217 0.001000027
v -0.133377564 -0.142307504 0.001000025
v -0.133377563 -0.142307505 -0.013999976
v -0.131596825 -0.141251016 0.001000025
v -0.131596824 -0.141251017 -0.013999976
v -0.129526421 -0.141226437 0.001000025
v -0.12952642 -0.141226439 -0.013999976
v -0.127721108 -0.142240353 0.001000025
v -0.127721107 -0.142240355 -0.013999976
v -0.124143852 -0.14573367 0.001000025
v -0.124143851 -0.145733671 -0.013999975
v -0.124076705 -0.151390126 0.001000026
v -0.124076704 -0.151390127 -0.013999975
v -0.123087364 -0.147514408 0.001000026
v -0.123087363 -0.14751441 -0.013999975
v -0.123062789 -0.149584813 0.001000026
v -0.123062788 -0.149584814 -0.013999975
v -0.119935089 -0.14285508 -0.004999975
v -0.119935089 -0.142855079 0.001000025
v -0.117678443 -0.144122479 -0.004999975
v -0.117678443 -0.144122478 0.001000025
v -0.115090434 -0.144091755 -0.004999975
v -0.115090434 -0.144091754 0.001000025
v -0.112864517 -0.142771144 0.001000025
v -0.112864516 -0.142771145 -0.004999975
v -0.110707788 -0.086173008 0.00100002
v -0.110707787 -0.086173009 -0.00499998
v -0.10848187 -0.084852398 -0.00499998
v -0.10848187 -0.084852398 0.00100002
v -0.105893861 -0.084821674 -0.00499998
v -0.105893861 -0.084821674 0.00100002
v -0.103637219 -0.086089069 -0.00499998
v -0.103637219 -0.086089069 0.00100002
v -0.097913612 -0.091678379 -0.004999979
v -0.097913612 -0.091678378 0.001000021
v -0.097524151 -0.084221539 -0.01399998
v -0.097524151 -0.084221537 0.00100002
v -0.097436044 -0.08201948 0.00100002
v -0.097436043 -0.082019482 -0.013999981
v -0.097010956 -0.092185336 0.001000021
v -0.097010955 -0.092185337 -0.004999979
v -0.096432595 -0.086136042 0.00100002
v -0.096432594 -0.086136044 -0.01399998
v -0.096195024 -0.080198305 0.00100002
v -0.096195023 -0.080198307 -0.013999981
v -0.09597575 -0.092173046 -0.004999979
v -0.09597575 -0.092173045 0.001000021
v -0.095085384 -0.091644801 -0.004999979
v -0.095085384 -0.091644801 0.001000021
v -0.094420296 -0.088101123 -0.00499998
v -0.094420296 -0.088101122 0.001000021
v -0.094386722 -0.090929355 -0.004999979
v -0.094386722 -0.090929354 0.001000021
v -0.094177793 -0.079310839 0.00100002
v -0.094177792 -0.07931084 -0.013999981
v -0.093892052 -0.088991496 0.001000021
v -0.093892051 -0.088991496 -0.004999979
v -0.093879761 -0.090026698 0.001000021
v -0.09387976 -0.090026698 -0.004999979
v -0.089868735 -0.098136767 -0.004999978
v -0.089868735 -0.098136767 0.001000022
v -0.089856448 -0.09917197 -0.004999978
v -0.089856448 -0.099171969 0.001000022
v -0.089361777 -0.097234111 -0.004999978
v -0.089361777 -0.09723411 0.001000022
v -0.089328204 -0.100062335 -0.004999978
v -0.089328204 -0.100062335 0.001000022
v -0.088663115 -0.096518657 -0.004999978
v -0.088663115 -0.096518656 0.001000022
v -0.088349772 -0.066907418 0.001000019
v -0.088349771 -0.066907419 -0.013999982
v -0.088325193 -0.068977824 -0.013999982
v -0.088325193 -0.068977822 0.001000019
v -0.087772746 -0.095990412 -0.004999978
v -0.087772746 -0.095990412 0.001000022
v -0.087335852 -0.065102105 0.001000019
v -0.087335851 -0.065102106 -0.013999982
v -0.087268705 -0.070758561 0.001000019
v -0.087268704 -0.070758562 -0.013999981
v -0.086737544 -0.095978121 -0.004999978
v -0.086737544 -0.095978121 0.001000022
v -0.086287591 -0.071462015 -0.013999981
v -0.086287591 -0.071462014 0.001000019
v -0.085834887 -0.096485087 -0.004999978
v -0.085834887 -0.096485086 0.001000022
v -0.085141284 -0.071840716 -0.013999981
v -0.085141284 -0.071840714 0.00100002
v -0.083934198 -0.071860161 0.00100002
v -0.083934197 -0.071860163 -0.013999981
v -0.083604597 -0.105651644 -0.004999977
v -0.083604597 -0.105651644 0.001000023
v -0.083520659 -0.112722217 -0.004999977
v -0.083520659 -0.112722216 0.001000024
v -0.082283987 -0.107877566 0.001000023
v -0.082283986 -0.107877566 -0.004999977
v -0.082253263 -0.110465571 0.001000023
v -0.082253262 -0.110465571 -0.004999977
v -0.080826731 -0.101375726 0.001000023
v -0.08082673 -0.101375728 -0.013999978
v -0.079021417 -0.102389644 -0.013999978
v -0.079021417 -0.102389642 0.001000023
v -0.076951011 -0.102365069 -0.013999978
v -0.076951011 -0.102365068 0.001000023
v -0.075590584 -0.113189426 -0.013999977
v -0.075590584 -0.113189425 -0.010999977
v -0.075170276 -0.101308581 -0.013999978
v -0.075170276 -0.101308579 0.001000023
v -0.07392296 -0.110911296 -0.013999977
v -0.07392296 -0.110911296 -0.010999977
v -0.072958533 -0.108257861 -0.013999977
v -0.072958533 -0.108257861 -0.010999977
v -0.072774178 -0.105440615 -0.013999977
v -0.072774178 -0.105440615 -0.010999977
v -0.072635051 -0.098712435 -0.013999978
v -0.072635051 -0.098712435 -0.010999978
v -0.064604495 -0.075282677 -0.01099998
v -0.064604494 -0.075282677 -0.01399998
v -0.059687608 -0.068557548 -0.013999981
v -0.059687608 -0.068557548 -0.01099998
v -0.059012366 -0.07452098 -0.01099998
v -0.059012366 -0.074520979 0.001000021
v -0.057061306 -0.074741592 -0.01099998
v -0.057061306 -0.07474159 0.001000021
v -0.055610711 -0.081279036 0.001000022
v -0.05561071 -0.081279037 -0.010999979
v -0.055450286 -0.075864051 -0.010999979
v -0.055450286 -0.07586405 0.001000021
v -0.054625636 -0.079580527 -0.010999979
v -0.054625636 -0.079580526 0.001000021
v -0.054567491 -0.077617896 -0.010999979
v -0.054567491 -0.077617895 0.001000021
v -0.047232938 -0.066861112 -0.01099998
v -0.047232938 -0.066861111 0.001000021
v -0.045480129 -0.066416074 -0.01099998
v -0.045462743 -0.022222866 -0.013999985
v -0.045462743 -0.022222864 0.001000016
v -0.04387206 -0.06558872 -0.01099998
v -0.043834883 -0.021212612 -0.013999985
v -0.043834883 -0.02121261 0.001000016
v -0.04381473 -0.065550098 0.001000021
v -0.042490906 -0.064421323 -0.01399998
v -0.042490906 -0.064421323 -0.01099998
v -0.042400588 -0.06451547 -0.01399998
v -0.042400588 -0.06451547 -0.01099998
v -0.042309051 -0.064608426 -0.01399998
v -0.042309051 -0.064608426 -0.01099998
v -0.042216308 -0.064700185 -0.01399998
v -0.042216308 -0.064700185 -0.01099998
v -0.041923944 -0.02107522 0.001000016
v -0.041923943 -0.021075221 -0.013999985
v -0.041583111 -0.036865946 0.001000018
v -0.04158311 -0.036865948 -0.013999983
v -0.041462361 -0.034466259 -0.013999983
v -0.041462361 -0.034466257 0.001000018
v -0.041372599 -0.062913724 -0.01399998
v -0.041338475 -0.062853618 0.00100002
v -0.040823849 -0.03914555 -0.013999983
v -0.040823849 -0.039145548 0.001000018
v -0.04063637 -0.061187039 -0.01399998
v -0.040478103 -0.032274393 0.001000017
v -0.040478102 -0.032274395 -0.013999983
v -0.040322751 -0.059336347 -0.013999981
v -0.040322751 -0.059336345 0.00100002
v -0.040168315 -0.02184225 -0.013999984
v -0.040168315 -0.021842248 0.001000016
v -0.040076345 -0.040844645 0.001000018
v -0.040076344 -0.040844646 -0.013999982
v -0.039655755 -0.04265263 -0.013999982
v -0.039655755 -0.042652628 0.001000018
v -0.039576571 -0.044507198 -0.013999982
v -0.039576571 -0.044507197 0.001000019
v -0.039563814 -0.030658899 0.001000017
v -0.039563813 -0.030658901 -0.013999983
v -0.038970755 -0.023337716 0.001000017
v -0.038970754 -0.023337718 -0.013999984
v -0.038963857 -0.028902278 -0.013999984
v -0.038963857 -0.028902277 0.001000017
v -0.038698906 -0.027065027 0.001000017
v -0.038698905 -0.027065028 -0.013999984
v -0.038605995 -0.025218545 0.001000017
v -0.038605994 -0.025218547 -0.013999984
v -0.038049584 -0.035245128 -0.013999983
v -0.038049584 -0.035245127 0.001000018
v -0.03803115 -0.036797937 0.001000018
v -0.038031149 -0.036797939 -0.013999983
v -0.037703023 -0.067234975 -0.01399998
v -0.037703023 -0.067234975 -0.01099998
v -0.037289145 -0.033891139 -0.013999983
v -0.037289145 -0.033891138 0.001000018
v -0.037238783 -0.03813348 -0.013999983
v -0.037238783 -0.038133478 0.001000018
v -0.035953593 -0.033098781 -0.013999983
v -0.035953593 -0.033098779 0.001000018
v -0.035884796 -0.038893917 -0.013999983
v -0.035884796 -0.038893915 0.001000018
v -0.034400788 -0.033080348 -0.013999983
v -0.034400788 -0.033080346 0.001000018
v -0.034331991 -0.038875484 -0.013999982
v -0.034331991 -0.038875482 0.001000018
v -0.033046803 -0.033840785 -0.013999983
v -0.033046803 -0.033840783 0.001000018
v -0.032996441 -0.038083125 -0.013999982
v -0.032996441 -0.038083124 0.001000018
v -0.032527007 -0.067173527 -0.01399998
v -0.032527007 -0.067173527 -0.010999979
v -0.032254437 -0.035176324 0.001000018
v -0.032254436 -0.035176326 -0.013999983
v -0.032236002 -0.036729136 -0.013999983
v -0.032236002 -0.036729135 0.001000018
v -0.031679591 -0.046755718 -0.013999982
v -0.031679591 -0.046755716 0.001000019
v -0.031586679 -0.044909235 0.001000019
v -0.031586678 -0.044909236 -0.013999982
v -0.03157726 -0.047877376 -0.013999981
v -0.03157726 -0.047877375 0.001000019
v -0.031321727 -0.043071986 -0.013999982
v -0.031321727 -0.043071985 0.001000019
v -0.031166301 -0.04892602 0.001000019
v -0.0311663 -0.048926021 -0.013999981
v -0.030721773 -0.041315362 0.001000019
v -0.030721772 -0.041315364 -0.013999982
v -0.030709014 -0.027467066 -0.013999983
v -0.030709014 -0.027467065 0.001000017
v -0.03062983 -0.029321635 -0.013999983
v -0.03062983 -0.029321633 0.001000017
v -0.030479299 -0.049818552 0.001000019
v -0.030479298 -0.049818553 -0.013999981
v -0.030209241 -0.031129617 0.001000018
v -0.03020924 -0.031129618 -0.013999983
v -0.030074891 -0.014864861 0.001000016
v -0.03007489 -0.014864862 -0.013999985
v -0.029807484 -0.039699868 0.001000019
v -0.029807483 -0.03969987 -0.013999982
v -0.029461737 -0.032828715 -0.013999983
v -0.029461737 -0.032828713 0.001000018
v -0.029326632 -0.012729425 -0.013999985
v -0.029326632 -0.012729423 0.001000016
v -0.028823223 -0.037508006 -0.013999982
v -0.028823223 -0.037508004 0.001000018
v -0.028702475 -0.035108315 0.001000018
v -0.028702474 -0.035108317 -0.013999983
v -0.028673985 -0.050832469 -0.013999981
v -0.028673985 -0.050832468 0.00100002
v -0.028075167 -0.064532307 -0.01399998
v -0.028075167 -0.064532306 -0.01099998
v -0.027539437 -0.011341652 0.001000016
v -0.027539436 -0.011341653 -0.013999985
v -0.026603577 -0.050807887 -0.013999981
v -0.026603577 -0.050807886 0.00100002
v -0.025285206 -0.011145623 -0.013999985
v -0.025285206 -0.011145622 0.001000016
v -0.024822842 -0.049751399 -0.013999981
v -0.024822842 -0.049751397 0.00100002
v -0.023285292 -0.012204079 -0.013999985
v -0.023285292 -0.012204078 0.001000016
v -0.017886298 0.017466623 -0.013999987
v -0.017886298 0.017466624 0.001000013
v -0.01650091 0.004212153 0.001000015
v -0.016500909 0.004212151 -0.013999986
v -0.016396268 -0.004602606 0.001000016
v -0.016396267 -0.004602607 -0.013999985
v -0.015247233 0.019812235 -0.013999988
v -0.012304042 0.021762659 -0.013999988
v -0.012184157 0.01189828 0.001000014
v -0.012184156 0.011898279 -0.013999987
v -0.011898266 -0.012184088 0.001000016
v -0.011898265 -0.012184089 -0.013999984
v -0.009115428 0.023278986 -0.013999988
v -0.009115428 0.023278988 -0.001999987
v -0.008165754 -0.026968849 -0.013999983
v -0.008165754 -0.026968848 0.001000018
v -0.008098604 -0.032625312 0.001000019
v -0.008098603 -0.032625313 -0.013999982
v -0.007109262 -0.02874958 -0.013999982
v -0.007109262 -0.028749579 0.001000018
v -0.007084684 -0.03082 -0.013999982
v -0.007084684 -0.030819998 0.001000019
v -0.006756702 0.024069683 0.001000013
v -0.004602675 0.016396282 0.001000014
v -0.004602674 0.016396281 -0.013999987
v -0.004212142 -0.016500844 0.001000017
v -0.004212141 -0.016500846 -0.013999983
v 0.00022569 0.02499902 -0.001999987
v 0.00421208 0.016500928 0.001000014
v 0.004212081 0.016500927 -0.013999986
v 0.004602613 -0.0163962 -0.013999983
v 0.004602613 -0.016396199 0.001000018
v 0.006183339 0.024223295 0.001000014
v 0.009534223 0.023110593 -0.001999986
v 0.011898207 0.012184171 0.001000015
v 0.011898208 0.01218417 -0.013999986
v 0.012184098 -0.011898197 0.001000017
v 0.012184099 -0.011898198 -0.013999983
v 0.016110842 -0.019284595 -0.001999982
v 0.016110843 -0.019284596 -0.013999982
v 0.016396209 0.00460269 0.001000016
v 0.01639621 0.004602688 -0.013999985
v 0.016500848 -0.004212071 -0.013999984
v 0.016500848 -0.004212069 0.001000017
v 0.016931249 0.025069136 -0.001999986
v 0.01693125 0.025069135 -0.013999987
v 0.017028349 0.023097287 -0.013999987
v 0.017028349 0.023097289 -0.001999986
v 0.017313692 -0.018093845 -0.001999982
v 0.017313693 -0.018093846 -0.013999982
v 0.017466551 0.017886305 -0.001999985
v 0.017466551 0.017886305 0.001000015
v 0.017789098 0.026847258 -0.001999986
v 0.017789099 0.026847257 -0.013999987
v 0.01788624 -0.017466541 -0.001999982
v 0.01788624 -0.017466541 0.001000018
v 0.018056738 0.021412062 -0.001999986
v 0.018056739 0.021412061 -0.013999986
v 0.018118254 0.021353254 -0.013999986
v 0.018118254 0.021353255 -0.001999986
v 0.018181006 0.021295758 -0.013999986
v 0.018181006 0.02129576 -0.001999986
v 0.018244963 0.021239637 -0.013999986
v 0.018244963 0.021239638 -0.001999986
v 0.018556154 -0.016944492 -0.001999982
v 0.018556155 -0.016944493 -0.013999983
v 0.019392927 0.027998487 -0.013999987
v 0.019392927 0.027998488 -0.001999986
v 0.019836802 -0.015837849 -0.013999983
v 0.019836802 -0.015837848 -0.001999982
v 0.022377128 0.016830457 -0.013999986
v 0.022377128 0.016830458 -0.001999985
v 0.024069603 0.006756712 -0.001999984
v 0.024069603 0.006756713 0.001000016
v 0.024223222 -0.006183321 -0.001999983
v 0.024223222 -0.006183321 0.001000017
v 0.025467056 0.011637372 -0.013999985
v 0.025467056 0.011637374 -0.001999985
v 0.027370819 0.005902281 -0.001999984
v 0.02737082 0.00590228 -0.013999984
v 0.027608246 0.005160765 -0.001999984
v 0.027608247 0.005160764 -0.013999984
v 0.027984826 0.004479276 -0.013999984
v 0.027984826 0.004479277 -0.001999984
v 0.028486291 0.003883665 -0.013999984
v 0.028486291 0.003883666 -0.001999984
v 0.030160996 0.002905455 -0.001999983
v 0.030160997 0.002905454 -0.013999984
v 0.032098992 0.002830016 -0.001999983
v 0.032098993 0.002830015 -0.013999984
v 0.033844666 0.003675079 -0.001999983
v 0.033844667 0.003675077 -0.013999984
v 0.035135145 0.034162704 -0.013999987
v 0.035135145 0.034162705 -0.001999986
v 0.036904081 0.034426011 -0.001999986
v 0.036904082 0.03442601 -0.013999987
v 0.038610952 0.033892106 -0.001999986
v 0.038610953 0.033892105 -0.013999987
v 0.039914549 0.03266774 -0.013999987
v 0.039914549 0.032667741 -0.001999986
v 0.040554282 0.030997635 -0.013999986
v 0.040554282 0.030997636 -0.001999986
v 0.041391776 0.027715515 -0.013999986
v 0.041391776 0.027715516 -0.001999985
v 0.04292224 0.024693696 -0.001999985
v 0.042922241 0.024693695 -0.013999986
v 0.045072586 0.022076477 -0.013999985
v 0.045072586 0.022076478 -0.001999985
v 0.045568191 0.021613252 -0.001999985
v 0.045568192 0.021613251 -0.013999985
v 0.046083587 0.021172151 -0.001999985
v 0.046083588 0.02117215 -0.013999985
v 0.046617798 0.020754028 -0.013999985
v 0.046617798 0.02075403 -0.001999985
v 0.046697027 0.035515642 -0.001999986
v 0.046697028 0.035515641 -0.013999987
v 0.0467554 0.030598436 -0.001999986
v 0.046755401 0.030598435 -0.013999986
v 0.04678563 0.01448056 -0.013999985
v 0.04678563 0.014480561 -0.001999984
v 0.047774193 0.019389771 -0.013999985
v 0.047774193 0.019389772 -0.001999984
v 0.047867432 0.015904694 -0.013999985
v 0.047867432 0.015904695 -0.001999984
v 0.048220474 0.01765793 -0.001999984
v 0.048220475 0.017657929 -0.013999985
v 0.049105085 0.039803271 -0.001999986
v 0.049105086 0.03980327 -0.013999987
v 0.049264564 0.026369187 -0.013999986
v 0.049264564 0.026369188 -0.001999985
v 0.050614934 0.046667758 -0.001999987
v 0.050614935 0.046667757 -0.013999988
v 0.053334326 0.042312426 -0.013999987
v 0.053334326 0.042312427 -0.001999986
v 0.053552185 0.023961122 -0.013999985
v 0.053552185 0.023961123 -0.001999985
v 0.056032781 0.047665377 -0.013999987
v 0.056032781 0.047665378 -0.001999987
v 0.058251547 0.042370806 -0.013999987
v 0.058251547 0.042370807 -0.001999986
v 0.058469398 0.024019503 -0.001999984
v 0.058469399 0.024019502 -0.013999985
v 0.061431738 0.046570086 -0.013999987
v 0.061431738 0.046570088 -0.001999987
v 0.062539168 0.039962741 -0.013999986
v 0.062539168 0.039962742 -0.001999986
v 0.062698646 0.026528659 -0.001999985
v 0.062698647 0.026528658 -0.013999985
v 0.065048324 0.035733493 -0.013999986
v 0.065048324 0.035733494 -0.001999985
v 0.065106704 0.030816288 -0.001999985
v 0.065106705 0.030816287 -0.013999985
v 0.065195374 0.022035784 -0.013999985
v 0.065195374 0.022035785 -0.001999984
v 0.066032484 0.043539998 -0.001999986
v 0.066032485 0.043539996 -0.013999987
v 0.069676537 0.028637332 -0.013999985
v 0.069676537 0.028637333 -0.001999984
v 0.069986892 0.03661008 -0.013999986
v 0.069986892 0.036610081 -0.001999985
v -0.019496271 -0.000383017 0.001000015
v -0.019496271 -0.000383017 0.004000015
v -0.019488317 0.000675867 0.001000015
v -0.019488317 0.000675867 0.004000015
v -0.01944581 -0.000677603 0.001000015
v -0.019422895 0.001732767 0.001000015
v -0.019422895 0.001732767 0.004000015
v -0.019387403 -0.000817465 0.004095413
v -0.019310552 -0.000944113 0.001000015
v -0.019300199 0.002784555 0.001000015
v -0.019300199 0.002784556 0.004000015
v -0.019213796 0.003070658 0.001000015
v -0.019122892 0.003224802 0.004107162
v -0.019102575 -0.001158743 0.001000015
v -0.019102575 -0.001158743 0.00436235
v -0.019046705 0.00331846 0.001000015
v -0.018926312 -0.004515875 0.001000015
v -0.018901311 -0.004338675 0.004107163
v -0.018896649 -0.004813269 0.001000015
v -0.018896649 -0.004813269 0.004000016
v -0.018866765 -0.004222983 0.001000015
v -0.018813845 0.003505808 0.001000015
v -0.018813845 0.003505808 0.00436235
v -0.018760816 -0.001490423 0.00468013
v -0.018723329 -0.003960791 0.001000015
v -0.018723329 -0.003960791 0.004362351
v -0.018607503 -0.005831946 0.001000016
v -0.018607503 -0.005831946 0.004000016
v -0.01849991 -6.7114e-05 0.005000015
v -0.01848705 -0.001937612 0.004911728
v -0.018469758 -0.001977621 0.001000015
v -0.018421037 -0.00339266 0.004769181
v -0.018350405 0.002348185 0.005000015
v -0.018332876 -0.002481252 0.005000015
v -0.018330957 -0.003003165 0.001000015
v -0.018325399 -0.002954992 0.004937912
v -0.018317152 0.003915003 0.00476918
v -0.01826349 -0.006833411 0.001000016
v -0.01826349 -0.00683341 0.004000016
v -0.018227572 0.006739039 0.001000014
v -0.018218348 0.006607096 0.00412062
v -0.018194437 0.006997874 0.001000014
v -0.018194437 0.006997874 0.004006271
v -0.01819261 0.006480433 0.001000014
v -0.018183951 0.007034708 0.001000014
v -0.018172068 0.007071116 0.001000014
v -0.018158797 0.007107035 0.001000014
v -0.018158797 0.007107035 0.004000014
v -0.018091933 0.00623968 0.00436235
v -0.018091932 0.00623968 0.001000014
v -0.018084871 0.004240381 0.001000015
v -0.018061304 0.004282755 0.004937912
v -0.017903113 0.00580247 0.004680129
v -0.017886923 0.004723292 0.005000015
v -0.017865617 -0.007814749 0.004000016
v -0.017865616 -0.007814749 0.001000016
v -0.017852162 -0.004852941 0.005000016
v -0.017821318 0.005284556 0.004911727
v -0.017820654 0.005240977 0.001000015
v -0.01774623 0.00808227 0.004000014
v -0.017746229 0.00808227 0.001000014
v -0.017706269 -0.008067587 0.001000016
v -0.017598786 -0.00817446 0.004095414
v -0.017479317 -0.008262061 0.001000016
v -0.017281332 0.009033671 0.001000014
v -0.017281332 0.009033671 0.004000014
v -0.017205033 -0.008380774 0.001000016
v -0.017205033 -0.008380774 0.004362351
v -0.017117388 0.007017604 0.005000015
v -0.017065991 -0.007141592 0.005000016
v -0.016765479 0.009958445 0.001000014
v -0.016765479 0.009958445 0.004000014
v -0.01676236 -0.008556417 0.004680131
v -0.016576163 0.010189707 0.001000014
v -0.016436632 0.004340326 -0.000999985
v -0.016436631 0.004340325 -0.012999986
v -0.016433192 0.010297328 0.004107161
v -0.016404691 -0.004459463 -0.000999985
v -0.01640469 -0.004459465 -0.012999985
v -0.016338303 -0.008864798 0.004911729
v -0.01632696 0.010354701 0.001000014
v -0.016307019 -0.008895132 0.001000016
v -0.016054972 0.009191829 0.005000014
v -0.01604989 0.004238199 -0.000999985
v -0.01604989 0.0042382 0.001000015
v -0.016040129 0.010438685 0.001000014
v -0.016040129 0.010438685 0.004362349
v -0.016018701 -0.004354528 0.001000016
v -0.0160187 -0.004354529 -0.000999985
v -0.01598782 -0.00930805 0.005000016
v -0.015814537 -0.011121512 0.001000016
v -0.015808175 0.004174369 -0.030499987
v -0.015808175 0.004174371 -0.01364998
v -0.015802182 -0.011241613 0.004107164
v -0.015799622 -0.009742865 0.004937913
v -0.01578632 -0.009789496 0.001000016
v -0.01578236 -0.010824377 0.001000016
v -0.01578236 -0.010824377 0.004362352
v -0.015777455 -0.004288948 -0.013649979
v -0.015777454 -0.004288949 -0.030499986
v -0.015759832 0.004161616 -0.000919602
v -0.015759832 0.004161616 0.000919631
v -0.015757473 -0.011414893 0.001000016
v -0.015729207 -0.004275839 -0.000919601
v -0.015729207 -0.004275839 0.000919632
v -0.015720494 -0.010183813 0.004769181
v -0.015616257 -0.01167829 0.001000016
v -0.015616257 -0.011678289 0.004000016
v -0.015547495 0.00410554 -0.000699998
v -0.015547495 0.00410554 0.000699996
v -0.015517281 -0.004218222 -0.000699997
v -0.015517281 -0.004218222 0.000699997
v -0.015469774 0.004085017 -0.000399979
v -0.015469774 0.004085017 0.000400009
v -0.015439713 -0.004197134 -0.000399978
v -0.015439713 -0.004197134 0.000400009
v -0.015424651 0.010626659 0.004769179
v -0.015085535 0.010838374 0.001000014
v -0.015047545 0.01086851 0.004937911
v -0.014959294 -0.01250878 0.004000017
v -0.014959293 -0.01250878 0.001000016
v -0.014841317 0.003919059 -0.031499987
v -0.014812473 -0.004026635 -0.031499986
v -0.014717852 0.011208781 0.005000014
v -0.014636093 -0.011315252 0.005000016
v -0.014458518 0.011661693 0.001000014
v -0.014442454 0.011702205 0.004911727
v -0.014335948 0.012818583 0.001000014
v -0.014327853 0.012949046 0.001000014
v -0.01432696 0.012688197 0.001000014
v -0.01432696 0.012688197 0.004362349
v -0.014319827 0.012212001 0.004680129
v -0.014302813 0.013077327 0.001000014
v -0.014302813 0.013077327 0.004119979
v -0.014258213 -0.013302374 0.001000017
v -0.014258213 -0.013302374 0.004000017
v -0.014246016 0.013236491 0.001000014
v -0.01416323 0.013383815 0.001000014
v -0.014056815 0.013515101 0.001000014
v -0.014056815 0.013515102 0.004000014
v -0.013536058 0.003574396 -0.009499986
v -0.013536058 0.003574396 -0.007499986
v -0.013515091 -0.014056738 0.001000017
v -0.013515091 -0.014056738 0.004000017
v -0.013509751 -0.003672492 -0.009499985
v -0.013509751 -0.003672492 -0.007499985
v -0.013302447 0.01425822 0.001000014
v -0.013302447 0.01425822 0.004000014
v -0.01327111 -0.014229361 0.001000017
v -0.013130916 -0.014286962 0.004095415
v -0.013128905 0.013033947 0.005000014
v -0.013052629 0.003446742 0.005000015
v -0.013033936 -0.013128835 0.005000017
v -0.013027261 -0.003541326 0.005000016
v -0.012987018 -0.01432218 0.001000017
v -0.012688183 -0.01432688 0.001000017
v -0.012688183 -0.014326879 0.004362352
v -0.012569196 0.003319086 -0.009499986
v -0.012569195 0.003319083 -0.031499987
v -0.01254477 -0.003410163 -0.009499985
v -0.012544769 -0.003410165 -0.031499986
v -0.012508849 0.0149593 0.001000014
v -0.012508849 0.014959301 0.004000014
v -0.01221199 -0.014319753 0.004680132
v -0.012085767 0.003191432 1.5e-08
v -0.012085767 0.003191432 0.004000015
v -0.012064402 0.011977138 -0.000999986
v -0.012064401 0.011977136 -0.012999987
v -0.01206228 -0.003278997 1.6e-08
v -0.01206228 -0.003278997 0.004000016
v -0.011977135 -0.012064337 -0.000999984
v -0.011977134 -0.012064338 -0.012999984
v -0.011780535 0.011695323 -0.000999986
v -0.011780535 0.011695323 0.001000014
v -0.011702202 -0.014442388 0.00491173
v -0.01169532 -0.011780462 -0.000999984
v -0.01169532 -0.011780462 0.001000016
v -0.011678367 0.015616268 0.004000014
v -0.011678366 0.015616268 0.001000014
v -0.011661686 -0.014458441 0.001000017
v -0.011603117 0.01151919 -0.01364998
v -0.011603116 0.011519188 -0.030499987
v -0.011567633 0.011483973 -0.000919603
v -0.011567633 0.011483974 0.000919631
v -0.011519183 -0.011603051 -0.030499985
v -0.011519183 -0.01160305 -0.013649978
v -0.011483959 -0.011567557 -0.0009196
v -0.011483959 -0.011567556 0.000919633
v -0.011414962 0.015757488 0.001000014
v -0.01141178 0.011329249 -0.000699998
v -0.01141178 0.01132925 0.000699996
v -0.011354731 0.011272609 -0.00039998
v -0.011354731 0.011272609 0.000400008
v -0.011329231 -0.011411703 -0.000699996
v -0.011329231 -0.011411703 0.000699998
v -0.011315318 0.014636104 0.005000014
v -0.011272598 -0.011354666 -0.000399978
v -0.011272598 -0.011354666 0.00040001
v -0.011241691 0.015802196 0.004107161
v -0.011208767 -0.014717779 0.005000017
v -0.011121588 0.01581454 0.001000014
v -0.010893445 0.010814659 -0.031499987
v -0.010868499 -0.015047475 0.004937914
v -0.010838367 -0.01508547 0.001000017
v -0.010824454 0.015782375 0.001000014
v -0.010824454 0.015782375 0.004362349
v -0.01081465 -0.01089338 -0.031499985
v -0.01063548 0.002808467 -0.001499985
v -0.010626648 -0.015424581 0.004769182
v -0.010614812 -0.002885519 -0.001499984
v -0.010438675 -0.01604006 0.004362352
v -0.010438674 -0.01604006 0.001000017
v -0.010354694 -0.016326895 0.001000017
v -0.010297317 -0.016433126 0.004107164
v -0.010189704 -0.016576086 0.001000017
v -0.01018389 0.015720501 0.004769179
v -0.009958438 -0.016765402 0.001000017
v -0.009958438 -0.016765402 0.004000017
v -0.009935396 0.009863535 -0.009499986
v -0.009935396 0.009863535 -0.007499986
v -0.009863529 -0.009935324 -0.009499984
v -0.009863529 -0.009935324 -0.007499984
v -0.009789569 0.015786327 0.001000014
v -0.009742938 0.015799633 0.004937911
v -0.009580561 0.009511272 0.005000015
v -0.009511261 -0.009580495 0.005000017
v -0.009308127 0.015987835 0.005000014
v -0.009225725 0.009159006 -0.009499986
v -0.009225724 0.009159004 -0.031499987
v -0.009191814 -0.016054906 0.005000017
v -0.009158992 -0.009225656 -0.031499985
v -0.009158992 -0.009225653 -0.009499984
v -0.009033668 -0.017281256 0.001000017
v -0.009033668 -0.017281255 0.004000017
v -0.008895209 0.016307033 0.001000014
v -0.008870894 0.008806728 0.004000015
v -0.008870893 0.008806728 1.4e-08
v -0.008864863 0.016338314 0.004911727
v -0.008806725 -0.008870824 1.6e-08
v -0.008806725 -0.008870824 0.004000016
v -0.008556483 0.016762371 0.004680129
v -0.008380839 0.017205044 0.001000014
v -0.008380839 0.017205044 0.004362349
v -0.00826213 0.01747932 0.001000014
v -0.008174529 0.017598797 0.004095412
v -0.008082263 -0.01774616 0.001000017
v -0.008082263 -0.01774616 0.004000017
v -0.008067664 0.01770628 0.001000014
v -0.007814815 0.017865627 0.004000014
v -0.007814814 0.017865627 0.001000014
v -0.007806387 0.007749934 -0.001499985
v -0.00774992 -0.00780631 -0.001499984
v -0.007141669 0.017066006 0.005000014
v -0.007107021 -0.018158727 0.004000017
v -0.00710702 -0.018158727 0.001000017
v -0.007017589 -0.017117315 0.005000017
v -0.006833487 0.0182635 0.001000014
v -0.006833487 0.018263501 0.004000014
v -0.006815555 -0.018224844 0.001000017
v -0.006663985 -0.018224401 0.004095415
v -0.006517566 -0.018201864 0.001000017
v -0.006239677 -0.018091863 0.004362353
v -0.006239676 -0.018091863 0.001000017
v -0.005832011 0.01860751 0.001000014
v -0.005832011 0.01860751 0.004000014
v -0.005802463 -0.017903035 0.004680132
v -0.005423943 -0.000956274 -0.007499985
v -0.005423943 -0.000956273 -0.001499984
v -0.005422062 -0.001473898 -0.007499985
v -0.005422062 -0.001473897 -0.001499984
v -0.005284549 -0.017821248 0.00491173
v -0.005240973 -0.017820577 0.001000017
v -0.005166753 -0.000507039 -0.001499985
v -0.005166752 -0.00050704 -0.007499985
v -0.005161618 -0.001921255 -0.007499985
v -0.005161618 -0.001921254 -0.001499984
v -0.004853015 0.01785217 0.005000014
v -0.004813334 0.018896664 0.001000014
v -0.004813334 0.018896664 0.004000014
v -0.004723289 -0.017886846 0.005000018
v -0.004719407 -0.000246603 -0.007499985
v -0.004719407 -0.000246602 -0.001499985
v -0.004712395 -0.002178442 -0.007499985
v -0.004712395 -0.002178441 -0.001499984
v -0.00451594 0.018926327 0.001000014
v -0.004459532 0.016404704 -0.012999987
v -0.004459532 0.016404705 -0.000999986
v -0.004354601 0.016018703 -0.000999986
v -0.004354601 0.016018704 0.001000014
v -0.00434032 -0.016436559 -0.000999983
v -0.004340319 -0.016436561 -0.012999983
v -0.004338748 0.018901318 0.004107161
v -0.004289018 0.015777459 -0.030499987
v -0.004289018 0.015777461 -0.013649981
v -0.004282752 -0.018061238 0.004937914
v -0.004275904 0.015729214 -0.000919603
v -0.004275904 0.015729214 0.000919631
v -0.00424471 0.003509455 -0.007499985
v -0.00424471 0.003509456 -0.001499985
v -0.004242829 0.002991831 -0.007499985
v -0.004242829 0.002991832 -0.001499985
v -0.004240374 -0.018084798 0.001000017
v -0.004238196 -0.016049825 -0.000999983
v -0.004238196 -0.016049825 0.001000017
v -0.004223059 0.018866772 0.001000014
v -0.004218295 0.015517285 0.000699996
v -0.004218294 0.015517284 -0.000699998
v -0.004201771 -0.000244726 -0.007499985
v -0.004201771 -0.000244725 -0.001499985
v -0.004197207 0.015439724 -0.00039998
v -0.004197207 0.015439724 0.000400008
v -0.00419476 -0.002176565 -0.007499985
v -0.00419476 -0.002176564 -0.001499984
v -0.004174368 -0.015808114 -0.030499984
v -0.004174368 -0.015808112 -0.013649977
v -0.004161605 -0.015759756 -0.0009196
v -0.004161605 -0.015759756 0.000919634
v -0.004105533 -0.01554743 -0.000699995
v -0.004105533 -0.015547429 0.000699999
v -0.00408501 -0.015469701 -0.000399977
v -0.00408501 -0.015469701 0.000400011
v -0.004026696 0.014812478 -0.031499987
v -0.003987519 0.003958689 -0.007499985
v -0.003987519 0.00395869 -0.001499985
v -0.003982385 0.002544475 -0.001499985
v -0.003982384 0.002544474 -0.007499985
v -0.003960856 0.018723339 0.001000014
v -0.003960856 0.01872334 0.004362349
v -0.003919058 -0.014841241 -0.031499984
v -0.003915 -0.018317083 0.004769183
v -0.003747414 -0.001916112 -0.007499985
v -0.003747414 -0.001916112 -0.001499984
v -0.00367256 0.013509761 -0.007499986
v -0.003672559 0.013509761 -0.009499986
v -0.003574386 -0.013535986 -0.009499984
v -0.003574386 -0.013535986 -0.007499983
v -0.003541399 0.013027264 0.005000015
v -0.003540174 0.004219127 -0.001499985
v -0.003540173 0.004219126 -0.007499985
v -0.003533162 0.002287287 -0.007499985
v -0.003533162 0.002287288 -0.001499985
v -0.003505801 -0.018813772 0.001000017
v -0.003505801 -0.018813771 0.004362353
v -0.003446731 -0.013052556 0.005000017
v -0.003410238 0.01254478 -0.009499986
v -0.003410237 0.012544778 -0.031499987
v -0.00339273 0.018421048 0.004769179
v -0.003319076 -0.012569128 -0.009499984
v -0.003319075 -0.01256913 -0.031499985
v -0.003318446 -0.019046636 0.001000018
v -0.003279074 0.012062298 1.4e-08
v -0.003279074 0.012062298 0.004000015
v -0.003224784 -0.019122823 0.004107165
v -0.003191421 -0.012085698 1.7e-08
v -0.003191421 -0.012085698 0.004000017
v -0.003070651 -0.01921372 0.001000018
v -0.003022538 0.004221003 -0.007499985
v -0.003022538 0.004221004 -0.001499985
v -0.003003234 0.01833096 0.001000014
v -0.002955062 0.018325406 0.004937911
v -0.002885591 0.010614818 -0.001499986
v -0.002808452 -0.010635412 -0.001499983
v -0.002784541 -0.01930013 0.001000018
v -0.002784541 -0.01930013 0.004000018
v -0.002573316 0.003963817 -0.001499985
v -0.002573315 0.003963817 -0.007499985
v -0.00248133 0.018332883 0.005000014
v -0.00234817 -0.018350331 0.005000018
v -0.002312871 0.003516475 -0.007499985
v -0.002312871 0.003516475 -0.001499985
v -0.002146122 -0.004210378 -0.007499984
v -0.002146122 -0.004210378 -0.001499984
v -0.002144241 -0.004728017 -0.007499984
v -0.002144241 -0.004728017 -0.001499984
v -0.002087097 -0.004046361 -0.007499984
v -0.002087097 -0.004046361 -0.001499984
v -0.002000492 -0.003895086 -0.007499984
v -0.002000492 -0.003895085 -0.001499984
v -0.00197769 0.018469769 0.001000014
v -0.001937686 0.018487058 0.004911727
v -0.001888931 -0.003761159 -0.007499984
v -0.001888931 -0.003761159 -0.001499984
v -0.001883797 -0.005175359 -0.001499984
v -0.001883796 -0.005175359 -0.007499984
v -0.001732756 -0.019422826 0.001000018
v -0.001732756 -0.019422826 0.004000018
v -0.001490496 0.018760831 0.004680129
v -0.001434574 -0.005432546 -0.007499984
v -0.001434574 -0.005432546 -0.001499984
v -0.00115882 0.019102582 0.001000014
v -0.00115882 0.019102582 0.004362349
v -0.000944182 0.019310559 0.001000014
v -0.000916939 -0.005430669 -0.007499984
v -0.000916939 -0.005430669 -0.001499984
v -0.00081753 0.019387418 0.004095412
v -0.000677668 0.019445813 0.001000014
v -0.00067586 -0.01948824 0.001000018
v -0.00067586 -0.01948824 0.004000018
v -0.000469593 -0.005170232 -0.007499984
v -0.000469593 -0.005170232 -0.001499984
v -0.000383086 0.019496274 0.001000014
v -0.000383086 0.019496274 0.004000014
v -0.000214283 -0.004203374 -0.007499984
v -0.000214283 -0.004203374 -0.001499984
v -0.000212402 -0.004720998 -0.007499984
v -0.000212402 -0.004720998 -0.001499984
v -0.000183392 -0.004374913 -0.001499984
v -0.000183391 -0.004374914 -0.007499984
v -0.000182758 -0.00454923 -0.007499984
v -0.000182758 -0.004549229 -0.001499984
v -6.7183e-05 0.018499921 0.005000014
v 6.7121e-05 -0.018499837 0.005000018
v 0.000182696 0.004549312 -0.001499985
v 0.000182697 0.004549312 -0.007499985
v 0.00018333 0.004374995 -0.007499985
v 0.00018333 0.004374996 -0.001499985
v 0.00021234 0.004721081 -0.001499985
v 0.000212341 0.00472108 -0.007499985
v 0.000214221 0.004203441 -0.007499985
v 0.000214221 0.004203441 -0.001499985
v 0.000383024 -0.01949619 0.001000018
v 0.000383024 -0.01949619 0.004000018
v 0.000469531 0.005170299 -0.007499985
v 0.000469531 0.005170299 -0.001499985
v 0.000675802 0.019488324 0.001000014
v 0.000675802 0.019488324 0.004000014
v 0.000677606 -0.019445745 0.001000018
v 0.000817468 -0.019387334 0.004095416
v 0.000916877 0.005430751 -0.007499985
v 0.000916877 0.005430752 -0.001499985
v 0.00094412 -0.019310475 0.001000018
v 0.001158758 -0.019102498 0.001000018
v 0.001158758 -0.019102498 0.004362353
v 0.001434512 0.005432628 -0.007499985
v 0.001434512 0.005432629 -0.001499985
v 0.001490434 -0.018760747 0.004680133
v 0.001732694 0.01942291 0.001000014
v 0.001732694 0.01942291 0.004000014
v 0.001883735 0.005175441 -0.007499985
v 0.001883735 0.005175442 -0.001499985
v 0.00188887 0.003761241 -0.007499985
v 0.00188887 0.003761242 -0.001499985
v 0.001937623 -0.018486973 0.004911731
v 0.001977628 -0.018469685 0.001000018
v 0.00200043 0.003895168 -0.001499985
v 0.002000431 0.003895168 -0.007499985
v 0.002087035 0.004046444 -0.001499985
v 0.002087036 0.004046443 -0.007499985
v 0.002144179 0.0047281 -0.001499985
v 0.00214418 0.004728099 -0.007499985
v 0.00214606 0.00421046 -0.007499985
v 0.00214606 0.004210461 -0.001499985
v 0.002312809 -0.003516393 -0.007499984
v 0.002312809 -0.003516392 -0.001499984
v 0.002348108 0.018350416 0.005000014
v 0.002481267 -0.018332798 0.005000018
v 0.002628258 -0.004014409 -0.007499984
v 0.002628258 -0.004014408 -0.001499984
v 0.002784479 0.019300214 0.001000014
v 0.002784479 0.019300214 0.004000014
v 0.00280839 0.010635495 -0.001499985
v 0.002885529 -0.010614735 -0.001499983
v 0.002954999 -0.018325322 0.004937915
v 0.003003171 -0.018330876 0.001000018
v 0.003070589 0.019213803 0.001000014
v 0.003169434 -0.004248189 -0.007499984
v 0.003169434 -0.004248188 -0.001499984
v 0.003191359 0.012085782 1.5e-08
v 0.003191359 0.012085782 0.004000015
v 0.003224721 0.019122907 0.004107161
v 0.003279011 -0.012062214 0.004000017
v 0.003279012 -0.012062214 1.7e-08
v 0.003318388 0.01904672 0.001000014
v 0.003319014 0.01256921 -0.009499986
v 0.003319015 0.012569208 -0.031499987
v 0.003392667 -0.018420964 0.004769183
v 0.003410177 -0.0125447 -0.031499984
v 0.003410177 -0.012544698 -0.009499983
v 0.003446669 0.01305264 0.005000015
v 0.003505739 0.018813855 0.001000014
v 0.003505739 0.018813856 0.004362349
v 0.0035331 -0.002287206 -0.007499984
v 0.0035331 -0.002287205 -0.001499984
v 0.003541337 -0.013027195 0.005000017
v 0.003574324 0.013536068 -0.009499986
v 0.003574324 0.013536068 -0.007499986
v 0.003672498 -0.013509679 -0.009499983
v 0.003672498 -0.013509679 -0.007499983
v 0.003747352 0.001916194 -0.007499985
v 0.003747352 0.001916195 -0.001499984
v 0.003748264 -0.004136479 -0.001499984
v 0.003748265 -0.004136479 -0.007499984
v 0.003914938 0.018317167 0.004769179
v 0.003918998 0.014841318 -0.031499987
v 0.003960798 -0.018723256 0.001000018
v 0.003960798 -0.018723255 0.004362353
v 0.004026637 -0.014812401 -0.031499984
v 0.00403339 -0.002599034 -0.007499984
v 0.00403339 -0.002599033 -0.001499984
v 0.004084948 0.015469785 -0.00039998
v 0.004084948 0.015469785 0.000400008
v 0.004105471 0.015547498 -0.000699998
v 0.004105471 0.015547498 0.000699996
v 0.004161543 0.015759839 -0.000919602
v 0.004161543 0.015759839 0.000919631
v 0.004163593 -0.003718128 -0.001499984
v 0.004163594 -0.003718129 -0.007499984
v 0.004174307 0.015808177 -0.01364998
v 0.004174308 0.015808176 -0.030499987
v 0.004197145 -0.015439641 -0.000399977
v 0.004197145 -0.015439641 0.000400011
v 0.004201709 0.000244808 -0.001499984
v 0.00420171 0.000244808 -0.007499985
v 0.004218232 -0.015517216 -0.000699995
v 0.004218232 -0.015517216 0.000699999
v 0.004222997 -0.018866688 0.001000018
v 0.004238134 0.016049893 -0.000999986
v 0.004238134 0.016049893 0.001000014
v 0.004240312 0.018084882 0.001000014
v 0.004267543 0.002193539 -0.001499984
v 0.004267544 0.002193538 -0.007499985
v 0.004271088 -0.003138493 -0.007499984
v 0.004271088 -0.003138493 -0.001499984
v 0.004275842 -0.01572913 -0.000919599
v 0.004275842 -0.01572913 0.000919634
v 0.00428269 0.018061323 0.004937911
v 0.004288957 -0.01577738 -0.013649977
v 0.004288958 -0.015777382 -0.030499984
v 0.004338685 -0.018901234 0.004107165
v 0.004340258 0.016436641 -0.012999986
v 0.004340258 0.016436643 -0.000999986
v 0.004354539 -0.016018635 -0.000999983
v 0.004354539 -0.016018635 0.001000018
v 0.00445947 -0.016404622 -0.000999983
v 0.004459471 -0.016404623 -0.012999983
v 0.004515878 -0.018926243 0.001000018
v 0.004723226 0.01788693 0.005000014
v 0.004790725 0.000268978 -0.001499984
v 0.004790726 0.000268978 -0.007499984
v 0.004813272 -0.01889658 0.001000018
v 0.004813272 -0.01889658 0.004000018
v 0.004852952 -0.017852085 0.005000018
v 0.004853584 0.002129665 -0.007499985
v 0.004853584 0.002129666 -0.001499984
v 0.005240911 0.017820661 0.001000014
v 0.005263771 0.000620769 -0.007499984
v 0.005263771 0.00062077 -0.001499984
v 0.005284486 0.017821333 0.004911727
v 0.005301807 0.001746761 -0.007499985
v 0.005301807 0.001746762 -0.001499984
v 0.005456451 0.001177898 -0.007499985
v 0.005456451 0.001177899 -0.001499984
v 0.0058024 0.01790312 0.004680129
v 0.005831949 -0.018607426 0.001000018
v 0.005831949 -0.018607426 0.004000018
v 0.006239614 0.018091947 0.001000014
v 0.006239614 0.018091947 0.00436235
v 0.006517504 0.018201948 0.001000014
v 0.006663923 0.018224485 0.004095412
v 0.006815492 0.018224912 0.001000014
v 0.006833425 -0.018263417 0.001000018
v 0.006833425 -0.018263416 0.004000018
v 0.007017526 0.017117399 0.005000015
v 0.007106958 0.018158811 0.001000014
v 0.007106958 0.018158811 0.004000014
v 0.007141607 -0.017065922 0.005000018
v 0.007749858 0.007806393 -0.001499985
v 0.007806325 -0.007749851 -0.001499983
v 0.007814752 -0.017865544 0.001000018
v 0.007814752 -0.017865543 0.004000018
v 0.008067602 -0.017706196 0.001000018
v 0.008082201 0.017746244 0.001000014
v 0.008082201 0.017746244 0.004000014
v 0.008174467 -0.017598713 0.004095416
v 0.008262067 -0.017479237 0.001000018
v 0.008380777 -0.01720496 0.001000018
v 0.008380777 -0.01720496 0.004362353
v 0.008556421 -0.016762287 0.004680133
v 0.008806662 0.008870908 0.004000015
v 0.008806663 0.008870908 1.5e-08
v 0.008864801 -0.01633823 0.004911731
v 0.008870831 -0.00880666 1.7e-08
v 0.008870831 -0.008806659 0.004000017
v 0.008895147 -0.01630695 0.001000018
v 0.009033606 0.017281339 0.001000014
v 0.009033606 0.01728134 0.004000015
v 0.009158927 0.009225735 -0.009499985
v 0.009158928 0.009225733 -0.031499986
v 0.009191755 0.016054976 0.005000015
v 0.009225663 -0.009158925 -0.009499983
v 0.009225664 -0.009158927 -0.031499985
v 0.009308061 -0.015987751 0.005000018
v 0.009511199 0.009580564 0.005000015
v 0.009580498 -0.009511188 0.005000017
v 0.009742875 -0.015799549 0.004937915
v 0.009789506 -0.015786243 0.001000018
v 0.009863464 0.009935406 -0.009499985
v 0.009863464 0.009935406 -0.007499985
v 0.009935334 -0.009863453 -0.007499983
v 0.009935335 -0.009863454 -0.009499983
v 0.009958372 0.016765485 0.001000014
v 0.009958372 0.016765486 0.004000015
v 0.010183832 -0.015720417 0.004769183
v 0.010189642 0.01657617 0.001000015
v 0.010297255 0.016433195 0.004107162
v 0.010354635 0.016326963 0.001000015
v 0.010438612 0.016040144 0.001000015
v 0.010438612 0.016040144 0.00436235
v 0.010614746 0.002885602 -0.001499984
v 0.010626585 0.015424666 0.00476918
v 0.010635414 -0.002808383 -0.001499984
v 0.010814591 0.010893458 -0.031499986
v 0.010824388 -0.015782291 0.001000018
v 0.010824388 -0.015782291 0.004362353
v 0.010838309 0.015085539 0.001000015
v 0.010868437 0.01504756 0.004937912
v 0.010893389 -0.010814582 -0.031499984
v 0.011121523 -0.015814472 0.001000018
v 0.011208708 0.014717863 0.005000015
v 0.011241624 -0.015802112 0.004107165
v 0.011272536 0.011354749 -0.000399979
v 0.011272536 0.011354749 0.000400009
v 0.011315255 -0.01463602 0.005000018
v 0.011329169 0.011411786 -0.000699997
v 0.011329169 0.011411787 0.000699997
v 0.011354669 -0.011272526 -0.000399977
v 0.011354669 -0.011272525 0.000400011
v 0.011411714 -0.011329166 -0.000699995
v 0.011411714 -0.011329166 0.000699999
v 0.011414896 -0.015757404 0.001000018
v 0.011483893 0.01156764 -0.000919602
v 0.011483893 0.01156764 0.000919632
v 0.011519126 0.01160313 -0.01364998
v 0.011519127 0.011603129 -0.030499986
v 0.011567575 -0.01148389 -0.000919599
v 0.011567575 -0.01148389 0.000919634
v 0.011603052 -0.011519109 -0.013649977
v 0.011603053 -0.011519111 -0.030499984
v 0.01166162 0.014458524 0.001000015
v 0.011678308 -0.015616184 0.001000018
v 0.011678308 -0.015616184 0.004000018
v 0.011695258 0.011780546 -0.000999985
v 0.011695258 0.011780546 0.001000015
v 0.011702139 0.014442457 0.004911728
v 0.011780473 -0.011695255 -0.000999983
v 0.011780473 -0.011695255 0.001000017
v 0.011977073 0.012064404 -0.012999986
v 0.011977073 0.012064405 -0.000999985
v 0.012062217 0.003279081 1.6e-08
v 0.012062217 0.003279081 0.004000016
v 0.01206434 -0.011977071 -0.012999983
v 0.01206434 -0.01197707 -0.000999983
v 0.012085709 -0.003191348 1.7e-08
v 0.012085709 -0.003191348 0.004000017
v 0.012211928 0.014319838 0.00468013
v 0.01250879 -0.014959216 0.004000018
v 0.012508791 -0.014959217 0.001000018
v 0.012544708 0.003410244 -0.009499985
v 0.012544709 0.003410242 -0.031499986
v 0.012569138 -0.003319004 -0.009499984
v 0.012569139 -0.003319006 -0.031499985
v 0.012688116 0.014326964 0.00436235
v 0.012688117 0.014326963 0.001000015
v 0.012986952 0.014322264 0.001000015
v 0.013027198 0.00354141 0.005000016
v 0.013033873 0.01312892 0.005000015
v 0.013052567 -0.003446658 0.005000017
v 0.013128839 -0.013033862 0.005000018
v 0.01313085 0.014287047 0.004095413
v 0.013271048 0.014229444 0.001000015
v 0.013302385 -0.014258136 0.001000018
v 0.013302385 -0.014258136 0.004000018
v 0.013509689 0.003672573 -0.009499985
v 0.013509689 0.003672574 -0.007499984
v 0.013515028 0.014056822 0.004000015
v 0.013515029 0.014056822 0.001000015
v 0.013535996 -0.003574314 -0.009499984
v 0.013535996 -0.003574314 -0.007499984
v 0.014056749 -0.013515018 0.001000018
v 0.014056749 -0.013515018 0.004000018
v 0.014229372 -0.013271045 0.001000018
v 0.014258155 0.013302458 0.001000015
v 0.014258155 0.013302458 0.004000015
v 0.014286973 -0.013130847 0.004095416
v 0.014308916 -0.01242731 0.001000018
v 0.014322183 -0.012986942 0.001000018
v 0.014325105 -0.0121664 0.001000018
v 0.014326898 -0.012688114 0.001000018
v 0.014326898 -0.012688113 0.004362353
v 0.014375184 -0.011909824 0.001000018
v 0.014375184 -0.011909823 0.004832079
v 0.014636031 0.011315337 0.005000015
v 0.014717668 -0.01120885 0.001000017
v 0.01471779 -0.011208697 0.005000018
v 0.014812417 0.004026697 -0.031499986
v 0.014841257 -0.003918982 -0.031499985
v 0.014959227 0.012508863 0.001000015
v 0.014959227 0.012508864 0.004000015
v 0.015047486 -0.010868426 0.004937914
v 0.015302285 -0.010692248 0.001000017
v 0.015424592 -0.010626574 0.004769183
v 0.015439651 0.004197217 -0.000399978
v 0.015439651 0.004197218 0.00040001
v 0.015469712 -0.004084933 -0.000399977
v 0.015469712 -0.004084933 0.000400011
v 0.015517219 0.004218305 -0.000699996
v 0.015517219 0.004218305 0.000699998
v 0.015547433 -0.004105456 -0.000699996
v 0.015547433 -0.004105456 0.000699998
v 0.015616195 0.011678373 0.001000015
v 0.015616195 0.011678374 0.004000015
v 0.015720427 0.010183897 0.004769181
v 0.015729141 0.004275907 -0.000919601
v 0.015729141 0.004275907 0.000919633
v 0.015757407 0.011414976 0.001000015
v 0.015759774 -0.004161532 -0.0009196
v 0.015759774 -0.004161532 0.000919633
v 0.01577739 0.004289028 -0.013649979
v 0.015777391 0.004289027 -0.030499986
v 0.015782294 0.010824461 0.001000015
v 0.015782294 0.010824461 0.004362351
v 0.015786262 0.009789579 0.001000015
v 0.01579956 0.009742949 0.004937912
v 0.015802115 0.011241698 0.004107163
v 0.015808114 -0.004174305 -0.013649978
v 0.015808115 -0.004174307 -0.030499985
v 0.015814475 0.011121595 0.001000015
v 0.015987762 0.009308134 0.005000016
v 0.016018638 0.004354612 -0.000999984
v 0.016018638 0.004354612 0.001000016
v 0.016040071 -0.010438602 0.001000017
v 0.016040071 -0.010438601 0.004362353
v 0.016049828 -0.004238131 -0.000999983
v 0.016049828 -0.004238131 0.001000017
v 0.01605491 -0.009191744 0.005000017
v 0.016306953 0.008895216 0.001000016
v 0.016326898 -0.010354617 0.001000017
v 0.016338241 0.008864882 0.004911728
v 0.016404632 0.004459547 -0.000999984
v 0.016404633 0.004459545 -0.012999985
v 0.016433129 -0.010297244 0.004107165
v 0.01643657 -0.004340244 -0.012999984
v 0.01643657 -0.004340243 -0.000999983
v 0.016576097 -0.010189624 0.001000017
v 0.016762298 0.008556486 0.00468013
v 0.016765412 -0.009958361 0.004000018
v 0.016765413 -0.009958362 0.001000017
v 0.017065933 0.007141676 0.005000016
v 0.017117326 -0.007017519 0.005000017
v 0.017204971 0.008380857 0.001000016
v 0.017204971 0.008380858 0.004362351
v 0.017281274 -0.009033603 0.001000017
v 0.017281274 -0.009033602 0.004000017
v 0.017479255 0.008262144 0.001000016
v 0.017598724 0.008174544 0.004095414
v 0.017706207 0.008067671 0.001000016
v 0.017746171 -0.008082186 0.001000017
v 0.017746171 -0.008082186 0.004000017
v 0.017820588 -0.005240893 0.001000017
v 0.017821252 -0.005284472 0.00491173
v 0.017852096 0.004853026 0.005000016
v 0.017865554 0.007814833 0.001000016
v 0.017865554 0.007814833 0.004000016
v 0.017886857 -0.004723223 0.001000017
v 0.017886857 -0.004723223 0.005000017
v 0.017890511 -0.005758105 0.001000017
v 0.017903046 -0.005802386 0.004680132
v 0.018061242 -0.004282686 0.004937914
v 0.018084809 -0.004240298 0.001000017
v 0.018091866 -0.006239611 0.001000017
v 0.018091866 -0.006239611 0.004362352
v 0.01815873 -0.007106951 0.004000017
v 0.018158731 -0.007106951 0.001000017
v 0.018201875 -0.006517489 0.001000017
v 0.018224412 -0.006663912 0.004095415
v 0.018224847 -0.006815478 0.001000017
v 0.018263427 0.006833494 0.001000016
v 0.018263427 0.006833495 0.004000016
v 0.018317093 -0.003914934 0.004769182
v 0.018332787 0.002481535 0.001000016
v 0.018332817 0.002481337 0.005000016
v 0.018350342 -0.002348101 0.005000017
v 0.018381027 0.003260206 0.001000016
v 0.018381027 0.003260207 0.004832078
v 0.018400964 -0.003825045 0.001000017
v 0.018464142 0.003508055 0.001000016
v 0.018486984 0.001937697 0.004911729
v 0.018499848 6.7198e-05 0.005000017
v 0.01857888 0.003742948 0.001000016
v 0.018586136 0.00174365 0.001000016
v 0.018607444 0.005832014 0.004000016
v 0.018607445 0.005832014 0.001000016
v 0.018723266 0.003960875 0.004362351
v 0.018723267 0.003960875 0.001000016
v 0.01876075 0.001490507 0.004680131
v 0.018795463 0.004069822 0.001000016
v 0.018813782 -0.003505724 0.001000017
v 0.018813782 -0.003505724 0.004362352
v 0.018852829 0.004187269 0.001000016
v 0.018894386 0.004311201 0.001000016
v 0.018894386 0.004311201 0.004119981
v 0.018896583 0.004813337 0.001000016
v 0.018896583 0.004813338 0.004000016
v 0.018923576 0.004477644 0.001000016
v 0.018924316 0.004646635 0.001000016
v 0.019020196 -0.003346072 0.001000017
v 0.019102516 0.001158827 0.001000016
v 0.019102516 0.001158827 0.004362352
v 0.019105179 -0.003248537 0.004120592
v 0.019178269 -0.003138445 0.001000017
v 0.019277245 -0.00289699 0.001000017
v 0.019277245 -0.00289699 0.004006273
v 0.019286309 -0.002859774 0.001000017
v 0.019293946 -0.002822253 0.001000017
v 0.019300141 -0.002784472 0.001000017
v 0.019300141 -0.002784472 0.004000017
v 0.019310494 0.000944197 0.001000016
v 0.019387345 0.000817534 0.004095415
v 0.019422837 -0.001732683 0.001000017
v 0.019422837 -0.001732683 0.004000017
v 0.019445748 0.000677671 0.001000016
v 0.019488251 -0.000675783 0.001000017
v 0.019488251 -0.000675783 0.004000017
v 0.019496208 0.000383101 0.004000017
v 0.019496209 0.0003831 0.001000016
v -0.135835985 -0.125010965 -0.004999978
v -0.135835985 -0.125010964 -0.002999977
v -0.135815699 -0.125300119 -0.004999977
v -0.135815699 -0.125300118 -0.002999977
v -0.135713335 -0.125571305 -0.004999977
v -0.135713335 -0.125571305 -0.002999977
v -0.135537493 -0.125801736 -0.004999977
v -0.135537493 -0.125801736 -0.002999977
v -0.135505213 -0.120632089 -0.004999978
v -0.135505213 -0.120632088 -0.002999978
v -0.135460963 -0.12040416 -0.004999978
v -0.135460963 -0.12040416 -0.002999978
v -0.135365344 -0.120192574 -0.004999978
v -0.135365344 -0.120192574 -0.002999978
v -0.135223506 -0.120008752 -0.004999978
v -0.135223506 -0.120008752 -0.002999978
v -0.135130969 -0.120123604 0.005716758
v -0.135115474 -0.119993996 0.001000022
v -0.135115473 -0.119993996 -0.002999978
v -0.135112399 -0.120252801 -0.002999978
v -0.135112399 -0.1202528 0.001000022
v -0.134988734 -0.119768334 -0.002999978
v -0.134988734 -0.119768334 0.001000022
v -0.134988734 -0.119768333 0.005700004
v -0.134983927 -0.124105958 -0.004999978
v -0.134983927 -0.124105958 -0.002999977
v -0.134980342 -0.120475396 -0.002999978
v -0.134980342 -0.120475395 0.001000022
v -0.134980342 -0.120475395 0.005757164
v -0.134977785 -0.124623559 -0.004999978
v -0.134977785 -0.124623559 -0.002999977
v -0.134730448 -0.123654634 -0.004999978
v -0.134730448 -0.123654633 -0.002999978
v -0.134713663 -0.125068742 -0.004999977
v -0.134713663 -0.125068742 -0.002999977
v -0.134285265 -0.123390511 -0.004999978
v -0.134285265 -0.123390511 -0.002999978
v -0.134262331 -0.125322221 -0.004999977
v -0.134262331 -0.125322221 -0.002999977
v -0.133984179 -0.119980568 0.000100028
v -0.133984179 -0.119980568 0.001000022
v -0.133981105 -0.120239372 0.000100028
v -0.133981105 -0.120239372 0.001000022
v -0.133971202 -0.119983879 5.001e-05
v -0.133968211 -0.120235749 5.001e-05
v -0.133935733 -0.119992935 1.342e-05
v -0.133932971 -0.120225853 1.342e-05
v -0.133887286 -0.120005303 2.2e-08
v -0.133884829 -0.120212342 2.2e-08
v -0.13385744 -0.119754906 0.000100028
v -0.13385744 -0.119754906 0.001000022
v -0.133849047 -0.12046196 0.000100028
v -0.133849047 -0.12046196 0.001000022
v -0.133847857 -0.119764267 5.001e-05
v -0.133839686 -0.120452378 5.001e-05
v -0.133821666 -0.119789841 1.342e-05
v -0.133814112 -0.120426186 1.342e-05
v -0.133785899 -0.119824768 2.2e-08
v -0.133779177 -0.120390419 2.2e-08
v -0.133767664 -0.123384362 -0.004999978
v -0.133767664 -0.123384362 -0.002999977
v -0.13374473 -0.125316079 -0.004999977
v -0.13374473 -0.125316079 -0.002999977
v -0.133716013 -0.120270425 -0.004899972
v -0.133716013 -0.120270424 -0.004099984
v -0.133702715 -0.120268807 -0.00494999
v -0.133702715 -0.120268807 -0.004049996
v -0.133680407 -0.119718125 -0.004999978
v -0.133680407 -0.119718125 -0.003999978
v -0.133671191 -0.12049453 -0.004999978
v -0.133671191 -0.12049453 -0.003999978
v -0.133666384 -0.120264382 -0.004986581
v -0.133666384 -0.120264382 -0.004013375
v -0.133616747 -0.12025834 -0.004999978
v -0.133616747 -0.12025834 -0.003999978
v -0.133607173 -0.119501633 -0.004899972
v -0.133607173 -0.119501633 -0.004099984
v -0.133594851 -0.119506882 -0.00494999
v -0.133594851 -0.119506882 -0.004049996
v -0.133561167 -0.119521218 -0.004986581
v -0.133561167 -0.119521218 -0.004013375
v -0.133515162 -0.119540803 -0.004999978
v -0.133515162 -0.119540803 -0.003999978
v -0.133425883 -0.120990639 -0.004899972
v -0.133425883 -0.120990639 -0.004099984
v -0.133415171 -0.120982583 -0.00494999
v -0.133415171 -0.120982583 -0.004049996
v -0.13338592 -0.120960587 -0.004986581
v -0.13338592 -0.120960587 -0.004013375
v -0.133345957 -0.120930535 -0.004999978
v -0.133345957 -0.120930535 -0.003999978
v -0.133316332 -0.123637841 -0.004999978
v -0.133316332 -0.123637841 -0.002999977
v -0.133300189 -0.119041131 -0.004999978
v -0.133300189 -0.119041131 -0.003999978
v -0.133299547 -0.125051957 -0.004999977
v -0.133299547 -0.125051957 -0.002999977
v -0.133275004 -0.121162301 -0.004999978
v -0.133275004 -0.121162301 -0.003999978
v -0.133254824 -0.11972596 -0.004999978
v -0.133219683 -0.120209992 -0.003999978
v -0.133219683 -0.120209991 0.003900016
v -0.133214961 -0.119856835 -0.004999978
v -0.133206385 -0.120208374 0.003950004
v -0.133204897 -0.119728631 -0.004986581
v -0.133201243 -0.119600083 -0.004999978
v -0.133174998 -0.119826783 -0.004986581
v -0.133170047 -0.120203949 0.003986625
v -0.133168345 -0.119730584 -0.00494999
v -0.133164706 -0.119634217 -0.004986581
v -0.133154971 -0.119731293 -0.004899972
v -0.133154971 -0.119731293 -0.00419999
v -0.13314712 -0.119697464 -0.003999978
v -0.13314712 -0.119697464 0.003900016
v -0.133145739 -0.11980478 -0.00494999
v -0.133144869 -0.120654206 -0.004999978
v -0.133137965 -0.119659211 -0.00494999
v -0.133135035 -0.119796731 -0.004899972
v -0.133135035 -0.119796731 -0.00419999
v -0.133134791 -0.119702713 0.003950004
v -0.133130358 -0.120551697 -0.004999978
v -0.13312852 -0.118890259 -0.004899972
v -0.13312852 -0.118890259 -0.004099984
v -0.133128176 -0.119668358 -0.004899972
v -0.133128176 -0.119668358 -0.00419999
v -0.133120471 -0.118900971 -0.00494999
v -0.133120471 -0.118900971 -0.004049996
v -0.133120417 -0.120197906 0.004000023
v -0.133106181 -0.120750237 -0.004999978
v -0.133101115 -0.119717048 0.003986625
v -0.133099047 -0.119866524 -0.003999978
v -0.133099047 -0.119866524 0.001000022
v -0.133098467 -0.118930222 -0.004986581
v -0.133098467 -0.118930222 -0.004013375
v -0.133095232 -0.120648163 -0.004986581
v -0.133093516 -0.120332367 -0.003999978
v -0.133093516 -0.120332367 0.001000022
v -0.133084353 -0.120571282 -0.004986581
v -0.133079279 -0.119538094 -0.004999978
v -0.133073237 -0.119587731 -0.004986581
v -0.133068812 -0.119624062 -0.00494999
v -0.133068423 -0.118970185 -0.004999978
v -0.133068423 -0.118970185 -0.003999978
v -0.133067194 -0.119637368 -0.004899972
v -0.133067194 -0.119637368 -0.00419999
v -0.133066218 -0.120720185 -0.004986581
v -0.133058901 -0.120643738 -0.00494999
v -0.13305511 -0.119736633 0.004000023
v -0.13305221 -0.124083024 -0.004999977
v -0.13305221 -0.124083024 -0.002999977
v -0.133050669 -0.120585618 -0.00494999
v -0.133046068 -0.124600633 -0.004999977
v -0.133046068 -0.124600632 -0.002999977
v -0.133045603 -0.120642121 -0.004899972
v -0.133041994 -0.120659173 -0.00419999
v -0.13303834 -0.120590867 -0.004899972
v -0.13303834 -0.120590867 -0.00419999
v -0.133036967 -0.120698189 -0.00494999
v -0.133031496 -0.120100808 -0.004999978
v -0.133026255 -0.120690133 -0.004899972
v -0.133026255 -0.120690133 -0.003999978
v -0.133026255 -0.120690132 0.003900016
v -0.133024668 -0.120814057 -0.004999978
v -0.133015551 -0.120682083 0.003950004
v -0.133010798 -0.120270829 -0.004999978
v -0.133005083 -0.120768052 -0.004986581
v -0.13300088 -0.120713845 -0.00419999
v -0.132991518 -0.12082486 -0.004999978
v -0.132990748 -0.120734368 -0.00494999
v -0.132986293 -0.12066008 0.003986625
v -0.132985499 -0.120722047 -0.004899972
v -0.132980227 -0.120776154 -0.004986581
v -0.132971957 -0.120740502 -0.00494999
v -0.132968928 -0.120727448 -0.004899972
v -0.132957003 -0.120829751 -0.004999978
v -0.132954333 -0.120779816 -0.004986581
v -0.13295238 -0.120743272 -0.00494999
v -0.13295167 -0.12072989 -0.004899972
v -0.13294633 -0.120630035 0.004000023
v -0.132935473 -0.120062119 -0.004899972
v -0.132935473 -0.120062119 -0.00419999
v -0.132934245 -0.120729302 -0.004899972
v -0.132934245 -0.120729302 -0.00419999
v -0.132932627 -0.1207426 -0.00494999
v -0.132928202 -0.120778931 -0.004986581
v -0.13292216 -0.120828568 -0.004999978
v -0.132908289 -0.120285348 -0.004899972
v -0.132908289 -0.120285348 -0.00419999
v -0.132870921 -0.119460328 -0.003999978
v -0.132870921 -0.119460327 0.001000022
v -0.132855807 -0.120733033 -0.003999978
v -0.132855807 -0.120733032 0.001000022
v -0.132832591 -0.11993454 2.2e-08
v -0.132832591 -0.11993454 0.001000022
v -0.132828753 -0.120258041 2.2e-08
v -0.132828753 -0.120258041 0.001000022
v -0.132828021 -0.119289887 -0.003999978
v -0.132828021 -0.119289886 0.003900016
v -0.132819964 -0.11930059 0.003950004
v -0.132814509 -0.121469292 -0.004899972
v -0.132814509 -0.121469292 -0.004099984
v -0.13280926 -0.121456963 -0.00494999
v -0.13280926 -0.121456963 -0.004049996
v -0.132797969 -0.119329841 0.003986625
v -0.132794924 -0.121423287 -0.004986581
v -0.132794924 -0.121423287 -0.004013375
v -0.132776263 -0.119501206 -0.004999978
v -0.132775339 -0.121377282 -0.004999978
v -0.132775339 -0.121377282 -0.003999978
v -0.132767917 -0.119369804 0.004000022
v -0.132737582 -0.11959723 -0.004899972
v -0.132737582 -0.119597229 -0.00419999
v -0.132674166 -0.119652466 2.2e-08
v -0.132674166 -0.119652466 0.001000022
v -0.132663676 -0.120536285 2.2e-08
v -0.132663676 -0.120536285 0.001000022
v -0.132639369 -0.119398263 -0.004999978
v -0.132632411 -0.118644951 -0.004999978
v -0.132632411 -0.118644951 -0.003999978
v -0.132619143 -0.120791672 -0.004999978
v -0.132618678 -0.121009239 0.003900017
v -0.132618677 -0.12100924 -0.003999978
v -0.132613429 -0.12099691 0.003950004
v -0.132604632 -0.120689164 -0.004899972
v -0.132604632 -0.120689164 -0.00419999
v -0.132599093 -0.120963234 0.003986625
v -0.132598017 -0.121542527 -0.004999978
v -0.132598017 -0.121542527 -0.003999978
v -0.132579509 -0.120917228 0.004000023
v -0.132557856 -0.119462082 -0.004899972
v -0.132557856 -0.119462082 -0.00419999
v -0.132519808 -0.119117394 -0.004999978
v -0.132473803 -0.119136979 -0.004986581
v -0.132470256 -0.119222618 0.001000022
v -0.132470255 -0.119222619 -0.003999978
v -0.132461542 -0.120858758 -0.004999978
v -0.13244961 -0.120961167 -0.003999978
v -0.13244961 -0.120961166 0.001000023
v -0.132440127 -0.119151314 -0.00494999
v -0.132427798 -0.119156563 -0.004899972
v -0.132427798 -0.119156563 -0.00419999
v -0.132426409 -0.119017434 -0.004999978
v -0.132408305 -0.118600121 -0.004899972
v -0.132408305 -0.118600121 -0.004099984
v -0.132406687 -0.118613427 -0.00494999
v -0.132406687 -0.118613427 -0.004049996
v -0.13240375 -0.119062005 -0.004986581
v -0.132402262 -0.118649758 -0.004986581
v -0.132402262 -0.118649758 -0.004013375
v -0.132397723 -0.120777238 -0.004899972
v -0.132397723 -0.120777237 -0.00419999
v -0.13239622 -0.118699395 -0.004999978
v -0.13239622 -0.118699395 -0.003999978
v -0.13239593 -0.119487389 2.2e-08
v -0.13239593 -0.119487389 0.001000022
v -0.132395892 -0.119115799 -0.004899972
v -0.132395892 -0.119115799 -0.00419999
v -0.132387171 -0.119094636 -0.00494999
v -0.132381594 -0.12069471 2.2e-08
v -0.132381594 -0.12069471 0.001000022
v -0.132353922 -0.119046822 -0.004986581
v -0.132349497 -0.119083161 -0.00494999
v -0.132347873 -0.119096458 0.003900016
v -0.132347872 -0.119096459 -0.004899972
v -0.132347872 -0.119096459 -0.00419999
v -0.132347872 -0.119096459 -0.003999978
v -0.132346255 -0.119109756 0.003950004
v -0.13234183 -0.119146095 0.003986625
v -0.132335788 -0.119195724 0.004000022
v -0.132310168 -0.119085259 -0.00494999
v -0.132301898 -0.119049607 -0.004986581
v -0.132296626 -0.119103714 -0.004899972
v -0.132296626 -0.119103714 -0.00419999
v -0.132290598 -0.119000901 -0.004999978
v -0.132281237 -0.119111916 -0.004899972
v -0.132281237 -0.119111916 -0.00419999
v -0.132278086 -0.12110273 -0.004999978
v -0.132273936 -0.119100686 -0.00494999
v -0.132267512 -0.119122658 -0.004899972
v -0.132267512 -0.119122658 -0.00419999
v -0.132255862 -0.119135628 -0.004899972
v -0.132255862 -0.119135628 -0.00419999
v -0.132254786 -0.121128663 -0.004999978
v -0.13225397 -0.119070008 -0.004986581
v -0.132250514 -0.118109367 0.000100028
v -0.132250514 -0.118109367 0.001000022
v -0.132248835 -0.118250778 2.2e-08
v -0.132245158 -0.119127572 -0.00494999
v -0.132238123 -0.121072678 -0.004986581
v -0.132227335 -0.121150155 -0.004999978
v -0.132220644 -0.121092133 -0.004986581
v -0.132215899 -0.119105576 -0.004986581
v -0.132208865 -0.121050683 -0.00494999
v -0.132205187 -0.121927475 2.3e-08
v -0.132203509 -0.122068886 0.000100029
v -0.132203509 -0.122068886 0.001000023
v -0.13220006 -0.121108246 -0.004986581
v -0.13219816 -0.121042634 -0.004899972
v -0.13219816 -0.121042634 -0.00419999
v -0.132196566 -0.12116655 -0.004999978
v -0.132195658 -0.121065384 -0.00494999
v -0.13218651 -0.121055596 -0.004899972
v -0.132180094 -0.121077569 -0.00494999
v -0.132176981 -0.121120545 -0.004986581
v -0.132175944 -0.119075524 -0.004999978
v -0.132172785 -0.121066346 -0.004899972
v -0.132162646 -0.121086869 -0.00494999
v -0.132157404 -0.12107454 -0.004899972
v -0.132140826 -0.121079941 -0.00419999
v -0.132118235 -0.120982528 0.004000023
v -0.132112193 -0.121032165 0.003986625
v -0.132107768 -0.121068496 0.003950004
v -0.13210615 -0.121081795 -0.004899972
v -0.13210615 -0.121081795 -0.003999978
v -0.13210615 -0.121081794 0.003900017
v -0.132104533 -0.121095093 -0.00494999
v -0.132100107 -0.121131432 -0.004986581
v -0.132094065 -0.121181061 -0.004999978
v -0.132072924 -0.121071679 -0.00419999
v -0.132072428 -0.119483543 2.2e-08
v -0.132072428 -0.119483543 0.001000022
v -0.132058138 -0.121062455 -0.004899972
v -0.132058093 -0.120690872 2.2e-08
v -0.132058093 -0.120690872 0.001000022
v -0.132057802 -0.121478867 -0.004999978
v -0.132057802 -0.121478867 -0.003999978
v -0.1320563 -0.119401017 -0.004899972
v -0.1320563 -0.119401017 -0.00419999
v -0.13205176 -0.121528496 -0.00498658
v -0.13205176 -0.121528496 -0.004013375
v -0.132050082 -0.121073166 -0.00494999
v -0.132047335 -0.121564835 -0.00494999
v -0.132047335 -0.121564835 -0.004049996
v -0.132045718 -0.121578133 -0.004099984
v -0.132045717 -0.121578133 -0.004899972
v -0.132028086 -0.121102418 -0.004986581
v -0.132026224 -0.121021699 -0.004899972
v -0.132026224 -0.121021698 -0.00419999
v -0.132013895 -0.121026948 -0.00494999
v -0.132004412 -0.119217095 -0.003999978
v -0.132004412 -0.119217094 0.001000022
v -0.131998034 -0.12114238 -0.004999978
v -0.13199248 -0.119319497 -0.004999978
v -0.131983775 -0.120955636 -0.003999978
v -0.131983775 -0.120955635 0.001000023
v -0.131980219 -0.121041283 -0.004986581
v -0.131934214 -0.12106086 -0.004999978
v -0.131896174 -0.120716172 -0.004899972
v -0.131896174 -0.120716172 -0.00419999
v -0.131874514 -0.119261032 0.004000023
v -0.131856013 -0.118635735 -0.004999978
v -0.131856013 -0.118635735 -0.003999978
v -0.13185493 -0.119215026 0.003986625
v -0.131849398 -0.11948909 -0.004899972
v -0.131849398 -0.11948909 -0.00419999
v -0.131840594 -0.119181343 0.003950004
v -0.131835345 -0.119169022 -0.003999978
v -0.131835345 -0.119169021 0.003900016
v -0.131834879 -0.119386582 -0.004999978
v -0.131821612 -0.121533303 -0.004999978
v -0.131821612 -0.121533303 -0.003999978
v -0.131814654 -0.120779992 -0.004999978
v -0.131790347 -0.119641968 2.2e-08
v -0.131790347 -0.119641968 0.001000022
v -0.131779856 -0.120525795 2.2e-08
v -0.131779856 -0.120525795 0.001000022
v -0.131716448 -0.120581025 -0.004899972
v -0.131716448 -0.120581025 -0.00419999
v -0.131686106 -0.120808448 0.004000023
v -0.131678683 -0.11880098 -0.004999978
v -0.131678683 -0.11880098 -0.003999978
v -0.131677759 -0.120677056 -0.004999978
v -0.131659098 -0.118754975 -0.004986581
v -0.131659098 -0.118754975 -0.004013375
v -0.131656054 -0.120848411 0.003986625
v -0.131644763 -0.118721291 -0.00494999
v -0.131644763 -0.118721291 -0.004049996
v -0.131639514 -0.118708962 -0.004899972
v -0.131639514 -0.118708962 -0.004099984
v -0.131634059 -0.120877662 0.003950004
v -0.13162601 -0.120888374 0.003900017
v -0.131626009 -0.120888375 -0.003999978
v -0.13162527 -0.119920212 2.2e-08
v -0.13162527 -0.119920212 0.001000022
v -0.131621432 -0.120243713 2.2e-08
v -0.131621432 -0.120243713 0.001000022
v -0.131598216 -0.119445221 -0.003999978
v -0.131598216 -0.119445221 0.001000022
v -0.131583109 -0.120717926 -0.003999978
v -0.131583109 -0.120717926 0.001000023
v -0.131545733 -0.119892914 -0.004899972
v -0.131545733 -0.119892914 -0.00419999
v -0.131531863 -0.119349686 -0.004999978
v -0.13152582 -0.119399323 -0.004986581
v -0.131521395 -0.119435654 -0.00494999
v -0.131519778 -0.11944896 -0.004899972
v -0.131519778 -0.11944896 -0.00419999
v -0.131518557 -0.120116135 -0.004899972
v -0.131518557 -0.120116135 -0.00419999
v -0.131514667 -0.116210792 0.005700004
v -0.131507693 -0.119548225 0.004000023
v -0.13150236 -0.119448365 -0.004899972
v -0.13150236 -0.119448365 -0.00419999
v -0.131485095 -0.119450806 -0.00419999
v -0.131485094 -0.119450806 -0.004899972
v -0.131482073 -0.11943776 -0.00494999
v -0.131473803 -0.1194021 -0.004986581
v -0.131468523 -0.119456215 -0.004899972
v -0.131468523 -0.119456215 -0.00419999
v -0.13146773 -0.119518173 0.003986625
v -0.131445834 -0.119453186 -0.00494999
v -0.131443224 -0.119907425 -0.004999978
v -0.131438479 -0.119496177 0.003950004
v -0.131427768 -0.119488121 0.003900016
v -0.131427767 -0.119488121 -0.004899972
v -0.131427767 -0.119488121 -0.00419999
v -0.131427767 -0.119488121 -0.003999978
v -0.131425867 -0.119422509 -0.004986581
v -0.131422526 -0.120077454 -0.004999978
v -0.131417063 -0.119480072 -0.00494999
v -0.131415682 -0.119587388 -0.004899972
v -0.131415682 -0.119587387 -0.00419999
v -0.131408427 -0.119536141 -0.004899972
v -0.131408427 -0.119536141 -0.00419999
v -0.131403353 -0.119592637 -0.00494999
v -0.131398913 -0.120441627 0.004000023
v -0.131398592 -0.1193806 -0.004999978
v -0.131395129 -0.119534516 -0.00494999
v -0.131387804 -0.119458069 -0.004986581
v -0.131386828 -0.120540894 -0.004899972
v -0.131386828 -0.120540894 -0.00419999
v -0.131385607 -0.121208069 -0.004999978
v -0.131385607 -0.121208069 -0.003999978
v -0.13138521 -0.120554192 -0.00494999
v -0.131380785 -0.120590523 -0.004986581
v -0.131374743 -0.12064016 -0.004999978
v -0.131369677 -0.119606972 -0.004986581
v -0.131360507 -0.119845886 0.001000022
v -0.131360506 -0.119845887 -0.003999978
v -0.13135879 -0.119530091 -0.004986581
v -0.131355555 -0.121248032 -0.00498658
v -0.131355555 -0.121248032 -0.004013375
v -0.131354975 -0.12031173 -0.003999978
v -0.131354975 -0.120311729 0.001000022
v -0.131352908 -0.120461212 0.003986625
v -0.131333613 -0.119980354 0.004000023
v -0.131333559 -0.121277291 -0.00494999
v -0.131333559 -0.121277291 -0.004049996
v -0.131325846 -0.120509903 -0.004899972
v -0.131325846 -0.120509903 -0.00419999
v -0.131325503 -0.121287995 -0.004899972
v -0.131325503 -0.121287995 -0.004099984
v -0.131323672 -0.119626557 -0.004999978
v -0.131319232 -0.120475547 0.003950004
v -0.131318987 -0.120381524 -0.004899972
v -0.131318987 -0.120381524 -0.00419999
v -0.13131637 -0.119489945 -0.004999978
v -0.131316058 -0.120519043 -0.00494999
v -0.131308283 -0.120373475 -0.00494999
v -0.131306903 -0.120480789 0.003900017
v -0.131306902 -0.12048079 -0.003999978
v -0.131299059 -0.120446961 -0.004899972
v -0.131299059 -0.120446961 -0.00419999
v -0.131289316 -0.120544037 -0.004986581
v -0.131285677 -0.120447678 -0.00494999
v -0.131283976 -0.119974304 0.003986625
v -0.131279024 -0.120351471 -0.004986581
v -0.131252779 -0.120578171 -0.004999978
v -0.131249125 -0.120449631 -0.004986581
v -0.131247645 -0.119969886 0.003950004
v -0.131239069 -0.120321427 -0.004999978
v -0.131234347 -0.119968262 -0.003999978
v -0.131234347 -0.119968261 0.003900016
v -0.131199198 -0.120452294 -0.004999978
v -0.131179019 -0.119015953 -0.003999978
v -0.131179018 -0.119015953 -0.004999978
v -0.131153834 -0.121137124 -0.004999978
v -0.131153834 -0.121137123 -0.003999978
v -0.131108073 -0.119247719 -0.004999978
v -0.131108073 -0.119247719 -0.003999978
v -0.13106811 -0.119217667 -0.004986581
v -0.13106811 -0.119217667 -0.004013375
v -0.131038851 -0.119195671 -0.00494999
v -0.131038851 -0.119195671 -0.004049996
v -0.131028147 -0.119187622 -0.004899972
v -0.131028147 -0.119187622 -0.004099984
v -0.13093886 -0.120637459 -0.004999978
v -0.13093886 -0.120637459 -0.003999978
v -0.130892855 -0.120657044 -0.004986581
v -0.130892855 -0.120657044 -0.004013375
v -0.130859179 -0.12067138 -0.00494999
v -0.130859179 -0.120671379 -0.004049996
v -0.13084685 -0.120676621 -0.004899972
v -0.13084685 -0.120676621 -0.004099984
v -0.130837275 -0.119919922 -0.004999978
v -0.130837275 -0.119919922 -0.003999978
v -0.130787646 -0.11991388 -0.004986581
v -0.130787646 -0.11991388 -0.004013375
v -0.130782832 -0.119683731 -0.004999978
v -0.130782832 -0.119683731 -0.003999978
v -0.130773615 -0.120460129 -0.004999978
v -0.130773615 -0.120460129 -0.003999978
v -0.130751307 -0.119909455 -0.00494999
v -0.130751307 -0.119909455 -0.004049996
v -0.130738009 -0.11990783 -0.004899972
v -0.130738009 -0.11990783 -0.004099984
v -0.130674845 -0.119787842 2.2e-08
v -0.130668131 -0.120353485 2.2e-08
v -0.13063991 -0.119752067 1.342e-05
v -0.130632357 -0.12038842 1.342e-05
v -0.130614337 -0.119725876 5.001e-05
v -0.130606173 -0.120413994 5.001e-05
v -0.130604975 -0.119716293 0.000100029
v -0.130604975 -0.119716293 0.001000022
v -0.130596583 -0.120423347 0.000100029
v -0.130596583 -0.120423347 0.001000023
v -0.130569193 -0.119965912 2.2e-08
v -0.130566737 -0.120172951 2.2e-08
v -0.13052106 -0.1199524 1.342e-05
v -0.13051829 -0.120185318 1.342e-05
v -0.130485819 -0.119942505 5.001e-05
v -0.130482829 -0.120194374 5.001e-05
v -0.130473002 -0.124876968 0.001000023
v -0.130473002 -0.124876968 0.005350029
v -0.130473001 -0.124876969 -0.002999977
v -0.130472918 -0.119938888 0.000100029
v -0.130472918 -0.119938888 0.001000022
v -0.130469843 -0.120197685 0.000100029
v -0.130469843 -0.120197685 0.001000023
v -0.130401529 -0.124946762 -0.002999977
v -0.130401529 -0.124946762 0.001000023
v -0.130383364 -0.1249645 0.001001427
v -0.130383364 -0.1249645 0.005351433
v -0.130329905 -0.1250167 0.006500023
v -0.130025644 -0.125313827 0.001601433
v -0.130025644 -0.125313827 0.003701439
v -0.130019793 -0.122524102 -0.00419999
v -0.130019793 -0.122524102 -0.00319999
v -0.130016108 -0.122834664 -0.00419999
v -0.130016108 -0.122834664 -0.00319999
v -0.129867701 -0.122253304 -0.00419999
v -0.129867701 -0.122253304 -0.00319999
v -0.129864862 -0.125470833 -0.001599983
v -0.12985763 -0.123101776 -0.00419999
v -0.12985763 -0.123101776 -0.00319999
v -0.12974505 -0.125587837 -0.002224983
v -0.12974505 -0.125587837 -0.000974983
v -0.129667917 -0.125663154 0.003101433
v -0.129667917 -0.125663154 0.003701439
v -0.129600596 -0.122094834 -0.00419999
v -0.129600596 -0.122094834 -0.00319999
v -0.129417711 -0.125907502 -0.002682503
v -0.129417711 -0.125907501 -0.000517464
v -0.129290033 -0.122091149 -0.00419999
v -0.129290033 -0.122091149 -0.00319999
v -0.129019236 -0.122243233 -0.00419999
v -0.129019236 -0.122243233 -0.00319999
v -0.128970552 -0.126344162 -0.002849983
v -0.128970552 -0.126344162 -0.000349983
v -0.128773607 -0.126536483 0.003571434
v -0.128773607 -0.126536483 0.004951439
v -0.128523393 -0.126780831 -0.002682503
v -0.128523393 -0.12678083 -0.000517463
v -0.128306781 -0.116701369 0.005700004
v -0.128196054 -0.127100487 -0.002224983
v -0.128196054 -0.127100487 -0.000974983
v -0.128076242 -0.127217491 -0.001599983
v -0.127929659 -0.123167472 0.001601433
v -0.127929659 -0.123167472 0.003701439
v -0.127853014 -0.122194031 -0.002999977
v -0.127853014 -0.12219403 0.001000023
v -0.127781542 -0.122263824 -0.002999977
v -0.127781542 -0.122263824 0.001000023
v -0.127571932 -0.123516807 0.003101433
v -0.127571932 -0.123516807 0.003701439
v -0.127553934 -0.122067085 0.001001427
v -0.127553934 -0.122067084 0.005351433
v -0.127244875 -0.122787895 -0.001599983
v -0.127125063 -0.122904899 -0.002224983
v -0.127125063 -0.122904899 -0.000974983
v -0.127003061 -0.128265488 -0.001599983
v -0.126883249 -0.128382492 -0.002224983
v -0.126883249 -0.128382492 -0.000974983
v -0.126797724 -0.123224556 -0.002682503
v -0.126797724 -0.123224556 -0.000517464
v -0.126677614 -0.124390136 0.003571434
v -0.126677614 -0.124390136 0.004951439
v -0.126555902 -0.128702152 -0.002682502
v -0.126555902 -0.128702152 -0.000517463
v -0.126350565 -0.123661224 -0.002849983
v -0.126350565 -0.123661224 -0.000349983
v -0.126108751 -0.129138817 -0.002849983
v -0.126108751 -0.129138817 -0.000349983
v -0.125903406 -0.124097885 -0.002682503
v -0.125903406 -0.124097885 -0.000517464
v -0.125661592 -0.129575482 -0.002682502
v -0.125661592 -0.129575481 -0.000517463
v -0.125596102 -0.123403144 0.006400017
v -0.125596102 -0.123403144 0.006500023
v -0.125576067 -0.124417549 -0.002224983
v -0.125576067 -0.124417549 -0.000974983
v -0.125563814 -0.123434676 0.006400017
v -0.125563814 -0.123434676 0.006500023
v -0.125456255 -0.124534553 -0.001599983
v -0.125334253 -0.129895142 -0.002224983
v -0.125334253 -0.129895142 -0.000974983
v -0.125326006 -0.123191153 0.006400017
v -0.125326006 -0.123191153 0.006500023
v -0.125297602 -0.12316207 0.006400017
v -0.125297602 -0.12316207 0.006500023
v -0.125214433 -0.130012146 -0.001599983
v -0.125071886 -0.123439315 0.006400017
v -0.125071886 -0.123439315 0.006500023
v -0.125071383 -0.122865821 0.006400017
v -0.125071383 -0.122865821 0.006500023
v -0.125067019 -0.12292594 0.006400017
v -0.125067019 -0.12292594 0.006500023
v -0.125044634 -0.123805396 0.006400017
v -0.125044634 -0.123805396 0.006500023
v -0.125043482 -0.123410231 0.006400017
v -0.125043482 -0.123410231 0.006500023
v -0.125023425 -0.119296455 0.001000023
v -0.125023425 -0.119296454 0.005350029
v -0.125000567 -0.123803168 0.006400017
v -0.125000567 -0.123803168 0.006500023
v -0.124931238 -0.123528029 0.006400017
v -0.124931238 -0.123528029 0.006500023
v -0.124924547 -0.124070983 0.006400017
v -0.124924547 -0.124070983 0.006500023
v -0.124898203 -0.123560279 0.006400017
v -0.124898203 -0.123560279 0.006500023
v -0.124786524 -0.123199858 0.006400017
v -0.124786524 -0.123199858 0.006500023
v -0.1247586 -0.123171263 0.006400017
v -0.1247586 -0.123171263 0.006500023
v -0.124657816 -0.123452185 0.006400017
v -0.124657816 -0.123452185 0.006500023
v -0.124656153 -0.123407576 0.006400017
v -0.124656153 -0.123407576 0.006500023
v -0.124655939 -0.124184974 0.006400017
v -0.124655939 -0.124184974 0.006500023
v -0.124655253 -0.124140387 0.006400017
v -0.124655253 -0.124140387 0.006500023
v -0.124414858 -0.124032286 0.006400017
v -0.124414858 -0.124032286 0.006500023
v -0.124405024 -0.124430007 0.006400017
v -0.124405024 -0.124430007 0.006500023
v -0.124387797 -0.123521331 0.006400017
v -0.124387797 -0.123521331 0.006500023
v -0.124383073 -0.12558255 -0.001599983
v -0.124381586 -0.12406478 0.006400017
v -0.124381586 -0.12406478 0.006500023
v -0.124360956 -0.124427779 0.006400017
v -0.124360956 -0.124427779 0.006500023
v -0.124312502 -0.123789397 0.006400017
v -0.124312502 -0.123789397 0.006500023
v -0.12429162 -0.124152632 0.006400017
v -0.12429162 -0.124152632 0.006500023
v -0.124284929 -0.124695586 0.006400017
v -0.124284929 -0.124695586 0.006500023
v -0.124267458 -0.123787154 0.006400017
v -0.124267458 -0.123787154 0.006500023
v -0.124263261 -0.125699554 -0.002224983
v -0.124263261 -0.125699554 -0.000974983
v -0.124258593 -0.12418489 0.006400017
v -0.124258593 -0.12418489 0.006500023
v -0.124256769 -0.124666747 0.006400017
v -0.124256769 -0.124666747 0.006500023
v -0.124141259 -0.131060139 -0.001599982
v -0.124094721 -0.118104849 0.006457939
v -0.124021447 -0.131177143 -0.002224982
v -0.124021447 -0.131177143 -0.000974982
v -0.124018206 -0.124076789 0.006400017
v -0.124018206 -0.124076789 0.006500023
v -0.124016542 -0.124032187 0.006400017
v -0.124016542 -0.124032187 0.006500023
v -0.12398569 -0.117804396 0.005700004
v -0.12398569 -0.117804396 0.006141411
v -0.123968164 -0.124761748 0.006400017
v -0.123968164 -0.124761748 0.006500023
v -0.123960611 -0.124802832 0.006400017
v -0.123960611 -0.124802832 0.006500023
v -0.123935915 -0.12601921 -0.000517463
v -0.123935914 -0.126019211 -0.002682502
v -0.123878764 -0.11814144 0.006478538
v -0.123776819 -0.124175269 0.006400017
v -0.123776819 -0.124175269 0.006500023
v -0.123748179 -0.124145941 0.006400017
v -0.123748179 -0.124145941 0.006500023
v -0.1236941 -0.131496803 -0.002682502
v -0.1236941 -0.131496803 -0.000517463
v -0.123676592 -0.124450347 0.006400017
v -0.123676592 -0.124450347 0.006500023
v -0.12364564 -0.11783116 0.006181419
v -0.123642069 -0.118168166 0.006500023
v -0.123639384 -0.11783055 0.005700004
v -0.123634134 -0.124456176 0.006400017
v -0.123634134 -0.124456176 0.006500023
v -0.123517328 -0.125389327 0.006400017
v -0.123517328 -0.125389327 0.006500024
v -0.123517015 -0.125250945 0.006400017
v -0.123517015 -0.125250945 0.006500024
v -0.123488763 -0.126455879 -0.002849983
v -0.123488763 -0.126455879 -0.000349983
v -0.123476213 -0.12526142 0.006400017
v -0.123476213 -0.12526142 0.006500024
v -0.123434824 -0.125525748 0.006400017
v -0.123434824 -0.125525748 0.006500024
v -0.123416537 -0.117782263 0.006181419
v -0.123407724 -0.131776462 0.003571435
v -0.123407724 -0.131776462 0.00495144
v -0.123407404 -0.125496192 0.006400017
v -0.123407404 -0.125496192 0.006500024
v -0.123325862 -0.118106375 0.006500023
v -0.123323549 -0.12385961 0.006400017
v -0.123323549 -0.12385961 0.006500023
v -0.123315119 -0.123850974 0.006400017
v -0.123315119 -0.123850974 0.006500023
v -0.12330501 -0.117736693 0.005700004
v -0.123250856 -0.125569609 0.006400017
v -0.123250856 -0.125569609 0.006500024
v -0.123248896 -0.125611487 0.006400017
v -0.123248896 -0.125611487 0.006500024
v -0.123246949 -0.131933468 -0.002849982
v -0.123246949 -0.131933468 -0.000349982
v -0.123205088 -0.11768141 0.006181419
v -0.123202074 -0.125163642 0.006400017
v -0.123202074 -0.125163642 0.006500024
v -0.123200685 -0.125157782 0.006400017
v -0.123200685 -0.125157782 0.006500024
v -0.123130838 -0.125212981 0.006400017
v -0.123130838 -0.125212981 0.006500024
v -0.123110971 -0.125183272 0.006400017
v -0.123110971 -0.125183272 0.006500024
v -0.12310763 -0.12550627 0.006400017
v -0.12310763 -0.12550627 0.006500024
v -0.123075334 -0.125537802 0.006400017
v -0.123075334 -0.125537802 0.006500024
v -0.12306856 -0.124877509 0.006400017
v -0.12306856 -0.124877509 0.006500024
v -0.123055696 -0.125181395 0.006400017
v -0.123055696 -0.125181395 0.006500024
v -0.123053553 -0.123970633 0.006400017
v -0.123053553 -0.123970633 0.006500023
v -0.12304278 -0.123951277 0.006400017
v -0.12304278 -0.123951277 0.006500023
v -0.123041604 -0.12689254 -0.002682502
v -0.123041604 -0.126892539 -0.000517463
v -0.123040636 -0.124848914 0.006400017
v -0.123040636 -0.124848914 0.006500024
v -0.123033641 -0.117970686 0.006500023
v -0.123022906 -0.117534125 0.005700004
v -0.123022906 -0.117534125 0.006181419
v -0.123009195 -0.125363562 0.006400017
v -0.123009195 -0.125363562 0.006500024
v -0.122999384 -0.124018714 0.006400017
v -0.122999384 -0.124018714 0.006500023
v -0.122961145 -0.123952506 0.006400017
v -0.122961145 -0.123952506 0.006500023
v -0.122868563 -0.125122412 0.006400017
v -0.122868563 -0.125122412 0.006500024
v -0.122860285 -0.125080893 0.006400017
v -0.122860285 -0.125080893 0.006500024
v -0.122849169 -0.125996543 0.006400018
v -0.122849169 -0.125996543 0.006500024
v -0.12283082 -0.125120742 0.006400017
v -0.12283082 -0.125120741 0.006500024
v -0.122827791 -0.125108771 0.006400017
v -0.122827791 -0.125108771 0.006500024
v -0.122811327 -0.125121001 0.006400017
v -0.122811327 -0.125121001 0.006500024
v -0.122806284 -0.125997008 0.006400018
v -0.122806284 -0.125997008 0.006500024
v -0.12279979 -0.132370132 -0.002682502
v -0.12279979 -0.132370132 -0.000517463
v -0.122782389 -0.117769003 0.006500023
v -0.122776926 -0.125822951 0.006400018
v -0.122776926 -0.125822951 0.006500024
v -0.122771051 -0.126173941 0.006400018
v -0.122771051 -0.126173941 0.006500024
v -0.122750277 -0.12441944 0.006400017
v -0.122750277 -0.12441944 0.006500024
v -0.122740099 -0.125149146 0.006400017
v -0.122740099 -0.125149146 0.006500024
v -0.122736727 -0.125145697 0.006400017
v -0.122736727 -0.125145697 0.006500024
v -0.122714265 -0.127212204 -0.002224983
v -0.122714265 -0.127212204 -0.000974983
v -0.122671564 -0.124338835 0.006400017
v -0.122671564 -0.124338835 0.006500023
v -0.122670641 -0.123263991 0.006400017
v -0.122670641 -0.123263991 0.006500023
v -0.122619997 -0.125744109 0.006400018
v -0.122619997 -0.125744109 0.006500024
v -0.12260216 -0.123368422 0.006400017
v -0.12260216 -0.123368422 0.006500023
v -0.122601694 -0.125787497 0.006400018
v -0.122601694 -0.125787497 0.006500024
v -0.12259923 -0.123820548 0.006400017
v -0.12259923 -0.123820548 0.006500023
v -0.122594446 -0.127329208 -0.001599983
v -0.122593324 -0.12620497 0.006400018
v -0.122593324 -0.12620497 0.006500024
v -0.122592088 -0.126247588 0.006400018
v -0.122592088 -0.126247588 0.006500024
v -0.122574221 -0.123936461 0.006400017
v -0.122574221 -0.123936461 0.006500023
v -0.122549806 -0.125766905 0.006400018
v -0.122549806 -0.125766905 0.006500024
v -0.122548775 -0.13848568 -0.004999976
v -0.122548775 -0.13848568 -0.002999976
v -0.122523035 -0.125764151 0.006400018
v -0.122523035 -0.125764151 0.006500024
v -0.122513413 -0.132649791 0.003101434
v -0.122513413 -0.132649791 0.00370144
v -0.122478037 -0.125758498 0.006400018
v -0.122478037 -0.125758498 0.006500024
v -0.122472451 -0.132689796 -0.002224982
v -0.122472451 -0.132689796 -0.000974982
v -0.122428743 -0.12644274 0.006400018
v -0.122428743 -0.12644274 0.006500024
v -0.122428125 -0.124545157 0.006400017
v -0.122428125 -0.124545157 0.006500024
v -0.122420992 -0.125823355 0.006400018
v -0.122420992 -0.125823355 0.006500024
v -0.122419779 -0.126171721 0.006400018
v -0.122419779 -0.126171721 0.006500024
v -0.122418642 -0.126308623 0.006400018
v -0.122418642 -0.126308623 0.006500024
v -0.122414545 -0.123186156 0.006400017
v -0.122414545 -0.123186156 0.006500023
v -0.122391527 -0.123791289 0.006400017
v -0.122391527 -0.123791289 0.006500023
v -0.122388963 -0.125997168 0.006400018
v -0.122388963 -0.125997168 0.006500024
v -0.122387384 -0.126437857 0.006400018
v -0.122387384 -0.126437857 0.006500024
v -0.12237755 -0.126322264 0.006400018
v -0.12237755 -0.126322264 0.006500024
v -0.122352631 -0.132806797 -0.001599982
v -0.122346315 -0.125997878 0.006400018
v -0.122346315 -0.125997878 0.006500024
v -0.122343164 -0.126591796 0.006400018
v -0.122343164 -0.126591796 0.006500024
v -0.122334917 -0.123900977 0.006400017
v -0.122334917 -0.123900977 0.006500023
v -0.122316461 -0.126562972 0.006400018
v -0.122316461 -0.126562972 0.006500024
v -0.122314232 -0.138656002 -0.004999976
v -0.122314232 -0.138656002 -0.002999976
v -0.12230604 -0.12454785 0.006400017
v -0.12230604 -0.12454785 0.006500024
v -0.122292772 -0.124885352 0.006400017
v -0.122292772 -0.124885352 0.006500024
v -0.1222419 -0.123384612 0.006400017
v -0.1222419 -0.123384612 0.006500023
v -0.122238146 -0.123700789 0.006400017
v -0.122238146 -0.123700789 0.006500023
v -0.122212862 -0.124803519 0.006400017
v -0.122212862 -0.124803519 0.006500024
v -0.122208895 -0.124111586 0.006400017
v -0.122208895 -0.124111586 0.006500023
v -0.122201624 -0.125668242 0.006400018
v -0.122201624 -0.125668242 0.006500024
v -0.122197611 -0.126621733 0.006400018
v -0.122197611 -0.126621733 0.006500024
v -0.122192941 -0.126666266 0.006400018
v -0.122192941 -0.126666266 0.006500024
v -0.122166132 -0.125702902 0.006400018
v -0.122166132 -0.125702902 0.006500024
v -0.122160784 -0.123301543 0.006400017
v -0.122160784 -0.123301543 0.006500023
v -0.122155686 -0.132999122 0.001601434
v -0.122155686 -0.132999122 0.00370144
v -0.12214596 -0.123790808 0.006400017
v -0.12214596 -0.123790808 0.006500023
v -0.122114244 -0.124204016 0.006400017
v -0.122114244 -0.124204016 0.006500024
v -0.122105812 -0.136681897 -0.004999976
v -0.122105812 -0.136681896 -0.002999976
v -0.122099671 -0.137199501 -0.004999976
v -0.122099671 -0.137199501 -0.002999976
v -0.122090952 -0.12626892 0.006400018
v -0.122090952 -0.12626892 0.006500024
v -0.122081667 -0.12657894 0.006400018
v -0.122081667 -0.12657894 0.006500024
v -0.122068315 -0.126020888 0.006400018
v -0.122068315 -0.126020888 0.006500024
v -0.122063547 -0.126340468 0.006400018
v -0.122063547 -0.126340468 0.006500024
v -0.122050699 -0.126252852 0.006400018
v -0.122050699 -0.126252852 0.006500024
v -0.122050119 -0.126609755 0.006400018
v -0.122050119 -0.126609755 0.006500024
v -0.1220431 -0.123548888 0.006400017
v -0.1220431 -0.123548888 0.006500023
v -0.122040695 -0.138751904 -0.004999976
v -0.122040695 -0.138751904 -0.002999975
v -0.122035799 -0.1260512 0.006400018
v -0.122035799 -0.1260512 0.006500024
v -0.122023058 -0.126324149 0.006400018
v -0.122023058 -0.126324149 0.006500024
v -0.121954553 -0.124891081 0.006400017
v -0.121954553 -0.124891081 0.006500024
v -0.121949457 -0.125012587 0.006400017
v -0.121949457 -0.125012587 0.006500024
v -0.121943445 -0.125970923 0.006400018
v -0.121943445 -0.125970923 0.006500024
v -0.121887589 -0.133260928 0.006500024
v -0.121852815 -0.1270586 0.006400018
v -0.121852815 -0.1270586 0.006500024
v -0.121852333 -0.136230568 -0.004999976
v -0.121852333 -0.136230568 -0.002999976
v -0.121846903 -0.126058463 0.006400018
v -0.121846903 -0.126058463 0.006500024
v -0.121835549 -0.137644684 -0.002999976
v -0.121835548 -0.137644684 -0.004999976
v -0.12183159 -0.125316451 0.006400018
v -0.12183159 -0.125316451 0.006500024
v -0.121818987 -0.126029868 0.006400018
v -0.121818987 -0.126029868 0.006500024
v -0.121816041 -0.133330795 -0.002999976
v -0.121816041 -0.133330795 0.001000024
v -0.121798784 -0.126233542 0.006400018
v -0.121798784 -0.126233542 0.006500024
v -0.121798144 -0.121054365 0.006400017
v -0.121798144 -0.121054365 0.006500023
v -0.121797975 -0.133348445 0.005351434
v -0.121797974 -0.133348445 0.001001428
v -0.121795679 -0.126146041 0.006400018
v -0.121795679 -0.126146041 0.006500024
v -0.121792604 -0.127061537 0.006400018
v -0.121792604 -0.127061537 0.006500024
v -0.121780649 -0.123882124 0.006400017
v -0.121780649 -0.123882124 0.006500023
v -0.12177434 -0.124003378 0.006400017
v -0.12177434 -0.124003378 0.006500023
v -0.121757028 -0.126241568 0.006400018
v -0.121757028 -0.126241568 0.006500024
v -0.121755579 -0.126137526 0.006400018
v -0.121755579 -0.126137526 0.006500024
v -0.121751137 -0.13876532 -0.004999976
v -0.121751137 -0.13876532 -0.002999975
v -0.121745196 -0.120758284 0.006400017
v -0.121745196 -0.120758284 0.006500023
v -0.1217445 -0.133400661 -0.002999976
v -0.1217445 -0.133400661 0.001000024
v -0.1217445 -0.133400661 0.00535003
v -0.121742365 -0.125403578 0.006400018
v -0.121742365 -0.125403578 0.006500024
v -0.121734484 -0.121342734 0.006400017
v -0.121734484 -0.121342734 0.006500023
v -0.121615373 -0.124691184 0.006400017
v -0.121615373 -0.124691184 0.006500024
v -0.121573244 -0.121057303 0.006400017
v -0.121573244 -0.121057303 0.006500023
v -0.121572298 -0.120500616 0.006400017
v -0.121572298 -0.120500616 0.006500023
v -0.121561967 -0.12734262 0.006400018
v -0.121561967 -0.12734262 0.006500024
v -0.12155839 -0.121589926 0.006400017
v -0.12155839 -0.121589926 0.006500023
v -0.121534052 -0.127314032 0.006400018
v -0.121534052 -0.127314032 0.006500024
v -0.121521272 -0.128377197 -0.001599983
v -0.121521219 -0.124783125 0.006400017
v -0.121521219 -0.124783125 0.006500024
v -0.121516527 -0.124090453 0.006400017
v -0.121516527 -0.124090453 0.006500024
v -0.12147748 -0.125286177 0.006400018
v -0.12147748 -0.125286177 0.006500024
v -0.12146264 -0.12743962 0.006400018
v -0.12146264 -0.12743962 0.006500024
v -0.121436617 -0.124008627 0.006400017
v -0.121436617 -0.124008627 0.006500024
v -0.121431581 -0.127469946 0.006400018
v -0.121431581 -0.127469946 0.006500024
v -0.121422861 -0.12434661 0.006400017
v -0.121422861 -0.12434661 0.006500024
v -0.121412287 -0.121440314 0.006400017
v -0.121412287 -0.121440314 0.006500023
v -0.121407151 -0.135966446 -0.002999976
v -0.12140715 -0.135966446 -0.004999976
v -0.121401736 -0.120667174 0.006400017
v -0.121401736 -0.120667174 0.006500023
v -0.12140146 -0.128494205 -0.002224983
v -0.12140146 -0.128494205 -0.000974982
v -0.121384216 -0.137898163 -0.004999976
v -0.121384216 -0.137898163 -0.002999976
v -0.121369142 -0.125239333 0.006400018
v -0.121369142 -0.125239333 0.006500024
v -0.121328096 -0.126521269 0.006400018
v -0.121328096 -0.126521269 0.006500024
v -0.121319613 -0.120322478 0.006400017
v -0.121319613 -0.120322478 0.006500023
v -0.121311738 -0.129630107 0.003571435
v -0.121311738 -0.129630107 0.00495144
v -0.121301989 -0.124349554 0.006400017
v -0.121301989 -0.124349554 0.006500024
v -0.121295808 -0.126552802 0.006400018
v -0.121295808 -0.126552802 0.006500024
v -0.121284677 -0.127613402 0.006400018
v -0.121284677 -0.127613402 0.006500024
v -0.121252389 -0.127644934 0.006400018
v -0.121252389 -0.127644934 0.006500024
v -0.121243593 -0.121785628 0.006400017
v -0.121243593 -0.121785628 0.006500023
v -0.1211942 -0.125938887 0.006400018
v -0.1211942 -0.125938887 0.006500024
v -0.121179712 -0.121576903 0.006400017
v -0.121179712 -0.121576903 0.006500023
v -0.121147806 -0.127117224 0.006400018
v -0.121147806 -0.127117224 0.006500024
v -0.121116754 -0.127147551 0.006400018
v -0.121116754 -0.127147551 0.006500024
v -0.121098314 -0.126032523 0.006400018
v -0.121098314 -0.126032523 0.006500024
v -0.121084345 -0.125670088 0.006400018
v -0.121084345 -0.125670088 0.006500024
v -0.121074113 -0.128813865 -0.002682502
v -0.121074113 -0.128813865 -0.000517463
v -0.121040338 -0.127427786 0.006400018
v -0.121040338 -0.127427786 0.006500024
v -0.121039346 -0.125561385 0.006400018
v -0.121039346 -0.125561385 0.006500024
v -0.121035768 -0.126990439 0.006400018
v -0.121032961 -0.127005721 0.006400018
v -0.121031961 -0.126978934 0.006400018
v -0.121025507 -0.120263167 0.006400017
v -0.121025507 -0.120263167 0.006500023
v -0.121023149 -0.126967383 0.006400018
v -0.121023149 -0.126967383 0.006500024
v -0.12101777 -0.127023665 0.006400018
v -0.12101507 -0.120485716 0.006400017
v -0.12101507 -0.120485716 0.006500023
v -0.121012415 -0.127399191 0.006400018
v -0.121012415 -0.127399191 0.006500024
v -0.121006052 -0.126955641 0.006400018
v -0.121003793 -0.127030837 0.006400018
v -0.120990602 -0.126954939 0.006400018
v -0.12098829 -0.127029975 0.006400018
v -0.120976572 -0.126962294 0.006400018
v -0.12097114 -0.127018164 0.006400018
v -0.12097114 -0.127018164 0.006500024
v -0.12096235 -0.127006644 0.006400018
v -0.120961427 -0.126980124 0.006400018
v -0.120958597 -0.12699523 0.006400018
v -0.120930437 -0.121581007 0.006400017
v -0.120930437 -0.121581007 0.006500023
v -0.120930406 -0.12753514 0.006400018
v -0.120930406 -0.12753514 0.006500024
v -0.120916445 -0.125038084 0.006400018
v -0.120916445 -0.125038084 0.006500024
v -0.120905939 -0.127503172 0.006400018
v -0.120905939 -0.127503172 0.006500024
v -0.120889887 -0.121795401 0.006400017
v -0.120889887 -0.121795401 0.006500023
v -0.12088955 -0.135960304 -0.002999976
v -0.120889549 -0.135960304 -0.004999976
v -0.120866615 -0.137892018 -0.004999976
v -0.120866615 -0.137892017 -0.002999976
v -0.120851343 -0.125104063 0.006400018
v -0.120851343 -0.125104063 0.006500024
v -0.120832163 -0.124995673 0.006400018
v -0.120832163 -0.124995673 0.006500024
v -0.120810472 -0.125016852 0.006400018
v -0.120810472 -0.125016852 0.006500024
v -0.120784227 -0.124970251 0.006400018
v -0.120784227 -0.124970251 0.006500024
v -0.120781396 -0.128020613 0.006400018
v -0.120781396 -0.128020613 0.006500024
v -0.120773409 -0.122147032 0.006400017
v -0.120773409 -0.122147032 0.006500023
v -0.120759966 -0.127076079 0.006500024
v -0.120759965 -0.127076079 0.006400018
v -0.120755594 -0.127136199 0.006400018
v -0.120755594 -0.127136199 0.006500024
v -0.120742639 -0.128022345 0.006400018
v -0.120742639 -0.128022345 0.006500024
v -0.120735262 -0.120319502 0.006400017
v -0.120735262 -0.120319502 0.006500023
v -0.120649118 -0.12724018 0.006400018
v -0.120649118 -0.12724018 0.006500024
v -0.120630602 -0.124798132 0.006400018
v -0.120630602 -0.124798132 0.006500024
v -0.120630511 -0.120639746 0.006400017
v -0.120630511 -0.120639746 0.006500023
v -0.120629908 -0.121778189 0.006400017
v -0.120629908 -0.121778189 0.006500023
v -0.120626962 -0.12925053 -0.002849982
v -0.120626962 -0.12925053 -0.000349982
v -0.120619646 -0.127526572 0.006400018
v -0.120619646 -0.127526572 0.006500024
v -0.120617746 -0.127214957 0.006400018
v -0.120617746 -0.127214957 0.006500024
v -0.120615808 -0.124812575 0.006400018
v -0.120615808 -0.124812575 0.006500024
v -0.120594164 -0.122531531 0.006400017
v -0.120594164 -0.122531531 0.006500023
v -0.120586618 -0.127558829 0.006400018
v -0.120586618 -0.127558829 0.006500024
v -0.120549219 -0.127783248 0.006400018
v -0.120549219 -0.127783247 0.006500024
v -0.120546991 -0.122154333 0.006400017
v -0.120546991 -0.122154333 0.006500023
v -0.120546953 -0.127821959 0.006400018
v -0.120546953 -0.127821959 0.006500024
v -0.120546197 -0.128214179 0.006400018
v -0.120546197 -0.128214179 0.006500024
v -0.120543542 -0.128252883 0.006400018
v -0.120543542 -0.128252883 0.006500024
v -0.120483683 -0.120489393 0.006400017
v -0.120483683 -0.120489393 0.006500023
v -0.120479738 -0.121088415 0.006400017
v -0.120479738 -0.121088415 0.006500023
v -0.120438225 -0.136213783 -0.004999976
v -0.120438225 -0.136213783 -0.002999976
v -0.120421433 -0.137627895 -0.002999976
v -0.120421432 -0.137627896 -0.004999976
v -0.12041742 -0.130503436 0.003101434
v -0.12041742 -0.130503436 0.00370144
v -0.120350511 -0.128013793 0.006400018
v -0.120350511 -0.128013793 0.006500024
v -0.120311754 -0.128015524 0.006400018
v -0.120311754 -0.128015524 0.006500024
v -0.120284823 -0.120787604 0.006400017
v -0.120284823 -0.120787604 0.006500023
v -0.120263918 -0.121599165 0.006400017
v -0.120263918 -0.121599165 0.006500023
v -0.120262034 -0.121121885 0.006400017
v -0.120262034 -0.121121885 0.006500023
v -0.120237459 -0.121837355 0.006400017
v -0.120237459 -0.121837355 0.006500023
v -0.120217455 -0.122476141 0.006400017
v -0.120217455 -0.122476141 0.006500023
v -0.120201876 -0.122700819 0.006400017
v -0.120201876 -0.122700819 0.006500023
v -0.120179803 -0.129687194 -0.002682502
v -0.120179803 -0.129687194 -0.000517463
v -0.120174103 -0.136658966 -0.004999976
v -0.120174103 -0.136658966 -0.002999976
v -0.120167954 -0.137176567 -0.004999976
v -0.120167954 -0.137176567 -0.002999976
v -0.120093401 -0.122993613 0.006400017
v -0.120093401 -0.122993613 0.006500023
v -0.12007992 -0.122979803 0.006400017
v -0.12007992 -0.122979803 0.006500023
v -0.120059701 -0.130852771 0.001601434
v -0.120059701 -0.130852771 0.00370144
v -0.120013743 -0.121740904 0.006400017
v -0.120013743 -0.121740904 0.006500023
v -0.119984414 -0.132743328 -0.004199988
v -0.119984414 -0.132743328 -0.003199988
v -0.119970133 -0.121741118 0.006400017
v -0.119970133 -0.121741118 0.006500023
v -0.119941141 -0.121741018 0.006400017
v -0.119941141 -0.121741018 0.006500023
v -0.1199079 -0.122160628 0.006400017
v -0.1199079 -0.122160628 0.006500023
v -0.119852464 -0.130006855 -0.002224982
v -0.119852464 -0.130006854 -0.000974982
v -0.11983938 -0.121837507 0.006400017
v -0.11983938 -0.121837507 0.006500023
v -0.119834169 -0.122543219 0.006400017
v -0.119834169 -0.122543219 0.006500023
v -0.119804888 -0.121726248 0.006400017
v -0.119804888 -0.121726248 0.006500023
v -0.119732644 -0.130123859 -0.001599982
v -0.119713616 -0.132895416 -0.004199988
v -0.119713616 -0.132895416 -0.003199988
v -0.1196859 -0.122186255 0.006400017
v -0.1196859 -0.122186255 0.006500023
v -0.119603327 -0.123191939 0.006400017
v -0.119603327 -0.123191939 0.006500024
v -0.11959749 -0.123170317 0.006400017
v -0.11959749 -0.123170317 0.006500024
v -0.119588938 -0.123171309 0.006400017
v -0.119588938 -0.123171309 0.006500024
v -0.119537592 -0.123249876 0.006400017
v -0.119537592 -0.123249876 0.006500024
v -0.119522371 -0.121452231 0.006400017
v -0.119522371 -0.121452231 0.006500023
v -0.119493639 -0.123175299 0.006400017
v -0.119493639 -0.123175299 0.006500024
v -0.119403054 -0.132891727 -0.004199988
v -0.119403054 -0.132891727 -0.003199988
v -0.119334063 -0.121636122 0.006400017
v -0.119334063 -0.121636122 0.006500023
v -0.119330805 -0.123738318 0.006400017
v -0.119330805 -0.123738318 0.006500024
v -0.119301828 -0.122258459 0.006400017
v -0.119301828 -0.122258459 0.006500023
v -0.119196061 -0.130647857 -0.002999976
v -0.119196061 -0.130647857 0.001000024
v -0.119187593 -0.123591665 0.006400017
v -0.119187593 -0.123591665 0.006500024
v -0.119183786 -0.122946264 0.006400017
v -0.119183786 -0.122946264 0.006500023
v -0.11917277 -0.122458159 0.006400017
v -0.11917277 -0.122458159 0.006500023
v -0.119146012 -0.131884784 -0.004199988
v -0.119146012 -0.131884784 -0.003199988
v -0.119135941 -0.132733253 -0.004199988
v -0.119135941 -0.132733253 -0.003199988
v -0.11912787 -0.123162184 0.006400017
v -0.11912787 -0.123162184 0.006500024
v -0.119124513 -0.130717723 0.001000024
v -0.119124512 -0.130717723 -0.002999976
v -0.118987542 -0.132151897 -0.004199988
v -0.118987542 -0.132151897 -0.003199988
v -0.118983857 -0.132462459 -0.004199988
v -0.118983857 -0.132462459 -0.003199988
v -0.118968541 -0.13045103 0.001001428
v -0.118968541 -0.130451029 0.005351434
v -0.118954664 -0.122155912 0.006400017
v -0.118954664 -0.122155912 0.006500023
v -0.118932325 -0.123893873 0.006400017
v -0.118932325 -0.123893873 0.006500024
v -0.118915211 -0.103308599 0.005700003
v -0.118896126 -0.135064025 0.000100031
v -0.118896126 -0.135064025 0.001000024
v -0.118866098 -0.123623884 0.006400017
v -0.118866098 -0.123623884 0.006500024
v -0.118761877 -0.122470823 0.006400017
v -0.118761877 -0.122470823 0.006500023
v -0.118754715 -0.135062347 2.4e-08
v -0.118754675 -0.122810591 0.006400017
v -0.118754675 -0.122810591 0.006500024
v -0.11874951 -0.124332899 0.006400018
v -0.11874951 -0.124332899 0.006500024
v -0.118708895 -0.12389633 0.006400018
v -0.118708895 -0.12389633 0.006500024
v -0.118611921 -0.122317267 0.006400017
v -0.118611921 -0.122317267 0.006500023
v -0.118605093 -0.124185011 0.006400018
v -0.118605093 -0.124185011 0.006500024
v -0.118582666 -0.122975676 0.006400017
v -0.118582666 -0.122975676 0.006500024
v -0.118490072 -0.123510519 0.006400017
v -0.118490072 -0.123510519 0.006500024
v -0.118448606 -0.12265299 0.006400017
v -0.118448606 -0.12265299 0.006500023
v -0.118385668 -0.12313191 0.006400017
v -0.118385668 -0.12313191 0.006500024
v -0.118369763 -0.134669521 -0.004999976
v -0.118369763 -0.134669521 -0.00489997
v -0.118369763 -0.134669521 -0.004099982
v -0.118369763 -0.134669521 -0.003999976
v -0.118360546 -0.135445923 -0.004999976
v -0.118360546 -0.135445923 -0.00489997
v -0.118360546 -0.135445923 -0.004099982
v -0.118360546 -0.135445923 -0.003999976
v -0.118356781 -0.134672832 -0.004949988
v -0.118356781 -0.134672832 -0.004049994
v -0.118347645 -0.135442303 -0.004949988
v -0.118347645 -0.135442302 -0.004049994
v -0.118321316 -0.134681888 -0.004986579
v -0.118321316 -0.134681888 -0.004013373
v -0.118314771 -0.12428121 0.006400018
v -0.118314771 -0.12428121 0.006500024
v -0.118312405 -0.135432407 -0.004986579
v -0.118312405 -0.135432407 -0.004013373
v -0.118306757 -0.124504759 0.006400018
v -0.118306757 -0.124504759 0.006500024
v -0.118282596 -0.106670423 0.005700004
v -0.118272869 -0.134694252 -0.004999976
v -0.118272869 -0.134694252 -0.003999976
v -0.118264267 -0.135418896 -0.004999976
v -0.118264267 -0.135418895 -0.003999976
v -0.118116606 -0.123058554 0.006400017
v -0.118116606 -0.123058554 0.006500024
v -0.11810956 -0.123282599 0.006400017
v -0.11810956 -0.123282599 0.006500024
v -0.118038419 -0.124432142 0.006400018
v -0.118038419 -0.124432142 0.006500024
v -0.117989544 -0.133992527 -0.004999976
v -0.117989544 -0.133992527 -0.00489997
v -0.117989544 -0.133992527 -0.004099982
v -0.117989544 -0.133992527 -0.003999976
v -0.117982189 -0.134768455 -0.004999976
v -0.117980961 -0.134871975 -0.004999976
v -0.117979958 -0.134001888 -0.004949988
v -0.117979958 -0.134001888 -0.004049994
v -0.117964363 -0.136113697 -0.004999976
v -0.117964363 -0.136113697 -0.00489997
v -0.117964363 -0.136113697 -0.004099982
v -0.117964363 -0.136113697 -0.003999976
v -0.117955002 -0.136104114 -0.004949988
v -0.117955002 -0.136104114 -0.004049994
v -0.11795377 -0.134027462 -0.004986579
v -0.11795377 -0.134027462 -0.004013373
v -0.117934015 -0.124053526 0.006400018
v -0.117934015 -0.124053526 0.006500024
v -0.117933743 -0.134780819 -0.004986579
v -0.117932823 -0.134858459 -0.004986579
v -0.117931496 -0.134678188 -0.004999976
v -0.117929428 -0.136077927 -0.004986578
v -0.117929428 -0.136077926 -0.004013373
v -0.117928135 -0.13496101 -0.004999976
v -0.117918 -0.134062393 -0.003999976
v -0.117917999 -0.134062393 -0.004999976
v -0.117905056 -0.134655464 -0.004999976
v -0.117898277 -0.134789875 -0.004949988
v -0.117897579 -0.134848568 -0.004949988
v -0.117895722 -0.134713123 -0.004986579
v -0.117894497 -0.136042152 -0.004999976
v -0.117894497 -0.136042152 -0.003999976
v -0.117893204 -0.134925239 -0.004986579
v -0.117887913 -0.13482782 -0.004199988
v -0.117885296 -0.134793186 -0.00489997
v -0.117885296 -0.134793186 -0.003999976
v -0.117885296 -0.134793185 0.003900018
v -0.117884682 -0.134844948 -0.00489997
v -0.117879151 -0.135310791 -0.003999976
v -0.117879151 -0.13531079 0.003900019
v -0.117875893 -0.134696079 -0.004986579
v -0.117875073 -0.134637676 -0.004999976
v -0.117872315 -0.1347965 0.003950006
v -0.117870995 -0.134761539 -0.004199988
v -0.117869534 -0.134738693 -0.004949988
v -0.11786763 -0.134899051 -0.004949988
v -0.117866253 -0.135307166 0.003950006
v -0.117859947 -0.134748054 -0.00489997
v -0.117858269 -0.134889465 -0.00489997
v -0.117858269 -0.134889465 -0.004199988
v -0.117854546 -0.134725811 -0.004949988
v -0.117853405 -0.134682735 -0.004986579
v -0.117846729 -0.13473669 -0.00489997
v -0.117842457 -0.134625362 -0.004999976
v -0.117837544 -0.134715725 -0.004949988
v -0.11783685 -0.134805552 0.003986627
v -0.117831738 -0.134727798 -0.00489997
v -0.117831013 -0.135297274 0.003986627
v -0.117828945 -0.134673504 -0.004986579
v -0.11781905 -0.134708744 -0.004949988
v -0.117817777 -0.123378775 0.006400017
v -0.117817777 -0.123378775 0.006500024
v -0.11781543 -0.134721641 -0.00489997
v -0.11781543 -0.134721641 -0.004199988
v -0.117788403 -0.13481792 -0.003999976
v -0.117788403 -0.13481792 0.001000024
v -0.117788403 -0.13481792 0.004000025
v -0.117782876 -0.135283763 0.004000025
v -0.117782875 -0.135283764 -0.003999976
v -0.117782875 -0.135283763 0.001000025
v -0.117738949 -0.13563496 -0.004999976
v -0.117725411 -0.135771099 -0.004999976
v -0.117715437 -0.123667471 0.006400018
v -0.117715437 -0.123667471 0.006500024
v -0.11770974 -0.135174282 -0.004999976
v -0.117690502 -0.135647327 -0.004986579
v -0.117680347 -0.135749431 -0.004986579
v -0.117673357 -0.123230886 0.006400017
v -0.117673357 -0.123230886 0.006500024
v -0.117663448 -0.135339187 -0.004999976
v -0.117655037 -0.13565638 -0.004949988
v -0.117647362 -0.13573357 -0.004949988
v -0.117642056 -0.135659694 -0.00489997
v -0.117642056 -0.135659694 -0.004199988
v -0.117635285 -0.135727764 -0.004199988
v -0.117635284 -0.135727764 -0.00489997
v -0.117631817 -0.134341858 -0.003999976
v -0.117631817 -0.134341857 0.003900018
v -0.117630619 -0.101993138 0.005700003
v -0.117627529 -0.13586668 -0.004999976
v -0.117622231 -0.134351218 0.003950006
v -0.117620705 -0.135121456 -0.00489997
v -0.117620705 -0.135121456 -0.004199988
v -0.117615029 -0.135755973 0.003900019
v -0.117615028 -0.135755974 -0.003999976
v -0.117606937 -0.135821117 -0.004986578
v -0.117605671 -0.135746386 0.003950006
v -0.117596047 -0.134376792 0.003986627
v -0.117591866 -0.135787762 -0.004949988
v -0.117586346 -0.135775554 -0.00489997
v -0.117586346 -0.135775554 -0.004199988
v -0.117580098 -0.135720199 0.003986627
v -0.117560273 -0.134411723 0.001000024
v -0.117560273 -0.134411723 0.004000025
v -0.117560272 -0.134411724 -0.003999976
v -0.117559929 -0.135337959 -0.00489997
v -0.117559929 -0.135337959 -0.004199988
v -0.117557989 -0.123940168 0.006400018
v -0.117557989 -0.123940168 0.006500024
v -0.117548561 -0.134542862 -0.004999976
v -0.117545163 -0.135684428 0.004000025
v -0.117545162 -0.135684429 -0.003999976
v -0.117545162 -0.135684428 0.001000025
v -0.11752195 -0.134885936 2.4e-08
v -0.11752195 -0.134885936 0.001000024
v -0.117518135 -0.135780708 -0.00489997
v -0.117518135 -0.135780708 -0.004199988
v -0.117518109 -0.135209438 2.4e-08
v -0.117518109 -0.135209438 0.001000025
v -0.117514515 -0.135793606 -0.004949988
v -0.117504623 -0.135828846 -0.004986578
v -0.117495735 -0.134631901 -0.00489997
v -0.117495735 -0.1346319 -0.004199988
v -0.117491112 -0.135876983 -0.004999976
v -0.117491041 -0.123669439 0.006400018
v -0.117491041 -0.123669439 0.006500024
v -0.117428894 -0.134420318 -0.004999976
v -0.117381351 -0.138330688 -0.004999975
v -0.117381351 -0.138330688 -0.002999975
v -0.117375678 -0.111751211 0.005700004
v -0.117375678 -0.111751211 0.006181419
v -0.117363522 -0.134603858 2.4e-08
v -0.117363522 -0.134603858 0.001000024
v -0.117353394 -0.13412455 -0.004999976
v -0.117353031 -0.135487678 2.5e-08
v -0.117353031 -0.135487678 0.001000025
v -0.117341858 -0.134091648 -0.004999976
v -0.117338627 -0.134471016 -0.00489997
v -0.117338627 -0.134471016 -0.004199988
v -0.117324787 -0.134061252 -0.004999976
v -0.117321766 -0.133596344 -0.004999976
v -0.117321766 -0.133596344 -0.00489997
v -0.117321766 -0.133596344 -0.004099982
v -0.117321766 -0.133596344 -0.003999976
v -0.117318146 -0.133609241 -0.004949988
v -0.117318146 -0.133609241 -0.004049994
v -0.117308255 -0.133644481 -0.004013373
v -0.117308254 -0.133644481 -0.004986579
v -0.117304947 -0.134136913 -0.004986579
v -0.117302696 -0.134034282 -0.004999976
v -0.117296295 -0.13411224 -0.004986579
v -0.117294739 -0.133692623 -0.004999976
v -0.117294739 -0.133692623 -0.003999976
v -0.1172892 -0.133418487 0.00010003
v -0.1172892 -0.133418487 0.001000024
v -0.117287369 -0.136493915 -0.004999976
v -0.117287369 -0.136493915 -0.00489997
v -0.117287369 -0.136493915 -0.004099982
v -0.117287369 -0.136493915 -0.003999976
v -0.117284054 -0.136480938 -0.004949988
v -0.117284054 -0.136480938 -0.004049994
v -0.117283493 -0.134089443 -0.004986579
v -0.117279614 -0.133427848 5.0012e-05
v -0.117275002 -0.136445472 -0.004013373
v -0.117275001 -0.136445473 -0.004986578
v -0.117274562 -0.111629796 0.006181419
v -0.117269482 -0.134145969 -0.004949988
v -0.117266926 -0.134069217 -0.004986579
v -0.11726294 -0.134127315 -0.004949988
v -0.117262634 -0.136397026 -0.004999976
v -0.117262634 -0.136397026 -0.003999976
v -0.1172565 -0.13414928 -0.00489997
v -0.1172565 -0.13414928 -0.004199988
v -0.11725343 -0.133453422 1.3422e-05
v -0.117253262 -0.13411008 -0.004949988
v -0.117250733 -0.134132831 -0.00489997
v -0.117250591 -0.136670951 0.000100031
v -0.117250591 -0.136670951 0.001000025
v -0.117242195 -0.134117634 -0.00489997
v -0.11724123 -0.136661365 5.0012e-05
v -0.117240738 -0.134094787 -0.004949988
v -0.11723716 -0.137802242 -0.002999975
v -0.11723716 -0.137802242 0.001000025
v -0.11723716 -0.137802241 0.005757166
v -0.117231152 -0.134104149 -0.00489997
v -0.117217934 -0.134092788 -0.004199988
v -0.117217656 -0.133488353 2.4e-08
v -0.117215656 -0.136635177 1.3422e-05
v -0.117213661 -0.133981456 -0.004999976
v -0.117200146 -0.134029598 -0.004986579
v -0.117198444 -0.135690964 -0.00489997
v -0.117198444 -0.135690963 -0.004199988
v -0.117197216 -0.135794483 -0.004999976
v -0.117193831 -0.11149397 0.006181419
v -0.117190254 -0.134064838 -0.004949988
v -0.117186635 -0.134077735 0.003900018
v -0.117186634 -0.134077736 -0.00489997
v -0.117186634 -0.134077736 -0.003999976
v -0.117183014 -0.134090636 0.003950006
v -0.117180725 -0.136599403 2.5e-08
v -0.117179866 -0.111464376 0.005700004
v -0.117173119 -0.134125876 0.003986627
v -0.1171637 -0.136009453 -0.003999976
v -0.1171637 -0.136009452 0.003900019
v -0.117160389 -0.13599647 0.003950006
v -0.117159607 -0.134174015 -0.003999976
v -0.117159607 -0.134174014 0.001000024
v -0.117159607 -0.134174014 0.004000025
v -0.117154533 -0.13828104 -0.004999975
v -0.117154533 -0.13828104 -0.002999975
v -0.117152073 -0.134074298 -0.004199988
v -0.117151333 -0.135961005 0.003986628
v -0.11713897 -0.135912559 0.001000025
v -0.11713897 -0.135912558 0.004000025
v -0.117138969 -0.135912559 -0.003999976
v -0.117135505 -0.111347127 0.006181419
v -0.117135161 -0.111986081 0.006500022
v -0.117134873 -0.134077121 -0.00489997
v -0.117131561 -0.13406414 -0.004949988
v -0.117128341 -0.110782277 0.005700004
v -0.117128341 -0.110782277 0.006122703
v -0.117122505 -0.134028675 -0.004986579
v -0.117110138 -0.133980228 -0.004999976
v -0.11709397 -0.111127866 0.005700004
v -0.117089741 -0.13410247 -0.00489997
v -0.117089741 -0.13410247 -0.004199988
v -0.117085286 -0.134438781 2.4e-08
v -0.117085286 -0.134438781 0.001000024
v -0.11708038 -0.134092884 -0.004949988
v -0.11707095 -0.135646102 2.5e-08
v -0.11707095 -0.135646102 0.001000025
v -0.117066609 -0.133286426 0.00010003
v -0.117066609 -0.133286426 0.001000024
v -0.117062989 -0.133299327 5.0012e-05
v -0.117054806 -0.134066696 -0.004986579
v -0.117053097 -0.133334567 1.3422e-05
v -0.117039582 -0.133382705 2.4e-08
v -0.117031254 -0.135836849 -0.004999976
v -0.117024925 -0.136797691 0.000100031
v -0.117024925 -0.136797691 0.001000025
v -0.11702161 -0.136784709 5.0012e-05
v -0.117019875 -0.134030925 -0.004999976
v -0.117012558 -0.136749244 1.3422e-05
v -0.117011494 -0.137928981 -0.002999975
v -0.117011494 -0.137928981 0.001000025
v -0.117000191 -0.136700797 2.5e-08
v -0.11698056 -0.135746582 -0.00489997
v -0.11698056 -0.135746582 -0.004199988
v -0.116945282 -0.138180424 -0.004999975
v -0.116945282 -0.138180423 -0.002999975
v -0.11693949 -0.111730115 0.006500022
v -0.116881893 -0.13794448 0.005716761
v -0.116852173 -0.134334461 -0.00489997
v -0.116852173 -0.134334461 -0.004199988
v -0.116848907 -0.1106695 0.006456718
v -0.116832543 -0.133380248 2.4e-08
v -0.116830943 -0.110741193 0.00646392
v -0.116820176 -0.133331802 1.3422e-05
v -0.116812859 -0.136050117 -0.004999976
v -0.116811123 -0.133296336 5.0012e-05
v -0.116810782 -0.111434751 0.006500022
v -0.116807808 -0.133283355 0.00010003
v -0.116807808 -0.133283355 0.001000024
v -0.116801479 -0.134244198 -0.004999976
v -0.116793152 -0.136698337 2.5e-08
v -0.116779636 -0.136746478 1.3422e-05
v -0.116777927 -0.136014347 -0.004986578
v -0.116769745 -0.136781718 5.0012e-05
v -0.116766125 -0.136794616 0.000100031
v -0.116766125 -0.136794616 0.001000025
v -0.116764873 -0.13803426 -0.004999975
v -0.116764873 -0.138034259 -0.002999975
v -0.116761784 -0.13443494 2.4e-08
v -0.116761784 -0.134434939 0.001000024
v -0.116756515 -0.11111717 0.006500022
v -0.116752693 -0.137925907 -0.002999975
v -0.116752693 -0.137925906 0.001000025
v -0.116752354 -0.135988159 -0.004949988
v -0.116747448 -0.135642261 2.5e-08
v -0.116747448 -0.135642261 0.001000025
v -0.116742992 -0.135978573 -0.00489997
v -0.116742992 -0.135978573 -0.004199988
v -0.116710228 -0.136052368 -0.004986578
v -0.116701172 -0.136016903 -0.004949988
v -0.116697861 -0.136003921 -0.00489997
v -0.116697861 -0.136003921 -0.004199988
v -0.116693764 -0.134168483 -0.003999976
v -0.116693764 -0.134168483 0.001000024
v -0.116693764 -0.134168482 0.004000025
v -0.11668819 -0.13610646 -0.004999976
v -0.116681401 -0.134120036 0.003986627
v -0.116673127 -0.135907027 0.004000025
v -0.116673126 -0.135907028 -0.003999976
v -0.116673126 -0.135907027 0.001000025
v -0.116672345 -0.134084571 0.003950006
v -0.116669034 -0.134071589 0.003900018
v -0.116669033 -0.13407159 -0.003999976
v -0.116659615 -0.135955169 0.003986628
v -0.116652008 -0.133481639 2.4e-08
v -0.11664972 -0.135990409 0.003950006
v -0.116646099 -0.136003307 -0.00489997
v -0.116646099 -0.136003307 -0.004199988
v -0.116646099 -0.136003307 -0.003999976
v -0.116646099 -0.136003306 0.003900019
v -0.116642479 -0.136016205 -0.004949988
v -0.116635517 -0.13428656 -0.004999976
v -0.116634289 -0.134390079 -0.00489997
v -0.116634289 -0.134390079 -0.004199988
v -0.116632587 -0.136051449 -0.004986578
v -0.116617077 -0.133445865 1.3422e-05
v -0.116615078 -0.136592689 2.5e-08
v -0.116608814 -0.104524945 0.005700003
v -0.116606987 -0.135999141 -0.004949988
v -0.116601582 -0.135976894 -0.00489997
v -0.116601582 -0.135976894 -0.004199988
v -0.116591504 -0.133419681 5.0012e-05
v -0.116590538 -0.135963409 -0.00489997
v -0.116590538 -0.135963409 -0.004199988
v -0.116585636 -0.136028873 -0.004986578
v -0.116582142 -0.133410094 0.00010003
v -0.116582142 -0.133410094 0.001000024
v -0.116582001 -0.135948211 -0.00489997
v -0.116582001 -0.135948211 -0.004199988
v -0.116579472 -0.135970962 -0.004949988
v -0.116579304 -0.136627624 1.3422e-05
v -0.116576233 -0.135931762 -0.00489997
v -0.116576233 -0.135931762 -0.004199988
v -0.116570099 -0.133684021 -0.004999976
v -0.116570099 -0.133684021 -0.003999976
v -0.116563251 -0.135935077 -0.004949988
v -0.116557732 -0.133635574 -0.004986579
v -0.116557732 -0.133635574 -0.004013373
v -0.116556473 -0.136069484 -0.004999976
v -0.11655312 -0.136653194 5.0012e-05
v -0.11654924 -0.1359916 -0.004986578
v -0.11654868 -0.133600109 -0.004949988
v -0.11654868 -0.133600109 -0.004049994
v -0.116545365 -0.133587127 -0.004999976
v -0.116545365 -0.133587127 -0.00489997
v -0.116545365 -0.133587127 -0.004099982
v -0.116545365 -0.133587127 -0.003999976
v -0.116543533 -0.136662555 0.000100031
v -0.116543533 -0.136662555 0.001000025
v -0.116537994 -0.13638842 -0.004999976
v -0.116537994 -0.13638842 -0.003999976
v -0.116530102 -0.137793846 -0.002999975
v -0.116530102 -0.137793845 0.001000025
v -0.116530102 -0.137793845 0.005700007
v -0.116527786 -0.13594413 -0.004986578
v -0.116524479 -0.136436561 -0.004986578
v -0.116524479 -0.136436561 -0.004013373
v -0.116514587 -0.136471802 -0.004949988
v -0.116514587 -0.136471801 -0.004049994
v -0.116510967 -0.136484699 -0.004999976
v -0.116510967 -0.136484699 -0.004899969
v -0.116510967 -0.136484699 -0.004099982
v -0.116510967 -0.136484699 -0.003999976
v -0.116494106 -0.135610027 -0.00489997
v -0.116494106 -0.135610027 -0.004199988
v -0.116479702 -0.134593364 2.4e-08
v -0.116479702 -0.134593364 0.001000025
v -0.11647934 -0.135956497 -0.004999976
v -0.116469212 -0.135477187 2.5e-08
v -0.116469212 -0.135477187 0.001000025
v -0.116403839 -0.135660724 -0.004999976
v -0.116341622 -0.134204059 -0.004999976
v -0.116336998 -0.135449146 -0.00489997
v -0.116336998 -0.135449146 -0.004199988
v -0.11632811 -0.134252197 -0.004986579
v -0.116318218 -0.134287437 -0.004949988
v -0.116314625 -0.134871604 2.4e-08
v -0.116314625 -0.134871604 0.001000025
v -0.116314598 -0.134300338 -0.00489997
v -0.116314598 -0.134300338 -0.004199988
v -0.116310784 -0.135195106 2.5e-08
v -0.116310784 -0.135195106 0.001000025
v -0.116294927 -0.127820143 0.001000024
v -0.116294927 -0.127820143 0.00535003
v -0.116287571 -0.134396617 -0.003999976
v -0.116287571 -0.134396617 0.001000024
v -0.116287571 -0.134396617 0.004000025
v -0.116284172 -0.135538181 -0.004999976
v -0.116272804 -0.134743084 -0.00489997
v -0.116272804 -0.134743084 -0.004199988
v -0.116272461 -0.135669319 -0.003999976
v -0.116272461 -0.135669318 0.001000025
v -0.116272461 -0.135669318 0.004000025
v -0.116252636 -0.134360842 0.003986627
v -0.116246388 -0.134305492 -0.00489997
v -0.116246388 -0.134305492 -0.004199988
v -0.116240868 -0.134293281 -0.004949988
v -0.116236687 -0.135704253 0.003986628
v -0.116227063 -0.134334654 0.003950006
v -0.116225796 -0.134259925 -0.004986579
v -0.116217705 -0.134325073 -0.003999976
v -0.116217705 -0.134325072 0.003900019
v -0.116212029 -0.134959587 -0.00489997
v -0.116212029 -0.134959587 -0.004199988
v -0.116210503 -0.135729823 0.003950006
v -0.116205204 -0.134214363 -0.004999976
v -0.116200917 -0.135739184 0.003900019
v -0.116200916 -0.135739185 -0.003999976
v -0.116197449 -0.134353283 -0.00489997
v -0.116197449 -0.134353282 -0.004199988
v -0.116190678 -0.134421348 -0.00489997
v -0.116190678 -0.134421348 -0.004199988
v -0.116185372 -0.134347477 -0.004949988
v -0.116177696 -0.134424663 -0.004949988
v -0.116169285 -0.134741855 -0.004999976
v -0.116152386 -0.134331615 -0.004986579
v -0.116142231 -0.134433715 -0.004986579
v -0.116122994 -0.134906761 -0.004999976
v -0.116107323 -0.134309948 -0.004999976
v -0.116093784 -0.134446083 -0.004999976
v -0.116049859 -0.134797282 0.004000025
v -0.116049858 -0.134797283 -0.003999976
v -0.116049858 -0.134797282 0.001000025
v -0.116044331 -0.135263122 -0.003999976
v -0.116044331 -0.135263122 0.001000025
v -0.116044331 -0.135263121 0.004000025
v -0.116017304 -0.135359401 -0.004199988
v -0.116017303 -0.135359401 -0.00489997
v -0.116013683 -0.135372303 -0.004949988
v -0.116003788 -0.135407543 -0.004986578
v -0.116001721 -0.134783766 0.003986627
v -0.116000996 -0.135353244 -0.00489997
v -0.116000996 -0.135353244 -0.004199988
v -0.115995884 -0.135275489 0.003986628
v -0.115990276 -0.13545568 -0.004999976
v -0.115986004 -0.135344352 -0.00489997
v -0.115986004 -0.135344352 -0.004199988
v -0.115978188 -0.135355236 -0.004949988
v -0.115974464 -0.135191578 -0.00489997
v -0.115974464 -0.135191577 -0.004199988
v -0.115972786 -0.135332988 -0.00489997
v -0.115972786 -0.135332988 -0.004199988
v -0.115966481 -0.134773875 0.003950006
v -0.115965103 -0.135181991 -0.004949988
v -0.115960419 -0.135284541 0.003950006
v -0.115956841 -0.135384967 -0.004986578
v -0.115953583 -0.134770256 -0.003999976
v -0.115953583 -0.134770255 0.003900019
v -0.115950676 -0.135327057 -0.004949988
v -0.115948052 -0.135236095 -0.004199988
v -0.115948051 -0.135236095 -0.00489997
v -0.115947438 -0.135287856 0.003900019
v -0.115947437 -0.135287857 -0.00489997
v -0.115947437 -0.135287857 -0.004199988
v -0.115947437 -0.135287857 -0.003999976
v -0.115939529 -0.135155807 -0.004986578
v -0.115938236 -0.13403889 -0.004999976
v -0.115938236 -0.13403889 -0.003999976
v -0.115934456 -0.135291172 -0.004949988
v -0.115931488 -0.135251899 -0.004949988
v -0.115920444 -0.135347694 -0.004986578
v -0.115914734 -0.13601865 -0.004999976
v -0.115914734 -0.13601865 -0.003999976
v -0.115904598 -0.135120033 -0.004999976
v -0.115903305 -0.13400312 -0.004986579
v -0.115903305 -0.13400312 -0.004013373
v -0.115898991 -0.135300224 -0.004986578
v -0.115895065 -0.135248275 -0.004986578
v -0.11587915 -0.135375885 -0.004999976
v -0.115878963 -0.136053585 -0.004986578
v -0.115878963 -0.136053585 -0.004013373
v -0.115877731 -0.133976932 -0.004949988
v -0.115877731 -0.133976932 -0.004049994
v -0.11586837 -0.133967346 -0.004999976
v -0.11586837 -0.133967346 -0.00489997
v -0.11586837 -0.133967346 -0.004099982
v -0.11586837 -0.133967346 -0.003999976
v -0.115852776 -0.136079158 -0.004949988
v -0.115852776 -0.136079158 -0.004049994
v -0.11584531 -0.135243328 -0.004999976
v -0.115843189 -0.136088516 -0.004999976
v -0.115843189 -0.136088516 -0.00489997
v -0.115843189 -0.136088516 -0.004099982
v -0.115843189 -0.136088516 -0.003999976
v -0.115568466 -0.134662147 -0.004999976
v -0.115568466 -0.134662147 -0.003999976
v -0.115559864 -0.135386791 -0.004999976
v -0.115559864 -0.135386791 -0.003999976
v -0.115520329 -0.134648635 -0.004986579
v -0.115520329 -0.134648635 -0.004013373
v -0.115518875 -0.099830655 0.005700003
v -0.115511417 -0.135399158 -0.004986578
v -0.115511417 -0.135399158 -0.004013373
v -0.115485088 -0.134638744 -0.004949988
v -0.115485088 -0.134638744 -0.004049994
v -0.115475952 -0.13540821 -0.004949988
v -0.115475952 -0.13540821 -0.004049994
v -0.115472187 -0.13463512 -0.004999976
v -0.115472187 -0.13463512 -0.00489997
v -0.115472187 -0.13463512 -0.004099982
v -0.115472187 -0.13463512 -0.003999976
v -0.115462971 -0.135411525 -0.004999976
v -0.115462971 -0.135411525 -0.00489997
v -0.115462971 -0.135411525 -0.004099982
v -0.115462971 -0.135411525 -0.003999976
v -0.115447398 -0.109770536 0.006499534
v -0.115446468 -0.109775647 0.006500022
v -0.115243476 -0.109388761 0.006200004
v -0.115181077 -0.12639327 0.006500024
v -0.115146207 -0.126667463 0.006475274
v -0.115124761 -0.12608708 0.006500024
v -0.115107358 -0.12686006 0.00645672
v -0.115078018 -0.135018699 2.5e-08
v -0.114998228 -0.125802618 0.006500024
v -0.114952286 -0.10302599 0.005700003
v -0.114936608 -0.13501702 0.000100031
v -0.114936608 -0.13501702 0.001000025
v -0.114862295 -0.126401693 0.005700006
v -0.114861429 -0.126390989 0.006163842
v -0.11482792 -0.126747282 0.005700006
v -0.11482792 -0.126747282 0.006122705
v -0.114815851 -0.126166952 0.006163842
v -0.11480853 -0.125555761 0.006500024
v -0.114776395 -0.126065184 0.005700006
v -0.114720575 -0.125959112 0.006163842
v -0.114580587 -0.125778356 0.005700006
v -0.114580587 -0.125778356 0.006163842
v -0.113808062 -0.115612218 0.006500023
v -0.113673669 -0.130859137 0.005700006
v -0.113612414 -0.116019109 0.006500023
v -0.113586948 -0.107889798 0.006200004
v -0.113519228 -0.115531141 0.005700005
v -0.113519228 -0.115531141 0.006200005
v -0.113368727 -0.115844136 0.005700005
v -0.113368727 -0.115844136 0.006200005
v -0.113334335 -0.107612759 0.006500022
v -0.113302116 -0.107794461 0.006500022
v -0.113289397 -0.116334546 0.006500023
v -0.113120253 -0.116086774 0.005700005
v -0.113120253 -0.116086774 0.006200005
v -0.113041054 -0.134220961 0.005700007
v -0.112877978 -0.116520482 0.006500023
v -0.112803778 -0.116229802 0.005700005
v -0.112803778 -0.116229802 0.006200005
v -0.112091713 -0.0976107 -0.004999979
v -0.112091713 -0.0976107 -0.004899973
v -0.112091713 -0.0976107 -0.004099985
v -0.112091713 -0.0976107 -0.003999979
v -0.112082496 -0.098387098 -0.004999979
v -0.112082496 -0.098387098 -0.004899973
v -0.112082496 -0.098387098 -0.004099985
v -0.112082496 -0.098387098 -0.003999979
v -0.112078731 -0.097614011 -0.004949991
v -0.112078731 -0.097614011 -0.004049998
v -0.112069599 -0.098383481 -0.004949991
v -0.112069599 -0.098383481 -0.004049997
v -0.112043266 -0.097623067 -0.004986582
v -0.112043266 -0.097623067 -0.004013376
v -0.112034355 -0.098373586 -0.004986582
v -0.112034355 -0.098373586 -0.004013376
v -0.111994819 -0.097635434 -0.004999979
v -0.111994819 -0.097635434 -0.003999979
v -0.111986217 -0.098360074 -0.004999979
v -0.111986217 -0.098360074 -0.003999979
v -0.111905734 -0.113878881 0.005700005
v -0.111905734 -0.11387888 0.006200005
v -0.111755232 -0.114191869 0.005700005
v -0.111755232 -0.114191869 0.006200005
v -0.111725471 -0.106943028 0.006400016
v -0.111725471 -0.106943028 0.006500022
v -0.111711494 -0.096933706 -0.004999979
v -0.111711494 -0.096933706 -0.004899973
v -0.111711494 -0.096933705 -0.004099985
v -0.111711494 -0.096933705 -0.003999979
v -0.111704139 -0.09770963 -0.004999979
v -0.111702911 -0.097813154 -0.004999979
v -0.111701908 -0.096943067 -0.004949992
v -0.111701908 -0.096943067 -0.004049998
v -0.111686313 -0.099054876 -0.004999979
v -0.111686313 -0.099054876 -0.004899973
v -0.111686313 -0.099054876 -0.004099985
v -0.111686313 -0.099054876 -0.003999979
v -0.111676952 -0.099045293 -0.004949991
v -0.111676952 -0.099045293 -0.004049997
v -0.11167572 -0.096968641 -0.004986582
v -0.11167572 -0.09696864 -0.004013377
v -0.111655693 -0.097721998 -0.004986582
v -0.111654773 -0.097799642 -0.004986582
v -0.111653446 -0.097619367 -0.004999979
v -0.111651378 -0.099019101 -0.004986582
v -0.111651378 -0.099019101 -0.004013376
v -0.111650089 -0.097902189 -0.004999979
v -0.11163995 -0.097003576 -0.004999979
v -0.11163995 -0.097003575 -0.003999979
v -0.111627006 -0.097596639 -0.004999979
v -0.111620228 -0.097731054 -0.004949991
v -0.111619533 -0.097789747 -0.004949991
v -0.111617672 -0.097654302 -0.004986582
v -0.111616896 -0.113797795 0.006500023
v -0.111616447 -0.098983335 -0.004999979
v -0.111616447 -0.098983335 -0.003999979
v -0.111615154 -0.097866414 -0.004986582
v -0.111609863 -0.097768995 -0.004199991
v -0.111607246 -0.097734365 -0.004899973
v -0.111607246 -0.097734365 -0.003999979
v -0.111607246 -0.097734364 0.003900015
v -0.111606632 -0.097786123 -0.004899973
v -0.111601105 -0.098251965 0.003900015
v -0.111601104 -0.098251966 -0.003999979
v -0.111597843 -0.097637258 -0.004986582
v -0.111597023 -0.097578855 -0.004999979
v -0.111594269 -0.097737675 0.003950003
v -0.111592945 -0.097702718 -0.004199991
v -0.111591484 -0.097679876 -0.004949991
v -0.11158958 -0.09784023 -0.004949991
v -0.111588203 -0.098248349 0.003950003
v -0.111581901 -0.097689237 -0.004899973
v -0.111580223 -0.097830648 -0.004899973
v -0.111580223 -0.097830648 -0.004199991
v -0.111576496 -0.09766699 -0.004949991
v -0.111575355 -0.097623914 -0.004986582
v -0.111573791 -0.107091145 0.006400016
v -0.111573791 -0.107091145 0.006500022
v -0.11156868 -0.097677869 -0.004899973
v -0.111564407 -0.097566541 -0.004999979
v -0.111559494 -0.097656904 -0.004949991
v -0.1115588 -0.097746731 0.003986624
v -0.111553688 -0.097668973 -0.004899973
v -0.111552963 -0.098238453 0.003986624
v -0.111550895 -0.097614682 -0.004986582
v -0.111541004 -0.097649923 -0.004949991
v -0.11153738 -0.097662824 -0.004899973
v -0.11153738 -0.097662824 -0.004199991
v -0.111511549 -0.114016896 0.006500023
v -0.111510357 -0.097759099 -0.003999979
v -0.111510357 -0.097759099 0.001000021
v -0.111510357 -0.097759098 0.004000021
v -0.111506762 -0.114434514 0.005700005
v -0.111506762 -0.114434514 0.006200005
v -0.111504826 -0.098224942 0.004000021
v -0.111504825 -0.098224942 -0.003999979
v -0.111504825 -0.098224942 0.001000021
v -0.111460899 -0.098576139 -0.004999979
v -0.111447361 -0.098712278 -0.004999979
v -0.111436725 -0.106735333 0.006400016
v -0.111436725 -0.106735333 0.006500022
v -0.111431694 -0.098115461 -0.004999979
v -0.111424308 -0.106983609 0.006400016
v -0.111424308 -0.106983609 0.006500022
v -0.111412452 -0.098588506 -0.004986582
v -0.111402298 -0.09869061 -0.004986582
v -0.111385399 -0.09828037 -0.004999979
v -0.111376987 -0.098597562 -0.004949991
v -0.111369312 -0.098674749 -0.004949991
v -0.11136401 -0.098600873 -0.004199991
v -0.111364009 -0.098600873 -0.004899973
v -0.111357238 -0.098668943 -0.004899973
v -0.111357238 -0.098668943 -0.004199991
v -0.111353768 -0.097283039 0.003900015
v -0.111353767 -0.09728304 -0.003999979
v -0.111349479 -0.098807859 -0.004999979
v -0.111344185 -0.097292401 0.003950003
v -0.111342655 -0.098062635 -0.004899973
v -0.111342655 -0.098062635 -0.004199991
v -0.111337618 -0.114186742 0.006500023
v -0.111336983 -0.098697148 0.003900015
v -0.111336982 -0.098697149 -0.003999979
v -0.111328888 -0.098762296 -0.004986582
v -0.111327621 -0.098687565 0.003950003
v -0.111317997 -0.097317967 0.003986624
v -0.111313816 -0.09872894 -0.004949991
v -0.111308296 -0.098716733 -0.004899973
v -0.111308296 -0.098716733 -0.004199991
v -0.111307414 -0.106642529 0.006400016
v -0.111307414 -0.106642529 0.006500022
v -0.111302048 -0.098661381 0.003986624
v -0.111282223 -0.097352903 -0.003999979
v -0.111282223 -0.097352902 0.001000021
v -0.111282223 -0.097352902 0.004000021
v -0.111281879 -0.098279142 -0.004899973
v -0.111281879 -0.098279142 -0.004199991
v -0.111270511 -0.097484044 -0.004999979
v -0.111267117 -0.098625607 0.004000021
v -0.111267116 -0.098625608 -0.003999979
v -0.111267116 -0.098625607 0.001000021
v -0.111240089 -0.098721883 -0.004899973
v -0.111240089 -0.098721883 -0.004199991
v -0.111236469 -0.098734784 -0.004949991
v -0.111231532 -0.107425374 0.006400016
v -0.111231532 -0.107425374 0.006500022
v -0.111226574 -0.098770025 -0.004986582
v -0.111217689 -0.097573079 -0.004899973
v -0.111217689 -0.097573079 -0.004199991
v -0.111213062 -0.098818166 -0.004999979
v -0.111191295 -0.107211155 0.006400016
v -0.111191295 -0.107211155 0.006500022
v -0.111190283 -0.114577542 0.005700005
v -0.111190283 -0.114577542 0.006200005
v -0.111161205 -0.106536244 0.006400016
v -0.111161205 -0.106536244 0.006500022
v -0.111150844 -0.097361501 -0.004999979
v -0.111116084 -0.114286862 0.006500023
v -0.111075344 -0.097065725 -0.004999979
v -0.111063808 -0.097032827 -0.004999979
v -0.111060577 -0.097412191 -0.004899973
v -0.111060577 -0.097412191 -0.004199991
v -0.111046737 -0.097002431 -0.004999979
v -0.111043716 -0.096537526 -0.004999979
v -0.111043716 -0.096537526 -0.004899973
v -0.111043716 -0.096537526 -0.004099985
v -0.111043716 -0.096537526 -0.003999979
v -0.111040096 -0.09655042 -0.004949992
v -0.111040096 -0.09655042 -0.004049998
v -0.111030205 -0.09658566 -0.004986582
v -0.111030205 -0.09658566 -0.004013377
v -0.111028541 -0.107623608 0.006400016
v -0.111028541 -0.107623608 0.006500022
v -0.111026897 -0.097078092 -0.004986582
v -0.111024647 -0.096975461 -0.004999979
v -0.111018245 -0.097053418 -0.004986582
v -0.111016693 -0.096633802 -0.004999979
v -0.111016693 -0.096633802 -0.003999979
v -0.111010238 -0.107151814 0.006400016
v -0.111010238 -0.107151814 0.006500022
v -0.111009479 -0.107456028 0.006400016
v -0.111009479 -0.107456028 0.006500022
v -0.111009319 -0.099435094 -0.004999979
v -0.111009319 -0.099435094 -0.004899973
v -0.111009319 -0.099435094 -0.004099985
v -0.111009319 -0.099435094 -0.003999979
v -0.111006008 -0.099422117 -0.004949991
v -0.111006008 -0.099422116 -0.004049997
v -0.111005443 -0.097030622 -0.004986582
v -0.111003448 -0.10738316 0.006400016
v -0.111003448 -0.10738316 0.006500022
v -0.111002902 -0.107336484 0.006400016
v -0.111002902 -0.107336483 0.006500022
v -0.110996952 -0.099386648 -0.004986582
v -0.110996952 -0.099386647 -0.004013376
v -0.110991432 -0.097087148 -0.004949991
v -0.110988876 -0.097010396 -0.004986582
v -0.110984894 -0.097068494 -0.004949991
v -0.110984588 -0.099338201 -0.004999979
v -0.110984588 -0.099338201 -0.003999979
v -0.110978451 -0.097090459 -0.004899973
v -0.110978451 -0.097090459 -0.004199991
v -0.110975212 -0.097051259 -0.004949992
v -0.110972683 -0.09707401 -0.004899973
v -0.110969604 -0.107182812 0.006400016
v -0.110969604 -0.107182812 0.006500022
v -0.110964149 -0.097058812 -0.004899973
v -0.110962688 -0.09703597 -0.004949992
v -0.110953102 -0.097045331 -0.004899973
v -0.110939884 -0.097033963 -0.004199991
v -0.110935611 -0.096922635 -0.004999979
v -0.110927318 -0.107199734 0.006400016
v -0.110927318 -0.107199734 0.006500022
v -0.110922096 -0.096970777 -0.004986582
v -0.110920395 -0.098632146 -0.004899973
v -0.110920395 -0.098632146 -0.004199991
v -0.110919166 -0.098735662 -0.004999979
v -0.110915477 -0.107375988 0.006400016
v -0.110915477 -0.107375988 0.006500022
v -0.110912205 -0.097006017 -0.004949992
v -0.110908585 -0.097018917 0.003900015
v -0.110908584 -0.097018918 -0.004899973
v -0.110908584 -0.097018918 -0.003999979
v -0.110904965 -0.097031811 0.003950003
v -0.110895073 -0.097067051 0.003986624
v -0.110887202 -0.107199688 0.006400016
v -0.110887202 -0.107199688 0.006500022
v -0.110885654 -0.098950627 -0.003999979
v -0.110885654 -0.098950627 0.003900015
v -0.110882339 -0.098937649 0.003950003
v -0.110881558 -0.097115193 0.004000021
v -0.110881557 -0.097115193 -0.003999979
v -0.110881557 -0.097115193 0.001000021
v -0.110880923 -0.10705901 0.006400016
v -0.110880923 -0.10705901 0.006500022
v -0.110874027 -0.097015477 -0.004199991
v -0.11087329 -0.112917508 0.006350029
v -0.11087329 -0.112917508 0.006500023
v -0.110873287 -0.09890218 0.003986624
v -0.110870219 -0.113176305 0.006350029
v -0.110870219 -0.113176305 0.006500023
v -0.11086092 -0.098853734 -0.003999979
v -0.11086092 -0.098853734 0.001000021
v -0.11086092 -0.098853733 0.004000021
v -0.110856823 -0.0970183 -0.004899973
v -0.110853512 -0.097005323 -0.004949992
v -0.11085337 -0.107180409 0.006400016
v -0.11085337 -0.107180409 0.006500022
v -0.110844459 -0.096969854 -0.004986582
v -0.110837722 -0.10712476 0.006400016
v -0.110837722 -0.10712476 0.006500022
v -0.110832092 -0.096921407 -0.004999979
v -0.110825244 -0.107383969 0.006400016
v -0.110825244 -0.107383969 0.006500022
v -0.110811691 -0.097043645 -0.004899973
v -0.110811691 -0.097043645 -0.004199991
v -0.11080233 -0.097034063 -0.004949991
v -0.11077676 -0.097007878 -0.004986582
v -0.110753204 -0.098778028 -0.004999979
v -0.11074655 -0.112691846 0.006350029
v -0.11074655 -0.112691846 0.006500023
v -0.110746131 -0.106941578 0.006400016
v -0.110746131 -0.106941578 0.006500022
v -0.110741825 -0.096972104 -0.004999979
v -0.110740096 -0.107361226 0.006400016
v -0.110740096 -0.107361226 0.006500022
v -0.110738158 -0.1133989 0.006350029
v -0.110738158 -0.1133989 0.006500023
v -0.110736228 -0.107909993 0.006400016
v -0.110736228 -0.107909993 0.006500022
v -0.110726695 -0.107445492 0.006400016
v -0.110726695 -0.107445492 0.006500022
v -0.110718291 -0.107438443 0.006400016
v -0.110718291 -0.107438443 0.006500022
v -0.11070251 -0.098687764 -0.004899973
v -0.11070251 -0.098687764 -0.004199991
v -0.110674499 -0.107024312 0.006400016
v -0.110674499 -0.107024312 0.006500022
v -0.110667071 -0.107309292 0.006400016
v -0.110667071 -0.107309292 0.006500022
v -0.110625175 -0.107119038 0.006400016
v -0.110625175 -0.107119038 0.006500022
v -0.110616843 -0.107216679 0.006400016
v -0.110616843 -0.107216679 0.006500022
v -0.110593925 -0.108048962 0.006400016
v -0.110593925 -0.108048962 0.006500022
v -0.11058524 -0.096496044 0.005350027
v -0.110585239 -0.096496045 0.001000021
v -0.110574127 -0.09727564 -0.004899973
v -0.110574127 -0.09727564 -0.004199991
v -0.110569793 -0.107816571 0.006400016
v -0.110569793 -0.107816571 0.006500022
v -0.11056528 -0.107599011 0.006400016
v -0.11056528 -0.107599011 0.006500022
v -0.110561404 -0.107595761 0.006400016
v -0.110561404 -0.107595761 0.006500022
v -0.110534809 -0.0989913 -0.004999979
v -0.110523959 -0.112559781 0.006350029
v -0.110523959 -0.112559781 0.006500023
v -0.11052343 -0.097185376 -0.004999979
v -0.110512492 -0.113525639 0.006350029
v -0.110512492 -0.113525639 0.006500023
v -0.110499877 -0.098955526 -0.004986582
v -0.110477542 -0.107906651 0.006400016
v -0.110477542 -0.107906651 0.006500022
v -0.110474304 -0.098929342 -0.004949991
v -0.110464943 -0.098919751 -0.004199991
v -0.110464942 -0.098919751 -0.004899973
v -0.110459266 -0.107356236 0.006400016
v -0.110459266 -0.107356236 0.006500022
v -0.110432178 -0.098993551 -0.004986582
v -0.110423126 -0.098958081 -0.004949991
v -0.110419811 -0.098945104 -0.004899973
v -0.110419811 -0.098945104 -0.004199991
v -0.110415718 -0.097109662 -0.003999979
v -0.110415718 -0.097109662 0.001000021
v -0.110415718 -0.097109661 0.004000021
v -0.110410141 -0.099047643 -0.004999979
v -0.110403351 -0.097061215 0.003986624
v -0.110395077 -0.09884821 0.001000021
v -0.110395077 -0.09884821 0.004000021
v -0.110395076 -0.09884821 -0.003999979
v -0.110394299 -0.097025753 0.003950003
v -0.110390984 -0.097012768 0.003900015
v -0.110390983 -0.097012769 -0.003999979
v -0.110381565 -0.098896344 0.003986624
v -0.110371673 -0.098931584 0.003950003
v -0.11036805 -0.098944485 0.003900015
v -0.110368049 -0.098944486 -0.004899973
v -0.110368049 -0.098944486 -0.004199991
v -0.110368049 -0.098944486 -0.003999979
v -0.110364429 -0.098957387 -0.004949991
v -0.110357471 -0.097227742 -0.004999979
v -0.110356243 -0.097331258 -0.004899973
v -0.110356243 -0.097331258 -0.004199991
v -0.110354538 -0.098992627 -0.004986582
v -0.110338904 -0.108159199 0.006400016
v -0.110338904 -0.108159199 0.006500022
v -0.110328937 -0.09894032 -0.004949991
v -0.110323532 -0.098918073 -0.004899973
v -0.110323532 -0.098918073 -0.004199991
v -0.110320632 -0.107608921 0.006400016
v -0.110320632 -0.107608921 0.006500022
v -0.110312488 -0.098904592 -0.004899973
v -0.110312488 -0.098904592 -0.004199991
v -0.11030759 -0.098970052 -0.004986582
v -0.110307155 -0.108328061 0.006400016
v -0.110307155 -0.108328061 0.006500022
v -0.110303951 -0.098889394 -0.004899973
v -0.110303951 -0.098889394 -0.004199991
v -0.110301422 -0.098912145 -0.004949991
v -0.110298183 -0.098872937 -0.004899973
v -0.110298183 -0.098872937 -0.004199991
v -0.110292049 -0.096625196 -0.004999979
v -0.110292049 -0.096625196 -0.003999979
v -0.110285202 -0.098876256 -0.004949991
v -0.110279682 -0.096576749 -0.004986582
v -0.110279682 -0.096576749 -0.004013376
v -0.110278427 -0.099010663 -0.004999979
v -0.11027119 -0.098932782 -0.004986582
v -0.11027063 -0.096541288 -0.004949992
v -0.11027063 -0.096541287 -0.004049998
v -0.110267315 -0.096528302 -0.004999979
v -0.110267315 -0.096528302 -0.004899973
v -0.110267315 -0.096528302 -0.004099985
v -0.110267315 -0.096528302 -0.003999979
v -0.110265158 -0.112556706 0.006350029
v -0.110265158 -0.112556706 0.006500023
v -0.110259944 -0.099329602 -0.004999979
v -0.110259944 -0.099329602 -0.003999979
v -0.110253691 -0.113522565 0.006350029
v -0.110253691 -0.113522565 0.006500023
v -0.110249736 -0.098885305 -0.004986582
v -0.110246429 -0.099377736 -0.004986582
v -0.110246429 -0.099377736 -0.004013376
v -0.110236835 -0.107919751 0.006400016
v -0.110236835 -0.107919751 0.006500022
v -0.110236537 -0.099412976 -0.004949991
v -0.110236537 -0.099412976 -0.004049997
v -0.110232963 -0.107916493 0.006400016
v -0.110232963 -0.107916493 0.006500022
v -0.110232917 -0.099425878 -0.004999979
v -0.110232917 -0.099425878 -0.004899973
v -0.110232917 -0.099425878 -0.004099985
v -0.110232917 -0.099425878 -0.003999979
v -0.110228438 -0.107698956 0.006400016
v -0.110228438 -0.107698956 0.006500022
v -0.110216056 -0.098551206 -0.004899973
v -0.110216056 -0.098551206 -0.004199991
v -0.110204234 -0.107466465 0.006400016
v -0.110204234 -0.107466465 0.006500022
v -0.11020129 -0.098897672 -0.004999979
v -0.110125789 -0.098601903 -0.004999979
v -0.110079948 -0.108077061 0.006400016
v -0.110079948 -0.108077061 0.006500022
v -0.110071479 -0.10807008 0.006400016
v -0.110071479 -0.10807008 0.006500022
v -0.110063575 -0.097145238 -0.004999979
v -0.110061938 -0.107605427 0.006400016
v -0.110061938 -0.107605427 0.006500022
v -0.110058948 -0.098390325 -0.004899973
v -0.110058948 -0.098390325 -0.004199991
v -0.11005006 -0.09719338 -0.004986582
v -0.110040168 -0.09722862 -0.004949991
v -0.110039496 -0.112683446 0.006350029
v -0.110039496 -0.112683446 0.006500023
v -0.110036548 -0.097241513 -0.004899973
v -0.110036548 -0.097241513 -0.004199991
v -0.1100311 -0.113390507 0.006350029
v -0.1100311 -0.113390507 0.006500023
v -0.110009578 -0.108372319 0.006400016
v -0.110009578 -0.108372319 0.006500022
v -0.110009522 -0.097337795 0.004000021
v -0.110009521 -0.097337796 -0.003999979
v -0.110009521 -0.097337796 0.001000021
v -0.110006122 -0.09847936 -0.004999979
v -0.109994754 -0.097684262 -0.004899973
v -0.109994754 -0.097684262 -0.004199991
v -0.109994411 -0.098610501 -0.003999979
v -0.109994411 -0.098610501 0.001000021
v -0.109994411 -0.098610501 0.004000021
v -0.109974587 -0.097302021 0.003986624
v -0.109968338 -0.097246671 -0.004899973
v -0.109968338 -0.097246671 -0.004199991
v -0.109963073 -0.108081326 0.006400016
v -0.109963073 -0.108081326 0.006500022
v -0.109962822 -0.097234464 -0.004949991
v -0.109958641 -0.098645428 0.003986624
v -0.109949017 -0.097275837 0.003950003
v -0.109947746 -0.097201108 -0.004986582
v -0.109939655 -0.097266248 -0.003999979
v -0.109939655 -0.097266247 0.003900015
v -0.109933979 -0.097900762 -0.004899973
v -0.109933979 -0.097900762 -0.004199991
v -0.109932453 -0.098671002 0.003950003
v -0.109932078 -0.108316357 0.006400016
v -0.109932078 -0.108316357 0.006500022
v -0.109927154 -0.097155545 -0.004999979
v -0.109922867 -0.098680363 0.003900015
v -0.109922866 -0.098680364 -0.003999979
v -0.109919399 -0.097294461 -0.004899973
v -0.109919399 -0.097294461 -0.004199991
v -0.109912628 -0.097362531 -0.004899973
v -0.109912628 -0.097362531 -0.004199991
v -0.109907435 -0.112906041 0.006350029
v -0.109907435 -0.112906041 0.006500023
v -0.109907325 -0.097288655 -0.004949991
v -0.10990436 -0.113164845 0.006350029
v -0.10990436 -0.113164845 0.006500023
v -0.109899646 -0.097365842 -0.004949991
v -0.109891235 -0.097683034 -0.004999979
v -0.109889098 -0.108027562 0.006400016
v -0.109889098 -0.108027562 0.006500022
v -0.109876231 -0.108748875 0.006400016
v -0.109876231 -0.108748875 0.006500022
v -0.109874336 -0.097272794 -0.004986582
v -0.109864181 -0.097374898 -0.004986582
v -0.109844944 -0.097847943 -0.004999979
v -0.109829277 -0.097251126 -0.004999979
v -0.109815735 -0.097387265 -0.004999979
v -0.109771812 -0.097738461 -0.003999979
v -0.109771812 -0.097738461 0.001000021
v -0.109771812 -0.097738461 0.004000021
v -0.109766281 -0.098204305 -0.003999979
v -0.109766281 -0.098204304 0.001000021
v -0.109766281 -0.098204304 0.004000021
v -0.109747924 -0.108846196 0.006400016
v -0.109747924 -0.108846196 0.006500022
v -0.109743033 -0.107921139 0.006400016
v -0.109743033 -0.107921139 0.006500022
v -0.109739254 -0.09830058 -0.004899973
v -0.109739254 -0.09830058 -0.004199991
v -0.109735633 -0.098313481 -0.004949991
v -0.109730399 -0.108644947 0.006400016
v -0.109730399 -0.108644947 0.006500022
v -0.109725742 -0.098348722 -0.004986582
v -0.109723671 -0.097724949 0.003986624
v -0.109722946 -0.098294423 -0.004899973
v -0.109722946 -0.098294423 -0.004199991
v -0.109717834 -0.098216671 0.003986624
v -0.109712226 -0.098396855 -0.004999979
v -0.109707954 -0.098285527 -0.004899973
v -0.109707954 -0.098285527 -0.004199991
v -0.109700141 -0.098296414 -0.004949991
v -0.109696415 -0.098132756 -0.004899973
v -0.109696415 -0.098132756 -0.004199991
v -0.109694736 -0.098274167 -0.004899973
v -0.109694736 -0.098274167 -0.004199991
v -0.109688431 -0.097715054 0.003950003
v -0.109687053 -0.098123174 -0.004949991
v -0.109682369 -0.09822572 0.003950003
v -0.109679316 -0.108674847 0.006400016
v -0.109679316 -0.108674847 0.006500022
v -0.109678791 -0.098326146 -0.004986582
v -0.109675533 -0.097711431 -0.003999979
v -0.109675533 -0.09771143 0.003900015
v -0.109672626 -0.098268239 -0.004949991
v -0.109670002 -0.098177274 -0.004899973
v -0.109670002 -0.098177274 -0.004199991
v -0.109669388 -0.098229038 0.003900015
v -0.109669387 -0.098229039 -0.004899973
v -0.109669387 -0.098229039 -0.004199991
v -0.109669387 -0.098229039 -0.003999979
v -0.10966148 -0.098096982 -0.004986582
v -0.10966019 -0.096980069 -0.004999979
v -0.10966019 -0.096980069 -0.003999979
v -0.109656406 -0.09823235 -0.004949991
v -0.109653438 -0.098193082 -0.004949991
v -0.109652823 -0.108589062 0.006400016
v -0.109652823 -0.108589062 0.006500022
v -0.109642395 -0.098288877 -0.004986582
v -0.109642169 -0.108876507 0.006400016
v -0.109642169 -0.108876507 0.006500022
v -0.109637515 -0.108658398 0.006400016
v -0.109637515 -0.108658398 0.006500022
v -0.109636688 -0.098959829 -0.004999979
v -0.109636688 -0.098959828 -0.003999979
v -0.109626548 -0.098061216 -0.004999979
v -0.109625255 -0.096944295 -0.004986582
v -0.109625255 -0.096944295 -0.004013376
v -0.109620941 -0.098241399 -0.004986582
v -0.109617015 -0.098189458 -0.004986582
v -0.1096011 -0.098317067 -0.004999979
v -0.109600914 -0.098994764 -0.004986582
v -0.109600914 -0.098994763 -0.004013376
v -0.109599682 -0.096918111 -0.004949991
v -0.109599682 -0.096918111 -0.004049998
v -0.109590324 -0.096908528 -0.004999979
v -0.109590324 -0.096908528 -0.004899973
v -0.109590324 -0.096908528 -0.004099985
v -0.109590324 -0.096908528 -0.003999979
v -0.109574726 -0.099020337 -0.004949991
v -0.109574726 -0.099020337 -0.004049997
v -0.109567264 -0.098184507 -0.004999979
v -0.109565143 -0.099029699 -0.004999979
v -0.109565143 -0.099029699 -0.004899973
v -0.109565143 -0.099029698 -0.004099985
v -0.109565143 -0.099029698 -0.003999979
v -0.109556907 -0.108858006 0.006400016
v -0.109556907 -0.108858006 0.006500022
v -0.109529258 -0.108504963 0.006400016
v -0.109529258 -0.108504963 0.006500022
v -0.10949013 -0.108807965 0.006400016
v -0.10949013 -0.108807965 0.006500022
v -0.109487246 -0.108529477 0.006400016
v -0.109487246 -0.108529477 0.006500022
v -0.109463683 -0.108659192 0.006400016
v -0.109463683 -0.108659192 0.006500022
v -0.109455279 -0.108451207 0.006400016
v -0.109455279 -0.108451207 0.006500022
v -0.109450141 -0.108732602 0.006400016
v -0.109450141 -0.108732602 0.006500022
v -0.109442908 -0.108513409 0.006400016
v -0.109442908 -0.108513409 0.006500022
v -0.109434642 -0.108482106 0.006400016
v -0.109434642 -0.108482106 0.006500022
v -0.109417521 -0.108674946 0.006400016
v -0.109417521 -0.108674946 0.006500022
v -0.109364901 -0.108676899 0.006400016
v -0.109364901 -0.108676899 0.006500022
v -0.109352168 -0.109261586 0.006400016
v -0.109352168 -0.109261586 0.006500023
v -0.109342631 -0.108797078 0.006400016
v -0.109342631 -0.108797078 0.006500022
v -0.109334235 -0.10879002 0.006400016
v -0.109334235 -0.10879002 0.006500022
v -0.109313937 -0.108340168 0.006400016
v -0.109313937 -0.108340168 0.006500022
v -0.109309634 -0.108660633 0.006400016
v -0.109309634 -0.108660633 0.006500022
v -0.109290416 -0.09760333 -0.004999979
v -0.109290416 -0.09760333 -0.003999979
v -0.109281814 -0.09832797 -0.004999979
v -0.109281814 -0.09832797 -0.003999979
v -0.109256179 -0.108621258 0.006400016
v -0.109256179 -0.108621258 0.006500022
v -0.109242279 -0.09758981 -0.004986582
v -0.109242279 -0.09758981 -0.004013376
v -0.109233368 -0.098340337 -0.004013376
v -0.109233367 -0.098340337 -0.004986582
v -0.109217196 -0.108491093 0.006400016
v -0.109217196 -0.108491093 0.006500022
v -0.109209861 -0.109400547 0.006400016
v -0.109209861 -0.109400547 0.006500023
v -0.109207039 -0.097579923 -0.004949991
v -0.109207039 -0.097579923 -0.004049997
v -0.109197902 -0.098349393 -0.004949991
v -0.109197902 -0.098349393 -0.004049997
v -0.109194141 -0.097576299 -0.004999979
v -0.109194141 -0.097576299 -0.004899973
v -0.109194141 -0.097576299 -0.004099985
v -0.109194141 -0.097576299 -0.003999979
v -0.109185748 -0.109168141 0.006400016
v -0.109185748 -0.109168141 0.006500023
v -0.109184921 -0.098352704 -0.004999979
v -0.109184921 -0.098352704 -0.004899973
v -0.109184921 -0.098352704 -0.004099985
v -0.109184921 -0.098352704 -0.003999979
v -0.10918122 -0.108950604 0.006400016
v -0.10918122 -0.108950604 0.006500023
v -0.109177344 -0.108947338 0.006400016
v -0.109177344 -0.108947338 0.006500023
v -0.109161302 -0.119772839 0.006500024
v -0.109093482 -0.109258244 0.006400016
v -0.109093482 -0.109258244 0.006500023
v -0.109075213 -0.108707814 0.006400016
v -0.109075213 -0.108707814 0.006500022
v -0.108974055 -0.109629879 0.006400016
v -0.108974055 -0.109629879 0.006500023
v -0.108954848 -0.109510785 0.006400016
v -0.108954848 -0.109510785 0.006500023
v -0.108936564 -0.108960499 0.006400016
v -0.108936564 -0.108960499 0.006500023
v -0.108933359 -0.119995435 0.005700005
v -0.108933359 -0.119995435 0.006163842
v -0.108919012 -0.119577336 0.006500024
v -0.108852778 -0.109271336 0.006400016
v -0.108852778 -0.109271336 0.006500023
v -0.10884883 -0.109268147 0.006400016
v -0.10884883 -0.109268147 0.006500023
v -0.108844382 -0.109050526 0.006400016
v -0.108844382 -0.109050526 0.006500023
v -0.10882527 -0.109775174 0.006400016
v -0.10882527 -0.109775174 0.006500023
v -0.108820182 -0.108818043 0.006400016
v -0.108820182 -0.108818043 0.006500023
v -0.108755972 -0.119851193 0.006163842
v -0.108731789 -0.094741474 0.001001425
v -0.108731789 -0.094741474 0.002951437
v -0.108695895 -0.109428646 0.006400016
v -0.108695895 -0.109428646 0.006500023
v -0.108687419 -0.109421666 0.006400016
v -0.108687419 -0.109421666 0.006500023
v -0.108677874 -0.108957013 0.006400016
v -0.108677874 -0.108957013 0.006500023
v -0.108651254 -0.119792867 0.005700005
v -0.10863764 -0.119444081 0.006500024
v -0.108600898 -0.107172055 0.006400016
v -0.108600898 -0.107172055 0.006500022
v -0.108586966 -0.110007885 0.006400017
v -0.108586966 -0.110007885 0.006500023
v -0.108582297 -0.109678799 0.006400016
v -0.108582297 -0.109678799 0.006500023
v -0.108553744 -0.109937199 0.006400017
v -0.108553744 -0.109937199 0.006500023
v -0.108550455 -0.119751012 0.006163842
v -0.10848038 -0.109778324 0.006400017
v -0.10848038 -0.109778324 0.006500023
v -0.108478869 -0.109635907 0.006400016
v -0.108478869 -0.109635907 0.006500023
v -0.108461932 -0.110129986 0.006400017
v -0.108461932 -0.110129986 0.006500023
v -0.108452525 -0.109718212 0.006400017
v -0.108452525 -0.109718212 0.006500023
v -0.108429896 -0.109670788 0.006400016
v -0.108429896 -0.109670788 0.006500023
v -0.108410769 -0.109633015 0.006400016
v -0.108410769 -0.109633015 0.006500023
v -0.10839347 -0.109599789 0.006400016
v -0.10839347 -0.109599789 0.006500023
v -0.108384421 -0.110115612 0.006400017
v -0.108384421 -0.110115612 0.006500023
v -0.108382956 -0.110115384 0.006400017
v -0.108382956 -0.110115384 0.006500023
v -0.108374062 -0.095090809 0.002951437
v -0.108374062 -0.095090809 0.005351431
v -0.108361628 -0.109400517 0.006400016
v -0.108361628 -0.109400517 0.006500023
v -0.108355285 -0.107257824 0.006400016
v -0.108355285 -0.107257824 0.006500022
v -0.108335219 -0.109295918 0.006400016
v -0.108335219 -0.109295918 0.006500023
v -0.108335028 -0.109938839 0.006400017
v -0.108335028 -0.109938839 0.006500023
v -0.108332868 -0.119380513 0.006500024
v -0.108327558 -0.119700124 0.006163842
v -0.108316885 -0.11969901 0.005700005
v -0.108297263 -0.109857579 0.006400017
v -0.108297263 -0.109857579 0.006500023
v -0.108291404 -0.10992928 0.006400017
v -0.108291404 -0.10992928 0.006500023
v -0.108245444 -0.109740078 0.006400017
v -0.108245444 -0.109740078 0.006500023
v -0.108239688 -0.109919598 0.006400017
v -0.108239688 -0.109919598 0.006500023
v -0.108228564 -0.109700512 0.006400017
v -0.108228564 -0.109700512 0.006500023
v -0.108222857 -0.110363453 0.006400017
v -0.108222857 -0.110363453 0.006500023
v -0.108207791 -0.094204884 0.002951437
v -0.108207791 -0.094204883 0.004951437
v -0.10817546 -0.110077465 0.006400017
v -0.10817546 -0.110077465 0.006500023
v -0.108174258 -0.109908306 0.006400017
v -0.108174258 -0.109908306 0.006500023
v -0.108136607 -0.109489872 0.006400016
v -0.108136607 -0.109489872 0.006500023
v -0.108102893 -0.110063931 0.006400017
v -0.108102893 -0.110063931 0.006500023
v -0.108088599 -0.109894619 0.006400017
v -0.108088599 -0.109894619 0.006500023
v -0.108072924 -0.11017622 0.006400017
v -0.108072924 -0.11017622 0.006500023
v -0.108071887 -0.110510884 0.006400017
v -0.108071887 -0.110510884 0.006500023
v -0.108057928 -0.119408864 0.006475274
v -0.108043254 -0.110052784 0.006400017
v -0.108043254 -0.110052784 0.006500023
v -0.108020713 -0.110560856 0.006400017
v -0.108020713 -0.110560856 0.006500023
v -0.108007189 -0.11009721 0.006400017
v -0.108007189 -0.11009721 0.006500023
v -0.10799335 -0.110042713 0.006400017
v -0.10799335 -0.110042713 0.006500023
v -0.107970571 -0.119725163 0.005700005
v -0.107970571 -0.119725163 0.006122704
v -0.107950068 -0.11003278 0.006400017
v -0.107950068 -0.11003278 0.006500023
v -0.107864462 -0.119443135 0.006456719
v -0.107863662 -0.109858578 0.006400017
v -0.107863662 -0.109858578 0.006500023
v -0.107850067 -0.094554218 0.002951437
v -0.107850067 -0.094554218 0.004951437
v -0.107842974 -0.109776615 0.006400017
v -0.107842974 -0.109776615 0.006500023
v -0.107841197 -0.110736157 0.006400017
v -0.107841197 -0.110736157 0.006500023
v -0.107781069 -0.110137509 0.006400017
v -0.107781069 -0.110137509 0.006500023
v -0.107775225 -0.110800579 0.006400017
v -0.107775225 -0.110800579 0.006500023
v -0.107648162 -0.109966854 0.006400017
v -0.107648162 -0.109966854 0.006500023
v -0.107537772 -0.110786129 0.006400017
v -0.107537772 -0.110786129 0.006500023
v -0.107524424 -0.108223263 0.006400016
v -0.107524424 -0.108223263 0.006500022
v -0.107474194 -0.093453663 0.004951437
v -0.107474194 -0.093453662 0.005351431
v -0.107372345 -0.096069019 0.003571432
v -0.107372345 -0.096069019 0.004951437
v -0.107369181 -0.110950764 0.006400017
v -0.107369181 -0.110950764 0.006500023
v -0.107329604 -0.110992298 0.006400017
v -0.107329604 -0.110992298 0.006500023
v -0.10731536 -0.110941075 0.006400017
v -0.10731536 -0.110941075 0.006500023
v -0.107297499 -0.110884701 0.006400017
v -0.107297499 -0.110884701 0.006500023
v -0.107236125 -0.110691281 0.006400017
v -0.107236125 -0.110691281 0.006500023
v -0.107205027 -0.111357403 0.006400017
v -0.107205027 -0.111357403 0.006500023
v -0.107194907 -0.110501019 0.006400017
v -0.107194907 -0.110501019 0.006500023
v -0.107192752 -0.110500927 0.006400017
v -0.107192752 -0.110500927 0.006500023
v -0.107186194 -0.110500439 0.006400017
v -0.107186194 -0.110500439 0.006500023
v -0.107169451 -0.110434338 0.006400017
v -0.107169451 -0.110434338 0.006500023
v -0.107153857 -0.111407368 0.006400017
v -0.107153857 -0.111407368 0.006500023
v -0.107116471 -0.093802997 0.004951437
v -0.107116471 -0.093802997 0.005351431
v -0.107049388 -0.110851864 0.006400017
v -0.107049388 -0.110851864 0.006500023
v -0.107042203 -0.091150302 0.005700002
v -0.107042202 -0.091150303 -0.00299998
v -0.107042202 -0.091150303 0.001000021
v -0.107004152 -0.118019871 0.006500023
v -0.106999021 -0.11802068 0.006499535
v -0.106977881 -0.110621411 0.006400017
v -0.106977881 -0.110621411 0.006500023
v -0.106933567 -0.094331348 0.001601431
v -0.106933567 -0.094331348 0.003701437
v -0.106911253 -0.111397946 0.006400017
v -0.106911253 -0.111397946 0.006500023
v -0.106819611 -0.091018246 -0.00299998
v -0.106819611 -0.091018246 0.001000021
v -0.10681626 -0.11128883 0.006400017
v -0.10681626 -0.11128883 0.006500023
v -0.106807431 -0.090909893 -0.00299998
v -0.10680743 -0.090909893 -0.00499998
v -0.106771414 -0.111165203 0.006400017
v -0.106771414 -0.111165203 0.006500023
v -0.106725363 -0.111440655 0.006400017
v -0.106725363 -0.111440655 0.006500023
v -0.106697276 -0.111853237 0.006400017
v -0.106697276 -0.111853237 0.006500023
v -0.106690566 -0.111108784 0.006400017
v -0.106690566 -0.111108784 0.006500023
v -0.106690411 -0.090999675 0.005716757
v -0.106627022 -0.09076373 -0.00499998
v -0.106627022 -0.090763729 -0.00299998
v -0.106622194 -0.117807751 0.006200005
v -0.10661764 -0.111301022 0.006400017
v -0.10661764 -0.111301022 0.006500023
v -0.106597968 -0.111374653 0.006400017
v -0.106597968 -0.111374653 0.006500023
v -0.10659405 -0.111094258 0.006400017
v -0.10659405 -0.111094258 0.006500023
v -0.106575756 -0.094680767 0.003101431
v -0.106575756 -0.094680767 0.003701437
v -0.10657334 -0.111283444 0.006400017
v -0.10657334 -0.111283444 0.006500023
v -0.106572962 -0.11194804 0.006400017
v -0.106572962 -0.11194804 0.006500023
v -0.10656081 -0.091015171 -0.00299998
v -0.10656081 -0.091015171 0.001000021
v -0.106539744 -0.111760739 0.006400017
v -0.106539744 -0.111760739 0.006500023
v -0.106519625 -0.111317974 0.006400017
v -0.106519625 -0.111317974 0.006500023
v -0.106484999 -0.111794209 0.006400017
v -0.106484999 -0.111794209 0.006500023
v -0.10648347 -0.11112994 0.006400017
v -0.10648347 -0.11112994 0.006500023
v -0.106477248 -0.108408276 0.006400016
v -0.106477248 -0.108408276 0.006500023
v -0.106461089 -0.111982945 0.006400017
v -0.106461089 -0.111982945 0.006500023
v -0.10645788 -0.111701863 0.006400017
v -0.10645788 -0.111701863 0.006500023
v -0.106440356 -0.11177628 0.006400017
v -0.106440356 -0.11177628 0.006500023
v -0.106417771 -0.090663113 -0.00499998
v -0.106417771 -0.090663113 -0.00299998
v -0.106362025 -0.111965801 0.006400017
v -0.106362025 -0.111965801 0.006500023
v -0.106360732 -0.111224079 0.006400017
v -0.106360732 -0.111224079 0.006500023
v -0.106335145 -0.09114191 0.005757162
v -0.106335144 -0.091141911 -0.00299998
v -0.106335144 -0.09114191 0.001000021
v -0.106331191 -0.111635166 0.006400017
v -0.106331191 -0.111635166 0.006500023
v -0.106305945 -0.112235386 0.006400017
v -0.106305945 -0.112235386 0.006500023
v -0.106277262 -0.111905377 0.006400017
v -0.106277262 -0.111905377 0.006500023
v -0.106271687 -0.094977695 0.002701437
v -0.106271687 -0.094977695 0.003101431
v -0.106237421 -0.111781811 0.006400017
v -0.106237421 -0.111781811 0.006500023
v -0.106190953 -0.090613468 -0.00299998
v -0.106190952 -0.090613469 -0.00499998
v -0.10617961 -0.111650013 0.006400017
v -0.10617961 -0.111650013 0.006500023
v -0.106154196 -0.112383572 0.006400017
v -0.106154196 -0.112383572 0.006500023
v -0.106118018 -0.111710163 0.006400017
v -0.106118018 -0.111710163 0.006500023
v -0.10611071 -0.095134899 0.001601431
v -0.10611071 -0.095134899 0.001901419
v -0.10606092 -0.105918621 0.006400016
v -0.10606092 -0.105918621 0.006500022
v -0.106059924 -0.105917599 0.006400016
v -0.106059924 -0.105917599 0.006500022
v -0.106038836 -0.107356106 0.006400016
v -0.106038836 -0.107356106 0.006500022
v -0.105967621 -0.095274631 0.001601431
v -0.105967621 -0.095274631 0.001901419
v -0.105934878 -0.111639942 0.006400017
v -0.105934878 -0.111639942 0.006500023
v -0.105917521 -0.112614697 0.006400017
v -0.105917521 -0.112614697 0.006500023
v -0.105902359 -0.091844059 0.001001424
v -0.105902359 -0.091844058 0.005351431
v -0.1058879 -0.11193488 0.006400017
v -0.1058879 -0.11193488 0.006500023
v -0.10587187 -0.111701466 0.006400017
v -0.10587187 -0.111701466 0.006500023
v -0.105834328 -0.091630977 0.001000021
v -0.105834328 -0.091630977 0.005350027
v -0.105806644 -0.095431827 0.002701437
v -0.105806644 -0.095431827 0.003101431
v -0.105735442 -0.11208376 0.006400017
v -0.105735442 -0.112083759 0.006500023
v -0.105723366 -0.126713133 -0.00305207
v -0.10571621 -0.126720121 -0.00305207
v -0.105695162 -0.112455235 0.006400017
v -0.105695162 -0.112455235 0.006500023
v -0.105674147 -0.112606022 0.006400017
v -0.105674147 -0.112606022 0.006500023
v -0.105658497 -0.126646704 -0.0030521
v -0.105651345 -0.126653692 -0.0030521
v -0.105635426 -0.126623083 -0.003361457
v -0.105635357 -0.126623007 -0.002742225
v -0.10562827 -0.126630064 -0.003361457
v -0.105628201 -0.126629995 -0.002742225
v -0.105622439 -0.109243023 0.006400017
v -0.105622439 -0.109243023 0.006500023
v -0.105591973 -0.126578581 -0.003301703
v -0.105591919 -0.126578527 -0.002802009
v -0.10558482 -0.126585569 -0.003301703
v -0.105584763 -0.126585516 -0.002802009
v -0.105579974 -0.107973644 0.006400016
v -0.105579974 -0.107973644 0.006500023
v -0.105561064 -0.11225404 0.006400017
v -0.105561064 -0.11225404 0.006500023
v -0.105523097 -0.106272419 0.006400016
v -0.105523097 -0.106272419 0.006500022
v -0.105499327 -0.112314335 0.006400017
v -0.105499327 -0.112314335 0.006500023
v -0.105491744 -0.105335766 0.006400016
v -0.105491744 -0.105335766 0.006500022
v -0.105480887 -0.112446911 0.006400017
v -0.105480887 -0.112446911 0.006500023
v -0.105433994 -0.101526417 0.001000022
v -0.105433994 -0.101526417 0.005350028
v -0.105429888 -0.111379597 0.006400017
v -0.105429888 -0.111379597 0.006500023
v -0.105422181 -0.126404715 -0.003481391
v -0.105422173 -0.126404707 -0.00340113
v -0.105422097 -0.126404623 -0.00270246
v -0.105422085 -0.126404615 -0.002622199
v -0.105415028 -0.126411695 -0.003481391
v -0.105415017 -0.126411688 -0.00340113
v -0.10541494 -0.126411611 -0.00270246
v -0.105414933 -0.126411604 -0.002622199
v -0.105391055 -0.109966885 0.006400017
v -0.105391055 -0.109966885 0.006500023
v -0.105377376 -0.095851024 0.002701437
v -0.105377376 -0.095851024 0.003101431
v -0.105351412 -0.113167523 0.006400017
v -0.105351412 -0.113167523 0.006500023
v -0.105314921 -0.11224535 0.006400017
v -0.105314921 -0.11224535 0.006500023
v -0.105264232 -0.104140011 0.006400016
v -0.105264232 -0.104140011 0.006500022
v -0.105253886 -0.112304951 0.006400017
v -0.105253886 -0.112304951 0.006500023
v -0.105236775 -0.126214849 -0.002834449
v -0.105229619 -0.126221838 -0.002834449
v -0.105228878 -0.126206762 -0.003260779
v -0.105221722 -0.126213751 -0.003260779
v -0.1052164 -0.096008228 0.001601431
v -0.1052164 -0.096008228 0.001901419
v -0.105201281 -0.113314129 0.006400017
v -0.105201281 -0.113314129 0.006500023
v -0.105189232 -0.126166166 -0.002785193
v -0.105186909 -0.09254272 0.001601431
v -0.105186909 -0.09254272 0.003701437
v -0.105182076 -0.126173155 -0.002785193
v -0.105180863 -0.126157598 -0.003309028
v -0.10517371 -0.126164587 -0.003309028
v -0.105162981 -0.116116108 0.006200005
v -0.105112986 -0.113023754 0.006400017
v -0.105112986 -0.113023754 0.006500023
v -0.105112286 -0.12608737 -0.003471839
v -0.105108103 -0.113158787 0.006400017
v -0.105108103 -0.113158787 0.006500023
v -0.10510513 -0.126094358 -0.003471839
v -0.105082905 -0.098304737 0.003571433
v -0.105082905 -0.098304737 0.004951438
v -0.10507443 -0.11582909 0.006500023
v -0.105073307 -0.096147961 0.001601431
v -0.105073307 -0.09614796 0.001901419
v -0.105051148 -0.126024763 -0.003471839
v -0.105049612 -0.113462239 0.006400017
v -0.105049612 -0.113462239 0.006500023
v -0.105043992 -0.126031752 -0.003471839
v -0.104998414 -0.125970762 -0.003283057
v -0.104991261 -0.125977751 -0.003283057
v -0.104976502 -0.125948324 -0.00320658
v -0.104969349 -0.125955313 -0.00320658
v -0.104932513 -0.112867848 0.006400017
v -0.104932513 -0.112867848 0.006500023
v -0.104912546 -0.113106426 0.006400017
v -0.104912546 -0.113106426 0.006500023
v -0.10491233 -0.096305156 0.002701437
v -0.10491233 -0.096305156 0.003101431
v -0.104900122 -0.113354717 0.006400017
v -0.104900122 -0.113354717 0.006500023
v -0.104898649 -0.113015484 0.006400017
v -0.104898649 -0.113015484 0.006500023
v -0.104892015 -0.115856983 0.006500023
v -0.104886807 -0.125856474 -0.002884162
v -0.104879654 -0.125863462 -0.002884162
v -0.104871636 -0.12584094 -0.002821448
v -0.104868607 -0.125837835 -0.002623694
v -0.104864483 -0.125847929 -0.002821448
v -0.104863763 -0.125832876 -0.000176825
v -0.104863568 -0.125832678 -0.002785285
v -0.104861451 -0.125844824 -0.002623694
v -0.104858498 -0.125827482 -0.002623694
v -0.104856835 -0.125825781 -0.002821448
v -0.104856606 -0.125839864 -0.000176825
v -0.104856415 -0.125839666 -0.002785285
v -0.104851342 -0.125834471 -0.002623694
v -0.104849679 -0.125832769 -0.002821448
v -0.104841317 -0.125809889 -0.002885199
v -0.10483416 -0.125816877 -0.002885199
v -0.104829098 -0.092892139 0.003101431
v -0.104829098 -0.092892139 0.003701437
v -0.104798894 -0.125766447 -0.000176825
v -0.104791741 -0.125773435 -0.000176825
v -0.104783297 -0.113013561 0.006400017
v -0.104783297 -0.113013561 0.006500023
v -0.104776484 -0.108758282 0.006400017
v -0.104776484 -0.108758282 0.006500023
v -0.104775822 -0.125742818 -0.000486213
v -0.104775754 -0.12574275 0.00013305
v -0.104768666 -0.125749807 -0.000486213
v -0.104768597 -0.125749738 0.00013305
v -0.104750729 -0.125717123 -0.003206641
v -0.104743577 -0.125724111 -0.003206641
v -0.104732007 -0.125697958 -0.000426459
v -0.104731953 -0.125697896 7.3266e-05
v -0.104729317 -0.125695196 -0.003283118
v -0.104724854 -0.125704938 -0.000426459
v -0.104724797 -0.125704885 7.3266e-05
v -0.104722161 -0.125702184 -0.003283118
v -0.104707354 -0.113796467 0.006400017
v -0.104707354 -0.113796467 0.006500023
v -0.104691786 -0.108671551 0.006400017
v -0.104691786 -0.108671551 0.006500023
v -0.104687056 -0.112858479 0.006400017
v -0.104687056 -0.112858479 0.006500023
v -0.104675904 -0.125640501 -0.00347193
v -0.104668747 -0.125647489 -0.00347193
v -0.104667101 -0.113582264 0.006400017
v -0.104667101 -0.113582264 0.006500023
v -0.104636526 -0.112907826 0.006400017
v -0.104636526 -0.112907826 0.006500023
v -0.104610192 -0.12557321 -0.00347193
v -0.104609839 -0.110729771 0.006400017
v -0.104609839 -0.110729771 0.006500023
v -0.104603039 -0.125580198 -0.00347193
v -0.104562577 -0.125524457 -0.000606147
v -0.104562482 -0.125524358 0.000253045
v -0.104555424 -0.125531438 -0.000606147
v -0.104555329 -0.125531347 0.000253045
v -0.1045469 -0.108943096 0.006400017
v -0.1045469 -0.108943096 0.006500023
v -0.104542916 -0.093171604 0.003571432
v -0.104542916 -0.093171603 0.004951437
v -0.104525028 -0.093189067 0.002701437
v -0.104525028 -0.093189067 0.003101431
v -0.104504351 -0.113994709 0.006400017
v -0.104504351 -0.113994709 0.006500023
v -0.10449899 -0.125459341 -0.003471961
v -0.104498898 -0.125459242 -0.002623786
v -0.104491837 -0.125466322 -0.003471961
v -0.104491742 -0.12546623 -0.002623786
v -0.104488427 -0.125448522 -0.002623786
v -0.104488349 -0.107282886 0.006400016
v -0.104488349 -0.107282886 0.006500023
v -0.104486052 -0.113522915 0.006400017
v -0.104486052 -0.113522915 0.006500023
v -0.104485293 -0.113827137 0.006400017
v -0.104485293 -0.113827137 0.006500023
v -0.104483063 -0.096724354 0.002701437
v -0.104483063 -0.096724353 0.003101431
v -0.10448127 -0.125455511 -0.002623786
v -0.104479262 -0.113754261 0.006400017
v -0.104479262 -0.113754261 0.006500023
v -0.104478785 -0.113707516 0.006400017
v -0.104478785 -0.113707516 0.006500023
v -0.104455386 -0.106347843 0.006400016
v -0.104455386 -0.106347843 0.006500022
v -0.104445421 -0.113553913 0.006400017
v -0.104445421 -0.113553913 0.006500023
v -0.104445363 -0.125404424 -0.002811225
v -0.10444368 -0.1254027 -0.002834632
v -0.104442959 -0.12540196 -0.00284806
v -0.104440381 -0.12539932 -0.003471992
v -0.10444032 -0.125399259 -0.00290525
v -0.104438206 -0.125411405 -0.002811225
v -0.104436524 -0.125409689 -0.002834632
v -0.104435807 -0.125408949 -0.00284806
v -0.104433228 -0.125406309 -0.003471992
v -0.104433163 -0.12540624 -0.00290525
v -0.104429841 -0.125388525 -0.002842566
v -0.104422688 -0.125395513 -0.002842566
v -0.104409313 -0.093036533 -0.001334727
v -0.104408989 -0.093036846 -0.000485178
v -0.104404934 -0.12536302 -0.002887702
v -0.104403204 -0.113570767 0.006400017
v -0.104403204 -0.113570767 0.006500023
v -0.104402325 -0.093029377 -0.001334727
v -0.104402 -0.093029697 -0.000485178
v -0.104399624 -0.093045994 -0.000485178
v -0.104397778 -0.125370008 -0.002887702
v -0.104392869 -0.125350667 -0.00042652
v -0.104392811 -0.125350606 7.3175e-05
v -0.104392635 -0.093038845 -0.000485178
v -0.104391363 -0.113747021 0.006400017
v -0.104391363 -0.113747021 0.006500023
v -0.104386792 -0.124213712 0.001000024
v -0.104386792 -0.124213712 0.002400018
v -0.104385712 -0.125357648 -0.00042652
v -0.104385659 -0.125357595 7.3175e-05
v -0.104364056 -0.093346271 0.001601431
v -0.104364056 -0.093346271 0.001901419
v -0.104363089 -0.113570721 0.006400017
v -0.104363089 -0.113570721 0.006500023
v -0.104356737 -0.113430111 0.006400017
v -0.104356737 -0.113430111 0.006500023
v -0.104350033 -0.093094425 -0.000685374
v -0.104349068 -0.125305814 -0.000486304
v -0.104349 -0.125305745 0.000132959
v -0.10434869 -0.09309573 -0.000719828
v -0.104347691 -0.093096706 -0.001334788
v -0.104347481 -0.093096912 -0.000780131
v -0.104343044 -0.093087269 -0.000685374
v -0.104341912 -0.125312803 -0.000486304
v -0.104341843 -0.125312726 0.000132959
v -0.104341705 -0.093088581 -0.000719828
v -0.104340706 -0.09308955 -0.001334788
v -0.104340492 -0.093089756 -0.000780131
v -0.104334885 -0.093109211 -0.000717447
v -0.104329191 -0.113551502 0.006400017
v -0.104329191 -0.113551502 0.006500023
v -0.1043279 -0.093102054 -0.000717447
v -0.104325444 -0.125281621 -0.000176947
v -0.104322086 -0.096881557 0.001601431
v -0.104322086 -0.096881557 0.001901419
v -0.104318291 -0.12528861 -0.000176947
v -0.10431354 -0.113495854 0.006400017
v -0.10431354 -0.113495854 0.006500023
v -0.104307793 -0.09313567 -0.000771891
v -0.104301047 -0.113755078 0.006400017
v -0.104301047 -0.113755077 0.006500023
v -0.104300808 -0.093128513 -0.000771891
v -0.104260579 -0.1252152 -0.000176947
v -0.104253422 -0.125222181 -0.000176947
v -0.104221945 -0.113312679 0.006400017
v -0.104221945 -0.113312679 0.006500023
v -0.104220963 -0.093486004 0.001601431
v -0.104220963 -0.093486003 0.001901419
v -0.104215918 -0.113732319 0.006400017
v -0.104215918 -0.113732319 0.006500023
v -0.104178997 -0.09702129 0.001601431
v -0.104178997 -0.09702129 0.001901419
v -0.104167512 -0.125119894 -0.001949622
v -0.104167401 -0.125119779 -0.000948157
v -0.104160355 -0.125126882 -0.001949622
v -0.104160245 -0.125126768 -0.000948157
v -0.10415032 -0.113395405 0.006400017
v -0.10415032 -0.113395405 0.006500023
v -0.104142958 -0.113680325 0.006400017
v -0.104142958 -0.113680325 0.006500023
v -0.104138398 -0.125090086 -0.003216437
v -0.104134259 -0.125085843 -0.000596595
v -0.104134164 -0.125085744 0.00025158
v -0.104131245 -0.125097067 -0.003216437
v -0.104127103 -0.125092832 -0.000596595
v -0.104127011 -0.125092733 0.00025158
v -0.104125893 -0.093313305 -0.001093119
v -0.104123696 -0.125075025 0.00025158
v -0.104122395 -0.093316715 -0.000973215
v -0.104118904 -0.093306148 -0.001093119
v -0.10411654 -0.125082013 0.00025158
v -0.10411541 -0.093309566 -0.000973215
v -0.104115169 -0.093323772 -0.001093119
v -0.104108185 -0.093316616 -0.001093119
v -0.104102173 -0.125052984 -0.003198859
v -0.104102109 -0.125052923 -0.002632148
v -0.104101057 -0.11349007 0.006400017
v -0.104101057 -0.11349007 0.006500023
v -0.104100014 -0.125050771 -0.003259162
v -0.10409797 -0.125048681 -0.003294288
v -0.104097634 -0.125048338 -0.001849647
v -0.104097535 -0.125048238 -0.000948188
v -0.104095017 -0.125059972 -0.003198859
v -0.104094956 -0.125059911 -0.002632148
v -0.104092858 -0.12505776 -0.003259162
v -0.104092653 -0.11358778 0.006400017
v -0.104092653 -0.11358778 0.006500023
v -0.104090817 -0.125055669 -0.003294288
v -0.104090478 -0.125055326 -0.001849647
v -0.104090378 -0.125055219 -0.000948188
v -0.104081188 -0.099282955 0.002951438
v -0.104081188 -0.099282955 0.005351432
v -0.104080632 -0.125030927 6.4141e-05
v -0.10407895 -0.125029203 4.0734e-05
v -0.104078229 -0.125028463 2.7307e-05
v -0.10407565 -0.125025823 -0.000596625
v -0.104075585 -0.125025762 -2.9883e-05
v -0.104073476 -0.125037916 6.4141e-05
v -0.104071793 -0.125036191 4.0734e-05
v -0.104071072 -0.125035451 2.7307e-05
v -0.104068494 -0.125032812 -0.000596625
v -0.104068433 -0.12503275 -2.9883e-05
v -0.10406511 -0.125015035 3.28e-05
v -0.104059986 -0.093643199 0.002701437
v -0.104059986 -0.093643199 0.003101431
v -0.104057954 -0.125022016 3.28e-05
v -0.104054547 -0.125004217 -0.003480506
v -0.104047391 -0.125011205 -0.003480506
v -0.104044438 -0.124993864 -0.003480506
v -0.104044343 -0.124993765 -0.002632148
v -0.104043101 -0.109033832 0.006400017
v -0.104043101 -0.109033832 0.006500023
v -0.104040204 -0.124989522 -1.2336e-05
v -0.104037282 -0.125000852 -0.003480506
v -0.10403719 -0.125000753 -0.002632148
v -0.104033047 -0.124996511 -1.2336e-05
v -0.10401802 -0.097178486 0.002701437
v -0.10401802 -0.097178486 0.003101431
v -0.103983031 -0.107945766 0.006400017
v -0.103983031 -0.107945766 0.006500023
v -0.103935982 -0.09349876 -0.000772165
v -0.103928993 -0.093491604 -0.000772165
v -0.103907986 -0.093526096 -0.000719126
v -0.103900997 -0.09351894 -0.000719126
v -0.103896141 -0.093537662 -0.001335123
v -0.103895931 -0.093537868 -0.000780466
v -0.10389418 -0.093539577 -0.000719492
v -0.103892445 -0.093541271 -0.00068574
v -0.103889156 -0.093530506 -0.001335123
v -0.103888943 -0.093530712 -0.000780466
v -0.103887196 -0.093532421 -0.000719492
v -0.103885456 -0.093534122 -0.00068574
v -0.103842701 -0.093589847 -0.000485605
v -0.103835716 -0.093582691 -0.000485605
v -0.1038344 -0.093597958 -0.001335154
v -0.103834076 -0.09359827 -0.000485605
v -0.103832475 -0.120781483 0.005700006
v -0.103827412 -0.093590801 -0.001335154
v -0.103827087 -0.093591121 -0.000485605
v -0.103814431 -0.124772641 0.001000024
v -0.103814431 -0.124772641 0.002400018
v -0.103773667 -0.124716588 -0.000341071
v -0.103766514 -0.124723577 -0.000341071
v -0.103737439 -0.124679487 -0.000323493
v -0.103737378 -0.124679425 0.000243219
v -0.10373528 -0.124677282 -0.000383796
v -0.103733239 -0.124675184 -0.000418921
v -0.103730286 -0.124686475 -0.000323493
v -0.103730225 -0.124686414 0.000243219
v -0.103728127 -0.124684263 -0.000383796
v -0.103726086 -0.124682172 -0.000418921
v -0.103723461 -0.099632282 0.001001425
v -0.103723461 -0.099632282 0.002951438
v -0.103720943 -0.093708751 -0.00049534
v -0.103713959 -0.093701595 -0.00049534
v -0.103713951 -0.097475414 0.003101431
v -0.103713951 -0.097475414 0.003701437
v -0.10369414 -0.108061405 0.006400017
v -0.10369414 -0.108061405 0.006500023
v -0.103689812 -0.12463072 -0.00060514
v -0.10368266 -0.124637708 -0.00060514
v -0.103679703 -0.124620366 -0.00060514
v -0.103679612 -0.124620267 0.000243219
v -0.103672551 -0.124627355 -0.00060514
v -0.103672456 -0.124627256 0.000243219
v -0.103663292 -0.124603559 -0.003472144
v -0.103663201 -0.124603468 -0.002632239
v -0.103656738 -0.09377145 -0.000495371
v -0.10365614 -0.124610548 -0.003472144
v -0.103656045 -0.124610456 -0.002632239
v -0.10364975 -0.093764293 -0.000495371
v -0.103630718 -0.094062397 0.002701437
v -0.103630718 -0.094062396 0.003101431
v -0.103601315 -0.12454009 -0.003472175
v -0.103601277 -0.124540052 -0.003142463
v -0.103601269 -0.124540044 -0.003065833
v -0.103601231 -0.124540006 -0.00271131
v -0.103594159 -0.124547079 -0.003472175
v -0.103594124 -0.124547041 -0.003142463
v -0.103594113 -0.124547033 -0.003065833
v -0.103594075 -0.124546995 -0.00271131
v -0.10355719 -0.098746364 0.004951438
v -0.103557189 -0.098746364 0.002951438
v -0.103536824 -0.122806974 0.001151452
v -0.103536824 -0.122806973 0.002251458
v -0.103531368 -0.093893879 -0.001054972
v -0.10352438 -0.093886722 -0.001054972
v -0.103523838 -0.093901234 -0.001344004
v -0.103520298 -0.09390469 -0.001111826
v -0.103518577 -0.093906368 -0.001124552
v -0.103516849 -0.093894077 -0.001344004
v -0.103514641 -0.093910213 -0.001146616
v -0.103513313 -0.093897533 -0.001111826
v -0.103512993 -0.093911823 -0.001344034
v -0.103511593 -0.093899212 -0.001124552
v -0.103507656 -0.093903057 -0.001146616
v -0.103506004 -0.093904667 -0.001344034
v -0.103495136 -0.093929256 -0.001055002
v -0.103494408 -0.124430616 -0.003142493
v -0.103490548 -0.124426664 -0.003065833
v -0.10349051 -0.124426626 -0.002711341
v -0.103488148 -0.093922108 -0.001055002
v -0.103487256 -0.124437605 -0.003142493
v -0.10348713 -0.12442317 -0.00263227
v -0.103483395 -0.124433652 -0.003065833
v -0.103483357 -0.124433614 -0.002711341
v -0.103479977 -0.124430151 -0.00263227
v -0.103469742 -0.0942196 0.001601431
v -0.103469742 -0.0942196 0.001901419
v -0.103466488 -0.124402029 -0.00314112
v -0.103459332 -0.124409017 -0.00314112
v -0.103414866 -0.107363949 0.006400016
v -0.103414866 -0.107363949 0.006500023
v -0.103408057 -0.1079389 0.006400017
v -0.103408057 -0.1079389 0.006500023
v -0.10340435 -0.09176759 -0.00499998
v -0.10340435 -0.09176759 -0.002999979
v -0.103401738 -0.124335722 -0.003126685
v -0.103398205 -0.092285191 -0.004999979
v -0.103398205 -0.092285191 -0.002999979
v -0.103394585 -0.12434271 -0.003126685
v -0.10335614 -0.097824833 0.001601431
v -0.10335614 -0.097824832 0.003701438
v -0.103351074 -0.094069942 -0.000746409
v -0.103344086 -0.094062786 -0.000746409
v -0.103343102 -0.124275678 -0.002889319
v -0.103338978 -0.094081753 -0.000695444
v -0.103338898 -0.094081829 -0.000487345
v -0.103336705 -0.124269125 -0.002695716
v -0.10333595 -0.124282667 -0.002889319
v -0.103333298 -0.094087299 -0.00066514
v -0.103332215 -0.124264532 -0.003472236
v -0.103331989 -0.094074596 -0.000695444
v -0.103331913 -0.09407468 -0.000487345
v -0.103329548 -0.124276113 -0.002695716
v -0.103328052 -0.094092418 -0.000487375
v -0.10332727 -0.094093189 -0.000695444
v -0.103326649 -0.094359333 0.001601431
v -0.103326649 -0.094359333 0.001901419
v -0.103326309 -0.09408015 -0.00066514
v -0.103325062 -0.124271513 -0.003472236
v -0.103322161 -0.109025287 0.006400017
v -0.103322161 -0.109025287 0.006500023
v -0.103321068 -0.09408527 -0.000487375
v -0.103320282 -0.094086033 -0.000695444
v -0.103314842 -0.09410532 -0.000746439
v -0.103307854 -0.094098171 -0.000746439
v -0.103292388 -0.107649997 0.006400017
v -0.103292388 -0.107649997 0.006500023
v -0.103278718 -0.124209745 -0.002889319
v -0.103271561 -0.124216733 -0.002889319
v -0.103258565 -0.124189107 -0.003472236
v -0.103251408 -0.124196096 -0.003472236
v -0.103199462 -0.099095699 0.002951438
v -0.103199462 -0.099095699 0.004951438
v -0.103172123 -0.094244694 -0.001055216
v -0.103165672 -0.094516529 0.002701437
v -0.103165672 -0.094516529 0.003101431
v -0.103165138 -0.094237537 -0.001055216
v -0.103158714 -0.094257786 -0.00111207
v -0.103152317 -0.094264034 -0.001146891
v -0.103151726 -0.094250637 -0.00111207
v -0.103150871 -0.091316258 -0.00499998
v -0.103150871 -0.091316257 -0.002999979
v -0.103150669 -0.094265644 -0.001344278
v -0.103145332 -0.094256878 -0.001146891
v -0.10314368 -0.094258488 -0.001344278
v -0.103140316 -0.094275753 -0.001344309
v -0.10313966 -0.124067342 -0.003472266
v -0.103139565 -0.124067251 -0.002632361
v -0.103135891 -0.094280071 -0.001055246
v -0.103134083 -0.092730374 -0.004999979
v -0.103134083 -0.092730373 -0.002999979
v -0.103133327 -0.094268597 -0.001344309
v -0.103132504 -0.124074331 -0.003472266
v -0.103132413 -0.124074239 -0.002632361
v -0.103128906 -0.094272922 -0.001055246
v -0.103077672 -0.124003866 -0.003393409
v -0.103077637 -0.124003835 -0.003089545
v -0.10307763 -0.124003828 -0.003011695
v -0.103077595 -0.124003789 -0.002711432
v -0.103070515 -0.124010854 -0.003393409
v -0.103070481 -0.124010816 -0.003089545
v -0.103070473 -0.124010808 -0.003011695
v -0.103070443 -0.124010778 -0.002711432
v -0.103009357 -0.094403637 -0.000495859
v -0.103002373 -0.094396488 -0.000495859
v -0.102941082 -0.09447031 -0.00049592
v -0.102934097 -0.094463154 -0.00049592
v -0.102868469 -0.094541218 -0.000756418
v -0.102861484 -0.094534069 -0.000756418
v -0.102823593 -0.097995143 0.004951438
v -0.102823593 -0.097995143 0.005351432
v -0.102814435 -0.123734312 -0.003089606
v -0.102814427 -0.123734296 -0.003011756
v -0.102809883 -0.09459843 -0.000951456
v -0.102809734 -0.094598575 -0.000561136
v -0.102807282 -0.123741292 -0.003089606
v -0.102807274 -0.123741285 -0.003011756
v -0.102803276 -0.094604885 -0.000756479
v -0.102802894 -0.094591282 -0.000951456
v -0.102802749 -0.094591427 -0.000561136
v -0.102796291 -0.094597729 -0.000756479
v -0.102782384 -0.123701482 -0.002711494
v -0.102782372 -0.123701475 -0.002632453
v -0.102775227 -0.123708471 -0.002711494
v -0.10277522 -0.123708463 -0.002632453
v -0.10277031 -0.123689123 -0.003472358
v -0.102770302 -0.123689115 -0.00339347
v -0.102763157 -0.123696111 -0.003472358
v -0.102763146 -0.123696104 -0.00339347
v -0.102736404 -0.094935726 0.002701437
v -0.102736404 -0.094935726 0.003101431
v -0.102706084 -0.106638134 0.006400016
v -0.102706084 -0.106638134 0.006500023
v -0.102705685 -0.091052136 -0.00499998
v -0.102705685 -0.091052135 -0.002999979
v -0.102694836 -0.123611829 -0.003312018
v -0.10268768 -0.123618818 -0.003312018
v -0.102682754 -0.092983853 -0.004999979
v -0.102682754 -0.092983852 -0.002999979
v -0.102682231 -0.108647693 0.006400017
v -0.102682231 -0.108647693 0.006500023
v -0.10265675 -0.123572835 -0.002824378
v -0.102654995 -0.094749683 -0.00101771
v -0.102654796 -0.094749882 -0.000496134
v -0.102651146 -0.094753444 -0.000938822
v -0.102651008 -0.094753582 -0.000575357
v -0.102649598 -0.123579824 -0.002824378
v -0.10264801 -0.094742534 -0.00101771
v -0.102647812 -0.094742725 -0.000496134
v -0.102644157 -0.094746296 -0.000938822
v -0.10264402 -0.094746425 -0.000575357
v -0.10264296 -0.123558713 -0.003272224
v -0.102635808 -0.123565702 -0.003272224
v -0.10262856 -0.121876889 0.001151452
v -0.10262856 -0.121876889 0.002251458
v -0.102623551 -0.123538839 -0.002962348
v -0.10262312 -0.123538396 -0.003430183
v -0.102616395 -0.12354582 -0.002962348
v -0.102615967 -0.123545385 -0.003430183
v -0.102612569 -0.123527585 -0.00267829
v -0.102605412 -0.123534574 -0.00267829
v -0.102595372 -0.123509984 -0.002821967
v -0.102588219 -0.123516965 -0.002821967
v -0.102588212 -0.123502645 -0.00336457
v -0.102581059 -0.123509634 -0.00336457
v -0.102575428 -0.095092929 0.001601431
v -0.102575428 -0.095092929 0.001901419
v -0.102542598 -0.094859447 -0.00133613
v -0.102542476 -0.094859562 -0.001017801
v -0.102542446 -0.094859592 -0.000938913
v -0.102542309 -0.09485973 -0.000575449
v -0.102535614 -0.094852291 -0.00133613
v -0.102535492 -0.094852413 -0.001017801
v -0.102535461 -0.094852436 -0.000938913
v -0.102535324 -0.094852573 -0.000575449
v -0.102527524 -0.123440504 -0.003054023
v -0.102520367 -0.123447484 -0.003054023
v -0.10250224 -0.123414609 -0.002972541
v -0.102502209 -0.123414579 -0.002701911
v -0.102502202 -0.123414571 -0.002622871
v -0.102495087 -0.123421598 -0.002972541
v -0.102495057 -0.123421567 -0.002701911
v -0.102495045 -0.12342156 -0.002622871
v -0.10249218 -0.12340431 -0.003403175
v -0.102490502 -0.123402593 -0.003482062
v -0.102485024 -0.123411291 -0.003403175
v -0.102483349 -0.123409574 -0.003482062
v -0.102480832 -0.12339269 -0.003084846
v -0.10247913 -0.094921429 -0.001336191
v -0.102478809 -0.094921734 -0.000496256
v -0.102473675 -0.123399671 -0.003084846
v -0.102472145 -0.094914272 -0.001336191
v -0.102471824 -0.094914585 -0.000496256
v -0.10246587 -0.09834447 0.004951438
v -0.10246587 -0.09834447 0.005351432
v -0.102463647 -0.12385497 0.001151452
v -0.102463647 -0.12385497 0.002251458
v -0.10245591 -0.12336717 -0.003003394
v -0.102448754 -0.123374151 -0.003003394
v -0.102435662 -0.123346433 -0.002728461
v -0.102432339 -0.095232662 0.001601431
v -0.102432339 -0.095232662 0.001901419
v -0.102428506 -0.123353414 -0.002728461
v -0.102405766 -0.123315816 -0.003365119
v -0.102405324 -0.123315366 -0.002658027
v -0.10239861 -0.123322805 -0.003365119
v -0.102398171 -0.123322355 -0.002658027
v -0.102393548 -0.123303304 -0.002793586
v -0.102386391 -0.123310293 -0.002793586
v -0.10237037 -0.123279569 -0.00326023
v -0.102363217 -0.123286558 -0.00326023
v -0.102359917 -0.123268865 -0.003423011
v -0.102352765 -0.123275854 -0.003423011
v -0.102345563 -0.123254171 -0.003107612
v -0.102343358 -0.123251905 -0.002749
v -0.102338406 -0.123261152 -0.003107612
v -0.102336201 -0.123258893 -0.002749
v -0.102328505 -0.107278041 0.006400017
v -0.102328505 -0.107278041 0.006500023
v -0.102319937 -0.107998981 0.006400017
v -0.102319937 -0.107998981 0.006500023
v -0.10230803 -0.123215734 -0.003260261
v -0.102300877 -0.123222722 -0.003260261
v -0.102290803 -0.122067357 0.001000024
v -0.102290803 -0.122067357 0.002400018
v -0.102271362 -0.095389858 0.002701437
v -0.102271362 -0.095389858 0.003101431
v -0.102264827 -0.100428058 0.001000022
v -0.102264827 -0.100428058 0.001700003
v -0.102253475 -0.095407321 0.003571432
v -0.102253475 -0.095407321 0.004951437
v -0.102199874 -0.100421604 0.001000022
v -0.102188084 -0.091045994 -0.00499998
v -0.102188084 -0.091045994 -0.002999979
v -0.10217254 -0.123076985 -0.000177436
v -0.102165383 -0.123083974 -0.000177436
v -0.102165153 -0.092977703 -0.004999979
v -0.102165153 -0.092977703 -0.002999979
v -0.102107671 -0.123010556 -0.000177436
v -0.102100518 -0.123017545 -0.000177436
v -0.102084599 -0.122986936 -0.000486823
v -0.102084531 -0.122986859 0.00013244
v -0.102077443 -0.122993917 -0.000486823
v -0.102077374 -0.122993848 0.00013244
v -0.102053399 -0.122954984 -0.00347251
v -0.102053399 -0.122954984 -0.002632606
v -0.102046242 -0.122961973 -0.00347251
v -0.102046242 -0.122961973 -0.002632606
v -0.102040784 -0.122942067 -0.00042707
v -0.10204073 -0.122942014 7.2656e-05
v -0.102033631 -0.122949056 -0.00042707
v -0.102033574 -0.122948995 7.2656e-05
v -0.101990216 -0.122890279 -0.00347251
v -0.101990216 -0.122890279 -0.002632606
v -0.10198306 -0.122897268 -0.00347251
v -0.10198306 -0.122897268 -0.002632606
v -0.101977271 -0.100708866 0.003200004
v -0.101967293 -0.095686794 0.003101431
v -0.101967293 -0.095686794 0.003701437
v -0.101871354 -0.122768567 -0.000606757
v -0.101871259 -0.122768468 0.000252435
v -0.101864201 -0.122775556 -0.000606757
v -0.101864106 -0.122775456 0.000252435
v -0.101821163 -0.090178829 -0.00499998
v -0.101821163 -0.090178829 -0.00299998
v -0.101757683 -0.122652166 -0.003312232
v -0.101750531 -0.122659154 -0.003312232
v -0.101736755 -0.091299473 -0.004999979
v -0.101736755 -0.091299473 -0.002999979
v -0.101727338 -0.11905724 0.005700005
v -0.101719967 -0.092713581 -0.004999979
v -0.101719967 -0.092713581 -0.002999979
v -0.101719601 -0.122613164 -0.002824561
v -0.101718442 -0.122626294 0.001000024
v -0.101718442 -0.122626294 0.002400018
v -0.101712445 -0.122620153 -0.002824561
v -0.101705811 -0.122599042 -0.003272437
v -0.101701646 -0.122594777 -0.000427131
v -0.101701588 -0.122594724 7.2564e-05
v -0.101698655 -0.122606031 -0.003272437
v -0.101694489 -0.122601766 -0.000427131
v -0.101694436 -0.122601705 7.2564e-05
v -0.101686398 -0.122579168 -0.002962562
v -0.101685971 -0.122578725 -0.003430396
v -0.101684715 -0.095683223 0.006500021
v -0.101684684 -0.100924702 -0.000497873
v -0.101679246 -0.122586156 -0.002962562
v -0.101678815 -0.122585714 -0.003430396
v -0.101675416 -0.122567922 -0.002678504
v -0.101668263 -0.122574903 -0.002678504
v -0.101658223 -0.122550313 -0.002822181
v -0.101657845 -0.122549924 -0.000486915
v -0.101657777 -0.122549855 0.000132348
v -0.101651067 -0.122557302 -0.002822181
v -0.101651063 -0.122542981 -0.003364783
v -0.101650689 -0.122556912 -0.000486915
v -0.10165062 -0.122556844 0.000132348
v -0.101643906 -0.12254997 -0.003364783
v -0.101634221 -0.122525731 -0.000177558
v -0.101627068 -0.12253272 -0.000177558
v -0.101609482 -0.096036205 0.003701437
v -0.101609481 -0.096036205 0.001601431
v -0.101590371 -0.122480832 -0.003054206
v -0.101583218 -0.122487821 -0.003054206
v -0.101569352 -0.12245931 -0.000177558
v -0.101565091 -0.122454946 -0.002972755
v -0.10156506 -0.122454908 -0.002702125
v -0.101565053 -0.1224549 -0.002623084
v -0.101562199 -0.122466298 -0.000177558
v -0.101557934 -0.122461927 -0.002972755
v -0.101557904 -0.122461896 -0.002702125
v -0.101557896 -0.122461889 -0.002623084
v -0.101555383 -0.122924886 0.001151452
v -0.101555383 -0.122924886 0.002251458
v -0.101555028 -0.122444639 -0.003403388
v -0.101553353 -0.122442922 -0.003482276
v -0.101547875 -0.122451627 -0.003403388
v -0.101546197 -0.12244991 -0.003482276
v -0.101543679 -0.122433019 -0.003085059
v -0.101536526 -0.122440007 -0.003085059
v -0.101531612 -0.090192249 -0.00499998
v -0.101531612 -0.090192249 -0.00299998
v -0.101518758 -0.122407499 -0.003003608
v -0.101511605 -0.122414487 -0.003003608
v -0.101498509 -0.122386762 -0.002728675
v -0.101491357 -0.12239375 -0.002728675
v -0.101472633 -0.091744656 -0.004999979
v -0.101472633 -0.091744655 -0.002999979
v -0.101468613 -0.122356145 -0.003365333
v -0.101468175 -0.122355695 -0.00265824
v -0.101466488 -0.092262257 -0.004999979
v -0.101466488 -0.092262256 -0.002999979
v -0.101461461 -0.122363134 -0.003365333
v -0.101461022 -0.122362684 -0.00265824
v -0.101456395 -0.122343633 -0.0027938
v -0.101449242 -0.122350621 -0.0027938
v -0.101446313 -0.12233331 -0.001850227
v -0.101446221 -0.122333219 -0.001004737
v -0.101443036 -0.122329953 -0.000597205
v -0.101442941 -0.122329862 0.0002427
v -0.10143916 -0.122340299 -0.001850226
v -0.101439065 -0.1223402 -0.001004737
v -0.10143588 -0.122336942 -0.000597205
v -0.101435788 -0.122336842 0.0002427
v -0.101433221 -0.122319906 -0.003260444
v -0.101426064 -0.122326894 -0.003260444
v -0.101422768 -0.122309202 -0.003423225
v -0.101415612 -0.12231619 -0.003423225
v -0.10140841 -0.1222945 -0.003107825
v -0.101406205 -0.122292241 -0.002749213
v -0.101401257 -0.122301488 -0.003107825
v -0.101399052 -0.12229923 -0.002749213
v -0.101381055 -0.122266484 -0.000597236
v -0.101381017 -0.122266446 -0.000237891
v -0.101381005 -0.122266438 -0.00015763
v -0.101380971 -0.1222664 0.000163629
v -0.101376458 -0.122261777 -0.001950263
v -0.101376355 -0.12226167 -0.001004767
v -0.101373902 -0.122273473 -0.000597236
v -0.10137386 -0.122273435 -0.000237891
v -0.101373853 -0.122273419 -0.00015763
v -0.101373818 -0.122273389 0.000163629
v -0.101370881 -0.122256063 -0.003260474
v -0.101369305 -0.122268766 -0.001950263
v -0.101369199 -0.122268659 -0.001004767
v -0.101364959 -0.09879092 -0.000799997
v -0.101364959 -0.09879092 0.004200003
v -0.101363724 -0.122263051 -0.003260474
v -0.101296323 -0.122179715 -0.00271186
v -0.101296315 -0.122179708 -0.002632789
v -0.10128917 -0.122186704 -0.00271186
v -0.101289159 -0.122186696 -0.002632789
v -0.101269107 -0.098884518 -0.001299997
v -0.101269107 -0.098884517 0.004700003
v -0.101258072 -0.090288151 -0.00499998
v -0.101258072 -0.09028815 -0.002999979
v -0.101191653 -0.101476055 0.004298087
v -0.101116971 -0.12199606 -0.000237952
v -0.101116963 -0.121996045 -0.000157691
v -0.101116128 -0.121995191 -0.003472724
v -0.101116044 -0.121995107 -0.00271189
v -0.101109818 -0.122003041 -0.000237952
v -0.101109807 -0.122003034 -0.000157691
v -0.101108971 -0.122002179 -0.003472724
v -0.101108887 -0.122002088 -0.00271189
v -0.10108997 -0.121968404 0.000163568
v -0.101089959 -0.121968396 0.000242608
v -0.101082814 -0.121975392 0.000163568
v -0.101082806 -0.121975385 0.000242608
v -0.101054147 -0.121931722 -0.003472755
v -0.101054063 -0.121931638 -0.00271189
v -0.101046994 -0.12193871 -0.003472755
v -0.10104691 -0.121938626 -0.00271189
v -0.101023525 -0.090458469 -0.00499998
v -0.101023525 -0.090458469 -0.002999979
v -0.101007236 -0.099140247 -0.001666025
v -0.101007236 -0.099140247 0.005066031
v -0.100963689 -0.121839093 -0.000597327
v -0.100963597 -0.121838994 0.000242608
v -0.100956532 -0.121846074 -0.000597327
v -0.100956441 -0.121845982 0.000242608
v -0.100901708 -0.121775624 -0.000597327
v -0.100901669 -0.121775578 -0.000238013
v -0.100901662 -0.121775571 -0.000157752
v -0.100901624 -0.121775533 0.000163506
v -0.100894555 -0.121782605 -0.000597327
v -0.100894513 -0.121782567 -0.000238013
v -0.100894505 -0.121782559 -0.000157752
v -0.100894471 -0.121782521 0.000163506
v -0.100894031 -0.096734867 0.001001425
v -0.100894031 -0.096734866 0.005351431
v -0.100873421 -0.121746656 -0.002711951
v -0.10087341 -0.121746648 -0.00263288
v -0.100866265 -0.121753636 -0.002711951
v -0.100866257 -0.121753629 -0.00263288
v -0.100798962 -0.121670407 -0.003053199
v -0.10079181 -0.121677396 -0.003053199
v -0.100734093 -0.121603978 -0.003053199
v -0.100726941 -0.121610967 -0.003053199
v -0.100711022 -0.12158035 -0.003362586
v -0.100710953 -0.121580281 -0.002743324
v -0.10070387 -0.121587339 -0.003362586
v -0.100703801 -0.12158727 -0.002743324
v -0.100683082 -0.09666135 0.001000021
v -0.100683082 -0.096661349 0.005350028
v -0.10067808 -0.101907688 -0.001382608
v -0.10066721 -0.121535489 -0.003302833
v -0.100667153 -0.121535428 -0.002803107
v -0.100666297 -0.098075466 -0.000799997
v -0.100666297 -0.098075465 0.004200003
v -0.100660054 -0.121542478 -0.003302833
v -0.100660001 -0.121542417 -0.002803107
v -0.100649509 -0.099489582 -0.001799997
v -0.100649509 -0.099489581 0.005200004
v -0.100637624 -0.121505193 -0.000238074
v -0.100637616 -0.121505185 -0.000157813
v -0.100630471 -0.121512181 -0.000238074
v -0.100630463 -0.121512173 -0.000157813
v -0.100610623 -0.121477544 0.000163445
v -0.100610616 -0.121477536 0.000242516
v -0.100603467 -0.121484525 0.000163445
v -0.100603459 -0.121484517 0.000242516
v -0.100570446 -0.09816907 0.004700003
v -0.100570445 -0.098169071 -0.001299997
v -0.100497781 -0.121361989 -0.00348252
v -0.100497685 -0.12136189 -0.002623328
v -0.100490624 -0.12136897 -0.00348252
v -0.100490529 -0.121368878 -0.002623328
v -0.100456582 -0.12133411 0.005700006
v -0.100358848 -0.099773418 0.001862082
v -0.100328069 -0.121188199 -0.003302894
v -0.100328011 -0.121188138 -0.002803199
v -0.100320912 -0.121195188 -0.003302894
v -0.100320859 -0.121195127 -0.002803199
v -0.10030857 -0.098424801 -0.001666025
v -0.10030857 -0.0984248 0.005066031
v -0.100302169 -0.098431049 0.001931571
v -0.100284268 -0.121143346 -0.003362678
v -0.1002842 -0.121143277 -0.002743415
v -0.100281883 -0.097053142 0.001005423
v -0.100277116 -0.121150334 -0.003362678
v -0.100277047 -0.121150258 -0.002743415
v -0.100268125 -0.117365597 0.005700005
v -0.100260648 -0.121119153 -0.003053321
v -0.100253491 -0.121126142 -0.003053321
v -0.10021614 -0.099912784 0.000793509
v -0.100195779 -0.121052732 -0.003053321
v -0.100188622 -0.121059712 -0.003053321
v -0.100152771 -0.097179218 0.003068106
v -0.100118476 -0.102524051 0.004700004
v -0.100100177 -0.100026019 0.002887259
v -0.1000983 -0.098630138 0.00040502
v -0.100069459 -0.120923375 -0.003472968
v -0.100069367 -0.120923276 -0.002633064
v -0.100062306 -0.120930364 -0.003472968
v -0.100062211 -0.120930264 -0.002633064
v -0.100007481 -0.120859906 -0.003472999
v -0.100007443 -0.120859868 -0.003143287
v -0.100007436 -0.12085986 -0.003066627
v -0.100007397 -0.120859822 -0.002712135
v -0.100000325 -0.120866895 -0.003472999
v -0.100000291 -0.120866857 -0.003143287
v -0.100000279 -0.120866849 -0.003066627
v -0.100000241 -0.120866803 -0.002712135
v -0.099950847 -0.098774128 -0.001799997
v -0.099950847 -0.098774127 0.005200003
v -0.099932639 -0.098791904 0.003396079
v -0.099900574 -0.120750432 -0.003143317
v -0.099896714 -0.12074648 -0.003066657
v -0.099896676 -0.120746442 -0.002712165
v -0.099893418 -0.120757421 -0.003143317
v -0.099893296 -0.120742978 -0.002633094
v -0.099889561 -0.120753469 -0.003066657
v -0.09988952 -0.120753423 -0.002712165
v -0.099886144 -0.120749967 -0.002633094
v -0.099872655 -0.120721837 -0.003141944
v -0.099865498 -0.120728826 -0.003141944
v -0.099807904 -0.120655538 -0.003127479
v -0.099800752 -0.120662519 -0.003127479
v -0.099749268 -0.120595494 -0.002890144
v -0.099742867 -0.120588941 -0.00269651
v -0.099742116 -0.120602475 -0.002890144
v -0.099738381 -0.12058434 -0.00347306
v -0.099735715 -0.120595921 -0.00269651
v -0.099731229 -0.120591329 -0.00347306
v -0.099710292 -0.100406757 -3.2174e-05
v -0.099684884 -0.120529561 -0.002890144
v -0.099677728 -0.120536542 -0.002890144
v -0.099664727 -0.120508916 -0.00347306
v -0.099657574 -0.120515904 -0.00347306
v -0.099655822 -0.097664508 -0.000871133
v -0.099609908 -0.097709346 0.001000022
v -0.099609908 -0.097709346 0.001700003
v -0.099603504 -0.097715602 0.001931571
v -0.099579887 -0.097738666 0.001000022
v -0.099509437 -0.100602901 0.003594291
v -0.099489005 -0.103068867 -0.001382607
v -0.099488449 -0.09643024 0.002574332
v -0.099399635 -0.097914684 0.00040502
v -0.099375659 -0.099335819 -0.000774545
v -0.09936391 -0.096272311 0.002374991
v -0.099322353 -0.097990153 0.003200003
v -0.099303089 -0.098008967 0.004764182
v -0.099233978 -0.098076457 0.003396079
v -0.099171991 -0.12001865 0.005700006
v -0.099088729 -0.099616016 0.004406119
v -0.099073074 -0.096835864 0.003901724
v -0.099064697 -0.098241764 -0.000497873
v -0.099045298 -0.10357204 0.004298087
v -0.098976844 -0.101122997 -0.000393716
v -0.098952899 -0.095974811 0.000837149
v -0.098904922 -0.095881892 0.002365195
v -0.098828426 -0.095816821 0.001036459
v -0.098821065 -0.117977909 0.001351433
v -0.098821065 -0.117977909 0.002351434
v -0.098744922 -0.101349475 0.003793754
v -0.098723381 -0.095779628 0.002557974
v -0.098713445 -0.118082997 0.001351433
v -0.098713445 -0.118082997 0.002351434
v -0.098676997 -0.098620365 -0.000774545
v -0.098601859 -0.097296024 0.002355826
v -0.098601439 -0.10819865 0.001000023
v -0.098601439 -0.10819865 0.005350029
v -0.098544624 -0.096373508 -0.000465494
v -0.098536731 -0.098757342 0.004298087
v -0.098492301 -0.097123462 0.002160178
v -0.098482401 -0.104051845 -0.000497872
v -0.098442351 -0.098849506 -0.002058755
v -0.098390064 -0.098900569 0.004406119
v -0.098369438 -0.09542641 0.001046286
v -0.098340118 -0.097551623 0.0049262
v -0.09832788 -0.100359012 -0.001291024
v -0.098322196 -0.097569125 0.003211508
v -0.098318142 -0.096175357 0.003850028
v -0.09825968 -0.104339229 0.003200004
v -0.098212325 -0.101869579 -0.000194253
v -0.098203622 -0.117881977 0.00185003
v -0.098187831 -0.095324207 0.000853506
v -0.0981615 -0.117838841 0.001625024
v -0.0981615 -0.117838841 0.002075005
v -0.098112796 -0.096795207 0.001044211
v -0.098073101 -0.096694194 0.002160178
v -0.098058093 -0.09922475 -0.001382608
v -0.098055448 -0.118860966 -0.00032566
v -0.098048291 -0.118867955 -0.00032566
v -0.098046422 -0.117720997 0.00146029
v -0.098046422 -0.117720997 0.002239739
v -0.098017362 -0.118821972 0.000162011
v -0.098011474 -0.102065715 0.003432212
v -0.098010209 -0.118828953 0.000162011
v -0.098003572 -0.11880785 -0.000285865
v -0.098003234 -0.096622653 0.001239859
v -0.097996558 -0.100682559 0.004691062
v -0.097996419 -0.118814831 -0.000285865
v -0.097984162 -0.118787968 2.401e-05
v -0.097983731 -0.118787533 -0.000443824
v -0.097977006 -0.118794957 2.401e-05
v -0.097976579 -0.118794522 -0.000443824
v -0.09797318 -0.118776722 0.000308068
v -0.097972125 -0.104620037 0.001000022
v -0.097972125 -0.104620037 0.001700004
v -0.097967211 -0.10455495 0.001000022
v -0.097966023 -0.118783711 0.000308068
v -0.097960502 -0.099320048 0.005639243
v -0.097955983 -0.118759114 0.000164391
v -0.097948831 -0.118766102 0.000164391
v -0.097948823 -0.118751782 -0.000378211
v -0.09794167 -0.11875877 -0.000378211
v -0.097903198 -0.096580569 0.002355826
v -0.097889222 -0.117560024 0.001400017
v -0.097889222 -0.117560024 0.002300011
v -0.097888135 -0.118689633 -6.7634e-05
v -0.097880979 -0.118696621 -6.7634e-05
v -0.097862851 -0.118663746 1.3818e-05
v -0.097862821 -0.118663716 0.000284447
v -0.097862813 -0.118663708 0.000363488
v -0.097855699 -0.118670735 1.3818e-05
v -0.097855668 -0.118670704 0.000284447
v -0.097855661 -0.118670697 0.000363488
v -0.097852792 -0.118653447 -0.000416816
v -0.097851113 -0.11865173 -0.000495704
v -0.097846282 -0.09803387 0.0038767
v -0.097845635 -0.118660428 -0.000416816
v -0.097843961 -0.118658711 -0.000495704
v -0.097841443 -0.118641819 -9.8487e-05
v -0.097834287 -0.118648808 -9.8487e-05
v -0.097833133 -0.097068309 0.000188529
v -0.097825149 -0.097076099 -0.001471139
v -0.097816522 -0.118616307 -1.7005e-05
v -0.097809365 -0.118623288 -1.7005e-05
v -0.097796273 -0.11859557 0.000257897
v -0.097789691 -0.095713008 -0.000413767
v -0.097789117 -0.118602551 0.000257897
v -0.097766377 -0.118564953 -0.000378761
v -0.097765939 -0.118564503 0.000328332
v -0.097759221 -0.118571942 -0.000378761
v -0.097758782 -0.118571492 0.000328332
v -0.097754159 -0.118552441 0.000192773
v -0.097747003 -0.11855943 0.000192773
v -0.097732026 -0.117399044 0.00146029
v -0.097732026 -0.117399044 0.002239739
v -0.097730981 -0.118528706 -0.000273872
v -0.097723828 -0.118535694 -0.000273872
v -0.097720529 -0.118518002 -0.000436652
v -0.097713376 -0.11852499 -0.000436652
v -0.097706174 -0.118503308 -0.000121253
v -0.097703969 -0.118501042 0.000237389
v -0.097699021 -0.118510289 -0.000121253
v -0.097696813 -0.11850803 0.000237389
v -0.097668641 -0.118464871 -0.000273872
v -0.097661489 -0.118471859 -0.000273872
v -0.097652282 -0.094868792 0.002535056
v -0.097631261 -0.118440907 0.00185003
v -0.097629214 -0.099643566 -0.001291024
v -0.097623535 -0.096853671 0.003211508
v -0.097621588 -0.102446453 0.000512778
v -0.097616948 -0.117281201 0.001625024
v -0.097616948 -0.1172812 0.002075005
v -0.09760445 -0.096872309 0.004847556
v -0.097589139 -0.11839777 0.001625024
v -0.097589139 -0.11839777 0.002075005
v -0.097584037 -0.096193378 0.001239859
v -0.097574826 -0.117238072 0.00185003
v -0.09754242 -0.118335614 -0.000486121
v -0.097542329 -0.118335522 0.000353783
v -0.097535268 -0.118342602 -0.000486121
v -0.097535173 -0.118342511 0.000353783
v -0.097527965 -0.094710643 0.002335776
v -0.097505626 -0.102559696 0.002606528
v -0.097480432 -0.118272137 -0.000407264
v -0.097480397 -0.118272106 -0.0001034
v -0.09748039 -0.118272099 -2.555e-05
v -0.097480355 -0.118272061 0.000274712
v -0.097474061 -0.118279926 0.00146029
v -0.097474061 -0.118279926 0.002239739
v -0.097473279 -0.118279126 -0.000407264
v -0.097473245 -0.118279087 -0.0001034
v -0.097473237 -0.11827908 -2.555e-05
v -0.097473203 -0.118279049 0.000274712
v -0.097463554 -0.099805339 0.004700004
v -0.097423738 -0.116547001 0.001351433
v -0.097423738 -0.116547001 0.002351433
v -0.097414134 -0.096079753 0.001044211
v -0.097390426 -0.098479029 0.005506797
v -0.097362918 -0.102699054 0.001537925
v -0.097357219 -0.097533054 -0.000476663
v -0.097316865 -0.118118954 0.001400018
v -0.097316865 -0.118118954 0.002300011
v -0.097316118 -0.116652096 0.001351433
v -0.097316118 -0.116652096 0.002351433
v -0.097297897 -0.099967112 0.004691062
v -0.097261238 -0.095250659 0.003777609
v -0.097235709 -0.101425556 -0.001006082
v -0.097234096 -0.098631694 0.004267569
v -0.097217198 -0.118002575 -0.000103462
v -0.097217191 -0.118002568 -2.5581e-05
v -0.097210042 -0.118009564 -0.000103462
v -0.097210034 -0.118009556 -2.5581e-05
v -0.097185144 -0.117969754 0.000274651
v -0.097185136 -0.117969746 0.000353692
v -0.097177987 -0.117976742 0.000274651
v -0.09717798 -0.117976734 0.000353692
v -0.097173074 -0.117957394 -0.000486213
v -0.097173062 -0.117957386 -0.000407325
v -0.097165917 -0.117964382 -0.000486213
v -0.09716591 -0.117964367 -0.000407325
v -0.097159665 -0.117957974 0.00146029
v -0.097159665 -0.117957974 0.002239739
v -0.097147621 -0.097318415 0.0038767
v -0.097134467 -0.096352855 0.000188529
v -0.097116726 -0.094413371 0.000876425
v -0.097108074 -0.098475207 0.005528007
v -0.097094159 -0.117876583 0.000274621
v -0.097094152 -0.117876576 0.000353692
v -0.097089481 -0.096396793 -0.001392465
v -0.097087007 -0.117883572 0.000274621
v -0.097086995 -0.117883564 0.000353692
v -0.097072257 -0.102982898 -0.001799996
v -0.097072257 -0.102982898 0.005200004
v -0.097068977 -0.094320231 0.00232598
v -0.097060247 -0.117856167 0.005700006
v -0.097044587 -0.11784013 0.001625024
v -0.097044587 -0.11784013 0.002075005
v -0.097002465 -0.117797001 0.00185003
v -0.096992481 -0.09425516 0.001075705
v -0.096966609 -0.100290622 -0.002239206
v -0.096966204 -0.10308646 -0.001788949
v -0.096954387 -0.098625293 0.004309745
v -0.096948779 -0.101705752 0.004174583
v -0.096925067 -0.095578936 0.002355826
v -0.096913964 -0.117692059 -0.000486274
v -0.09691388 -0.117691975 0.00027459
v -0.096906808 -0.117699047 -0.000486274
v -0.096906724 -0.117698956 0.00027459
v -0.096893165 -0.097986217 -0.002041788
v -0.096887203 -0.094218196 0.002518698
v -0.096869017 -0.100385921 -0.001382608
v -0.096862494 -0.103187732 -0.001756051
v -0.096851983 -0.11762859 -0.000486274
v -0.096851899 -0.117628506 0.00027456
v -0.096844831 -0.117635578 -0.000486274
v -0.096844747 -0.117635487 0.00027456
v -0.096815509 -0.095406382 0.002160178
v -0.096781068 -0.112562092 -0.004999977
v -0.096781068 -0.112562092 -0.004899971
v -0.096781068 -0.112562092 -0.004099983
v -0.096781068 -0.112562092 -0.003999977
v -0.096771852 -0.113338498 -0.004999977
v -0.096771852 -0.113338498 -0.004899971
v -0.096771852 -0.113338498 -0.004099983
v -0.096771852 -0.113338498 -0.003999977
v -0.096768087 -0.112565403 -0.004949989
v -0.096768087 -0.112565403 -0.004049995
v -0.096763419 -0.103284488 -0.001702004
v -0.096758951 -0.113334874 -0.004949989
v -0.096758951 -0.113334874 -0.004049995
v -0.096747786 -0.106444278 0.001001426
v -0.096747786 -0.106444278 0.002951439
v -0.096745032 -0.098130878 -0.000867563
v -0.096732788 -0.094788303 -0.000341348
v -0.096732622 -0.11257446 -0.00498658
v -0.096732622 -0.112574459 -0.004013374
v -0.09672371 -0.113324978 -0.00498658
v -0.09672371 -0.113324978 -0.004013374
v -0.09671453 -0.103332225 0.005066032
v -0.096684175 -0.112586827 -0.004999977
v -0.096684175 -0.112586827 -0.003999977
v -0.096681861 -0.09805279 0.005472403
v -0.096680053 -0.097775012 0.005413962
v -0.096675573 -0.113311467 -0.004999977
v -0.096675573 -0.113311467 -0.003999977
v -0.096671258 -0.117443524 0.000274529
v -0.096671247 -0.117443508 0.0003536
v -0.096664102 -0.117450504 0.000274529
v -0.096664094 -0.117450497 0.0003536
v -0.096658557 -0.0968176 -0.000476663
v -0.096645404 -0.095852038 0.003211508
v -0.096610824 -0.097982387 -0.002063119
v -0.096574508 -0.095921275 0.004737448
v -0.09654859 -0.103494274 -0.001481362
v -0.096537047 -0.100710109 -0.001006082
v -0.096535434 -0.09791624 0.004267569
v -0.09653519 -0.098196025 0.004309745
v -0.096533496 -0.093864741 0.001085501
v -0.096506305 -0.094590151 0.003725882
v -0.096484759 -0.100761164 0.005458793
v -0.096465324 -0.098124477 -0.000909738
v -0.096452658 -0.103587955 0.004700004
v -0.096436004 -0.09507812 0.001044211
v -0.096406474 -0.103633052 -0.001166085
v -0.09640085 -0.111885098 -0.004999977
v -0.09640085 -0.111885098 -0.004899971
v -0.09640085 -0.111885098 -0.004099983
v -0.09640085 -0.111885098 -0.003999977
v -0.096396312 -0.094977115 0.002160178
v -0.096393495 -0.112661023 -0.004999977
v -0.096392267 -0.112764546 -0.004999977
v -0.096391799 -0.102249668 3.959e-06
v -0.096391263 -0.111894459 -0.004949989
v -0.096391263 -0.111894459 -0.004049996
v -0.09639038 -0.100853328 0.004298087
v -0.096390059 -0.106793613 0.002951439
v -0.096390059 -0.106793613 0.005351433
v -0.096375669 -0.114006268 -0.004999977
v -0.096375669 -0.114006268 -0.004899971
v -0.096375669 -0.114006268 -0.004099983
v -0.096375669 -0.114006268 -0.003999977
v -0.096373591 -0.102267444 -0.001799996
v -0.096373591 -0.102267444 0.005200004
v -0.096366308 -0.113996686 -0.004949989
v -0.096366308 -0.113996685 -0.004049995
v -0.096365076 -0.111920033 -0.00498658
v -0.096365076 -0.111920033 -0.004013374
v -0.096356803 -0.10368156 0.004200004
v -0.096356802 -0.10368156 -0.000799996
v -0.096351646 -0.093762782 0.000892813
v -0.096345048 -0.11267339 -0.00498658
v -0.096344125 -0.112751034 -0.00498658
v -0.096342798 -0.112570759 -0.004999977
v -0.096340734 -0.113970501 -0.00498658
v -0.096340734 -0.113970501 -0.004013374
v -0.096339441 -0.112853581 -0.004999977
v -0.096329301 -0.111954968 -0.004999977
v -0.096329301 -0.111954968 -0.003999977
v -0.096326446 -0.094905566 0.001239859
v -0.096316362 -0.112548039 -0.004999977
v -0.096309583 -0.112682446 -0.004949989
v -0.096308885 -0.112741139 -0.004949989
v -0.096307027 -0.112605694 -0.00498658
v -0.096305799 -0.113934727 -0.004999977
v -0.096305799 -0.113934727 -0.003999977
v -0.09630451 -0.112817814 -0.00498658
v -0.096299219 -0.112720387 -0.004199989
v -0.096296602 -0.112685757 -0.004899971
v -0.096296602 -0.112685757 -0.003999977
v -0.096296602 -0.112685756 0.003900017
v -0.096295987 -0.112737523 -0.004899971
v -0.096295932 -0.099268298 -0.000909738
v -0.096295688 -0.099548084 -0.000867562
v -0.096290456 -0.113203358 -0.003999977
v -0.096290456 -0.113203357 0.003900017
v -0.096287198 -0.11258865 -0.00498658
v -0.096286378 -0.112530247 -0.004999977
v -0.096283621 -0.112689075 0.003950005
v -0.0962823 -0.11265411 -0.004199989
v -0.096280839 -0.112631268 -0.004949989
v -0.096278936 -0.112791623 -0.004949989
v -0.096277559 -0.113199741 0.003950005
v -0.096271253 -0.112640629 -0.004899971
v -0.096269575 -0.11278204 -0.004899971
v -0.096269575 -0.11278204 -0.004199989
v -0.096267539 -0.102371006 -0.001788949
v -0.096265848 -0.112618382 -0.004949989
v -0.096264711 -0.112575306 -0.00498658
v -0.096258035 -0.112629261 -0.004899971
v -0.096253763 -0.112517933 -0.004999977
v -0.096250113 -0.100990306 0.004174583
v -0.096248849 -0.112608296 -0.004949989
v -0.096248155 -0.112698123 0.003986626
v -0.096243043 -0.112620373 -0.004899971
v -0.096242319 -0.113189846 0.003986626
v -0.096240251 -0.112566075 -0.00498658
v -0.096230356 -0.112601315 -0.004949989
v -0.096226736 -0.112614216 -0.004199989
v -0.096226735 -0.112614216 -0.004899971
v -0.096226406 -0.09486349 0.002355826
v -0.096226138 -0.102411441 0.002995017
v -0.096223788 -0.105907695 0.002951439
v -0.096223788 -0.105907695 0.004951439
v -0.096199709 -0.112710491 0.001000023
v -0.096199709 -0.112710491 0.004000023
v -0.096199708 -0.112710491 -0.003999977
v -0.096194181 -0.113176335 -0.003999977
v -0.096194181 -0.113176334 0.001000023
v -0.096194181 -0.113176334 0.004000023
v -0.096184611 -0.09755997 -0.002007486
v -0.096182792 -0.097282199 -0.001948984
v -0.096169494 -0.096316783 0.0038767
v -0.096163828 -0.102472286 -0.001756051
v -0.096156341 -0.095351222 0.000188528
v -0.096150255 -0.113527531 -0.004999977
v -0.096142245 -0.099418376 -0.002128
v -0.096139357 -0.09970074 -0.002106759
v -0.096136716 -0.11366367 -0.004999977
v -0.096121045 -0.113066853 -0.004999977
v -0.096101808 -0.113539898 -0.00498658
v -0.096091653 -0.113642003 -0.00498658
v -0.096074754 -0.113231762 -0.004999977
v -0.096066343 -0.113548954 -0.004949989
v -0.096064757 -0.102569034 -0.001702004
v -0.096059539 -0.09544575 -0.001282358
v -0.096058667 -0.113626141 -0.004949989
v -0.096053361 -0.113552266 -0.004899971
v -0.096053361 -0.113552266 -0.004199989
v -0.09604659 -0.113620335 -0.004899971
v -0.09604659 -0.113620335 -0.004199989
v -0.096046371 -0.097415424 -0.000867563
v -0.096046123 -0.097695209 -0.000909738
v -0.096043123 -0.112234432 -0.003999977
v -0.096043123 -0.112234432 0.003900017
v -0.096038835 -0.113759251 -0.004999977
v -0.096033537 -0.112243793 0.003950005
v -0.09603201 -0.113014027 -0.004899971
v -0.09603201 -0.113014027 -0.004199989
v -0.096026334 -0.113648548 -0.003999977
v -0.096026334 -0.113648548 0.003900017
v -0.096022269 -0.102610523 0.001468467
v -0.096018243 -0.113713688 -0.00498658
v -0.096016977 -0.113638958 0.003950005
v -0.096015868 -0.102616778 0.005066032
v -0.096007349 -0.112269367 0.003986626
v -0.096003171 -0.113680333 -0.004949989
v -0.095997651 -0.113668126 -0.004899971
v -0.095997651 -0.113668126 -0.004199989
v -0.095991403 -0.113612773 0.003986626
v -0.095977855 -0.094127803 -0.000289652
v -0.095971578 -0.112304295 -0.003999977
v -0.095971578 -0.112304294 0.001000023
v -0.095971578 -0.112304294 0.004000023
v -0.095971235 -0.113230534 -0.004899971
v -0.095971235 -0.113230534 -0.004199989
v -0.095959867 -0.112435437 -0.004999977
v -0.095956468 -0.113577 -0.003999977
v -0.095956468 -0.113577 0.001000023
v -0.095956468 -0.113576999 0.004000023
v -0.095946743 -0.095136592 0.003211508
v -0.095929441 -0.113673275 -0.004899971
v -0.095929441 -0.113673275 -0.004199989
v -0.095925821 -0.113686177 -0.004949989
v -0.095915929 -0.113721417 -0.00498658
v -0.095907245 -0.094476298 0.001239859
v -0.095907041 -0.112524472 -0.004899971
v -0.095907041 -0.112524472 -0.004199989
v -0.095902417 -0.113769558 -0.004999977
v -0.095876735 -0.098839031 -0.000909738
v -0.095866065 -0.106257022 0.004951439
v -0.095866064 -0.106257022 0.002951439
v -0.095862414 -0.101368907 -0.000497872
v -0.095849928 -0.10277882 -0.001481362
v -0.0958402 -0.112312893 -0.004999977
v -0.09583884 -0.095241961 0.004658805
v -0.095816086 -0.093307368 0.002495779
v -0.095806869 -0.098767482 0.004309745
v -0.095806625 -0.099047267 0.00426757
v -0.095764699 -0.112017117 -0.004999977
v -0.095753993 -0.102872508 0.004700004
v -0.095753164 -0.111984219 -0.004999977
v -0.095749933 -0.112363591 -0.004899971
v -0.095749933 -0.112363591 -0.004199989
v -0.095737342 -0.094362674 0.001044211
v -0.095736093 -0.111953823 -0.004999977
v -0.095733072 -0.111488919 -0.004999977
v -0.095733072 -0.111488919 -0.004899971
v -0.095733072 -0.111488919 -0.004099983
v -0.095733072 -0.111488919 -0.003999977
v -0.095730063 -0.098982257 -0.002072366
v -0.095729452 -0.111501812 -0.004949989
v -0.095729452 -0.111501812 -0.004049996
v -0.09571956 -0.111537052 -0.00498658
v -0.09571956 -0.111537052 -0.004013374
v -0.095716253 -0.112029484 -0.00498658
v -0.095714002 -0.111926854 -0.004999977
v -0.095707812 -0.102917606 -0.001166085
v -0.095707601 -0.112004811 -0.00498658
v -0.095706045 -0.111585194 -0.004999977
v -0.095706045 -0.111585194 -0.003999977
v -0.095698674 -0.114386487 -0.004999977
v -0.095698674 -0.114386486 -0.004899971
v -0.095698674 -0.114386486 -0.004099983
v -0.095698674 -0.114386486 -0.003999977
v -0.095695359 -0.114373509 -0.004949989
v -0.095695359 -0.114373509 -0.004049995
v -0.095694799 -0.111982014 -0.00498658
v -0.095693133 -0.101534213 3.959e-06
v -0.09569202 -0.093148982 0.002296561
v -0.095686307 -0.11433804 -0.00498658
v -0.095686307 -0.11433804 -0.004013374
v -0.095685531 -0.096789393 0.005284018
v -0.095683501 -0.1001459 -0.000476663
v -0.095680787 -0.11203854 -0.004949989
v -0.095680427 -0.095815967 -0.000476663
v -0.095678232 -0.111961789 -0.00498658
v -0.095674245 -0.112019886 -0.004949989
v -0.09567394 -0.114289593 -0.004999977
v -0.09567394 -0.114289593 -0.003999977
v -0.095667806 -0.112041851 -0.004899971
v -0.095667806 -0.112041851 -0.004199989
v -0.095664567 -0.112002652 -0.004949989
v -0.095662038 -0.112025402 -0.004899971
v -0.095661365 -0.098909571 0.005463126
v -0.095658488 -0.09919192 0.005441825
v -0.095658141 -0.102966106 -0.000799996
v -0.095658141 -0.102966105 0.004200004
v -0.095653501 -0.112010205 -0.004899971
v -0.095652044 -0.111987362 -0.004949989
v -0.095642457 -0.111996723 -0.004899971
v -0.09562924 -0.111985356 -0.004199989
v -0.095624967 -0.111874028 -0.004999977
v -0.095624022 -0.101601703 -0.001364175
v -0.095611452 -0.111922169 -0.00498658
v -0.09560975 -0.113583538 -0.004899971
v -0.09560975 -0.113583538 -0.004199989
v -0.095608518 -0.113687054 -0.004999977
v -0.095604758 -0.101620517 0.003200004
v -0.09560156 -0.111957409 -0.004949989
v -0.09559794 -0.111970311 -0.004899971
v -0.09559794 -0.11197031 -0.003999977
v -0.09559794 -0.11197031 0.003900017
v -0.095597026 -0.098832629 -0.000867563
v -0.09559432 -0.111983203 0.003950005
v -0.095584425 -0.112018451 0.003986626
v -0.095575006 -0.113902027 -0.003999977
v -0.095575006 -0.113902027 0.003900017
v -0.095571695 -0.113889041 0.003950005
v -0.095570913 -0.112066586 -0.003999977
v -0.095570913 -0.112066585 0.001000023
v -0.095570913 -0.112066585 0.004000023
v -0.095563379 -0.11196687 -0.004199989
v -0.095562639 -0.11385358 0.003986626
v -0.095557304 -0.096914607 0.004267569
v -0.095550275 -0.113805134 -0.003999977
v -0.095550275 -0.113805134 0.001000023
v -0.095550275 -0.113805133 0.004000023
v -0.095546178 -0.111969693 -0.004899971
v -0.095542863 -0.111956715 -0.004949989
v -0.095533811 -0.111921246 -0.00498658
v -0.095527476 -0.101695987 0.002995017
v -0.095521444 -0.111872799 -0.004999977
v -0.095501047 -0.111995045 -0.004899971
v -0.095501047 -0.111995045 -0.004199989
v -0.095491685 -0.111985455 -0.004949989
v -0.095490191 -0.105156466 0.004951439
v -0.095490191 -0.105156466 0.005351433
v -0.095470829 -0.095601336 0.0038767
v -0.095466112 -0.111959271 -0.00498658
v -0.095457675 -0.094635775 0.000188528
v -0.095452403 -0.098973857 -0.002013955
v -0.095449402 -0.093665453 0.003653464
v -0.095442559 -0.11372942 -0.004999977
v -0.09543118 -0.111923497 -0.004999977
v -0.095406298 -0.107754291 0.003571434
v -0.095406298 -0.107754291 0.004951439
v -0.095403221 -0.096785532 0.005305564
v -0.095391866 -0.113639157 -0.004899971
v -0.095391866 -0.113639157 -0.004199989
v -0.095387672 -0.098338214 0.004309745
v -0.095347224 -0.101872012 0.001000022
v -0.095323871 -0.094766444 -0.001203714
v -0.095323607 -0.101895076 0.001468467
v -0.095317202 -0.101901324 0.001000022
v -0.095317202 -0.101901324 0.001700004
v -0.095280521 -0.092851962 0.000915732
v -0.095277595 -0.096908213 0.004309745
v -0.095271289 -0.101946162 0.004271171
v -0.095263479 -0.112227032 -0.004899971
v -0.095263479 -0.112227032 -0.004199989
v -0.095249183 -0.098473452 0.005407523
v -0.095248275 -0.093861857 0.002355826
v -0.095233036 -0.092758563 0.002286734
v -0.095224164 -0.113942692 -0.004999977
v -0.095212785 -0.112136769 -0.004999977
v -0.095207587 -0.100610652 0.000188529
v -0.095194434 -0.099645091 0.0038767
v -0.095189666 -0.100628154 -0.001526193
v -0.095189233 -0.113906918 -0.00498658
v -0.09518827 -0.09629658 -0.001819009
v -0.095163659 -0.113880734 -0.004949989
v -0.095156536 -0.092693499 0.00111492
v -0.095154298 -0.113871144 -0.004899971
v -0.095154298 -0.113871144 -0.004199989
v -0.095138717 -0.093689303 0.002160178
v -0.095132468 -0.105505801 0.004951439
v -0.095132468 -0.105505801 0.005351433
v -0.095121534 -0.113944943 -0.00498658
v -0.095112477 -0.113909474 -0.004949989
v -0.095109166 -0.113896496 -0.004899971
v -0.095109166 -0.113896496 -0.004199989
v -0.095107959 -0.098331813 0.00426757
v -0.09510507 -0.112061054 -0.003999977
v -0.09510507 -0.112061054 0.001000023
v -0.09510507 -0.112061054 0.004000023
v -0.095099496 -0.113999035 -0.004999977
v -0.095092703 -0.112012607 0.003986626
v -0.095084432 -0.113799603 -0.003999977
v -0.095084432 -0.113799602 0.001000023
v -0.095084432 -0.113799602 0.004000023
v -0.09508365 -0.111977146 0.003950005
v -0.095080339 -0.111964161 -0.003999977
v -0.095080339 -0.11196416 0.003900017
v -0.095070921 -0.113847743 0.003986626
v -0.09506824 -0.096413791 -0.000867563
v -0.095061025 -0.113882984 0.003950005
v -0.095057405 -0.113895878 -0.004899971
v -0.095057405 -0.113895878 -0.004199989
v -0.095057405 -0.113895878 -0.003999977
v -0.095057405 -0.113895877 0.003900017
v -0.095053785 -0.113908779 -0.004949989
v -0.095050995 -0.092656786 0.002479391
v -0.095046823 -0.112179135 -0.004999977
v -0.095045595 -0.11228265 -0.004899971
v -0.095045595 -0.11228265 -0.004199989
v -0.095043893 -0.11394402 -0.00498658
v -0.095018293 -0.113891713 -0.004949989
v -0.095012887 -0.113869465 -0.004899971
v -0.095012887 -0.113869465 -0.004199989
v -0.09500184 -0.113855984 -0.004899971
v -0.09500184 -0.113855984 -0.004199989
v -0.094996942 -0.113921444 -0.00498658
v -0.094993306 -0.113840786 -0.004899971
v -0.094993306 -0.113840786 -0.004199989
v -0.094990777 -0.113863537 -0.004949989
v -0.094987539 -0.113824337 -0.004899971
v -0.094987539 -0.113824337 -0.004199989
v -0.094984836 -0.099430453 -0.000476663
v -0.094981765 -0.09510052 -0.000476663
v -0.094981405 -0.111576596 -0.004999977
v -0.094981405 -0.111576595 -0.003999977
v -0.094977008 -0.096363116 0.005249961
v -0.094975158 -0.096085375 0.005191184
v -0.094974557 -0.113827649 -0.004949989
v -0.094971538 -0.098465037 0.00534899
v -0.094969038 -0.111528149 -0.004013374
v -0.094969037 -0.111528149 -0.00498658
v -0.094968612 -0.094134959 0.003211508
v -0.094967778 -0.113962056 -0.004999977
v -0.094960546 -0.113884175 -0.00498658
v -0.094959985 -0.11149268 -0.004949989
v -0.094959985 -0.11149268 -0.004049995
v -0.09495667 -0.111479702 -0.004999977
v -0.09495667 -0.111479702 -0.004899971
v -0.09495667 -0.111479702 -0.004099983
v -0.09495667 -0.111479702 -0.003999977
v -0.094949564 -0.10603416 0.001601432
v -0.094949564 -0.10603416 0.003701439
v -0.0949493 -0.114280995 -0.004999977
v -0.0949493 -0.114280995 -0.003999977
v -0.094939092 -0.113836705 -0.00498658
v -0.094935785 -0.114329136 -0.004013374
v -0.094935784 -0.114329136 -0.00498658
v -0.094927924 -0.100883754 0.001044211
v -0.094925893 -0.114364376 -0.004949989
v -0.094925893 -0.114364376 -0.004049995
v -0.094922273 -0.11437727 -0.004999977
v -0.094922273 -0.11437727 -0.004899971
v -0.094922273 -0.11437727 -0.004099983
v -0.094922273 -0.11437727 -0.003999977
v -0.094920948 -0.093203105 -0.000217233
v -0.094905971 -0.096292712 -0.001840646
v -0.094905412 -0.113502598 -0.004899971
v -0.094905412 -0.113502598 -0.004199989
v -0.094890645 -0.113849072 -0.004999977
v -0.094858642 -0.09619916 0.004267569
v -0.094858398 -0.096478938 0.004309745
v -0.094815145 -0.113553295 -0.004999977
v -0.094808899 -0.094290926 0.004548697
v -0.094788531 -0.096407397 -0.000909738
v -0.09477434 -0.102431453 0.000331931
v -0.094759212 -0.093361041 0.001044211
v -0.094758017 -0.100770122 0.00123986
v -0.094752927 -0.11209663 -0.004999977
v -0.094748304 -0.113341717 -0.004899971
v -0.094748304 -0.113341717 -0.004199989
v -0.094739416 -0.112144772 -0.00498658
v -0.094729524 -0.112180012 -0.004949989
v -0.094726508 -0.100102038 0.004871146
v -0.0947259 -0.112192913 -0.004899971
v -0.0947259 -0.112192913 -0.004199989
v -0.09471952 -0.093260035 0.002160178
v -0.094718524 -0.100109835 0.003211509
v -0.094698877 -0.112289189 -0.003999977
v -0.094698877 -0.112289188 0.001000023
v -0.094698877 -0.112289188 0.004000023
v -0.094697551 -0.09230308 0.001124716
v -0.094695478 -0.113430752 -0.004999977
v -0.094694465 -0.093004954 0.003601736
v -0.09468411 -0.112635655 -0.004899971
v -0.09468411 -0.112635655 -0.004199989
v -0.094683767 -0.113561894 -0.003999977
v -0.094683767 -0.113561893 0.001000023
v -0.094683767 -0.113561893 0.004000023
v -0.094663942 -0.112253414 0.003986626
v -0.094657693 -0.112198063 -0.004899971
v -0.094657693 -0.112198063 -0.004199989
v -0.094652173 -0.112185856 -0.004949989
v -0.094649654 -0.093188487 0.001239859
v -0.094647993 -0.11359682 0.003986626
v -0.094645228 -0.102557528 0.002394615
v -0.094638368 -0.112227229 0.003950005
v -0.094637102 -0.1121525 -0.00498658
v -0.094629011 -0.11221764 -0.003999977
v -0.094629011 -0.112217639 0.003900017
v -0.094623334 -0.112852162 -0.004899971
v -0.094623334 -0.112852162 -0.004199989
v -0.094621809 -0.113622394 0.003950005
v -0.09461914 -0.097551219 -0.000909738
v -0.094618896 -0.097830997 -0.000867563
v -0.09461651 -0.112106938 -0.004999977
v -0.094612222 -0.113631756 -0.003999977
v -0.094612222 -0.113631755 0.003900017
v -0.094608751 -0.112245854 -0.004899971
v -0.094608751 -0.112245854 -0.004199989
v -0.094601983 -0.112313923 -0.004899971
v -0.094601983 -0.112313923 -0.004199989
v -0.094596677 -0.112240048 -0.004949989
v -0.094589002 -0.112317234 -0.004949989
v -0.094580591 -0.112634426 -0.004999977
v -0.094563691 -0.112224186 -0.00498658
v -0.094553537 -0.11232629 -0.00498658
v -0.094549614 -0.093146403 0.002355826
v -0.094534299 -0.112799336 -0.004999977
v -0.09452801 -0.099876559 -0.001447518
v -0.094518628 -0.112202519 -0.004999977
v -0.094515426 -0.092201388 0.000932089
v -0.094508925 -0.099895198 0.000188529
v -0.09450509 -0.112338658 -0.004999977
v -0.094502386 -0.106470836 0.003101433
v -0.094502386 -0.106470836 0.003701439
v -0.094495772 -0.098929637 0.0038767
v -0.094493514 -0.097673892 -0.001905527
v -0.094492702 -0.094599703 0.0038767
v -0.094490668 -0.097956218 -0.001883981
v -0.094479758 -0.095870296 -0.001785043
v -0.094479549 -0.093634143 0.000188528
v -0.094477897 -0.095592563 -0.001726175
v -0.094461164 -0.112689854 -0.003999977
v -0.094461164 -0.112689853 0.001000023
v -0.094461164 -0.112689853 0.004000023
v -0.09445671 -0.101343906 -0.000501718
v -0.094455637 -0.113155696 0.004000023
v -0.094455636 -0.113155697 -0.003999977
v -0.094455636 -0.113155697 0.001000023
v -0.094438861 -0.100382937 0.002355826
v -0.094428609 -0.113251972 -0.004899971
v -0.094428609 -0.113251972 -0.004199989
v -0.094424989 -0.113264874 -0.004949989
v -0.094415094 -0.113300114 -0.00498658
v -0.094413026 -0.112676341 0.003986626
v -0.094412301 -0.113245816 -0.004899971
v -0.094412301 -0.113245815 -0.004199989
v -0.09440719 -0.113168063 0.003986626
v -0.094401582 -0.113348255 -0.004999977
v -0.09439731 -0.113236927 -0.004899971
v -0.09439731 -0.113236927 -0.004199989
v -0.094389493 -0.113247807 -0.004949989
v -0.09438577 -0.113084149 -0.004899971
v -0.09438577 -0.113084149 -0.004199989
v -0.094384092 -0.113225559 -0.004899971
v -0.094384092 -0.113225559 -0.004199989
v -0.094380281 -0.112320766 0.001000023
v -0.094380281 -0.112320766 0.005350029
v -0.094377786 -0.112666446 0.003950005
v -0.094376409 -0.113074566 -0.004949989
v -0.094371725 -0.113177112 0.003950005
v -0.094369579 -0.095698344 -0.000867563
v -0.094369334 -0.095978129 -0.000909738
v -0.094368146 -0.113277539 -0.00498658
v -0.094364885 -0.11266283 -0.003999977
v -0.094364885 -0.11266283 0.003900017
v -0.094361978 -0.113219631 -0.004949989
v -0.094359357 -0.113128666 -0.004899971
v -0.094359357 -0.113128666 -0.004199989
v -0.094358743 -0.113180432 -0.004899971
v -0.094358743 -0.113180432 -0.004199989
v -0.094358743 -0.113180432 -0.003999977
v -0.094358743 -0.113180431 0.003900017
v -0.094350835 -0.113048374 -0.00498658
v -0.094349542 -0.111931462 -0.004999977
v -0.094349542 -0.111931461 -0.003999977
v -0.094345762 -0.113183743 -0.004949989
v -0.094342794 -0.113144474 -0.004949989
v -0.09433882 -0.100340854 0.00123986
v -0.09433175 -0.113240269 -0.00498658
v -0.09432604 -0.113911221 -0.003999977
v -0.094326039 -0.113911221 -0.004999977
v -0.094315904 -0.113012608 -0.004999977
v -0.094314611 -0.111895687 -0.00498658
v -0.094314611 -0.111895687 -0.004013374
v -0.094310296 -0.113192799 -0.00498658
v -0.094306371 -0.11314085 -0.00498658
v -0.094293929 -0.09381541 -0.001093607
v -0.094290456 -0.11326846 -0.004999977
v -0.094290269 -0.113946156 -0.00498658
v -0.094290269 -0.113946156 -0.004013374
v -0.094289037 -0.111869503 -0.004949989
v -0.094289037 -0.111869503 -0.004049995
v -0.094287752 -0.106680438 0.002701439
v -0.094287752 -0.106680438 0.003101433
v -0.094279676 -0.111859921 -0.004999977
v -0.094279676 -0.111859921 -0.004899971
v -0.094279676 -0.111859921 -0.004099983
v -0.094279676 -0.111859921 -0.003999977
v -0.094269951 -0.093419505 0.003211508
v -0.094268954 -0.100269313 0.002160178
v -0.094264081 -0.11397173 -0.004949989
v -0.094264081 -0.113971729 -0.004049995
v -0.094256616 -0.113135899 -0.004999977
v -0.094254495 -0.113981091 -0.004999977
v -0.094254495 -0.113981091 -0.004899971
v -0.094254495 -0.113981091 -0.004099983
v -0.094254495 -0.113981091 -0.003999977
v -0.094230453 -0.092759219 0.001239859
v -0.094229262 -0.1001683 0.001044211
v -0.094199943 -0.097121943 -0.000909738
v -0.094166011 -0.092542598 -0.000165506
v -0.094130077 -0.097050402 0.004309745
v -0.094129833 -0.09733018 0.004267569
v -0.094126776 -0.106837634 0.001601433
v -0.094126776 -0.106837634 0.00190142
v -0.094081332 -0.097237773 -0.001849924
v -0.09407323 -0.093611613 0.004470053
v -0.094064849 -0.099350451 0.004792503
v -0.09406055 -0.092645594 0.001044211
v -0.094041339 -0.101749538 0.000825706
v -0.094019862 -0.099394381 0.003211509
v -0.094012637 -0.097165087 0.005240683
v -0.094009803 -0.097447398 0.005219047
v -0.094007033 -0.100804629 0.003865531
v -0.094006709 -0.098428821 -0.000476663
v -0.094003635 -0.094098887 -0.000476663
v -0.093983687 -0.106977367 0.001601433
v -0.093983687 -0.106977367 0.00190142
v -0.093980632 -0.095099757 0.005061209
v -0.093979772 -0.112554722 -0.004999977
v -0.093979772 -0.112554722 -0.003999977
v -0.093975397 -0.109151622 0.003571434
v -0.093975397 -0.109151622 0.004951439
v -0.09397117 -0.113279362 -0.004999977
v -0.09397117 -0.113279362 -0.003999977
v -0.093931634 -0.11254121 -0.00498658
v -0.093931634 -0.11254121 -0.004013374
v -0.093922723 -0.113291729 -0.00498658
v -0.093922723 -0.113291729 -0.004013374
v -0.093920234 -0.09711555 -0.000867563
v -0.093918357 -0.10354687 0.005351432
v -0.093918356 -0.10354687 0.001001426
v -0.093896394 -0.112531315 -0.004949989
v -0.093896394 -0.112531315 -0.004049995
v -0.093887258 -0.113300785 -0.004949989
v -0.093887258 -0.113300785 -0.004049995
v -0.093886408 -0.10162128 0.001025047
v -0.093883493 -0.112527691 -0.004999977
v -0.093883493 -0.112527691 -0.004899971
v -0.093883493 -0.112527691 -0.004099983
v -0.093883493 -0.112527691 -0.003999977
v -0.093880512 -0.095197527 0.004267569
v -0.093874276 -0.113304096 -0.004999977
v -0.093874276 -0.113304096 -0.004899971
v -0.093874276 -0.113304096 -0.004099983
v -0.093874276 -0.113304096 -0.003999977
v -0.093850527 -0.103333583 0.001000022
v -0.093850527 -0.103333583 0.005350029
v -0.093849757 -0.099840037 0.002160178
v -0.09382271 -0.10713457 0.002701439
v -0.09382271 -0.10713457 0.003101433
v -0.093814315 -0.100573512 -0.00044999
v -0.093803718 -0.097229327 -0.001791177
v -0.093794036 -0.093884257 0.0038767
v -0.093780883 -0.092918696 0.000188528
v -0.093779579 -0.09152225 0.001144339
v -0.093740195 -0.099667483 0.002355826
v -0.09371088 -0.096621127 0.004309745
v -0.093698364 -0.095095858 0.005083121
v -0.093676288 -0.09162311 0.002794485
v -0.093601691 -0.098824336 -0.001337411
v -0.093600803 -0.095191126 0.004309745
v -0.093600456 -0.09672896 0.00518508
v -0.093598754 -0.101203326 0.002562888
v -0.093558258 -0.093136096 -0.001014963
v -0.093530795 -0.098893565 0.000188529
v -0.093517646 -0.097928004 0.0038767
v -0.093506999 -0.101153155 0.001034843
v -0.093483371 -0.094606944 -0.001596201
v -0.093443766 -0.101075137 0.002363548
v -0.093431167 -0.096614733 0.004267569
v -0.093409075 -0.100969241 0.000842063
v -0.093393438 -0.107553767 0.002701439
v -0.093393438 -0.107553767 0.003101433
v -0.093391448 -0.094696711 -0.000867563
v -0.093364638 -0.100034228 0.003813804
v -0.093322849 -0.096720507 0.005126212
v -0.093308043 -0.097713374 -0.000476663
v -0.093304973 -0.093383441 -0.000476663
v -0.093278732 -0.09201134 -0.000356912
v -0.093272152 -0.094673433 0.005027518
v -0.093270256 -0.094395746 0.004968375
v -0.093251132 -0.099166667 0.001044211
v -0.093242396 -0.103927447 0.006500023
v -0.093232462 -0.107710963 0.001601433
v -0.093232462 -0.107710963 0.001901421
v -0.093202906 -0.104245532 0.001601432
v -0.093202906 -0.104245532 0.003701439
v -0.093201118 -0.094603038 -0.001618204
v -0.09318185 -0.094482073 0.004267569
v -0.093181606 -0.094761858 0.004309745
v -0.093138534 -0.09829822 0.004682395
v -0.093111739 -0.094690318 -0.000909738
v -0.093089373 -0.107850696 0.001601433
v -0.093089373 -0.107850696 0.001901421
v -0.093081225 -0.099053042 0.00123986
v -0.093064357 -0.100607013 0.002353751
v -0.093041732 -0.098392748 0.003211509
v -0.093022884 -0.092261187 0.001862082
v -0.092996544 -0.092286913 0.004151358
v -0.092991632 -0.1101123 0.002951439
v -0.092991632 -0.1101123 0.005351433
v -0.092966498 -0.10042303 0.0025465
v -0.092942348 -0.095834132 -0.000909738
v -0.092942103 -0.096113917 -0.000867563
v -0.092940036 -0.098072749 -0.001258767
v -0.092928396 -0.108007899 0.002701439
v -0.092928396 -0.108007899 0.003101433
v -0.092914962 -0.099494952 -0.000377572
v -0.092880176 -0.092400546 0.000793509
v -0.092844787 -0.095929408 -0.001683084
v -0.092841983 -0.096211688 -0.001661203
v -0.092832133 -0.098178119 0.000188529
v -0.09281898 -0.097212557 0.0038767
v -0.092774902 -0.094180613 -0.001562601
v -0.092772994 -0.093902934 -0.001503336
v -0.092764213 -0.092513788 0.002887259
v -0.092762069 -0.09866585 0.002355826
v -0.092755728 -0.104682216 0.003101432
v -0.092755728 -0.104682215 0.003701439
v -0.092713762 -0.108217494 0.003101433
v -0.092713762 -0.108217494 0.003701439
v -0.092692787 -0.093981257 -0.000867563
v -0.092692542 -0.094261042 -0.000909738
v -0.092662028 -0.098623774 0.00123986
v -0.092633905 -0.110461635 0.001001427
v -0.092633905 -0.110461635 0.002951439
v -0.092592162 -0.098552226 0.002160178
v -0.092576868 -0.104856875 0.003571434
v -0.092576868 -0.104856875 0.004951439
v -0.09255247 -0.09845122 0.001044211
v -0.092550688 -0.104616901 -0.001352181
v -0.092550368 -0.104617221 -0.00050364
v -0.092543703 -0.104609752 -0.001352181
v -0.092543379 -0.104610065 -0.00050364
v -0.092541094 -0.10489181 0.002701439
v -0.092541094 -0.10489181 0.003101433
v -0.092540339 -0.10462701 -0.001352181
v -0.09253335 -0.104619861 -0.001352181
v -0.092523921 -0.099876818 0.000864982
v -0.092523151 -0.095404864 -0.000909738
v -0.092495775 -0.104670528 -0.001165841
v -0.09249367 -0.104672588 -0.001130684
v -0.092491427 -0.104674777 -0.001070412
v -0.092491213 -0.104674983 -0.000503701
v -0.092488791 -0.104663371 -0.001165841
v -0.092486681 -0.104665431 -0.001130684
v -0.092484442 -0.104667621 -0.001070412
v -0.092484225 -0.104667827 -0.000503701
v -0.092476875 -0.097546633 0.004603751
v -0.092467634 -0.109575709 0.002951439
v -0.092467634 -0.109575709 0.004951439
v -0.092465285 -0.098955676 0.003741386
v -0.09245434 -0.104710994 -0.00108799
v -0.092453285 -0.095333315 0.004309745
v -0.09245304 -0.0956131 0.004267569
v -0.092447352 -0.104703838 -0.00108799
v -0.092432605 -0.095493289 -0.001627481
v -0.092380118 -0.105049014 0.001601432
v -0.092380118 -0.105049014 0.00190142
v -0.092374324 -0.092894526 -3.2175e-05
v -0.092368769 -0.099748782 0.001064262
v -0.092363906 -0.095420595 0.005018241
v -0.092361118 -0.095702868 0.004996238
v -0.09234307 -0.097677302 0.003211509
v -0.092329917 -0.096711741 -0.000476663
v -0.092307952 -0.092959345 -0.001307016
v -0.092272567 -0.098724551 -0.000325845
v -0.092266584 -0.108654178 0.001601433
v -0.092266584 -0.108654178 0.003701439
v -0.092243442 -0.095398463 -0.000867563
v -0.092237028 -0.105188746 0.001601432
v -0.092237028 -0.105188746 0.00190142
v -0.092181238 -0.104977687 -0.00075956
v -0.09217425 -0.104970531 -0.00075956
v -0.092173473 -0.09309067 0.00359429
v -0.092172965 -0.098122958 0.002160178
v -0.09215571 -0.105002612 -0.000714425
v -0.092155032 -0.095484797 -0.001568338
v -0.092148722 -0.104995464 -0.000714425
v -0.092145228 -0.105012851 -0.00134385
v -0.09214501 -0.105013065 -0.000777138
v -0.092142279 -0.105015727 -0.000719948
v -0.092141535 -0.10501646 -0.000706521
v -0.092139799 -0.105018153 -0.000683083
v -0.092138243 -0.105005695 -0.00134385
v -0.092138025 -0.105005908 -0.000777138
v -0.092135294 -0.105008578 -0.000719948
v -0.092134546 -0.105009303 -0.000706521
v -0.092132815 -0.105010997 -0.000683083
v -0.092109911 -0.109925044 0.002951439
v -0.092109911 -0.109925044 0.004951439
v -0.09209561 -0.105061305 -0.000495705
v -0.092088621 -0.105054149 -0.000495705
v -0.092085211 -0.10507146 -0.001343911
v -0.092084887 -0.105071773 -0.000495736
v -0.092081344 -0.099330607 0.002523612
v -0.092078222 -0.105064304 -0.001343911
v -0.092077902 -0.105064624 -0.000495736
v -0.092076052 -0.105345942 0.002701439
v -0.092076052 -0.105345942 0.003101433
v -0.092063403 -0.097950404 0.002355826
v -0.092034088 -0.094904047 0.004309745
v -0.092013717 -0.097020518 -0.00114866
v -0.09198936 -0.099280657 0.001074058
v -0.091971335 -0.105182658 -0.001344002
v -0.09196435 -0.10517551 -0.001344002
v -0.091951724 -0.094984476 0.004962638
v -0.091926127 -0.099202639 0.002324332
v -0.091922474 -0.093335779 0.004851401
v -0.091904047 -0.10524837 -0.001344033
v -0.091897062 -0.105241214 -0.001344033
v -0.091891673 -0.099096514 0.000881339
v -0.091854003 -0.097176486 0.000188529
v -0.091849257 -0.105301875 -0.001155281
v -0.091842272 -0.105294719 -0.001155281
v -0.091840854 -0.096210924 0.0038767
v -0.091827292 -0.105323329 -0.001078835
v -0.09182289 -0.098185274 0.003689658
v -0.091820303 -0.105316173 -0.001078835
v -0.091754375 -0.094897654 0.004267569
v -0.091734369 -0.105414066 -0.000757454
v -0.091734037 -0.108824488 0.004951439
v -0.091734037 -0.108824488 0.005351433
v -0.091727381 -0.105406917 -0.000757454
v -0.091718447 -0.105429614 -0.000693734
v -0.091716646 -0.105431377 -0.00049601
v -0.091711531 -0.105436374 -0.00065757
v -0.091711462 -0.105422465 -0.000693734
v -0.091709662 -0.10542422 -0.00049601
v -0.091706293 -0.105441486 -0.00049601
v -0.091704546 -0.105429217 -0.00065757
v -0.091703287 -0.105444423 -0.000693764
v -0.091699308 -0.105434329 -0.00049601
v -0.091696303 -0.105437266 -0.000693764
v -0.091687784 -0.10545956 -0.000756478
v -0.0916808 -0.105452403 -0.000756478
v -0.091674171 -0.094975977 0.004903373
v -0.09164678 -0.105765139 0.002701439
v -0.09164678 -0.105765139 0.003101433
v -0.09164088 -0.093610766 -0.000393716
v -0.091631251 -0.095996287 -0.000476663
v -0.091596094 -0.105549098 -0.001078988
v -0.091589106 -0.105541949 -0.001078988
v -0.09157434 -0.097449587 0.001044211
v -0.091573694 -0.105570972 -0.001155495
v -0.091566706 -0.105563823 -0.001155495
v -0.091550559 -0.09649441 0.004493644
v -0.091546718 -0.098734515 0.002314536
v -0.091519785 -0.105623615 -0.001344338
v -0.0915128 -0.105616466 -0.001344338
v -0.091485804 -0.105922343 0.001601433
v -0.091485804 -0.105922343 0.00190142
v -0.091457178 -0.105684756 -0.001344368
v -0.091450193 -0.1056776 -0.001344368
v -0.091449099 -0.098550295 0.002507224
v -0.091408954 -0.093837244 0.003793753
v -0.091404433 -0.097335963 0.001239859
v -0.091386869 -0.105753413 -0.001181801
v -0.091379885 -0.105746257 -0.001181801
v -0.091378046 -0.105762035 -0.000657814
v -0.091376314 -0.109173823 0.004951439
v -0.091376314 -0.109173823 0.005351433
v -0.091373217 -0.097645991 -0.000253427
v -0.091371058 -0.105754878 -0.000657814
v -0.09136494 -0.096675669 0.003211509
v -0.091352061 -0.096268931 -0.001070016
v -0.091342714 -0.106062076 0.001601433
v -0.091342714 -0.106062076 0.00190142
v -0.091337679 -0.105801448 -0.001133614
v -0.091330694 -0.105794292 -0.001133614
v -0.091329386 -0.10580955 -0.000707131
v -0.091322397 -0.105802394 -0.000707131
v -0.091181738 -0.106219271 0.002701439
v -0.091181738 -0.106219271 0.003101433
v -0.091155341 -0.096461031 0.000188529
v -0.091145964 -0.106254206 0.003571434
v -0.091145964 -0.106254206 0.004951439
v -0.091142188 -0.09549547 0.0038767
v -0.091139841 -0.105994647 -0.001354256
v -0.091139811 -0.105994678 -0.001273995
v -0.091139544 -0.105994937 -0.000575325
v -0.091139513 -0.105994968 -0.000495034
v -0.091132856 -0.105987491 -0.001354256
v -0.091132826 -0.105987521 -0.001273995
v -0.091132559 -0.105987781 -0.000575325
v -0.091132528 -0.105987811 -0.000495034
v -0.091127361 -0.094112231 -0.001451364
v -0.091085277 -0.096948771 0.002355826
v -0.091006534 -0.098004069 0.000904258
v -0.090985236 -0.096906695 0.001239859
v -0.090967104 -0.106428874 0.003101433
v -0.090967104 -0.106428874 0.003701439
v -0.090965883 -0.106164523 -0.001174904
v -0.090965693 -0.106164714 -0.000674996
v -0.090958895 -0.106157367 -0.001174904
v -0.090958704 -0.106157558 -0.000674996
v -0.090923541 -0.097106714 0.00361724
v -0.090921415 -0.10620795 -0.001234536
v -0.090921179 -0.106208179 -0.000615456
v -0.09091537 -0.096835146 0.002160178
v -0.090914427 -0.106200793 -0.001234536
v -0.090914194 -0.106201022 -0.000615456
v -0.090897634 -0.106231174 -0.000925179
v -0.09089065 -0.106224017 -0.000925179
v -0.090888904 -0.095742815 0.004415
v -0.090876361 -0.09435734 -0.000194253
v -0.090875678 -0.096734133 0.001044211
v -0.09085113 -0.097876284 0.001103476
v -0.090831209 -0.106296039 -0.000925209
v -0.090824221 -0.106288882 -0.000925209
v -0.090741882 -0.094488665 0.004707022
v -0.090730823 -0.09687559 -0.000201699
v -0.09067551 -0.094553484 0.003432212
v -0.090666278 -0.095960222 0.003211509
v -0.090563968 -0.09745785 0.002484305
v -0.090526236 -0.104343524 -0.004999978
v -0.090526236 -0.104343524 -0.002999978
v -0.09052009 -0.104861125 -0.004999978
v -0.09052009 -0.104861125 -0.002999978
v -0.090519926 -0.10686555 0.001601433
v -0.090519926 -0.10686555 0.003701439
v -0.090496173 -0.096405878 0.002160178
v -0.090471721 -0.09740816 0.001113273
v -0.090408488 -0.097330134 0.002285117
v -0.090386611 -0.096233324 0.002355826
v -0.090374297 -0.09722375 0.000920615
v -0.090285625 -0.094934222 0.000512778
v -0.09028115 -0.096336313 0.003565513
v -0.090272757 -0.1038922 -0.004999978
v -0.090272757 -0.1038922 -0.002999978
v -0.090255968 -0.105306308 -0.004999978
v -0.090255968 -0.105306308 -0.002999978
v -0.090169662 -0.095047465 0.002606528
v -0.090053294 -0.095161097 -0.000751321
v -0.090029079 -0.096862009 0.00227529
v -0.090026954 -0.095186823 0.001537924
v -0.089931735 -0.096677523 0.002467948
v -0.089827574 -0.103628078 -0.004999978
v -0.089827574 -0.103628078 -0.002999978
v -0.08980464 -0.105559787 -0.004999978
v -0.08980464 -0.105559787 -0.002999978
v -0.089804476 -0.107564219 0.001001427
v -0.089804476 -0.107564219 0.005351433
v -0.089771102 -0.09543667 0.003756949
v -0.08962937 -0.107455699 0.001000023
v -0.08962937 -0.107455698 0.005350029
v -0.089373546 -0.0958249 0.000605551
v -0.089309973 -0.103621928 -0.004999978
v -0.089309973 -0.103621928 -0.002999978
v -0.089287039 -0.105553645 -0.004999978
v -0.089287039 -0.105553645 -0.002999977
v -0.089270259 -0.09592576 0.002255698
v -0.088858641 -0.103875407 -0.004999978
v -0.088858641 -0.103875407 -0.002999978
v -0.088841856 -0.105289523 -0.004999978
v -0.088841856 -0.105289523 -0.002999978
v -0.088594519 -0.10432059 -0.004999978
v -0.088594519 -0.10432059 -0.002999978
v -0.088591967 -0.10846876 0.005757164
v -0.088591966 -0.108468761 -0.002999977
v -0.088591966 -0.10846876 0.001000023
v -0.088588377 -0.104838191 -0.004999978
v -0.088588377 -0.104838191 -0.002999978
v -0.088583574 -0.109175815 -0.002999977
v -0.088583574 -0.109175814 0.001000023
v -0.088583574 -0.109175814 0.005700005
v -0.088459905 -0.108691356 -0.002999977
v -0.088459905 -0.108691356 0.001000023
v -0.088456834 -0.108950153 -0.002999977
v -0.088456834 -0.108950152 0.001000023
v -0.088441332 -0.108820551 0.005716759
v -0.088348802 -0.108935405 -0.004999977
v -0.088348802 -0.108935405 -0.002999977
v -0.088206964 -0.108751575 -0.004999977
v -0.088206964 -0.108751575 -0.002999977
v -0.088111341 -0.108539997 -0.004999977
v -0.088111341 -0.108539996 -0.002999977
v -0.088067091 -0.108312068 -0.002999977
v -0.08806709 -0.108312068 -0.004999977
v -0.088034815 -0.103142413 -0.004999978
v -0.088034815 -0.103142413 -0.002999978
v -0.087858969 -0.103372851 -0.004999978
v -0.087858969 -0.103372851 -0.002999978
v -0.087756605 -0.103644038 -0.004999978
v -0.087756605 -0.103644038 -0.002999978
v -0.087736319 -0.103933192 -0.002999978
v -0.087736318 -0.103933192 -0.004999978
f 199 195 200
f 200 195 196
f 196 189 190
f 195 189 196
f 190 185 186
f 189 185 190
f 186 179 180
f 180 179 182
f 185 179 186
f 179 181 182
f 182 187 188
f 181 187 182
f 144 132 143
f 143 132 131
f 131 122 121
f 132 122 131
f 121 113 114
f 122 113 121
f 114 109 110
f 110 109 111
f 113 109 114
f 109 112 111
f 111 116 115
f 112 116 111
f 73 65 74
f 74 65 66
f 66 57 58
f 65 57 66
f 58 49 50
f 57 49 58
f 50 40 39
f 39 40 42
f 49 40 50
f 40 41 42
f 42 51 52
f 41 51 42
f 22 17 21
f 21 17 18
f 18 13 14
f 17 13 18
f 14 9 10
f 13 9 14
f 10 5 6
f 6 5 8
f 9 5 10
f 5 7 8
f 8 12 11
f 7 12 8
f 69 61 70
f 70 61 62
f 62 54 53
f 61 54 62
f 53 46 45
f 54 46 53
f 45 33 34
f 34 33 35
f 46 33 45
f 33 36 35
f 35 48 47
f 36 48 35
f 135 128 136
f 136 128 127
f 127 117 118
f 128 117 127
f 118 105 106
f 117 105 118
f 106 100 99
f 99 100 101
f 105 100 106
f 100 102 101
f 101 107 108
f 102 107 101
f 172 152 171
f 171 152 151
f 151 94 93
f 93 94 86
f 152 94 151
f 86 85 37
f 94 85 86
f 37 38 43
f 85 38 37
f 38 44 43
f 43 87 88
f 44 87 43
f 563 557 564
f 564 557 558
f 558 552 553
f 553 552 538
f 557 552 558
f 552 537 538
f 538 531 532
f 532 531 534
f 537 531 538
f 531 533 534
f 534 539 540
f 533 539 534
f 242 250 241
f 241 250 249
f 249 261 262
f 250 261 249
f 262 274 273
f 261 274 262
f 163 164 165
f 165 166 167
f 164 166 165
f 167 168 170
f 166 168 167
f 168 169 170
f 499 516 500
f 500 516 515
f 515 522 521
f 516 522 515
f 521 526 525
f 522 526 521
f 351 356 352
f 352 356 355
f 355 360 359
f 356 360 355
f 359 361 362
f 360 361 359
f 474 470 473
f 473 470 469
f 469 466 465
f 470 466 469
f 465 462 461
f 466 462 465
f 461 456 455
f 455 456 458
f 462 456 461
f 456 457 458
f 458 464 463
f 457 464 458
f 614 615 613
f 613 615 616
f 616 617 618
f 615 617 616
f 618 619 620
f 617 619 618
f 585 588 586
f 586 588 587
f 587 590 589
f 588 590 587
f 589 592 591
f 590 592 589
f 632 629 631
f 632 630 629
f 633 631 634
f 633 632 631
f 636 634 635
f 636 633 634
f 657 646 658
f 658 646 645
f 645 644 643
f 646 644 645
f 655 656 662
f 643 656 655
f 644 656 643
f 656 661 662
f 668 667 674
f 662 667 668
f 661 667 662
f 667 673 674
f 665 659 666
f 665 660 659
f 671 672 683
f 671 666 672
f 671 665 666
f 684 671 683
f 542 530 551
f 529 530 542
f 556 542 551
f 561 556 551
f 535 529 542
f 536 535 542
f 541 536 542
f 562 556 561
f 580 562 561
f 579 562 580
f 417 414 416
f 417 415 414
f 419 416 418
f 419 417 416
f 421 418 420
f 421 419 418
f 305 308 306
f 307 308 305
f 552 561 551
f 557 580 561
f 557 561 552
f 537 551 530
f 537 552 551
f 563 580 557
f 531 537 530
f 569 602 580
f 569 580 563
f 572 602 569
f 604 602 572
f 524 533 531
f 519 524 531
f 519 531 530
f 528 533 524
f 539 533 528
f 510 519 530
f 584 565 560
f 584 572 565
f 584 604 572
f 422 503 510
f 412 510 530
f 412 422 510
f 438 503 422
f 409 412 530
f 447 503 438
f 544 554 539
f 544 539 528
f 496 503 447
f 496 447 453
f 496 453 451
f 548 560 554
f 548 554 544
f 498 451 450
f 498 496 451
f 550 560 548
f 550 584 560
f 545 584 550
f 466 450 445
f 470 498 450
f 470 450 466
f 470 501 498
f 462 445 433
f 462 466 445
f 474 501 470
f 474 508 501
f 456 433 427
f 456 462 433
f 479 508 474
f 479 513 508
f 482 513 479
f 424 456 427
f 424 457 456
f 512 513 482
f 431 464 457
f 431 457 424
f 505 512 482
f 505 482 476
f 439 468 464
f 439 464 431
f 493 476 472
f 493 505 476
f 442 468 439
f 490 472 468
f 490 468 442
f 490 493 472
f 485 490 442
f 485 442 444
f 484 485 444
f 488 484 444
f 491 488 444
f 526 584 545
f 436 491 444
f 436 522 516
f 436 516 499
f 436 499 491
f 429 522 436
f 429 526 522
f 349 409 530
f 413 526 429
f 396 406 394
f 400 406 396
f 404 406 400
f 327 356 351
f 327 360 356
f 327 361 360
f 327 351 346
f 402 413 406
f 402 406 404
f 317 346 343
f 317 327 346
f 397 526 413
f 397 413 402
f 304 311 317
f 302 343 349
f 302 317 343
f 302 304 317
f 306 310 311
f 306 311 304
f 299 349 530
f 299 302 349
f 315 310 306
f 331 329 324
f 326 331 324
f 308 324 315
f 308 315 306
f 322 326 324
f 322 324 308
f 320 322 308
f 313 320 308
f 342 354 348
f 358 354 342
f 338 358 342
f 340 338 334
f 340 334 336
f 340 358 338
f 371 358 340
f 364 374 371
f 364 371 340
f 367 374 364
f 367 376 374
f 369 376 367
f 369 380 376
f 366 380 369
f 366 397 380
f 233 260 253
f 223 233 253
f 223 253 251
f 245 260 233
f 217 223 251
f 217 251 257
f 264 260 245
f 270 260 264
f 277 279 270
f 277 270 271
f 275 271 265
f 275 277 271
f 126 217 257
f 126 161 217
f 157 161 126
f 292 270 279
f 292 260 270
f 292 279 281
f 160 157 126
f 283 292 281
f 287 294 292
f 287 292 283
f 117 104 97
f 128 126 104
f 128 104 117
f 214 275 265
f 105 117 97
f 135 160 126
f 135 126 128
f 289 296 294
f 289 294 287
f 100 97 92
f 100 105 97
f 139 164 160
f 139 160 135
f 102 100 92
f 142 164 139
f 285 297 296
f 285 296 289
f 228 214 207
f 228 275 214
f 221 228 207
f 221 207 193
f 61 31 54
f 61 92 31
f 94 102 92
f 94 119 107
f 94 107 102
f 152 177 174
f 152 174 169
f 152 169 168
f 152 119 94
f 152 168 166
f 152 166 164
f 152 164 142
f 152 129 119
f 152 137 129
f 152 142 137
f 69 94 92
f 69 92 61
f 46 54 31
f 219 221 193
f 33 46 31
f 77 94 69
f 85 94 77
f 85 64 56
f 85 71 64
f 85 79 71
f 85 77 79
f 172 219 193
f 172 193 184
f 172 184 177
f 172 229 225
f 172 225 219
f 172 177 152
f 3 33 31
f 3 36 33
f 3 48 36
f 38 48 3
f 38 85 56
f 38 56 48
f 203 229 172
f 203 250 242
f 203 242 239
f 203 239 238
f 203 238 235
f 203 235 232
f 203 232 229
f 17 38 3
f 13 17 3
f 9 13 3
f 22 38 17
f 26 38 22
f 5 9 3
f 267 285 274
f 267 274 261
f 267 261 250
f 267 297 285
f 267 250 203
f 256 267 203
f 248 256 203
f 44 24 19
f 44 28 24
f 44 26 28
f 44 38 26
f 206 248 203
f 243 248 206
f 2 15 12
f 2 19 15
f 2 7 5
f 2 12 7
f 2 44 19
f 2 5 3
f 195 176 189
f 195 206 176
f 57 87 44
f 65 87 57
f 199 243 206
f 199 206 195
f 185 189 176
f 49 44 2
f 49 57 44
f 73 87 65
f 179 185 176
f 209 243 199
f 40 49 2
f 82 87 73
f 181 179 176
f 84 87 82
f 95 84 76
f 95 87 84
f 153 187 181
f 153 181 176
f 216 201 197
f 216 212 201
f 216 209 212
f 216 243 209
f 30 40 2
f 30 59 51
f 30 67 59
f 30 41 40
f 30 51 41
f 132 95 122
f 132 153 95
f 113 122 95
f 144 153 132
f 109 113 95
f 148 153 144
f 155 192 187
f 155 197 192
f 155 187 153
f 155 145 134
f 155 149 145
f 155 148 149
f 155 216 197
f 155 153 148
f 90 95 76
f 90 124 116
f 90 134 124
f 90 112 109
f 90 116 112
f 90 76 67
f 90 67 30
f 90 155 134
f 90 109 95
f 267 584 366
f 366 584 397
f 397 584 526
f 267 366 297
f 530 126 299
f 299 126 257
f 327 394 361
f 406 361 394
f 671 667 665
f 667 661 665
f 665 661 660
f 661 656 660
f 671 673 667
f 684 673 671
f 684 677 673
f 687 677 684
f 656 624 660
f 624 621 660
f 656 626 624
f 644 626 656
f 644 627 626
f 644 629 627
f 644 646 629
f 687 680 677
f 687 685 680
f 621 595 660
f 646 631 629
f 685 676 680
f 646 634 631
f 657 634 646
f 595 541 660
f 582 541 595
f 574 541 582
f 657 635 634
f 676 681 670
f 685 681 676
f 657 638 635
f 657 640 638
f 663 641 657
f 657 641 640
f 663 649 641
f 670 654 663
f 663 654 649
f 541 553 536
f 575 558 574
f 574 558 541
f 541 558 553
f 681 651 670
f 670 651 654
f 681 647 651
f 586 564 575
f 599 564 591
f 575 564 558
f 587 564 586
f 589 564 587
f 591 564 589
f 536 538 535
f 535 538 529
f 553 538 536
f 599 605 564
f 538 532 529
f 610 570 608
f 608 570 605
f 605 570 564
f 610 611 570
f 681 620 647
f 611 571 570
f 616 571 613
f 613 571 611
f 534 523 532
f 523 520 532
f 532 520 529
f 534 527 523
f 534 540 527
f 520 509 529
f 616 597 571
f 681 597 620
f 618 597 616
f 620 597 618
f 571 597 566
f 597 594 566
f 594 578 566
f 578 568 566
f 566 568 559
f 504 423 509
f 509 411 529
f 423 411 509
f 504 437 423
f 411 408 529
f 504 448 437
f 540 543 527
f 555 543 540
f 504 495 448
f 448 495 454
f 454 495 452
f 555 547 543
f 559 547 555
f 495 497 452
f 452 497 449
f 568 549 559
f 559 549 547
f 568 546 549
f 449 465 446
f 502 469 497
f 497 469 449
f 449 469 465
f 507 473 502
f 502 473 469
f 465 461 446
f 446 461 434
f 514 480 507
f 507 480 473
f 434 455 426
f 461 455 434
f 514 481 480
f 455 425 426
f 458 425 455
f 514 511 481
f 458 430 425
f 463 430 458
f 511 506 481
f 481 506 475
f 463 440 430
f 467 440 463
f 506 494 475
f 475 494 471
f 467 441 440
f 467 489 441
f 494 489 471
f 471 489 467
f 489 486 441
f 441 486 443
f 486 483 443
f 483 487 443
f 487 492 443
f 492 435 443
f 515 435 500
f 500 435 492
f 428 416 414
f 408 350 529
f 428 418 416
f 515 517 435
f 568 517 546
f 546 517 525
f 525 517 521
f 521 517 515
f 428 420 418
f 428 459 420
f 432 459 428
f 517 477 435
f 432 477 459
f 435 477 432
f 391 390 362
f 355 328 352
f 359 328 355
f 362 328 359
f 352 328 345
f 345 318 344
f 328 318 345
f 318 312 344
f 387 385 379
f 379 385 375
f 375 383 373
f 385 383 375
f 383 381 373
f 381 377 373
f 373 377 372
f 309 234 312
f 312 224 344
f 234 224 312
f 224 218 344
f 344 218 350
f 316 246 309
f 309 246 234
f 316 263 246
f 280 278 269
f 272 278 266
f 269 278 272
f 278 276 266
f 377 282 372
f 316 282 263
f 269 282 280
f 372 282 316
f 263 282 269
f 218 125 350
f 162 125 218
f 162 158 125
f 158 159 125
f 377 284 282
f 377 288 284
f 125 127 103
f 103 118 98
f 127 118 103
f 118 106 98
f 159 136 125
f 125 136 127
f 377 290 288
f 159 140 136
f 163 140 159
f 98 99 91
f 106 99 98
f 99 101 91
f 163 141 140
f 377 286 290
f 276 227 266
f 266 227 213
f 227 222 213
f 213 222 208
f 32 62 53
f 91 62 32
f 108 93 101
f 120 93 108
f 101 93 91
f 120 151 93
f 130 151 120
f 138 151 130
f 141 151 138
f 178 151 173
f 173 151 170
f 165 151 163
f 167 151 165
f 170 151 167
f 163 151 141
f 93 70 91
f 91 70 62
f 53 45 32
f 222 220 208
f 208 220 194
f 93 78 70
f 45 34 32
f 220 171 194
f 178 171 151
f 194 171 183
f 183 171 178
f 230 171 226
f 226 171 220
f 93 86 78
f 63 86 55
f 72 86 63
f 80 86 72
f 78 86 80
f 34 4 32
f 35 4 34
f 47 4 35
f 230 204 171
f 249 204 241
f 237 204 236
f 240 204 237
f 241 204 240
f 236 204 231
f 231 204 230
f 86 37 55
f 47 37 4
f 55 37 47
f 37 18 4
f 18 14 4
f 14 10 4
f 37 21 18
f 37 25 21
f 10 6 4
f 377 268 286
f 286 268 273
f 262 268 249
f 273 268 262
f 249 268 204
f 268 255 204
f 255 247 204
f 247 205 204
f 23 43 20
f 27 43 23
f 25 43 27
f 37 43 25
f 247 244 205
f 8 1 6
f 11 1 8
f 16 1 11
f 20 1 16
f 6 1 4
f 43 1 20
f 175 196 190
f 205 196 175
f 88 58 43
f 88 66 58
f 190 186 175
f 244 200 205
f 205 200 196
f 43 50 1
f 58 50 43
f 88 74 66
f 186 180 175
f 244 210 200
f 88 81 74
f 50 39 1
f 180 182 175
f 88 83 81
f 182 154 175
f 188 154 182
f 83 96 75
f 88 96 83
f 244 215 210
f 202 215 198
f 211 215 202
f 210 215 211
f 42 29 39
f 52 29 42
f 60 29 52
f 68 29 60
f 39 29 1
f 154 131 96
f 96 131 121
f 121 114 96
f 154 143 131
f 154 147 143
f 114 110 96
f 150 156 146
f 147 156 150
f 215 156 198
f 154 156 147
f 191 156 188
f 198 156 191
f 188 156 154
f 146 156 133
f 96 89 75
f 75 89 68
f 68 89 29
f 110 89 96
f 156 89 133
f 111 89 110
f 115 89 111
f 123 89 115
f 133 89 123
f 125 529 350
f 390 328 362
f 391 389 390
f 392 389 391
f 388 385 387
f 388 386 385
f 460 421 420
f 460 420 459
f 478 459 477
f 478 460 459
f 518 477 517
f 518 478 477
f 393 389 392
f 395 393 392
f 398 384 386
f 398 386 388
f 405 399 395
f 405 403 399
f 405 395 392
f 407 403 405
f 417 410 415
f 419 410 417
f 421 410 419
f 460 407 410
f 460 401 403
f 460 403 407
f 460 410 421
f 478 398 401
f 478 401 460
f 518 378 382
f 518 382 384
f 518 384 478
f 478 384 398
f 562 576 573
f 562 579 576
f 577 583 567
f 562 581 556
f 573 581 562
f 579 585 576
f 577 593 583
f 579 588 585
f 579 590 588
f 579 592 590
f 581 596 556
f 579 600 592
f 598 603 593
f 593 603 583
f 579 606 600
f 601 606 579
f 601 607 606
f 601 609 607
f 603 612 601
f 601 612 609
f 603 614 612
f 603 615 614
f 603 617 615
f 603 619 617
f 598 619 603
f 632 645 630
f 633 645 632
f 645 643 630
f 628 643 625
f 630 643 628
f 643 655 625
f 625 655 623
f 637 658 636
f 639 658 637
f 642 658 639
f 636 658 633
f 633 658 645
f 596 659 556
f 623 659 622
f 622 659 596
f 655 659 623
f 655 662 659
f 650 664 642
f 653 664 650
f 642 664 658
f 662 666 659
f 662 668 666
f 652 669 653
f 653 669 664
f 668 672 666
f 668 674 672
f 669 682 675
f 648 682 652
f 652 682 669
f 678 683 674
f 674 683 672
f 675 686 679
f 682 686 675
f 679 688 678
f 678 688 683
f 686 688 679
f 598 682 619
f 619 682 648
f 659 542 556
f 126 530 125
f 125 530 529
f 215 243 216
f 215 244 243
f 156 216 155
f 156 215 216
f 89 90 30
f 89 155 90
f 89 156 155
f 29 89 30
f 1 30 2
f 1 29 30
f 4 2 3
f 4 1 2
f 32 3 31
f 32 4 3
f 91 31 92
f 91 32 31
f 378 268 377
f 378 267 268
f 568 518 517
f 567 518 568
f 584 567 583
f 584 518 567
f 584 267 378
f 584 378 518
f 601 579 580
f 601 580 602
f 603 602 604
f 603 601 602
f 583 604 584
f 583 603 604
f 125 103 126
f 126 103 104
f 104 98 97
f 103 98 104
f 97 91 92
f 98 91 97
f 244 247 243
f 243 247 248
f 248 255 256
f 247 255 248
f 256 268 267
f 255 268 256
f 687 684 683
f 687 683 688
f 685 686 682
f 685 688 686
f 685 687 688
f 681 685 682
f 542 660 541
f 542 659 660
f 682 598 681
f 681 598 597
f 673 677 674
f 678 677 679
f 674 677 678
f 677 680 679
f 675 676 669
f 679 676 675
f 680 676 679
f 676 670 669
f 669 663 664
f 670 663 669
f 664 657 658
f 663 657 664
f 606 608 605
f 606 607 608
f 600 605 599
f 600 606 605
f 592 599 591
f 592 600 599
f 622 595 621
f 622 596 595
f 637 636 635
f 637 635 638
f 639 638 640
f 639 637 638
f 642 640 641
f 642 639 640
f 619 647 620
f 619 648 647
f 596 581 595
f 595 581 582
f 582 581 574
f 581 573 574
f 574 576 575
f 575 576 586
f 573 576 574
f 576 585 586
f 607 609 608
f 608 609 610
f 610 609 611
f 609 612 611
f 611 614 613
f 612 614 611
f 629 630 627
f 627 628 626
f 630 628 627
f 628 625 626
f 626 623 624
f 624 623 621
f 625 623 626
f 623 622 621
f 648 652 647
f 647 652 651
f 651 653 654
f 652 653 651
f 654 650 649
f 653 650 654
f 649 642 641
f 650 642 649
f 298 297 366
f 298 366 365
f 292 291 259
f 292 259 260
f 299 257 300
f 300 257 258
f 363 364 339
f 339 364 340
f 300 303 301
f 305 303 300
f 307 305 300
f 347 332 325
f 353 330 332
f 353 332 347
f 341 347 325
f 357 323 330
f 357 330 353
f 337 325 321
f 337 341 325
f 333 321 319
f 333 337 321
f 335 319 314
f 335 333 319
f 339 314 307
f 339 335 314
f 365 363 339
f 365 370 368
f 365 368 363
f 258 307 300
f 258 339 307
f 254 258 252
f 259 258 254
f 298 259 291
f 298 365 339
f 298 339 258
f 298 258 259
f 293 298 291
f 295 298 293
f 299 300 302
f 302 301 304
f 300 301 302
f 301 303 304
f 304 305 306
f 303 305 304
f 257 251 258
f 258 251 252
f 252 253 254
f 251 253 252
f 254 260 259
f 253 260 254
f 298 295 297
f 297 295 296
f 296 293 294
f 295 293 296
f 294 291 292
f 293 291 294
f 365 366 370
f 370 369 368
f 366 369 370
f 369 367 368
f 368 364 363
f 367 364 368
f 568 578 567
f 567 578 577
f 577 578 593
f 593 594 598
f 578 594 593
f 594 597 598
f 464 468 463
f 463 468 467
f 467 472 471
f 468 472 467
f 471 476 475
f 475 476 481
f 472 476 471
f 476 482 481
f 481 479 480
f 482 479 481
f 480 474 473
f 479 474 480
f 382 378 377
f 382 377 381
f 384 383 385
f 384 381 383
f 384 382 381
f 386 384 385
f 388 380 397
f 388 397 398
f 379 388 387
f 379 380 388
f 389 327 328
f 389 328 390
f 394 389 393
f 394 327 389
f 371 374 372
f 372 374 373
f 373 376 375
f 374 376 373
f 375 380 379
f 376 380 375
f 315 323 316
f 324 323 315
f 357 372 316
f 357 316 323
f 371 357 358
f 371 372 357
f 327 317 328
f 328 317 318
f 318 311 312
f 317 311 318
f 309 310 316
f 312 310 309
f 311 310 312
f 310 315 316
f 397 402 398
f 401 402 403
f 398 402 401
f 402 404 403
f 399 400 395
f 403 400 399
f 404 400 403
f 395 396 393
f 400 396 395
f 396 394 393
f 392 406 405
f 362 392 391
f 361 392 362
f 361 406 392
f 414 415 428
f 415 432 428
f 405 406 407
f 407 413 410
f 410 413 415
f 406 413 407
f 413 429 415
f 432 436 435
f 415 436 432
f 429 436 415
f 349 343 350
f 350 343 344
f 344 346 345
f 343 346 344
f 345 351 352
f 346 351 345
f 409 349 408
f 408 349 350
f 454 453 448
f 448 447 437
f 453 447 448
f 437 438 423
f 447 438 437
f 423 422 411
f 438 422 423
f 422 412 411
f 411 409 408
f 412 409 411
f 451 454 452
f 451 453 454
f 433 434 426
f 427 433 426
f 424 426 425
f 424 427 426
f 431 425 430
f 431 424 425
f 436 444 443
f 436 443 435
f 543 544 528
f 543 528 527
f 545 550 546
f 546 550 549
f 549 548 547
f 550 548 549
f 547 544 543
f 548 544 547
f 525 526 545
f 525 545 546
f 484 488 483
f 483 488 487
f 487 491 492
f 488 491 487
f 492 499 500
f 491 499 492
f 484 483 486
f 485 484 486
f 512 505 506
f 512 506 511
f 513 511 514
f 513 512 511
f 508 514 507
f 508 513 514
f 503 496 495
f 503 495 504
f 528 524 527
f 527 524 523
f 523 519 520
f 524 519 523
f 520 510 509
f 519 510 520
f 509 503 504
f 510 503 509
f 213 214 265
f 213 265 266
f 177 183 178
f 177 184 183
f 174 178 173
f 174 177 178
f 169 173 170
f 169 174 173
f 217 162 218
f 161 162 217
f 245 233 246
f 246 233 234
f 234 223 224
f 233 223 234
f 224 217 218
f 223 217 224
f 263 264 246
f 246 264 245
f 266 265 272
f 265 271 272
f 272 270 269
f 271 270 272
f 269 264 263
f 270 264 269
f 285 289 286
f 286 289 290
f 290 287 288
f 289 287 290
f 288 283 284
f 287 283 288
f 273 274 285
f 273 285 286
f 232 235 236
f 232 236 231
f 229 231 230
f 229 232 231
f 225 230 226
f 225 229 230
f 275 227 276
f 228 227 275
f 282 281 280
f 281 279 280
f 280 277 278
f 279 277 280
f 278 275 276
f 277 275 278
f 284 283 281
f 284 281 282
f 161 157 162
f 162 157 158
f 158 160 159
f 157 160 158
f 159 164 163
f 160 164 159
f 183 184 194
f 194 193 208
f 184 193 194
f 208 207 213
f 193 207 208
f 207 214 213
f 235 238 236
f 236 238 237
f 237 239 240
f 238 239 237
f 240 242 241
f 239 242 240
f 227 228 222
f 222 221 220
f 228 221 222
f 220 219 226
f 221 219 220
f 219 225 226
f 326 322 325
f 325 322 321
f 338 342 337
f 337 342 341
f 330 323 324
f 330 324 329
f 332 329 331
f 332 330 329
f 325 331 326
f 325 332 331
f 347 341 342
f 347 342 348
f 353 348 354
f 353 347 348
f 357 354 358
f 357 353 354
f 308 307 314
f 313 314 319
f 313 308 314
f 320 313 319
f 322 319 321
f 322 320 319
f 334 333 335
f 334 337 333
f 334 338 337
f 336 334 335
f 340 335 339
f 340 336 335
f 443 444 441
f 441 442 440
f 444 442 441
f 442 439 440
f 440 431 430
f 439 431 440
f 433 445 434
f 434 445 446
f 446 450 449
f 445 450 446
f 449 451 452
f 450 451 449
f 505 493 506
f 506 493 494
f 494 490 489
f 489 490 486
f 493 490 494
f 490 485 486
f 496 498 495
f 495 498 497
f 497 501 502
f 498 501 497
f 502 508 507
f 501 508 502
f 539 554 540
f 540 554 555
f 555 560 559
f 559 560 566
f 554 560 555
f 560 565 566
f 566 572 571
f 571 572 570
f 565 572 566
f 570 569 564
f 572 569 570
f 569 563 564
f 87 95 88
f 88 95 96
f 96 153 154
f 95 153 96
f 154 176 175
f 153 176 154
f 175 206 205
f 205 206 204
f 176 206 175
f 206 203 204
f 204 172 171
f 203 172 204
f 107 119 108
f 108 119 120
f 120 129 130
f 119 129 120
f 130 137 138
f 138 137 141
f 129 137 130
f 137 142 141
f 141 139 140
f 142 139 141
f 140 135 136
f 139 135 140
f 48 56 47
f 47 56 55
f 55 64 63
f 56 64 55
f 63 71 72
f 72 71 80
f 64 71 63
f 71 79 80
f 80 77 78
f 79 77 80
f 78 69 70
f 77 69 78
f 12 15 11
f 11 15 16
f 16 19 20
f 15 19 16
f 20 24 23
f 23 24 27
f 19 24 20
f 24 28 27
f 27 26 25
f 28 26 27
f 25 22 21
f 26 22 25
f 51 59 52
f 52 59 60
f 60 67 68
f 59 67 60
f 68 76 75
f 75 76 83
f 67 76 68
f 76 84 83
f 83 82 81
f 84 82 83
f 81 73 74
f 82 73 81
f 116 124 115
f 115 124 123
f 123 134 133
f 124 134 123
f 133 145 146
f 146 145 150
f 134 145 133
f 145 149 150
f 150 148 147
f 149 148 150
f 147 144 143
f 148 144 147
f 187 192 188
f 188 192 191
f 191 197 198
f 192 197 191
f 198 201 202
f 202 201 211
f 197 201 198
f 201 212 211
f 211 209 210
f 212 209 211
f 210 199 200
f 209 199 210
f 767 781 787
f 767 764 781
f 860 787 874
f 860 767 787
f 979 874 1003
f 979 860 874
f 1215 979 1003
f 1223 979 1215
f 1325 1223 1215
f 1339 1223 1325
f 1430 1325 1413
f 1430 1339 1325
f 1355 1338 1342
f 1355 1353 1338
f 1353 1267 1338
f 1353 1281 1267
f 1281 1157 1267
f 1281 1167 1157
f 1167 1040 1157
f 1167 1025 1040
f 1040 913 924
f 1025 913 1040
f 924 840 854
f 913 840 924
f 798 879 802
f 802 879 881
f 862 872 773
f 790 872 798
f 773 872 790
f 798 872 879
f 881 994 999
f 999 994 1189
f 879 994 881
f 977 985 862
f 862 985 872
f 879 985 994
f 872 985 879
f 994 1191 1189
f 1206 1193 977
f 985 1193 994
f 994 1193 1191
f 977 1193 985
f 1189 1313 1310
f 1193 1313 1191
f 1191 1313 1189
f 1331 1320 1206
f 1193 1320 1313
f 1206 1320 1193
f 1393 1395 1397
f 1310 1395 1391
f 1391 1395 1393
f 1313 1395 1310
f 1397 1402 1405
f 1405 1402 1422
f 1422 1402 1418
f 1418 1402 1331
f 1395 1402 1397
f 1320 1402 1313
f 1331 1402 1320
f 1313 1402 1395
f 1396 1394 1392
f 1392 1394 1390
f 1417 1401 1421
f 1404 1401 1396
f 1421 1401 1404
f 1396 1401 1394
f 1390 1312 1309
f 1394 1312 1390
f 1330 1319 1417
f 1417 1319 1401
f 1394 1319 1312
f 1401 1319 1394
f 1309 1190 1188
f 1312 1190 1309
f 1205 1192 1330
f 1312 1192 1190
f 1319 1192 1312
f 1330 1192 1319
f 1188 995 998
f 1190 995 1188
f 861 984 976
f 976 984 1205
f 1190 984 995
f 1192 984 1190
f 1205 984 1192
f 801 878 797
f 998 878 880
f 880 878 801
f 995 878 998
f 797 871 789
f 789 871 772
f 772 871 861
f 878 871 797
f 984 871 995
f 861 871 984
f 995 871 878
f 1314 1393 1315
f 1314 1392 1393
f 1198 1315 1199
f 1198 1314 1315
f 1008 1199 1009
f 1008 1198 1199
f 885 1009 886
f 885 886 804
f 885 1008 1009
f 803 885 804
f 801 804 802
f 801 803 804
f 1502 1503 1504
f 1501 1504 1500
f 1501 1502 1504
f 1499 1501 1500
f 1493 1490 1491
f 1492 1491 1489
f 1492 1493 1491
f 1488 1492 1489
f 828 826 825
f 828 827 826
f 822 825 821
f 822 828 825
f 736 734 733
f 736 735 734
f 731 733 730
f 731 736 733
f 1471 1472 1468
f 1472 1469 1468
f 1468 1475 1478
f 1469 1475 1468
f 1475 1483 1478
f 1478 1496 1495
f 1483 1496 1478
f 1453 1448 1452
f 1452 1448 1447
f 1447 1455 1454
f 1448 1455 1447
f 1454 1459 1458
f 1455 1459 1454
f 1379 1377 1378
f 1373 1377 1376
f 1375 1377 1373
f 1378 1377 1375
f 788 810 811
f 788 780 810
f 873 811 895
f 873 788 811
f 1002 895 1017
f 1002 873 895
f 1216 1017 1185
f 1216 1002 1017
f 1326 1185 1305
f 1326 1216 1185
f 1384 1326 1305
f 1414 1326 1384
f 1341 1297 1299
f 1341 1337 1297
f 1337 1255 1297
f 1337 1268 1255
f 1268 1149 1255
f 1268 1156 1149
f 1149 1039 1049
f 1156 1039 1149
f 1039 939 1049
f 1039 925 939
f 939 853 896
f 925 853 939
f 1342 1338 1341
f 1341 1338 1337
f 1337 1267 1268
f 1338 1267 1337
f 1268 1157 1156
f 1267 1157 1268
f 1039 1040 925
f 1156 1040 1039
f 1157 1040 1156
f 1040 924 925
f 925 854 853
f 924 854 925
f 829 907 830
f 830 907 908
f 908 1022 1021
f 907 1022 908
f 1021 1173 1174
f 1022 1173 1021
f 1174 1285 1286
f 1173 1285 1174
f 1286 1361 1362
f 1285 1361 1286
f 1362 1365 1366
f 1361 1365 1362
f 781 780 788
f 787 788 873
f 787 781 788
f 874 787 873
f 1003 873 1002
f 1003 874 873
f 1215 1002 1216
f 1215 1216 1326
f 1215 1003 1002
f 1325 1215 1326
f 1413 1326 1414
f 1413 1325 1326
f 847 917 846
f 846 917 916
f 916 1034 1033
f 917 1034 916
f 1033 1163 1162
f 1162 1163 1275
f 1034 1163 1033
f 1275 1276 1346
f 1163 1276 1275
f 1276 1347 1346
f 1346 1349 1348
f 1347 1349 1346
f 1139 1140 1138
f 1138 1137 1127
f 1140 1137 1138
f 1127 1128 1122
f 1137 1128 1127
f 1128 1123 1122
f 1122 1118 1117
f 1123 1118 1122
f 1117 1112 1111
f 1118 1112 1117
f 1111 1105 1106
f 1112 1105 1111
f 1105 1101 1106
f 1106 1101 1102
f 1102 1104 1103
f 1101 1104 1102
f 1103 1108 1107
f 1104 1108 1103
f 987 989 986
f 986 989 988
f 988 1013 1014
f 989 1013 988
f 1014 1029 1028
f 1013 1029 1014
f 956 958 955
f 955 958 957
f 957 964 963
f 958 964 957
f 963 972 971
f 964 972 963
f 1000 1001 1019
f 971 1001 1000
f 972 1001 971
f 1001 1020 1019
f 1093 1094 1097
f 1097 1098 1096
f 1094 1098 1097
f 1096 1095 1091
f 1098 1095 1096
f 1095 1092 1091
f 1060 1062 1059
f 1059 1062 1061
f 1061 1071 1072
f 1062 1071 1061
f 1072 1077 1076
f 1071 1077 1072
f 1076 1082 1081
f 1077 1082 1076
f 1081 1088 1087
f 1082 1088 1081
f 1087 1094 1093
f 1088 1094 1087
f 766 764 767
f 766 763 764
f 859 767 860
f 859 766 767
f 978 860 979
f 978 859 860
f 1222 1223 1339
f 1222 979 1223
f 1222 978 979
f 1340 1222 1339
f 1431 1339 1430
f 1431 1340 1339
f 1431 1430 1428
f 1427 1431 1428
f 1336 1428 1335
f 1336 1427 1428
f 1219 1335 1218
f 1219 1336 1335
f 975 974 856
f 975 1218 974
f 975 1219 1218
f 855 975 856
f 763 856 764
f 763 855 856
f 893 850 867
f 893 867 877
f 893 877 889
f 930 932 936
f 930 936 938
f 930 938 945
f 817 821 825
f 817 825 826
f 817 826 827
f 818 817 827
f 818 816 817
f 1015 973 993
f 1015 966 973
f 1078 1080 1084
f 759 762 769
f 759 769 774
f 1089 1078 1084
f 753 774 806
f 753 759 774
f 1113 1067 1078
f 1113 1078 1089
f 862 850 893
f 862 818 827
f 862 814 818
f 862 806 814
f 862 835 850
f 862 827 835
f 862 893 911
f 977 1047 1067
f 977 1015 1047
f 977 862 911
f 977 930 945
f 977 966 1015
f 977 923 930
f 977 911 923
f 977 952 966
f 977 945 952
f 730 733 734
f 730 734 735
f 728 730 735
f 732 728 735
f 738 732 735
f 738 735 749
f 1168 1125 1147
f 1168 1147 1153
f 1168 1153 1161
f 700 704 710
f 698 700 710
f 1252 1244 1246
f 1252 1246 1248
f 773 753 806
f 773 738 749
f 773 747 738
f 773 739 747
f 773 710 739
f 773 806 862
f 773 749 753
f 1206 1113 1125
f 1206 1233 1244
f 1206 1207 1233
f 1206 1168 1207
f 1206 1125 1168
f 1206 1067 1113
f 1206 977 1067
f 694 710 773
f 694 698 710
f 1260 1244 1252
f 1260 1206 1244
f 691 694 773
f 1273 1206 1260
f 1294 1289 1292
f 702 697 693
f 702 693 689
f 702 689 691
f 1295 1273 1289
f 1295 1289 1294
f 719 691 773
f 719 702 691
f 1303 1206 1273
f 1303 1273 1295
f 1358 1351 1352
f 707 705 709
f 707 709 713
f 1364 1351 1358
f 776 707 713
f 776 715 707
f 776 723 719
f 776 713 723
f 776 719 773
f 1331 1351 1364
f 1331 1327 1351
f 1331 1303 1327
f 1331 1364 1370
f 1331 1206 1303
f 726 715 776
f 1385 1331 1370
f 1415 1398 1403
f 755 726 776
f 755 752 750
f 755 750 744
f 755 744 726
f 1408 1331 1385
f 1408 1398 1415
f 1408 1385 1398
f 770 755 776
f 1410 1331 1408
f 784 770 776
f 791 779 785
f 1444 1438 1442
f 795 791 785
f 1450 1438 1444
f 809 795 785
f 1465 1438 1450
f 865 785 784
f 865 784 776
f 865 809 785
f 1418 1331 1410
f 1418 1424 1438
f 1418 1410 1424
f 1418 1438 1465
f 823 809 865
f 1480 1418 1465
f 831 823 865
f 1490 1418 1480
f 1488 1493 1492
f 844 843 837
f 844 837 831
f 844 831 865
f 1482 1490 1493
f 1482 1488 1487
f 1482 1487 1484
f 1482 1418 1490
f 1482 1493 1488
f 1477 1418 1482
f 1474 1418 1477
f 1471 1418 1474
f 868 844 865
f 1468 1418 1471
f 892 868 865
f 1478 1418 1468
f 1509 1495 1505
f 905 903 901
f 905 901 900
f 1513 1495 1509
f 921 905 900
f 921 900 892
f 1510 1478 1495
f 1510 1495 1513
f 992 934 921
f 992 921 892
f 992 892 865
f 1422 1478 1510
f 1422 1418 1478
f 1422 1510 1507
f 1501 1503 1502
f 1498 1503 1501
f 1498 1501 1499
f 1494 1503 1498
f 951 949 947
f 951 947 943
f 951 943 934
f 951 934 992
f 1485 1503 1494
f 1485 1507 1503
f 1473 1422 1507
f 1473 1507 1485
f 960 951 992
f 1457 1422 1473
f 1452 1422 1457
f 990 960 992
f 1447 1422 1452
f 1454 1422 1447
f 1030 990 992
f 1051 1044 1038
f 1051 1038 1030
f 1461 1458 1462
f 1461 1462 1464
f 1073 1030 992
f 1073 1051 1030
f 1445 1422 1454
f 1445 1458 1461
f 1445 1454 1458
f 1085 1073 992
f 1440 1422 1445
f 1388 1334 1422
f 1388 1422 1440
f 1132 992 1221
f 1132 1085 992
f 1120 1085 1132
f 1120 1109 1085
f 1419 1388 1440
f 1419 1440 1435
f 1381 1334 1388
f 1119 1115 1109
f 1119 1109 1120
f 1425 1419 1435
f 1425 1435 1432
f 1152 1132 1221
f 1378 1334 1381
f 1375 1334 1378
f 1373 1334 1375
f 1183 1152 1221
f 1376 1334 1373
f 1284 1221 1334
f 1284 1272 1221
f 1224 1204 1183
f 1228 1183 1221
f 1228 1224 1183
f 1367 1334 1376
f 1367 1376 1374
f 1367 1374 1369
f 1242 1228 1221
f 1359 1334 1367
f 1264 1221 1272
f 1301 1284 1334
f 1249 1221 1264
f 1249 1242 1221
f 1345 1334 1359
f 1345 1301 1334
f 1257 1264 1263
f 1257 1263 1259
f 1257 1249 1264
f 1328 1301 1345
f 1328 1318 1306
f 1328 1306 1301
f 808 796 795
f 808 795 809
f 824 809 823
f 824 808 809
f 832 823 831
f 832 824 823
f 716 708 707
f 716 707 715
f 727 715 726
f 727 716 715
f 743 726 744
f 743 727 726
f 695 699 698
f 695 698 694
f 692 694 691
f 692 695 694
f 690 691 689
f 690 692 691
f 754 760 759
f 754 759 753
f 748 753 749
f 748 754 753
f 736 749 735
f 736 748 749
f 851 866 867
f 851 867 850
f 836 850 835
f 836 851 850
f 828 835 827
f 828 836 835
f 953 967 966
f 953 966 952
f 946 952 945
f 946 953 952
f 937 945 938
f 937 946 945
f 1126 1148 1147
f 1126 1147 1125
f 1114 1125 1113
f 1114 1126 1125
f 1090 1113 1089
f 1090 1114 1113
f 1274 1290 1289
f 1274 1289 1273
f 1261 1273 1260
f 1261 1274 1273
f 1253 1260 1252
f 1253 1261 1260
f 1386 1399 1398
f 1386 1398 1385
f 1371 1385 1370
f 1371 1386 1385
f 1363 1370 1364
f 1363 1371 1370
f 1479 1491 1490
f 1479 1490 1480
f 1466 1480 1465
f 1466 1479 1480
f 1451 1465 1450
f 1451 1466 1465
f 1508 1504 1503
f 1508 1503 1507
f 1511 1507 1510
f 1511 1508 1507
f 1512 1510 1513
f 1512 1511 1510
f 1441 1434 1435
f 1441 1435 1440
f 1446 1440 1445
f 1446 1441 1440
f 1460 1445 1461
f 1460 1446 1445
f 1344 1329 1328
f 1344 1328 1345
f 1360 1345 1359
f 1360 1344 1345
f 1368 1359 1367
f 1368 1360 1359
f 1243 1229 1228
f 1243 1228 1242
f 1250 1242 1249
f 1250 1243 1242
f 1258 1249 1257
f 1258 1250 1249
f 922 906 905
f 922 905 921
f 935 921 934
f 935 922 921
f 942 934 943
f 942 935 934
f 841 863 888
f 841 852 863
f 841 845 852
f 838 845 841
f 832 838 841
f 824 832 841
f 808 841 813
f 808 824 841
f 796 808 813
f 786 813 794
f 782 796 813
f 782 813 786
f 783 794 813
f 778 783 813
f 758 768 778
f 758 761 768
f 758 756 761
f 751 756 758
f 743 751 758
f 727 743 758
f 745 727 758
f 716 727 745
f 708 716 745
f 714 745 720
f 706 708 745
f 706 745 714
f 724 720 745
f 722 724 745
f 717 718 722
f 717 712 718
f 717 703 712
f 696 703 717
f 690 696 717
f 692 690 717
f 721 692 717
f 695 692 721
f 699 695 721
f 711 721 725
f 701 699 721
f 701 721 711
f 740 725 721
f 742 740 721
f 757 746 742
f 757 741 746
f 757 737 741
f 729 737 757
f 731 729 757
f 736 731 757
f 748 736 757
f 771 748 757
f 754 748 771
f 760 754 771
f 775 771 805
f 765 760 771
f 765 771 775
f 807 805 771
f 812 807 771
f 839 815 812
f 839 820 815
f 839 819 820
f 822 819 839
f 828 822 839
f 836 828 839
f 884 836 839
f 851 836 884
f 866 851 884
f 894 884 904
f 887 866 884
f 887 884 894
f 912 904 884
f 915 912 884
f 941 926 915
f 941 929 926
f 941 931 929
f 933 931 941
f 937 933 941
f 946 937 941
f 953 941 965
f 953 946 941
f 967 953 965
f 1016 965 1035
f 980 967 965
f 980 965 1016
f 1048 1035 965
f 1055 1048 965
f 1099 1068 1055
f 1099 1075 1068
f 1099 1079 1075
f 1083 1079 1099
f 1090 1083 1099
f 1114 1090 1099
f 1143 1114 1099
f 1126 1114 1143
f 1148 1126 1143
f 1169 1143 1181
f 1158 1148 1143
f 1158 1143 1169
f 1214 1181 1143
f 1225 1214 1143
f 1251 1236 1225
f 1251 1241 1236
f 1251 1245 1241
f 1247 1245 1251
f 1253 1247 1251
f 1261 1253 1251
f 1277 1261 1251
f 1274 1261 1277
f 1290 1274 1277
f 1296 1277 1298
f 1293 1290 1277
f 1293 1277 1296
f 1304 1298 1277
f 1307 1304 1277
f 1354 1332 1307
f 1354 1343 1332
f 1354 1350 1343
f 1357 1350 1354
f 1363 1357 1354
f 1371 1363 1354
f 1380 1371 1354
f 1386 1371 1380
f 1399 1386 1380
f 1409 1380 1400
f 1412 1399 1380
f 1412 1380 1409
f 1411 1400 1380
f 1416 1411 1380
f 1436 1426 1416
f 1436 1433 1426
f 1436 1439 1433
f 1443 1439 1436
f 1451 1443 1436
f 1466 1451 1436
f 1479 1436 1449
f 1479 1466 1436
f 1491 1479 1449
f 1481 1449 1472
f 1489 1491 1449
f 1489 1449 1481
f 1469 1472 1449
f 1476 1475 1469
f 1476 1483 1475
f 1476 1496 1483
f 1506 1496 1476
f 1512 1506 1476
f 1511 1512 1476
f 1470 1511 1476
f 1508 1511 1470
f 1504 1508 1470
f 1500 1504 1470
f 1486 1470 1467
f 1497 1500 1470
f 1497 1470 1486
f 1456 1467 1470
f 1453 1456 1470
f 1437 1448 1453
f 1437 1455 1448
f 1437 1459 1455
f 1463 1459 1437
f 1460 1463 1437
f 1446 1460 1437
f 1423 1446 1437
f 1441 1446 1423
f 1434 1441 1423
f 1420 1423 1389
f 1429 1434 1423
f 1429 1423 1420
f 1387 1389 1423
f 1382 1387 1423
f 1356 1377 1379
f 1356 1379 1382
f 1372 1377 1356
f 1368 1372 1356
f 1360 1368 1356
f 1344 1356 1311
f 1344 1360 1356
f 1329 1344 1311
f 1302 1311 1291
f 1308 1329 1311
f 1308 1311 1302
f 1283 1291 1311
f 1280 1283 1311
f 1254 1269 1280
f 1254 1266 1269
f 1254 1265 1266
f 1262 1265 1254
f 1258 1262 1254
f 1250 1258 1254
f 1243 1254 1230
f 1243 1250 1254
f 1229 1243 1230
f 1184 1230 1164
f 1217 1229 1230
f 1217 1230 1184
f 1151 1164 1230
f 1144 1151 1230
f 944 959 968
f 944 954 959
f 944 950 954
f 948 950 944
f 942 948 944
f 935 942 944
f 918 935 944
f 922 935 918
f 906 922 918
f 899 918 897
f 902 906 918
f 902 918 899
f 891 897 918
f 888 891 918
f 1142 1146 1141
f 1141 1146 1145
f 1145 1155 1154
f 1146 1155 1145
f 1154 1179 1180
f 1155 1179 1154
f 1180 1194 1195
f 1179 1194 1180
f 1195 1211 1210
f 1194 1211 1195
f 1186 1187 1170
f 1210 1187 1186
f 1211 1187 1210
f 1187 1171 1170
f 1092 1142 1091
f 1091 1142 1141
f 1070 1066 1069
f 1069 1066 1065
f 1065 1064 1063
f 1066 1064 1065
f 1063 1060 1059
f 1064 1060 1063
f 1020 1070 1019
f 1019 1070 1069
f 997 970 996
f 996 970 969
f 969 961 962
f 970 961 969
f 962 956 955
f 961 956 962
f 1029 996 1028
f 997 996 1029
f 1057 1058 1054
f 1054 1053 1045
f 1058 1053 1054
f 1053 1046 1045
f 1045 1026 1027
f 1046 1026 1045
f 1027 1012 1011
f 1026 1012 1027
f 1011 987 986
f 1012 987 1011
f 1108 1058 1107
f 1107 1058 1057
f 1130 1133 1129
f 1129 1133 1134
f 1134 1135 1136
f 1133 1135 1134
f 1136 1140 1139
f 1135 1140 1136
f 1178 1130 1177
f 1177 1130 1129
f 1200 1226 1201
f 1201 1226 1227
f 1227 1235 1234
f 1226 1235 1227
f 1234 1240 1239
f 1235 1240 1234
f 1239 1238 1237
f 1240 1238 1239
f 1237 1232 1231
f 1238 1232 1237
f 1209 1208 1177
f 1231 1208 1209
f 1232 1208 1231
f 1208 1178 1177
f 1171 1200 1170
f 1170 1200 1201
f 1348 1349 1278
f 1278 1279 1166
f 1349 1279 1278
f 1279 1165 1166
f 1166 1037 1036
f 1165 1037 1166
f 1036 919 920
f 1037 919 1036
f 920 849 848
f 919 849 920
f 848 847 846
f 849 847 848
f 917 890 1010
f 917 1010 1034
f 1163 1010 1182
f 1163 1034 1010
f 847 810 890
f 847 890 917
f 811 810 847
f 1276 1182 1300
f 1276 1163 1182
f 849 811 847
f 919 811 849
f 895 811 919
f 1383 1347 1276
f 1383 1276 1300
f 1349 1347 1383
f 1384 1349 1383
f 1017 919 1037
f 1017 895 919
f 1165 1017 1037
f 1185 1017 1165
f 1305 1279 1349
f 1305 1165 1279
f 1305 1349 1384
f 1305 1185 1165
f 1406 1413 1414
f 1406 1414 1407
f 1321 1407 1322
f 1321 1406 1407
f 1196 1322 1197
f 1196 1197 981
f 1196 1321 1322
f 982 1196 981
f 869 981 870
f 869 870 780
f 869 982 981
f 781 869 780
f 1074 1051 1073
f 1074 1052 1051
f 1086 1073 1085
f 1086 1074 1073
f 1110 1085 1109
f 1110 1086 1085
f 1353 1476 1469
f 1353 1469 1449
f 1353 1449 1436
f 1353 1436 1416
f 1281 1416 1380
f 1281 1380 1354
f 1281 1354 1307
f 1281 1307 1277
f 1281 1353 1416
f 1167 1277 1251
f 1167 1251 1225
f 1167 1225 1143
f 1167 1281 1277
f 1355 1437 1453
f 1355 1453 1470
f 1355 1470 1476
f 1355 1476 1353
f 1099 1167 1143
f 1423 1437 1355
f 1282 1356 1382
f 1282 1382 1423
f 1282 1423 1355
f 1025 1167 1099
f 1025 1099 1055
f 1025 1055 965
f 941 1025 965
f 1311 1356 1282
f 915 1025 941
f 1280 1311 1282
f 1172 1254 1280
f 1172 1280 1282
f 913 1025 915
f 913 915 884
f 839 913 884
f 1230 1254 1172
f 812 913 839
f 1144 1230 1172
f 771 913 812
f 1100 1144 1172
f 1032 1100 1172
f 840 913 771
f 757 840 771
f 1056 1100 1032
f 968 1056 1032
f 742 840 757
f 721 840 742
f 944 968 1032
f 717 842 840
f 717 840 721
f 918 1032 914
f 918 944 1032
f 722 842 717
f 888 918 914
f 745 842 722
f 841 888 914
f 758 842 745
f 813 841 914
f 778 914 842
f 778 842 758
f 778 813 914
f 1027 908 1021
f 1027 1011 908
f 986 830 908
f 986 908 1011
f 1045 1027 1021
f 988 830 986
f 1111 1054 1045
f 1111 1045 1021
f 1117 1021 1174
f 1117 1111 1021
f 1122 1117 1174
f 1106 1054 1111
f 1102 1054 1106
f 1103 1054 1102
f 1103 1057 1054
f 1127 1122 1174
f 1127 1174 1286
f 1107 1057 1103
f 1138 1127 1286
f 969 988 1014
f 962 988 969
f 962 830 988
f 996 969 1014
f 996 1014 1028
f 955 834 830
f 955 830 962
f 957 834 955
f 963 834 957
f 1177 1134 1136
f 1177 1129 1134
f 1209 1177 1136
f 1209 1136 1139
f 1209 1139 1138
f 1231 1138 1286
f 1231 1209 1138
f 1237 1231 1286
f 1065 1000 1019
f 1065 1019 1069
f 1063 1000 1065
f 1059 1000 1063
f 1061 971 1000
f 1061 1000 1059
f 1362 1239 1237
f 1362 1237 1286
f 910 834 963
f 910 963 971
f 910 1061 1072
f 910 971 1061
f 1170 1201 1227
f 1141 1096 1091
f 1141 1097 1096
f 1186 1170 1227
f 1145 1087 1093
f 1145 1093 1097
f 1145 1097 1141
f 1210 1227 1234
f 1210 1186 1227
f 1154 1087 1145
f 1024 1076 1081
f 1024 1072 1076
f 1024 910 1072
f 1366 1210 1234
f 1366 1195 1210
f 1366 1234 1239
f 1366 1239 1362
f 1176 1087 1154
f 1176 1154 1180
f 1176 1081 1087
f 1176 1024 1081
f 1287 1195 1366
f 1287 1176 1180
f 1287 1180 1195
f 1346 1361 1285
f 1275 1346 1285
f 1348 1365 1361
f 1348 1361 1346
f 1162 1285 1173
f 1162 1275 1285
f 1278 1288 1365
f 1278 1365 1348
f 1033 1173 1022
f 1033 1162 1173
f 1175 1278 1166
f 1175 1288 1278
f 907 916 1033
f 907 1033 1022
f 846 916 907
f 1023 1166 1036
f 1023 1175 1166
f 829 846 907
f 848 846 829
f 909 1036 920
f 909 1023 1036
f 833 920 848
f 833 848 829
f 833 909 920
f 1365 1288 1366
f 1366 1288 1287
f 1287 1175 1176
f 1288 1175 1287
f 1176 1023 1024
f 1175 1023 1176
f 1024 909 910
f 910 909 834
f 1023 909 1024
f 909 833 834
f 834 829 830
f 833 829 834
f 1238 1297 1255
f 1240 1299 1297
f 1240 1297 1238
f 1232 1238 1255
f 1235 1299 1240
f 1128 1255 1149
f 1137 1208 1232
f 1137 1232 1255
f 1137 1255 1128
f 1123 1128 1149
f 1140 1208 1137
f 1135 1208 1140
f 1135 1178 1208
f 1133 1178 1135
f 1118 1123 1149
f 1130 1178 1133
f 1049 1112 1118
f 1049 1118 1149
f 1211 1226 1187
f 1211 1235 1226
f 1211 1299 1235
f 1171 1187 1226
f 1171 1226 1200
f 1194 1256 1299
f 1194 1299 1211
f 1179 1256 1194
f 1053 1104 1101
f 1053 1101 1105
f 1053 1105 1112
f 1058 1104 1053
f 1058 1108 1104
f 1046 1053 1112
f 1046 1112 1049
f 1026 1046 1049
f 1095 1142 1092
f 1098 1146 1142
f 1098 1142 1095
f 1094 1146 1098
f 939 987 1012
f 939 1012 1026
f 939 1026 1049
f 1150 1179 1155
f 1150 1256 1179
f 1088 1155 1146
f 1088 1146 1094
f 1088 1150 1155
f 1082 1150 1088
f 997 1029 1013
f 970 1013 989
f 970 997 1013
f 1020 1066 1070
f 961 970 989
f 1001 1060 1064
f 1001 1064 1066
f 1001 1066 1020
f 972 1062 1060
f 972 1060 1001
f 896 956 961
f 896 989 987
f 896 987 939
f 896 961 989
f 1050 1082 1077
f 1050 1077 1071
f 1050 1150 1082
f 940 1071 1062
f 940 972 964
f 940 1062 972
f 940 1050 1071
f 898 956 896
f 898 940 964
f 898 964 958
f 898 958 956
f 853 854 857
f 857 858 927
f 854 858 857
f 858 928 927
f 927 1043 1042
f 928 1043 927
f 1042 1159 1160
f 1043 1159 1042
f 1160 1271 1270
f 1159 1271 1160
f 1270 1342 1341
f 1271 1342 1270
f 853 857 896
f 896 857 898
f 898 927 940
f 857 927 898
f 940 1042 1050
f 927 1042 940
f 1050 1160 1150
f 1042 1160 1050
f 1160 1256 1150
f 1160 1270 1256
f 1270 1299 1256
f 1270 1341 1299
f 1100 1131 1144
f 1100 1124 1131
f 1100 1121 1124
f 1116 1121 1100
f 1110 1116 1100
f 1086 1110 1100
f 1074 1100 1056
f 1074 1086 1100
f 1052 1074 1056
f 1031 1056 1018
f 1041 1052 1056
f 1041 1056 1031
f 983 1018 1056
f 968 983 1056
f 1383 1414 1384
f 1407 1414 1383
f 1300 1407 1383
f 1322 1407 1300
f 1197 1300 1182
f 1197 1322 1300
f 981 1182 1010
f 981 1197 1182
f 870 1010 890
f 870 981 1010
f 780 890 810
f 780 870 890
f 1030 1031 990
f 1031 1018 990
f 1018 983 990
f 990 968 960
f 983 968 990
f 968 959 960
f 959 954 960
f 960 950 951
f 954 950 960
f 942 943 947
f 948 949 951
f 948 947 949
f 948 942 947
f 950 948 951
f 1044 1051 1052
f 1044 1052 1041
f 1038 1044 1041
f 1030 1041 1031
f 1030 1038 1041
f 900 899 892
f 899 897 892
f 897 891 892
f 892 888 868
f 891 888 892
f 888 863 868
f 863 852 868
f 868 845 844
f 852 845 868
f 1183 1184 1152
f 1184 1164 1152
f 1164 1151 1152
f 1152 1144 1132
f 1151 1144 1152
f 1144 1131 1132
f 1131 1124 1132
f 1132 1121 1120
f 1124 1121 1132
f 1301 1302 1284
f 1302 1291 1284
f 1291 1283 1284
f 1284 1280 1272
f 1283 1280 1284
f 1280 1269 1272
f 1269 1266 1272
f 1272 1265 1264
f 1266 1265 1272
f 1419 1420 1388
f 1420 1389 1388
f 1388 1387 1381
f 1389 1387 1388
f 1387 1382 1381
f 1381 1379 1378
f 1382 1379 1381
f 1485 1486 1473
f 1473 1467 1457
f 1486 1467 1473
f 1457 1456 1452
f 1467 1456 1457
f 1456 1453 1452
f 1474 1481 1471
f 1477 1481 1474
f 1482 1481 1477
f 1481 1472 1471
f 1408 1409 1410
f 1409 1400 1410
f 1400 1411 1410
f 1410 1416 1424
f 1411 1416 1410
f 1416 1426 1424
f 1426 1433 1424
f 1424 1439 1438
f 1433 1439 1424
f 1295 1296 1303
f 1296 1298 1303
f 1298 1304 1303
f 1303 1307 1327
f 1304 1307 1303
f 1307 1332 1327
f 1332 1343 1327
f 1327 1350 1351
f 1343 1350 1327
f 1168 1169 1207
f 1169 1181 1207
f 1181 1214 1207
f 1207 1225 1233
f 1214 1225 1207
f 1225 1236 1233
f 1236 1241 1233
f 1233 1245 1244
f 1241 1245 1233
f 1015 1016 1047
f 1016 1035 1047
f 1035 1048 1047
f 1047 1055 1067
f 1048 1055 1047
f 1055 1068 1067
f 1068 1075 1067
f 1067 1079 1078
f 1075 1079 1067
f 893 894 911
f 894 904 911
f 904 912 911
f 911 915 923
f 912 915 911
f 915 926 923
f 926 929 923
f 923 931 930
f 929 931 923
f 774 775 806
f 775 805 806
f 805 807 806
f 806 812 814
f 807 812 806
f 812 815 814
f 815 820 814
f 814 819 818
f 820 819 814
f 710 711 739
f 711 725 739
f 725 740 739
f 739 742 747
f 740 742 739
f 742 746 747
f 746 741 747
f 747 737 738
f 741 737 747
f 713 714 723
f 714 720 723
f 720 724 723
f 723 722 719
f 724 722 723
f 722 718 719
f 718 712 719
f 719 703 702
f 712 703 719
f 785 786 784
f 786 794 784
f 794 783 784
f 784 778 770
f 783 778 784
f 778 768 770
f 768 761 770
f 770 756 755
f 761 756 770
f 832 831 837
f 838 843 844
f 838 837 843
f 838 832 837
f 845 838 844
f 903 905 906
f 903 906 902
f 901 903 902
f 900 902 899
f 900 901 902
f 743 744 750
f 751 752 755
f 751 750 752
f 751 743 750
f 756 751 755
f 791 795 796
f 791 796 782
f 779 791 782
f 785 782 786
f 785 779 782
f 690 689 693
f 696 697 702
f 696 693 697
f 696 690 693
f 703 696 702
f 705 707 708
f 705 708 706
f 709 705 706
f 713 706 714
f 713 709 706
f 731 730 728
f 729 732 738
f 729 728 732
f 729 731 728
f 737 729 738
f 700 698 699
f 700 699 701
f 704 700 701
f 710 701 711
f 710 704 701
f 822 817 816
f 822 821 817
f 819 816 818
f 819 822 816
f 762 759 760
f 762 760 765
f 769 762 765
f 774 765 775
f 774 769 765
f 937 938 936
f 933 932 930
f 933 936 932
f 933 937 936
f 931 933 930
f 877 867 866
f 877 866 887
f 889 877 887
f 893 887 894
f 893 889 887
f 1090 1089 1084
f 1083 1080 1078
f 1083 1084 1080
f 1083 1090 1084
f 1079 1083 1078
f 973 966 967
f 973 967 980
f 993 973 980
f 1015 980 1016
f 1015 993 980
f 1253 1252 1248
f 1247 1246 1244
f 1247 1248 1246
f 1247 1253 1248
f 1245 1247 1244
f 1153 1147 1148
f 1153 1148 1158
f 1161 1153 1158
f 1168 1158 1169
f 1168 1161 1158
f 1363 1364 1358
f 1357 1352 1351
f 1357 1358 1352
f 1357 1363 1358
f 1350 1357 1351
f 1292 1289 1290
f 1292 1290 1293
f 1294 1292 1293
f 1295 1293 1296
f 1295 1294 1293
f 1451 1450 1444
f 1443 1442 1438
f 1443 1444 1442
f 1443 1451 1444
f 1439 1443 1438
f 1403 1398 1399
f 1403 1399 1412
f 1415 1403 1412
f 1408 1412 1409
f 1408 1415 1412
f 1512 1513 1509
f 1506 1505 1495
f 1506 1509 1505
f 1506 1512 1509
f 1496 1506 1495
f 1487 1488 1489
f 1484 1489 1481
f 1484 1487 1489
f 1482 1484 1481
f 1460 1461 1464
f 1463 1462 1458
f 1463 1464 1462
f 1463 1460 1464
f 1459 1463 1458
f 1498 1499 1500
f 1498 1500 1497
f 1494 1498 1497
f 1485 1497 1486
f 1485 1494 1497
f 1368 1367 1369
f 1372 1374 1376
f 1372 1369 1374
f 1372 1368 1369
f 1377 1372 1376
f 1432 1435 1434
f 1432 1434 1429
f 1425 1432 1429
f 1419 1429 1420
f 1419 1425 1429
f 1258 1257 1259
f 1262 1263 1264
f 1262 1259 1263
f 1262 1258 1259
f 1265 1262 1264
f 1318 1328 1329
f 1318 1329 1308
f 1306 1318 1308
f 1301 1308 1302
f 1301 1306 1308
f 1110 1109 1115
f 1116 1119 1120
f 1116 1115 1119
f 1116 1110 1115
f 1121 1116 1120
f 1224 1228 1229
f 1224 1229 1217
f 1204 1224 1217
f 1183 1217 1184
f 1183 1204 1217
f 1417 1427 1336
f 1330 1417 1336
f 1421 1431 1427
f 1421 1427 1417
f 1205 1336 1219
f 1205 1330 1336
f 1333 1340 1431
f 1333 1431 1421
f 976 1219 975
f 976 1205 1219
f 1220 1340 1333
f 861 976 975
f 1222 1340 1220
f 855 861 975
f 978 1220 991
f 978 1222 1220
f 763 772 861
f 763 861 855
f 859 991 864
f 859 978 991
f 766 864 777
f 766 777 772
f 766 772 763
f 766 859 864
f 880 801 802
f 880 802 881
f 998 881 999
f 998 880 881
f 1188 999 1189
f 1188 998 999
f 1309 1189 1310
f 1309 1188 1189
f 1390 1310 1391
f 1390 1309 1310
f 1392 1391 1393
f 1392 1390 1391
f 797 799 801
f 801 799 803
f 777 792 772
f 789 792 797
f 772 792 789
f 797 792 799
f 803 882 885
f 799 882 803
f 864 875 777
f 777 875 792
f 799 875 882
f 792 875 799
f 885 1006 1008
f 882 1006 885
f 1220 1004 991
f 991 1004 864
f 882 1004 1006
f 875 1004 882
f 864 1004 875
f 1008 1202 1198
f 1004 1202 1006
f 1006 1202 1008
f 1004 1212 1202
f 1220 1212 1004
f 1198 1316 1314
f 1314 1316 1392
f 1392 1316 1396
f 1202 1316 1198
f 1421 1323 1333
f 1333 1323 1220
f 1396 1323 1404
f 1404 1323 1421
f 1220 1323 1212
f 1212 1323 1202
f 1316 1323 1396
f 1202 1323 1316
f 1397 1317 1393
f 1393 1317 1315
f 1334 1324 1422
f 1405 1324 1397
f 1422 1324 1405
f 1397 1324 1317
f 1315 1203 1199
f 1317 1203 1315
f 1221 1213 1334
f 1334 1213 1324
f 1317 1213 1203
f 1324 1213 1317
f 1199 1007 1009
f 1203 1007 1199
f 992 1005 1221
f 1203 1005 1007
f 1213 1005 1203
f 1221 1005 1213
f 1009 883 886
f 1005 883 1007
f 1007 883 1009
f 865 876 992
f 992 876 1005
f 1005 876 883
f 886 800 804
f 804 800 802
f 802 800 798
f 798 800 790
f 883 800 886
f 773 793 776
f 776 793 865
f 790 793 773
f 876 793 883
f 865 793 876
f 800 793 790
f 883 793 800
f 840 842 854
f 854 842 858
f 858 914 928
f 842 914 858
f 928 1032 1043
f 914 1032 928
f 1032 1159 1043
f 1032 1172 1159
f 1159 1282 1271
f 1172 1282 1159
f 1271 1355 1342
f 1282 1355 1271
f 1428 1430 1413
f 1428 1413 1406
f 1335 1406 1321
f 1335 1428 1406
f 1218 1321 1196
f 1218 1335 1321
f 982 1218 1196
f 974 1218 982
f 856 982 869
f 856 974 982
f 764 869 781
f 764 856 869
f 6051 5108 5992
f 5108 5063 5992
f 5992 5042 5974
f 5974 5042 5985
f 5063 5042 5992
f 5042 5058 5985
f 5985 5098 6036
f 5058 5098 5985
f 6036 5122 6116
f 6116 5122 6182
f 5098 5122 6036
f 5122 5148 6182
f 5299 5380 5424
f 5299 5290 5380
f 5310 5424 5451
f 5310 5299 5424
f 5326 5451 5462
f 5326 5310 5451
f 5112 5111 5132
f 5112 5064 5111
f 5144 5132 5226
f 5144 5112 5132
f 5265 5226 5353
f 5265 5144 5226
f 5370 5353 5546
f 5370 5265 5353
f 5479 5546 5621
f 5479 5370 5546
f 5439 5621 5599
f 5439 5479 5621
f 6054 6033 6163
f 6142 6163 6210
f 6142 6054 6163
f 5928 5986 5987
f 5881 5986 5928
f 6188 6210 6223
f 6188 6142 6210
f 5981 5928 5987
f 5981 5987 6079
f 5981 6079 6139
f 6202 6188 6223
f 5609 5791 5793
f 5528 5791 5609
f 6211 6223 6228
f 6211 6202 6223
f 6211 6199 6202
f 6213 6211 6228
f 6043 5981 6139
f 6043 6139 6165
f 6200 6199 6211
f 6200 6184 6199
f 6191 6184 6200
f 5783 5793 5936
f 5783 5936 5984
f 5783 5609 5793
f 6204 6228 6220
f 6204 6213 6228
f 6088 6043 6165
f 5298 5454 5455
f 5636 5298 5455
f 6124 6080 6088
f 6124 6165 6184
f 6124 6088 6165
f 6131 6184 6191
f 6131 6124 6184
f 5927 5984 6015
f 5927 5783 5984
f 6181 6220 6187
f 6181 6204 6220
f 6084 6037 6080
f 6084 6080 6124
f 6072 6037 6084
f 5571 5636 5800
f 5571 5298 5636
f 6094 6131 6191
f 6094 6191 6173
f 5947 5927 6015
f 6113 6181 6187
f 6085 6113 6187
f 6085 6083 6113
f 5978 6037 6072
f 5972 6037 5978
f 5972 5943 5947
f 5972 6015 6037
f 5972 5947 6015
f 6025 6094 6173
f 6025 6173 6123
f 6025 6123 6039
f 5945 5943 5972
f 5945 5912 5943
f 5729 5800 5885
f 5729 5571 5800
f 5939 5912 5945
f 5951 5978 6072
f 5951 6072 6028
f 5956 6083 6085
f 5956 6038 6083
f 5952 6025 6039
f 5934 5952 6039
f 5934 6038 5956
f 5934 5938 5952
f 5934 6039 6038
f 5759 5729 5885
f 5759 5885 5912
f 5759 5912 5939
f 5759 5939 5889
f 5883 5951 6028
f 5883 6028 5967
f 5883 5967 5888
f 5690 5938 5934
f 5690 5887 5938
f 5693 5883 5888
f 5626 5889 5737
f 5626 5759 5889
f 5615 5693 5888
f 5615 5887 5690
f 5615 5888 5887
f 5615 5629 5693
f 5358 5626 5737
f 5358 5737 5563
f 5340 5629 5615
f 5340 5562 5629
f 5284 5358 5563
f 5284 5562 5340
f 5284 5563 5562
f 5176 5358 5284
f 5482 5301 5381
f 5518 5301 5482
f 5565 5301 5518
f 5301 5165 5381
f 5165 5078 5381
f 5565 5439 5301
f 5165 5118 5078
f 5565 5479 5439
f 5035 5079 5022
f 5048 5079 5035
f 5078 5079 5048
f 5118 5079 5078
f 5079 5049 5022
f 5479 5564 5370
f 5565 5564 5479
f 5564 5535 5370
f 5535 5511 5370
f 5511 5462 5370
f 5462 5451 5370
f 5451 5424 5370
f 5370 5380 5265
f 5424 5380 5370
f 5380 5144 5265
f 5112 5021 5064
f 5064 5021 5049
f 5049 5021 5022
f 5112 5036 5021
f 5144 5077 5112
f 5112 5047 5036
f 5077 5047 5112
f 5380 5077 5144
f 5025 4965 4988
f 5025 4958 4965
f 5310 5326 5299
f 5025 5098 4958
f 5290 5122 5025
f 5025 5122 5098
f 5352 5362 5326
f 5098 5058 4958
f 5290 5148 5122
f 5299 5387 5290
f 5326 5387 5299
f 5362 5387 5326
f 5058 5042 4958
f 5387 5228 5290
f 5290 5228 5148
f 5387 5257 5228
f 5063 4959 5042
f 5042 4959 4958
f 4966 5026 4989
f 4959 5026 4966
f 5108 5026 5063
f 5128 5026 5108
f 5063 5026 4959
f 5257 5386 5241
f 5241 5386 5161
f 5387 5386 5257
f 5360 5291 5386
f 5161 5291 5128
f 5386 5291 5161
f 5128 5291 5026
f 5360 5337 5291
f 5298 5226 5140
f 5140 5132 5103
f 5226 5132 5140
f 5298 5353 5226
f 5132 5111 5103
f 5298 5571 5353
f 5111 5052 5103
f 5571 5546 5353
f 5111 5106 5052
f 5571 5729 5546
f 5106 5061 5052
f 5729 5621 5546
f 5106 5116 5061
f 5729 5759 5621
f 5116 5115 5061
f 5759 5599 5621
f 5116 5141 5115
f 5599 5626 5429
f 5759 5626 5599
f 5263 5176 5141
f 5141 5176 5115
f 5429 5358 5263
f 5626 5358 5429
f 5263 5358 5176
f 5957 5956 6085
f 5882 6085 5975
f 5882 5957 6085
f 5691 5934 5894
f 5690 5934 5691
f 5747 5975 5935
f 5747 5882 5975
f 5513 5691 5894
f 5513 5894 5727
f 5513 5727 5610
f 5670 5747 5935
f 5341 5615 5550
f 5340 5615 5341
f 5745 5935 5931
f 5745 5670 5935
f 5745 5631 5670
f 5785 5745 5931
f 5357 5513 5610
f 5357 5610 5514
f 5640 5631 5745
f 5640 5547 5631
f 5624 5547 5640
f 5231 5550 5351
f 5231 5341 5550
f 5876 5931 5955
f 5876 5785 5931
f 5308 5357 5514
f 5176 5284 5256
f 5143 5176 5256
f 5356 5292 5308
f 5356 5514 5547
f 5356 5308 5514
f 5388 5547 5624
f 5388 5356 5547
f 5146 5351 5264
f 5146 5264 5224
f 5146 5231 5351
f 5940 5955 6042
f 5940 5876 5955
f 5297 5240 5292
f 5297 5292 5356
f 5283 5240 5297
f 5115 5143 5119
f 5115 5176 5143
f 5488 5388 5624
f 5488 5624 5719
f 5129 5146 5224
f 5991 5940 6042
f 6163 5991 6042
f 6163 5990 5991
f 5150 5240 5283
f 5142 5240 5150
f 5142 5124 5129
f 5142 5224 5240
f 5142 5129 5224
f 5620 5488 5719
f 5620 5719 5852
f 5620 5852 5944
f 5125 5113 5124
f 5125 5124 5142
f 5061 5119 5110
f 5061 5115 5119
f 5123 5113 5125
f 5204 5150 5283
f 5204 5283 5332
f 6033 5990 6163
f 6033 5964 5990
f 5796 5620 5944
f 5986 5796 5944
f 5986 5964 6033
f 5986 5944 5964
f 5986 5794 5796
f 5052 5113 5123
f 5052 5110 5113
f 5052 5061 5110
f 5052 5123 5136
f 5287 5204 5332
f 5287 5332 5463
f 5287 5463 5638
f 5881 5794 5986
f 5881 5720 5794
f 5449 5287 5638
f 5103 5052 5136
f 5103 5136 5200
f 5791 5449 5638
f 5791 5720 5881
f 5791 5448 5449
f 5791 5638 5720
f 5140 5103 5200
f 5140 5200 5307
f 5528 5448 5791
f 5528 5350 5448
f 5454 5140 5307
f 5454 5350 5528
f 5454 5307 5350
f 5298 5140 5454
f 6054 6142 6046
f 6142 6117 6046
f 6188 6151 6142
f 6142 6151 6117
f 6188 6183 6151
f 6188 6202 6183
f 6199 6133 6166
f 6199 6184 6133
f 6165 6139 6120
f 6120 6139 6089
f 6139 6041 6089
f 6139 6079 6041
f 6079 5980 6041
f 6079 5987 5980
f 5928 5981 5905
f 5981 5953 5905
f 6043 5988 5981
f 5981 5988 5953
f 6043 6006 5988
f 6043 6088 6006
f 6080 5971 6000
f 6080 6037 5971
f 6015 5984 5958
f 5958 5984 5941
f 5941 5936 5890
f 5984 5936 5941
f 5936 5768 5890
f 5936 5793 5768
f 5783 5581 5609
f 5783 5686 5581
f 5927 5786 5783
f 5783 5786 5686
f 5927 5874 5786
f 5927 5947 5874
f 5943 5731 5843
f 5943 5912 5731
f 5885 5800 5712
f 5712 5800 5634
f 5634 5636 5551
f 5551 5636 5411
f 5800 5636 5634
f 5636 5455 5411
f 5355 5300 5340
f 5340 5300 5284
f 5725 5625 5690
f 5690 5625 5615
f 5966 5937 5956
f 5956 5937 5934
f 6187 6132 6085
f 6220 6189 6187
f 6187 6189 6132
f 6085 6051 5975
f 6132 6051 6085
f 6228 6209 6220
f 6220 6209 6189
f 6051 5992 5975
f 6228 6212 6209
f 5992 5935 5975
f 6228 6223 6212
f 5992 5974 5935
f 6223 6203 6212
f 5985 5931 5974
f 5974 5931 5935
f 6203 6210 6182
f 6223 6210 6203
f 6036 5955 5985
f 5985 5955 5931
f 6182 6163 6116
f 6210 6163 6182
f 6116 6042 6036
f 6036 6042 5955
f 6163 6042 6116
f 6123 6031 6039
f 6173 6092 6123
f 6123 6092 6031
f 6173 6141 6092
f 6191 6164 6173
f 6173 6164 6141
f 6200 6211 6176
f 6176 6211 6198
f 6213 6204 6201
f 6201 6204 6190
f 6190 6181 6154
f 6154 6181 6096
f 6204 6181 6190
f 6181 6113 6096
f 6030 6078 6083
f 6030 6083 6038
f 5737 5516 5563
f 5737 5635 5516
f 5889 5741 5737
f 5737 5741 5635
f 5939 5804 5889
f 5889 5804 5741
f 5945 5972 5865
f 5865 5972 5924
f 5978 5951 5932
f 5932 5951 5886
f 5886 5883 5790
f 5790 5883 5650
f 5951 5883 5886
f 5883 5693 5650
f 5515 5618 5629
f 5515 5629 5562
f 5967 5878 5888
f 6028 5942 5967
f 5967 5942 5878
f 6028 5973 5942
f 6072 5993 6028
f 6028 5993 5973
f 6084 6124 6003
f 6003 6124 6052
f 6131 6094 6077
f 6077 6094 6040
f 6040 6094 5989
f 5989 6025 5946
f 6094 6025 5989
f 6025 5952 5946
f 5877 5933 5938
f 5877 5938 5887
f 6089 6133 6120
f 6166 6133 6089
f 5979 6041 5980
f 6151 6183 6166
f 6151 6166 6089
f 6117 6089 6041
f 6117 6151 6089
f 6016 6117 6041
f 6016 6041 5979
f 6046 6117 6016
f 5979 6033 6016
f 5979 5986 6033
f 5941 5971 5958
f 6000 5971 5941
f 5767 5890 5768
f 5988 6006 6000
f 5988 6000 5941
f 5953 5941 5890
f 5953 5988 5941
f 5875 5953 5890
f 5875 5890 5767
f 5905 5953 5875
f 5767 5881 5875
f 5767 5791 5881
f 5634 5731 5712
f 5410 5551 5411
f 5786 5874 5843
f 5786 5843 5731
f 5786 5731 5634
f 5686 5634 5551
f 5686 5786 5634
f 5686 5551 5410
f 5507 5686 5410
f 5581 5686 5507
f 5410 5528 5507
f 5410 5454 5528
f 6092 6030 6031
f 6078 6030 6092
f 6176 6141 6164
f 6154 6096 6078
f 6154 6078 6092
f 6190 6092 6141
f 6190 6154 6092
f 6198 6190 6141
f 6198 6141 6176
f 6201 6190 6198
f 5635 5515 5516
f 5865 5741 5804
f 5790 5650 5618
f 5790 5618 5515
f 5790 5515 5635
f 5886 5635 5741
f 5886 5790 5635
f 5924 5886 5741
f 5924 5741 5865
f 5932 5886 5924
f 5942 5877 5878
f 5933 5877 5942
f 6003 5973 5993
f 5989 5946 5933
f 5989 5933 5942
f 6040 5942 5973
f 6040 5989 5942
f 6052 6040 5973
f 6052 5973 6003
f 6077 6040 6052
f 5730 5719 5624
f 5891 5719 5795
f 5795 5719 5730
f 5950 5852 5891
f 5891 5852 5719
f 5950 5944 5852
f 5873 5757 5745
f 5745 5757 5640
f 5991 5998 5940
f 5998 5954 5940
f 5940 5930 5876
f 5954 5930 5940
f 5876 5884 5785
f 5930 5884 5876
f 5990 5968 5999
f 5964 5968 5990
f 5153 5136 5123
f 5199 5136 5153
f 5331 5200 5258
f 5258 5200 5199
f 5199 5200 5136
f 5331 5307 5200
f 5234 5164 5142
f 5142 5164 5125
f 5449 5469 5287
f 5469 5348 5287
f 5287 5282 5204
f 5348 5282 5287
f 5204 5255 5150
f 5282 5255 5204
f 5448 5359 5470
f 5350 5359 5448
f 5361 5332 5283
f 5452 5332 5361
f 5663 5463 5553
f 5553 5463 5452
f 5452 5463 5332
f 5663 5638 5463
f 5503 5397 5356
f 5356 5397 5297
f 5796 5826 5620
f 5826 5687 5620
f 5620 5608 5488
f 5687 5608 5620
f 5488 5522 5388
f 5608 5522 5488
f 5794 5728 5827
f 5720 5728 5794
f 5864 5747 5781
f 5781 5747 5670
f 5864 5929 5747
f 5929 5882 5747
f 5929 5965 5882
f 5965 5957 5882
f 5643 5740 5631
f 5643 5631 5547
f 5917 5727 5894
f 5917 5792 5727
f 5727 5696 5610
f 5792 5696 5727
f 5696 5630 5610
f 5630 5514 5610
f 5438 5357 5308
f 5498 5357 5438
f 5606 5513 5498
f 5498 5513 5357
f 5606 5724 5513
f 5724 5691 5513
f 5315 5367 5292
f 5315 5292 5240
f 5592 5351 5550
f 5592 5450 5351
f 5351 5349 5264
f 5450 5349 5351
f 5349 5302 5264
f 5302 5224 5264
f 5181 5146 5129
f 5227 5146 5181
f 5354 5231 5281
f 5281 5231 5227
f 5227 5231 5146
f 5354 5341 5231
f 5138 5154 5124
f 5138 5124 5113
f 5256 5266 5143
f 5266 5194 5143
f 5143 5145 5119
f 5194 5145 5143
f 5145 5133 5119
f 5133 5110 5119
f 5891 5968 5950
f 5999 5968 5891
f 5757 5795 5730
f 5954 5998 5999
f 5954 5999 5891
f 5930 5891 5795
f 5930 5954 5891
f 5873 5930 5795
f 5873 5795 5757
f 5884 5930 5873
f 5258 5359 5331
f 5164 5199 5153
f 5348 5469 5470
f 5348 5470 5359
f 5348 5359 5258
f 5282 5258 5199
f 5282 5348 5258
f 5234 5282 5199
f 5234 5199 5164
f 5255 5282 5234
f 5553 5728 5663
f 5827 5728 5553
f 5397 5452 5361
f 5687 5826 5827
f 5687 5827 5553
f 5608 5553 5452
f 5608 5687 5553
f 5503 5608 5452
f 5503 5452 5397
f 5522 5608 5503
f 5696 5643 5630
f 5740 5643 5696
f 5937 5792 5917
f 5864 5781 5740
f 5864 5740 5696
f 5929 5696 5792
f 5929 5864 5696
f 5966 5929 5792
f 5966 5792 5937
f 5965 5929 5966
f 5349 5315 5302
f 5367 5315 5349
f 5625 5450 5592
f 5498 5438 5367
f 5498 5367 5349
f 5606 5349 5450
f 5606 5498 5349
f 5725 5606 5450
f 5725 5450 5625
f 5724 5606 5725
f 5145 5138 5133
f 5300 5194 5266
f 5227 5181 5154
f 5227 5154 5138
f 5227 5138 5145
f 5281 5145 5194
f 5281 5227 5145
f 5281 5194 5300
f 5355 5281 5300
f 5354 5281 5355
f 5301 5439 5599
f 5301 5599 5429
f 5165 5429 5263
f 5165 5301 5429
f 5118 5263 5141
f 5118 5165 5263
f 5079 5141 5116
f 5079 5118 5141
f 5049 5116 5106
f 5049 5079 5116
f 5064 5106 5111
f 5064 5049 5106
f 5380 5290 5025
f 5380 5025 5077
f 5564 5565 5386
f 5387 5564 5386
f 5291 5381 5078
f 5291 5078 5026
f 4958 4959 5022
f 4958 5022 5021
f 4989 5078 5048
f 4989 5026 5078
f 4966 5048 5035
f 4966 4989 5048
f 4959 5035 5022
f 4959 4966 5035
f 5360 5565 5518
f 5360 5386 5565
f 5337 5518 5482
f 5337 5360 5518
f 5291 5482 5381
f 5291 5337 5482
f 4965 5021 5036
f 4965 4958 5021
f 4988 5036 5047
f 4988 4965 5036
f 5025 5047 5077
f 5025 4988 5047
f 5352 5326 5462
f 5352 5462 5511
f 5362 5535 5564
f 5362 5511 5535
f 5362 5352 5511
f 5387 5362 5564
f 5148 5228 6182
f 6182 5228 6203
f 6203 5257 6212
f 5228 5257 6203
f 6212 5241 6209
f 5257 5241 6212
f 6209 5161 6189
f 5241 5161 6209
f 6189 5128 6132
f 6132 5128 6051
f 5161 5128 6189
f 5128 5108 6051
f 5522 5503 5388
f 5388 5503 5356
f 5796 5827 5826
f 5796 5794 5827
f 5663 5720 5638
f 5663 5728 5720
f 5397 5361 5297
f 5297 5361 5283
f 5255 5234 5150
f 5150 5234 5142
f 5449 5470 5469
f 5449 5448 5470
f 5331 5350 5307
f 5331 5359 5350
f 5164 5153 5125
f 5125 5153 5123
f 5884 5873 5785
f 5785 5873 5745
f 5991 5999 5998
f 5991 5990 5999
f 5950 5964 5944
f 5950 5968 5964
f 5757 5730 5640
f 5640 5730 5624
f 6077 6052 6131
f 6131 6052 6124
f 5952 5933 5946
f 5952 5938 5933
f 5878 5887 5888
f 5878 5877 5887
f 6003 5993 6084
f 6084 5993 6072
f 5932 5924 5978
f 5978 5924 5972
f 5693 5618 5650
f 5693 5629 5618
f 5516 5562 5563
f 5516 5515 5562
f 5865 5804 5945
f 5945 5804 5939
f 6201 6198 6213
f 6213 6198 6211
f 6113 6078 6096
f 6113 6083 6078
f 6031 6038 6039
f 6031 6030 6038
f 6176 6164 6200
f 6200 6164 6191
f 5670 5740 5781
f 5670 5631 5740
f 5630 5547 5514
f 5630 5643 5547
f 5937 5917 5934
f 5934 5917 5894
f 5956 5957 5966
f 5966 5957 5965
f 5690 5691 5725
f 5725 5691 5724
f 5308 5367 5438
f 5308 5292 5367
f 5302 5240 5224
f 5302 5315 5240
f 5625 5592 5615
f 5615 5592 5550
f 5340 5341 5355
f 5355 5341 5354
f 5300 5266 5284
f 5284 5266 5256
f 5947 5843 5874
f 5947 5943 5843
f 5712 5912 5885
f 5712 5731 5912
f 5410 5411 5454
f 5454 5411 5455
f 5528 5609 5507
f 5507 5609 5581
f 6088 6000 6006
f 6088 6080 6000
f 5958 6037 6015
f 5958 5971 6037
f 5767 5768 5791
f 5791 5768 5793
f 5881 5928 5875
f 5875 5928 5905
f 6202 6166 6183
f 6202 6199 6166
f 6120 6184 6165
f 6120 6133 6184
f 5979 5980 5986
f 5986 5980 5987
f 6033 6054 6016
f 6016 6054 6046
f 5129 5154 5181
f 5129 5124 5154
f 5133 5113 5110
f 5133 5138 5113
f 2478 2500 2182
f 2182 2500 2185
f 2185 2534 2204
f 2500 2534 2185
f 2204 2604 2238
f 2534 2604 2204
f 2238 2652 2288
f 2604 2652 2238
f 2288 2674 2332
f 2652 2674 2288
f 2332 2681 2353
f 2674 2681 2332
f 2163 2177 2094
f 2094 2177 2096
f 2096 2196 2102
f 2177 2196 2096
f 2102 2217 2106
f 2196 2217 2102
f 2106 2261 2110
f 2217 2261 2106
f 2110 2301 2119
f 2261 2301 2110
f 2119 2314 2124
f 2301 2314 2119
f 2091 2093 2056
f 2056 2093 2060
f 2060 2098 2066
f 2066 2098 2072
f 2093 2098 2060
f 2098 2104 2072
f 2072 2108 2076
f 2104 2108 2072
f 2076 2114 2079
f 2108 2114 2076
f 2079 2117 2080
f 2114 2117 2079
f 5363 5524 5366
f 5366 5524 5527
f 5527 5701 5704
f 5524 5701 5527
f 5704 5860 5863
f 5701 5860 5704
f 5863 5913 5916
f 5860 5913 5863
f 5916 5918 5921
f 5913 5918 5916
f 5921 5869 5872
f 5918 5869 5921
f 5490 5489 5588
f 5489 5587 5588
f 5588 5651 5652
f 5587 5651 5588
f 5652 5742 5743
f 5651 5742 5652
f 5798 5797 5803
f 5743 5797 5798
f 5742 5797 5743
f 5797 5802 5803
f 5803 5750 5751
f 5802 5750 5803
f 3353 3490 3356
f 3356 3490 3493
f 3493 3689 3692
f 3490 3689 3493
f 3692 3854 3857
f 3689 3854 3692
f 3857 3915 3918
f 3854 3915 3857
f 3918 3921 3924
f 3915 3921 3918
f 3924 3861 3864
f 3921 3861 3924
f 3460 3459 3559
f 3459 3558 3559
f 3559 3641 3642
f 3558 3641 3559
f 3642 3740 3741
f 3641 3740 3642
f 3788 3787 3791
f 3741 3787 3788
f 3740 3787 3741
f 3787 3790 3791
f 3791 3745 3746
f 3790 3745 3791
f 2789 2929 2792
f 2792 2929 2932
f 2932 3126 3129
f 2929 3126 2932
f 3129 3256 3259
f 3126 3256 3129
f 3259 3280 3283
f 3256 3280 3259
f 3283 3284 3287
f 3280 3284 3283
f 3287 3263 3266
f 3284 3263 3287
f 2891 2893 2995
f 2893 2994 2995
f 2995 3075 3076
f 2994 3075 2995
f 3076 3167 3168
f 3075 3167 3076
f 3205 3204 3207
f 3168 3204 3205
f 3167 3204 3168
f 3204 3206 3207
f 3207 3173 3174
f 3206 3173 3207
f 1607 1731 1608
f 1608 1731 1732
f 1732 1864 1865
f 1731 1864 1732
f 1865 1989 1988
f 1864 1989 1865
f 1988 2012 2013
f 1989 2012 1988
f 2013 2014 2015
f 2012 2014 2013
f 2015 1990 1991
f 2014 1990 2015
f 1703 1702 1747
f 1702 1748 1747
f 1747 1853 1854
f 1748 1853 1747
f 1854 1900 1901
f 1853 1900 1854
f 1951 1952 1957
f 1901 1952 1951
f 1900 1952 1901
f 1952 1956 1957
f 1957 1902 1903
f 1956 1902 1957
f 4864 4924 4863
f 4863 4924 4923
f 4923 4920 4919
f 4924 4920 4923
f 4919 4861 4860
f 4920 4861 4919
f 4860 4826 4825
f 4861 4826 4860
f 4825 4727 4726
f 4826 4727 4825
f 4726 4674 4673
f 4727 4674 4726
f 6232 6239 6231
f 6231 6239 6238
f 6238 6234 6233
f 6239 6234 6238
f 6233 6230 6229
f 6234 6230 6233
f 6229 6225 6224
f 6230 6225 6229
f 6224 6215 6214
f 6225 6215 6224
f 6214 6206 6205
f 6215 6206 6214
f 2631 2656 2632
f 2632 2656 2655
f 2655 2654 2653
f 2656 2654 2655
f 2653 2630 2629
f 2654 2630 2653
f 2629 2571 2572
f 2630 2571 2629
f 2572 2495 2496
f 2571 2495 2572
f 2496 2426 2425
f 2495 2426 2496
f 1610 1666 1609
f 1609 1666 1665
f 1665 1663 1662
f 1666 1663 1665
f 1662 1606 1605
f 1663 1606 1662
f 1605 1574 1573
f 1606 1574 1605
f 1573 1550 1549
f 1574 1550 1573
f 1549 1546 1545
f 1550 1546 1549
f 3064 3060 3134
f 3060 3032 3038
f 3064 3032 3060
f 3032 2998 3038
f 3032 2970 2998
f 2970 2917 2998
f 2970 2656 2917
f 2970 2654 2656
f 2970 2630 2654
f 2656 2631 2917
f 2631 2574 2917
f 2630 2459 2571
f 2571 2459 2495
f 2502 2456 2574
f 2574 2456 2917
f 2706 2435 2721
f 2721 2435 2459
f 2435 2426 2459
f 2459 2426 2495
f 2502 2429 2456
f 2429 2411 2456
f 2435 2393 2426
f 2429 2363 2411
f 2429 2324 2363
f 2393 2324 2395
f 2395 2324 2429
f 2083 2038 2085
f 2085 2038 2043
f 1663 1666 2038
f 2038 1606 1663
f 2038 1610 2043
f 1666 1610 2038
f 1610 1576 2043
f 2043 1576 2435
f 2435 1576 2393
f 1606 1540 1574
f 1574 1540 1550
f 1532 1529 1533
f 1535 1529 1532
f 1529 1527 1533
f 1533 1525 1540
f 1527 1525 1533
f 1550 1523 1546
f 1546 1523 1539
f 1540 1523 1550
f 1525 1523 1540
f 2393 1521 2324
f 1576 1521 2393
f 1548 1521 1552
f 1552 1521 1576
f 1548 1519 1521
f 1548 1517 1519
f 1548 1515 1517
f 1539 1515 1544
f 1544 1515 1548
f 1523 1515 1539
f 2970 2459 2630
f 2038 1540 1606
f 2706 2720 2707
f 2721 2720 2706
f 2085 2086 2084
f 2085 2084 2083
f 1541 1540 2036
f 2036 1540 2038
f 3059 3134 3060
f 3134 4207 3135
f 3059 4207 3134
f 4216 4207 3059
f 3059 4244 4216
f 4245 4213 4222
f 4207 4217 3135
f 4245 4263 4213
f 4280 4273 4244
f 4244 4289 4280
f 4213 4246 4223
f 4263 4261 4213
f 4213 4261 4246
f 4244 4348 4289
f 4348 4340 4289
f 4289 4340 4291
f 4271 4312 4247
f 4371 4518 4399
f 4411 4402 4400
f 4400 4402 4398
f 4398 4402 4397
f 4402 4396 4397
f 4498 4495 4474
f 4495 4493 4474
f 4524 4588 4579
f 4493 4494 4474
f 4588 4613 4589
f 4651 4621 4588
f 4588 4621 4613
f 4525 4465 4494
f 4382 4465 4372
f 4494 4465 4382
f 4372 4465 4317
f 4312 4331 4247
f 4720 4751 4721
f 4751 4729 4721
f 4247 4315 4217
f 4217 4315 3135
f 4331 4315 4247
f 4465 4359 4317
f 4317 4359 4312
f 4312 4359 4331
f 4661 4686 4645
f 4645 4686 4617
f 4729 4708 4721
f 4721 4708 4692
f 4692 4708 4693
f 4729 4745 4708
f 4685 4779 4720
f 4720 4779 4751
f 4694 4709 4695
f 4465 4466 4359
f 4745 4750 4708
f 4708 4750 4709
f 4466 4434 4359
f 4315 4332 3135
f 4709 4716 4695
f 4745 4769 4750
f 4798 4803 4778
f 4745 4783 4769
f 4803 4783 4778
f 4778 4783 4757
f 4757 4783 4745
f 4750 4739 4709
f 4709 4739 4716
f 4500 4475 4466
f 4466 4475 4434
f 4500 4511 4475
f 4716 4753 4717
f 4739 4753 4716
f 4805 4839 4815
f 4779 4839 4805
f 4773 4774 4755
f 4332 4360 3135
f 4475 4454 4434
f 4808 4801 4791
f 4791 4801 4773
f 4773 4795 4774
f 4801 4795 4773
f 4753 4775 4717
f 4808 4809 4801
f 4500 4571 4511
f 4499 4574 4500
f 4500 4574 4571
f 4880 4859 4847
f 4526 4516 4512
f 4512 4516 4510
f 4510 4516 4509
f 4516 4508 4509
f 4561 4560 4553
f 4779 4910 4839
f 4839 4910 4847
f 4847 4910 4880
f 4560 4558 4553
f 4435 4476 4360
f 4808 4840 4809
f 4815 4840 4808
f 4839 4840 4815
f 4809 4840 4799
f 4799 4840 4775
f 4859 4848 4847
f 4859 4879 4848
f 4872 4879 4859
f 4872 4896 4879
f 4925 4938 4909
f 4938 4912 4909
f 4909 4912 4890
f 4890 4912 4872
f 4872 4912 4896
f 4879 4868 4848
f 4558 4559 4553
f 4868 4882 4848
f 4940 4976 4960
f 4910 4976 4940
f 4559 4575 4481
f 4910 4984 4976
f 4902 4903 4886
f 4943 4928 4916
f 4916 4928 4902
f 4902 4918 4903
f 4928 4918 4902
f 4943 4944 4928
f 4943 4963 4944
f 4944 4964 4926
f 4963 4964 4944
f 4976 4977 4960
f 4960 4977 4943
f 4943 4977 4963
f 4984 5009 4985
f 5014 5009 4984
f 4910 5039 4984
f 4984 5039 5014
f 5009 5006 4985
f 4926 4956 4904
f 4964 4956 4926
f 5006 5015 5007
f 5009 5015 5006
f 5039 5067 5053
f 5039 5073 5067
f 5007 5040 4956
f 5015 5040 5007
f 4574 4828 4575
f 4835 4828 4574
f 4933 4934 4854
f 5073 5083 5074
f 5097 5089 5073
f 5073 5089 5083
f 4934 4888 4854
f 4828 4836 4575
f 5060 5068 5054
f 5054 5068 5040
f 4934 4935 4888
f 4957 4951 4934
f 4934 4951 4935
f 5102 5100 5091
f 4836 4855 4575
f 4935 4901 4888
f 4957 4992 4951
f 4956 4998 4957
f 5040 4998 4956
f 5068 4998 5040
f 4957 4998 4992
f 4951 4974 4952
f 4992 4974 4951
f 4889 4936 4855
f 4953 4975 4954
f 4975 4980 4954
f 4998 5029 4999
f 5096 5029 5087
f 5087 5029 5068
f 5068 5029 4998
f 4980 4993 4981
f 5000 5030 5001
f 5029 5033 5030
f 5030 5033 5001
f 5100 5170 5096
f 5170 5157 5096
f 5096 5157 5029
f 5029 5157 5033
f 5102 5196 5100
f 5100 5196 5170
f 5166 5169 5157
f 5166 5185 5169
f 5208 5215 5195
f 5166 5198 5185
f 5215 5198 5195
f 5195 5198 5180
f 5180 5198 5166
f 5157 5162 5033
f 5033 5162 5034
f 5169 5162 5157
f 5102 5238 5196
f 5196 5238 5217
f 5238 5223 5217
f 5162 5175 5034
f 5189 5190 5178
f 5220 5211 5202
f 5202 5211 5189
f 5189 5205 5190
f 5211 5205 5189
f 5175 5191 5034
f 5220 5221 5211
f 5102 5277 5238
f 5221 5239 5209
f 5209 5239 5191
f 5278 5269 5248
f 5248 5269 5249
f 5102 5305 5277
f 5278 5305 5269
f 5277 5305 5278
f 5250 5270 5251
f 5102 5313 5305
f 5270 5273 5251
f 5239 5274 5191
f 5270 5288 5273
f 5273 5288 5274
f 5288 5289 5274
f 5269 5306 5270
f 5305 5306 5269
f 5270 5306 5288
f 5313 5346 5314
f 5102 6248 5313
f 5313 6240 5346
f 6248 6240 5313
f 6248 6249 6240
f 5346 6241 5347
f 6240 6241 5346
f 3059 6248 5039
f 3059 5039 4910
f 3059 4910 4779
f 3059 4779 4685
f 3059 4685 4663
f 3059 4663 4651
f 3059 4651 4588
f 3059 4588 4524
f 3059 4524 4518
f 3059 4518 4371
f 3059 4371 4356
f 3059 4356 4348
f 3059 4348 4244
f 5039 6248 5073
f 5073 6248 5097
f 5097 6248 5102
f 6241 3135 5191
f 6241 5191 5274
f 6241 5274 5289
f 6241 5289 5347
f 5191 3135 5034
f 5034 3135 4993
f 4993 3135 4981
f 4981 3135 4936
f 4936 3135 4855
f 4855 3135 4575
f 4575 3135 4481
f 4481 3135 4476
f 4476 3135 4360
f 4956 4465 4904
f 4904 4465 4882
f 4882 4465 4848
f 4848 4465 4840
f 4840 4465 4775
f 4775 4465 4717
f 4717 4465 4686
f 4686 4465 4617
f 4617 4465 4580
f 4580 4465 4525
f 4499 4933 4854
f 4499 4854 4835
f 4499 4835 4574
f 5067 5068 5060
f 5067 5060 5053
f 4964 5007 4956
f 4685 4686 4663
f 4663 4686 4661
f 4663 4661 4631
f 4579 4580 4525
f 4525 4524 4579
f 4382 4474 4494
f 4518 4411 4400
f 4518 4400 4399
f 4317 4356 4371
f 4317 4371 4372
f 4280 4312 4273
f 4273 4312 4263
f 4263 4312 4271
f 4263 4271 4261
f 5238 5239 5223
f 5223 5239 5220
f 5220 5239 5221
f 4992 4993 4980
f 4992 4980 4975
f 4992 4975 4974
f 4935 4936 4901
f 4901 4936 4889
f 4481 4553 4559
f 4475 4476 4454
f 4454 4476 4435
f 4571 4526 4512
f 4571 4512 4511
f 6236 6186 6237
f 6237 6186 6178
f 6178 6162 6237
f 6172 6180 6161
f 6236 6177 6186
f 6180 6148 6161
f 6171 6160 6180
f 6162 6109 6237
f 6140 6109 6162
f 6109 6105 6237
f 6236 6159 6177
f 6180 6146 6148
f 6160 6146 6180
f 6159 6130 6135
f 6236 6130 6159
f 6105 6074 6237
f 6236 6126 6130
f 6063 6055 6064
f 6064 6055 6065
f 6126 6091 6122
f 6063 6062 6055
f 6062 6050 6055
f 6236 6087 6126
f 6126 6087 6091
f 6236 6082 6087
f 6236 6073 6082
f 6236 6061 6073
f 6032 6023 6024
f 6032 6022 6023
f 6032 6021 6022
f 6236 6014 6061
f 6236 6009 6014
f 6074 5619 6237
f 6024 5619 6069
f 6010 5619 6024
f 6069 5619 6074
f 6009 5510 6010
f 6010 5510 5619
f 6009 5309 5510
f 5120 4785 5107
f 4785 4741 5107
f 4741 4699 5107
f 4712 4699 4741
f 4712 4701 4699
f 5155 4784 5120
f 5120 4784 4785
f 4765 4764 4740
f 4740 4764 4711
f 4655 4643 4650
f 4657 4635 4655
f 4655 4635 4643
f 4687 4672 4669
f 4687 4676 4672
f 4764 4684 4711
f 4612 4603 4597
f 4612 4605 4603
f 4612 4606 4605
f 4541 4534 4542
f 4541 4540 4534
f 4540 4532 4534
f 4442 4436 4433
f 4539 4484 4540
f 4540 4484 4532
f 4442 4438 4436
f 4452 4438 4442
f 4452 4480 4438
f 4539 4480 4484
f 4480 4437 4438
f 4539 4437 4480
f 4699 4161 5107
f 4654 4161 4697
f 4408 4161 4409
f 4409 4161 4414
f 4544 4161 4549
f 4581 4161 4644
f 4644 4161 4654
f 4697 4161 4699
f 4414 4161 4544
f 4601 4160 4548
f 4539 4160 4437
f 4437 4160 4408
f 4548 4160 4539
f 4607 4160 4601
f 4764 4160 4684
f 4684 4160 4677
f 4784 4160 4764
f 4408 4160 4161
f 4677 4160 4607
f 6236 4160 5155
f 6236 5155 5309
f 6236 5309 6009
f 5155 4160 4784
f 4482 4414 4544
f 4548 4549 4565
f 4657 4677 4635
f 4635 4677 4607
f 4565 4601 4548
f 4581 4565 4549
f 4581 4549 4161
f 4644 4612 4597
f 4644 4597 4581
f 4669 4654 4687
f 4687 4654 4697
f 4684 4699 4701
f 4684 4701 4711
f 6069 6032 6024
f 6014 6050 6062
f 6014 6062 6061
f 6105 6082 6073
f 6105 6073 6074
f 6130 6109 6135
f 6135 6109 6146
f 6146 6109 6140
f 6146 6140 6148
f 2971 2459 2970
f 2460 2459 2971
f 5107 4878 5120
f 4824 4878 5107
f 5120 5018 5155
f 4878 5018 5120
f 5155 5109 5309
f 5018 5109 5155
f 5309 5139 5510
f 5510 5139 5619
f 5109 5139 5309
f 5139 5174 5619
f 4109 4110 4095
f 4095 1536 4096
f 4095 1535 1536
f 1535 1528 1529
f 4110 1528 4095
f 4095 1528 1535
f 1520 2323 1521
f 1521 2323 2324
f 6256 4987 6257
f 6256 4986 4987
f 6243 6249 6251
f 6243 6251 6253
f 6245 6249 6243
f 6239 6254 6262
f 6234 6239 6262
f 6240 6249 6245
f 6236 6253 6254
f 6236 6243 6253
f 6232 6254 6239
f 6230 6262 6261
f 6230 6261 6259
f 6230 6259 6257
f 6230 6234 6262
f 6227 6254 6232
f 6227 6236 6254
f 6225 6230 6257
f 6217 6236 6227
f 6215 6225 6257
f 6208 6236 6217
f 4924 6257 4987
f 4924 4987 4920
f 4924 6215 6257
f 4864 6215 4924
f 4864 6193 6206
f 4864 6206 6215
f 4861 4987 4968
f 4861 4968 4914
f 4861 4920 4987
f 4857 4861 4914
f 4830 6193 4864
f 4826 4861 4857
f 4731 6193 4830
f 4731 6195 6193
f 4727 4826 4857
f 4172 4727 4857
f 4172 4627 4674
f 4172 4674 4727
f 4160 4627 4172
f 4160 4630 4627
f 4160 4683 4630
f 4154 4160 4172
f 4135 4160 4154
f 4121 4135 4154
f 4109 4135 4121
f 4105 4135 4109
f 4095 4105 4109
f 4160 6236 6208
f 4160 6208 6195
f 4160 6195 4683
f 4683 6195 4731
f 6248 6255 6252
f 6248 6252 6250
f 6238 6263 6255
f 6233 6263 6238
f 6231 6238 6255
f 6229 6256 6258
f 6229 6258 6260
f 6229 6260 6263
f 6229 6263 6233
f 6226 6231 6255
f 6224 6256 6229
f 6216 6255 6248
f 6216 6226 6255
f 6214 6256 6224
f 6207 6216 6248
f 5913 6248 5918
f 5860 6207 6248
f 5860 6248 5913
f 5869 5918 6248
f 5701 6194 6207
f 5701 6207 5860
f 5524 6192 6194
f 5524 6194 5701
f 4923 4986 6256
f 4923 6256 6214
f 4923 4919 4986
f 4863 4923 6214
f 4863 6214 6205
f 4860 4913 4967
f 4860 4967 4986
f 4860 4986 4919
f 4856 4913 4860
f 4829 4863 6205
f 4829 6205 6192
f 4825 4856 4860
f 4726 4856 4825
f 4173 4856 4726
f 4173 4726 4673
f 4173 4626 4629
f 4173 4673 4626
f 4110 4120 4153
f 4110 4153 4173
f 4110 4173 4629
f 4110 4629 4682
f 3915 4682 4730
f 3921 4829 6192
f 3921 3915 4730
f 3921 6192 5524
f 3921 4730 4829
f 3861 5524 5363
f 3861 3921 5524
f 3854 4110 4682
f 3854 4682 3915
f 3689 4110 3854
f 3708 5363 5316
f 3708 3861 5363
f 3490 4110 3689
f 3509 3708 5316
f 3509 5316 5320
f 3353 4110 3490
f 3280 5539 5715
f 3280 5715 3284
f 3256 5376 5539
f 3256 5539 3280
f 3126 5320 5376
f 3126 5376 3256
f 3059 5715 5869
f 3059 5869 6248
f 3059 3284 5715
f 3059 3142 3263
f 3059 3263 3284
f 2944 3059 3037
f 2944 3037 2997
f 2944 3142 3059
f 2916 2944 2997
f 2797 2944 2916
f 2655 2797 2916
f 2653 2762 2797
f 2653 2797 2655
f 2632 2655 2916
f 2629 2758 2762
f 2629 2762 2653
f 2573 2632 2916
f 2572 2789 2758
f 2572 2758 2629
f 2496 2789 2572
f 2455 2501 2573
f 2455 2573 2916
f 2430 2501 2455
f 2410 2430 2455
f 2362 2430 2410
f 2323 2394 2430
f 2323 2392 2394
f 2323 2430 2362
f 2014 2929 2789
f 2012 2929 2014
f 2012 3126 2929
f 2012 5320 3126
f 2012 3509 5320
f 1989 3361 3509
f 1989 3331 3361
f 1989 3509 2012
f 1990 2014 2789
f 1990 2789 2496
f 1864 3331 1989
f 1731 3331 1864
f 1731 3327 3331
f 1662 1873 1990
f 1665 1662 1990
f 1665 1990 2496
f 1609 2496 2425
f 1609 1665 2496
f 1605 1873 1662
f 1605 1740 1873
f 1575 2425 2392
f 1575 1609 2425
f 1573 1740 1605
f 1573 1611 1740
f 1549 1611 1573
f 1528 1581 1583
f 1528 1607 1581
f 1528 1731 1607
f 1526 1528 1583
f 1524 1526 1583
f 1522 1549 1545
f 1522 1545 1538
f 1522 1611 1549
f 1522 1583 1611
f 1522 1524 1583
f 1520 2392 2323
f 1520 1551 1575
f 1520 1547 1551
f 1520 1575 2392
f 1518 1547 1520
f 1516 1547 1518
f 1514 1543 1547
f 1514 1538 1543
f 1514 1522 1538
f 1514 1547 1516
f 1528 4110 3353
f 1528 3353 3327
f 1528 3327 1731
f 1546 1539 1545
f 1545 1539 1538
f 1538 1544 1543
f 1539 1544 1538
f 1543 1548 1547
f 1544 1548 1543
f 1547 1552 1551
f 1548 1552 1547
f 1551 1576 1575
f 1552 1576 1551
f 1575 1610 1609
f 1576 1610 1575
f 2426 2393 2425
f 2425 2393 2392
f 2392 2395 2394
f 2393 2395 2392
f 2394 2429 2430
f 2395 2429 2394
f 2430 2502 2501
f 2429 2502 2430
f 2501 2574 2573
f 2502 2574 2501
f 2573 2631 2632
f 2574 2631 2573
f 6206 6193 6205
f 6205 6193 6192
f 6192 6195 6194
f 6193 6195 6192
f 6194 6208 6207
f 6195 6208 6194
f 6207 6217 6216
f 6208 6217 6207
f 6216 6227 6226
f 6217 6227 6216
f 6226 6232 6231
f 6227 6232 6226
f 4674 4627 4673
f 4673 4627 4626
f 4626 4630 4629
f 4627 4630 4626
f 4629 4683 4682
f 4630 4683 4629
f 4682 4731 4730
f 4683 4731 4682
f 4730 4830 4829
f 4731 4830 4730
f 4829 4864 4863
f 4830 4864 4829
f 2455 2916 2456
f 2456 2916 2917
f 4856 4172 4857
f 4856 4173 4172
f 6263 6262 6254
f 6263 6254 6255
f 1515 1522 1514
f 1523 1522 1515
f 6246 6240 6245
f 6246 6241 6240
f 6244 6245 6243
f 6244 6246 6245
f 6237 6243 6236
f 6237 6244 6243
f 4136 4135 4105
f 4136 4160 4135
f 4136 4161 4160
f 4106 4105 4095
f 4106 4136 4105
f 4096 4106 4095
f 3033 2970 3032
f 3033 2971 2970
f 3065 3064 3134
f 3065 3032 3064
f 3065 3033 3032
f 3135 3065 3134
f 1531 1535 1532
f 1531 1536 1535
f 1534 1533 1540
f 1534 1532 1533
f 1534 1531 1532
f 1541 1534 1540
f 1529 1528 1526
f 1527 1526 1524
f 1527 1529 1526
f 1525 1524 1522
f 1525 1527 1524
f 1523 1525 1522
f 1520 1521 1519
f 1518 1519 1517
f 1518 1520 1519
f 1516 1517 1515
f 1516 1518 1517
f 1514 1516 1515
f 2324 2323 2362
f 2363 2362 2410
f 2363 2324 2362
f 2411 2410 2455
f 2411 2363 2410
f 2456 2411 2455
f 3037 3060 3038
f 3037 3059 3060
f 2997 3038 2998
f 2997 3037 3038
f 2916 2998 2917
f 2916 2997 2998
f 6256 6257 6259
f 6258 6259 6261
f 6258 6256 6259
f 6260 6258 6261
f 6263 6261 6262
f 6263 6260 6261
f 4987 4986 4967
f 4968 4967 4913
f 4968 4987 4967
f 4914 4968 4913
f 4857 4913 4856
f 4857 4914 4913
f 4154 4172 4173
f 4154 4173 4153
f 4121 4153 4120
f 4121 4154 4153
f 4109 4120 4110
f 4109 4121 4120
f 6252 6255 6254
f 6252 6254 6253
f 6250 6253 6251
f 6250 6252 6253
f 6248 6251 6249
f 6248 6250 6251
f 6241 6246 6244
f 6241 6244 6237
f 5803 6241 5798
f 5743 6241 6237
f 5743 5798 6241
f 5751 6241 5803
f 5652 5743 6237
f 5174 6237 5619
f 5174 5588 5652
f 5174 5490 5588
f 5174 5442 5490
f 5174 5652 6237
f 4824 5442 5174
f 4161 4824 5107
f 4106 4161 4136
f 4096 4161 4106
f 3788 4824 4161
f 3788 3791 4824
f 3741 4161 4096
f 3741 3788 4161
f 3746 4824 3791
f 3642 3741 4096
f 3646 5442 4824
f 3646 4824 3746
f 3559 3642 4096
f 3569 5442 3646
f 3569 5446 5442
f 3460 3559 4096
f 3205 5594 5496
f 3207 5594 3205
f 3207 5657 5594
f 3168 3205 5496
f 3135 3207 3174
f 3135 5657 3207
f 3082 3135 3174
f 2971 3033 3065
f 2971 3065 3135
f 2971 3082 3001
f 2971 3135 3082
f 2901 2971 3001
f 2858 2971 2901
f 2720 3168 5496
f 2720 3076 3168
f 2720 2995 3076
f 2720 2891 2995
f 2720 5496 5446
f 2707 5446 3569
f 2707 2720 5446
f 2460 2854 2891
f 2460 2858 2854
f 2460 2891 2720
f 2460 2971 2858
f 2086 2707 3569
f 2084 2086 3569
f 2084 3569 3467
f 2044 2436 2707
f 2044 2707 2086
f 1957 2084 1951
f 1901 1951 2084
f 1901 2084 3467
f 1903 2084 1957
f 1903 2036 2084
f 1854 1901 3467
f 1854 3467 3424
f 1858 2036 1903
f 1747 1854 3424
f 1747 3424 3418
f 1751 2036 1858
f 1541 2036 1751
f 1541 1650 1645
f 1541 1705 1650
f 1541 1751 1705
f 1536 1747 3418
f 1536 1541 1645
f 1536 1703 1747
f 1536 1645 1703
f 1534 1541 1536
f 1531 1534 1536
f 3135 6241 5751
f 3135 5751 5657
f 4096 1536 3460
f 3460 1536 3418
f 1902 1857 1903
f 1903 1857 1858
f 1858 1750 1751
f 1857 1750 1858
f 1751 1704 1705
f 1750 1704 1751
f 1705 1649 1650
f 1704 1649 1705
f 1650 1644 1645
f 1649 1644 1650
f 1645 1702 1703
f 1644 1702 1645
f 2015 1956 2013
f 2013 1956 1952
f 2013 1900 1988
f 1952 1900 2013
f 1991 1902 2015
f 2015 1902 1956
f 1988 1853 1865
f 1900 1853 1988
f 1874 1857 1991
f 1991 1857 1902
f 1748 1732 1853
f 1853 1732 1865
f 1857 1741 1750
f 1874 1741 1857
f 1748 1702 1732
f 1741 1704 1750
f 1644 1608 1702
f 1702 1608 1732
f 1741 1612 1704
f 1644 1582 1608
f 1704 1584 1649
f 1649 1584 1644
f 1612 1584 1704
f 1644 1584 1582
f 1990 1873 1991
f 1991 1873 1874
f 1874 1740 1741
f 1873 1740 1874
f 1741 1611 1612
f 1740 1611 1741
f 1612 1583 1584
f 1611 1583 1612
f 1584 1581 1582
f 1583 1581 1584
f 1582 1607 1608
f 1581 1607 1582
f 3173 3081 3174
f 3174 3081 3082
f 3082 3003 3001
f 3081 3003 3082
f 3001 2900 2901
f 3003 2900 3001
f 2901 2857 2858
f 2900 2857 2901
f 2858 2853 2854
f 2857 2853 2858
f 2854 2893 2891
f 2853 2893 2854
f 3287 3204 3283
f 3206 3204 3287
f 3266 3173 3287
f 3287 3173 3206
f 3283 3167 3259
f 3204 3167 3283
f 3145 3081 3266
f 3266 3081 3173
f 3259 3075 3129
f 3167 3075 3259
f 3075 2994 3129
f 3081 2947 3003
f 3145 2947 3081
f 2994 2932 3129
f 3003 2800 2900
f 2947 2800 3003
f 2893 2792 2994
f 2994 2792 2932
f 2900 2765 2857
f 2800 2765 2900
f 2857 2761 2853
f 2853 2761 2893
f 2893 2761 2792
f 2765 2761 2857
f 3263 3142 3266
f 3266 3142 3145
f 3145 2944 2947
f 3142 2944 3145
f 2947 2797 2800
f 2944 2797 2947
f 2800 2762 2765
f 2797 2762 2800
f 2765 2758 2761
f 2762 2758 2765
f 2761 2789 2792
f 2758 2789 2761
f 3745 3648 3746
f 3746 3648 3646
f 3646 3568 3569
f 3648 3568 3646
f 3569 3466 3467
f 3568 3466 3569
f 3467 3423 3424
f 3466 3423 3467
f 3424 3417 3418
f 3423 3417 3424
f 3418 3459 3460
f 3417 3459 3418
f 3924 3787 3918
f 3924 3790 3787
f 3918 3740 3857
f 3787 3740 3918
f 3864 3745 3924
f 3924 3745 3790
f 3857 3641 3692
f 3740 3641 3857
f 3711 3648 3864
f 3864 3648 3745
f 3711 3568 3648
f 3558 3493 3641
f 3641 3493 3692
f 3711 3512 3568
f 3558 3459 3493
f 3417 3356 3459
f 3459 3356 3493
f 3568 3364 3466
f 3512 3364 3568
f 3417 3330 3356
f 3466 3334 3423
f 3423 3334 3417
f 3364 3334 3466
f 3417 3334 3330
f 3861 3708 3864
f 3864 3708 3711
f 3711 3509 3512
f 3708 3509 3711
f 3512 3361 3364
f 3509 3361 3512
f 3364 3331 3334
f 3361 3331 3364
f 3334 3327 3330
f 3331 3327 3334
f 3330 3353 3356
f 3327 3353 3330
f 5750 5656 5751
f 5751 5656 5657
f 5657 5593 5594
f 5656 5593 5657
f 5594 5495 5496
f 5593 5495 5594
f 5496 5445 5446
f 5495 5445 5496
f 5446 5444 5442
f 5445 5444 5446
f 5442 5489 5490
f 5444 5489 5442
f 5921 5802 5916
f 5916 5802 5797
f 5872 5750 5921
f 5921 5750 5802
f 5916 5742 5863
f 5797 5742 5916
f 5863 5651 5704
f 5742 5651 5863
f 5718 5656 5872
f 5872 5656 5750
f 5718 5593 5656
f 5587 5527 5651
f 5651 5527 5704
f 5718 5542 5593
f 5542 5495 5593
f 5489 5366 5587
f 5444 5366 5489
f 5587 5366 5527
f 5542 5379 5495
f 5445 5319 5444
f 5444 5319 5366
f 5495 5323 5445
f 5379 5323 5495
f 5445 5323 5319
f 5869 5715 5872
f 5872 5715 5718
f 5718 5539 5542
f 5715 5539 5718
f 5542 5376 5379
f 5539 5376 5542
f 5379 5320 5323
f 5376 5320 5379
f 5323 5316 5319
f 5320 5316 5323
f 5319 5363 5366
f 5316 5363 5319
f 2083 2084 2036
f 2038 2083 2036
f 2721 2459 2720
f 2720 2459 2460
f 4840 4839 4838
f 4838 4839 4837
f 4848 4838 4846
f 4840 4838 4848
f 4846 4845 4848
f 4848 4845 4847
f 4845 4837 4847
f 4847 4837 4839
f 4845 4846 4837
f 4837 4846 4838
f 4434 4454 4428
f 4428 4454 4453
f 4453 4435 4429
f 4454 4435 4453
f 4331 4359 4329
f 4329 4359 4357
f 4357 4434 4428
f 4359 4434 4357
f 4332 4315 4330
f 4330 4315 4310
f 4310 4331 4329
f 4315 4331 4310
f 4435 4360 4429
f 4429 4360 4358
f 4358 4332 4330
f 4360 4332 4358
f 4453 4429 4413
f 4358 4413 4429
f 4443 4453 4413
f 4336 4413 4358
f 4330 4336 4358
f 4412 4428 4453
f 4412 4453 4443
f 4357 4428 4412
f 4310 4323 4336
f 4310 4336 4330
f 4335 4323 4310
f 4335 4357 4412
f 4329 4357 4335
f 4329 4335 4310
f 4324 4339 4336
f 4324 4336 4323
f 4338 4323 4335
f 4338 4324 4323
f 4339 4420 4413
f 4339 4413 4336
f 4446 4419 4412
f 4446 4412 4443
f 4420 4443 4413
f 4420 4446 4443
f 4419 4338 4335
f 4419 4335 4412
f 4338 4419 4324
f 4419 4446 4324
f 4324 4420 4339
f 4446 4420 4324
f 4516 4526 4513
f 4513 4526 4523
f 4508 4516 4503
f 4503 4516 4513
f 4503 4504 4508
f 4508 4504 4509
f 4510 4509 4505
f 4505 4509 4504
f 4512 4510 4507
f 4507 4510 4505
f 4506 4511 4507
f 4507 4511 4512
f 4475 4506 4472
f 4511 4506 4475
f 4476 4472 4473
f 4475 4472 4476
f 4473 4478 4476
f 4476 4478 4481
f 4478 4552 4481
f 4481 4552 4553
f 4552 4557 4553
f 4553 4557 4561
f 4560 4557 4556
f 4561 4557 4560
f 4558 4560 4554
f 4554 4560 4556
f 4559 4554 4555
f 4558 4554 4559
f 4555 4573 4559
f 4559 4573 4575
f 4572 4574 4573
f 4573 4574 4575
f 4571 4572 4570
f 4574 4572 4571
f 4526 4570 4523
f 4571 4570 4526
f 4554 4573 4555
f 4503 4478 4473
f 4504 4503 4473
f 4505 4504 4473
f 4507 4505 4473
f 4572 4554 4556
f 4572 4556 4557
f 4572 4573 4554
f 4570 4572 4557
f 4472 4506 4507
f 4472 4507 4473
f 4523 4570 4557
f 4523 4557 4552
f 4552 4478 4503
f 4552 4503 4513
f 4552 4513 4523
f 4888 4901 4884
f 4884 4901 4897
f 4897 4889 4885
f 4901 4889 4897
f 4835 4854 4833
f 4833 4854 4852
f 4852 4888 4884
f 4854 4888 4852
f 4836 4828 4834
f 4834 4828 4827
f 4827 4835 4833
f 4828 4835 4827
f 4889 4855 4885
f 4885 4855 4853
f 4853 4836 4834
f 4855 4836 4853
f 4897 4885 4871
f 4853 4871 4885
f 4891 4897 4871
f 4842 4871 4853
f 4834 4842 4853
f 4870 4884 4897
f 4870 4897 4891
f 4852 4884 4870
f 4827 4831 4842
f 4827 4842 4834
f 4841 4831 4827
f 4841 4852 4870
f 4833 4852 4841
f 4833 4841 4827
f 4832 4844 4842
f 4832 4842 4831
f 4843 4831 4841
f 4843 4832 4831
f 4844 4874 4871
f 4844 4871 4842
f 4892 4873 4870
f 4892 4870 4891
f 4874 4891 4871
f 4874 4892 4891
f 4873 4843 4841
f 4873 4841 4870
f 4843 4873 4832
f 4873 4892 4832
f 4832 4874 4844
f 4892 4874 4832
f 4936 4935 4932
f 4935 4931 4932
f 4932 4979 4936
f 4936 4979 4981
f 4978 4980 4979
f 4979 4980 4981
f 4954 4978 4948
f 4980 4978 4954
f 4947 4953 4948
f 4948 4953 4954
f 4947 4971 4953
f 4953 4971 4975
f 4970 4974 4971
f 4971 4974 4975
f 4952 4970 4946
f 4974 4970 4952
f 4945 4951 4946
f 4946 4951 4952
f 4935 4945 4931
f 4951 4945 4935
f 4945 4946 4931
f 4946 4947 4931
f 4947 4932 4931
f 4947 4948 4932
f 4970 4971 4946
f 4946 4971 4947
f 4978 4979 4948
f 4948 4979 4932
f 4993 4990 4991
f 4992 4990 4993
f 4991 5032 4993
f 4993 5032 5034
f 5031 5033 5032
f 5032 5033 5034
f 5001 5031 4997
f 5033 5031 5001
f 4996 5000 4997
f 4997 5000 5001
f 4996 5028 5000
f 5000 5028 5030
f 5027 5029 5028
f 5028 5029 5030
f 4999 5027 4995
f 5029 5027 4999
f 4994 4998 4995
f 4995 4998 4999
f 4992 4994 4990
f 4998 4994 4992
f 4994 4995 4990
f 4995 4996 4990
f 4995 5027 4996
f 4996 4991 4990
f 4996 4997 4991
f 5027 5028 4996
f 5031 5032 4997
f 4997 5032 4991
f 5170 5196 5168
f 5168 5196 5193
f 5157 5170 5156
f 5156 5170 5168
f 5166 5156 5163
f 5157 5156 5166
f 5180 5166 5179
f 5179 5166 5163
f 5195 5180 5192
f 5192 5180 5179
f 5208 5195 5206
f 5206 5195 5192
f 5215 5208 5214
f 5214 5208 5206
f 5198 5215 5197
f 5197 5215 5214
f 5185 5197 5184
f 5198 5197 5185
f 5169 5185 5167
f 5167 5185 5184
f 5162 5169 5160
f 5160 5169 5167
f 5175 5162 5171
f 5171 5162 5160
f 5191 5175 5188
f 5188 5175 5171
f 5209 5191 5207
f 5207 5191 5188
f 5221 5209 5219
f 5219 5209 5207
f 5210 5211 5219
f 5219 5211 5221
f 5205 5211 5203
f 5203 5211 5210
f 5190 5205 5187
f 5187 5205 5203
f 5178 5190 5177
f 5177 5190 5187
f 5189 5178 5186
f 5186 5178 5177
f 5186 5201 5189
f 5189 5201 5202
f 5220 5202 5218
f 5218 5202 5201
f 5223 5220 5222
f 5222 5220 5218
f 5217 5223 5216
f 5216 5223 5222
f 5196 5217 5193
f 5193 5217 5216
f 5203 5219 5207
f 5203 5207 5188
f 5210 5219 5203
f 5187 5203 5188
f 5171 5187 5188
f 5177 5187 5171
f 5160 5177 5171
f 5197 5218 5201
f 5214 5222 5218
f 5214 5218 5197
f 5184 5201 5186
f 5184 5197 5201
f 5167 5186 5177
f 5167 5177 5160
f 5167 5184 5186
f 5216 5222 5214
f 5206 5216 5214
f 5193 5206 5192
f 5193 5216 5206
f 5179 5193 5192
f 5168 5179 5163
f 5168 5163 5156
f 5168 5193 5179
f 5239 5236 5237
f 5238 5236 5239
f 5237 5272 5239
f 5239 5272 5274
f 5271 5273 5272
f 5272 5273 5274
f 5251 5271 5245
f 5273 5271 5251
f 5244 5250 5245
f 5245 5250 5251
f 5244 5268 5250
f 5250 5268 5270
f 5267 5269 5268
f 5268 5269 5270
f 5249 5267 5243
f 5269 5267 5249
f 5242 5248 5243
f 5243 5248 5249
f 5242 5276 5248
f 5248 5276 5278
f 5275 5277 5276
f 5276 5277 5278
f 5238 5275 5236
f 5277 5275 5238
f 5242 5243 5236
f 5236 5275 5242
f 5275 5276 5242
f 5243 5237 5236
f 5244 5237 5243
f 5243 5267 5244
f 5244 5245 5237
f 5267 5268 5244
f 5271 5272 5245
f 5245 5272 5237
f 5306 5303 5304
f 5305 5303 5306
f 5288 5304 5285
f 5306 5304 5288
f 5289 5285 5286
f 5288 5285 5289
f 5286 5345 5289
f 5289 5345 5347
f 5344 5346 5345
f 5345 5346 5347
f 5314 5344 5312
f 5346 5344 5314
f 5311 5313 5312
f 5312 5313 5314
f 5305 5311 5303
f 5313 5311 5305
f 5312 5344 5345
f 5286 5312 5345
f 5286 5304 5312
f 5285 5304 5286
f 5303 5311 5312
f 5303 5312 5304
f 4216 4240 4214
f 4216 4244 4240
f 4207 4216 4206
f 4206 4216 4214
f 4217 4207 4215
f 4215 4207 4206
f 4247 4217 4243
f 4243 4217 4215
f 4271 4247 4268
f 4268 4247 4243
f 4260 4261 4268
f 4268 4261 4271
f 4246 4261 4242
f 4242 4261 4260
f 4223 4246 4221
f 4221 4246 4242
f 4213 4221 4212
f 4213 4223 4221
f 4222 4213 4220
f 4220 4213 4212
f 4245 4220 4241
f 4245 4222 4220
f 4263 4245 4262
f 4262 4245 4241
f 4262 4272 4263
f 4263 4272 4273
f 4244 4273 4240
f 4240 4273 4272
f 4243 4260 4268
f 4242 4260 4243
f 4221 4242 4243
f 4215 4221 4243
f 4240 4272 4262
f 4240 4262 4241
f 4206 4212 4221
f 4206 4221 4215
f 4220 4212 4206
f 4220 4240 4241
f 4214 4220 4206
f 4214 4240 4220
f 4312 4277 4308
f 4280 4277 4312
f 4308 4313 4312
f 4312 4313 4317
f 4313 4353 4317
f 4317 4353 4356
f 4348 4353 4347
f 4356 4353 4348
f 4340 4347 4337
f 4348 4347 4340
f 4291 4337 4290
f 4340 4337 4291
f 4286 4289 4290
f 4290 4289 4291
f 4280 4289 4277
f 4289 4286 4277
f 4286 4290 4277
f 4290 4292 4277
f 4353 4337 4347
f 4290 4337 4292
f 4353 4333 4337
f 4337 4333 4292
f 4311 4308 4307
f 4307 4308 4305
f 4305 4308 4292
f 4292 4308 4277
f 4319 4313 4314
f 4314 4313 4311
f 4311 4313 4308
f 4353 4313 4319
f 4353 4319 4333
f 4333 4334 4293
f 4333 4293 4292
f 4292 4293 4306
f 4292 4306 4305
f 4306 4309 4307
f 4306 4307 4305
f 4307 4309 4316
f 4307 4316 4311
f 4316 4318 4314
f 4316 4314 4311
f 4318 4320 4319
f 4318 4319 4314
f 4333 4320 4334
f 4333 4319 4320
f 4293 4320 4306
f 4334 4320 4293
f 4306 4318 4309
f 4320 4318 4306
f 4318 4316 4309
f 4402 4411 4401
f 4401 4411 4405
f 4396 4401 4391
f 4396 4402 4401
f 4391 4392 4396
f 4396 4392 4397
f 4398 4397 4393
f 4393 4397 4392
f 4400 4398 4395
f 4395 4398 4393
f 4394 4399 4395
f 4395 4399 4400
f 4371 4394 4369
f 4399 4394 4371
f 4372 4369 4370
f 4371 4369 4372
f 4370 4373 4372
f 4372 4373 4382
f 4373 4471 4382
f 4382 4471 4474
f 4471 4490 4474
f 4474 4490 4498
f 4495 4490 4489
f 4498 4490 4495
f 4493 4495 4485
f 4485 4495 4489
f 4494 4485 4486
f 4493 4485 4494
f 4486 4520 4494
f 4494 4520 4525
f 4519 4524 4520
f 4520 4524 4525
f 4518 4519 4517
f 4524 4519 4518
f 4411 4517 4405
f 4518 4517 4411
f 4485 4520 4486
f 4391 4373 4370
f 4392 4391 4370
f 4393 4392 4370
f 4395 4393 4370
f 4519 4485 4489
f 4519 4489 4490
f 4519 4520 4485
f 4517 4519 4490
f 4369 4394 4395
f 4369 4395 4370
f 4405 4517 4490
f 4405 4490 4471
f 4471 4373 4391
f 4471 4391 4401
f 4471 4401 4405
f 4580 4576 4577
f 4579 4576 4580
f 4577 4614 4580
f 4580 4614 4617
f 4645 4617 4639
f 4639 4617 4614
f 4661 4645 4660
f 4660 4645 4639
f 4631 4661 4628
f 4628 4661 4660
f 4628 4662 4631
f 4631 4662 4663
f 4651 4662 4642
f 4663 4662 4651
f 4621 4642 4620
f 4651 4642 4621
f 4613 4621 4609
f 4609 4621 4620
f 4589 4609 4585
f 4613 4609 4589
f 4584 4588 4585
f 4585 4588 4589
f 4579 4584 4576
f 4588 4584 4579
f 4636 4660 4639
f 4611 4639 4614
f 4611 4636 4639
f 4587 4611 4614
f 4577 4587 4614
f 4628 4660 4636
f 4610 4628 4636
f 4620 4628 4610
f 4609 4620 4610
f 4586 4587 4577
f 4586 4609 4610
f 4642 4662 4628
f 4642 4628 4620
f 4585 4609 4586
f 4576 4584 4585
f 4576 4586 4577
f 4576 4585 4586
f 4640 4615 4610
f 4640 4610 4636
f 4610 4615 4590
f 4610 4590 4586
f 4586 4590 4591
f 4586 4591 4587
f 4611 4591 4616
f 4611 4587 4591
f 4616 4640 4636
f 4616 4636 4611
f 4615 4591 4590
f 4615 4616 4591
f 4615 4640 4616
f 4686 4679 4680
f 4685 4679 4686
f 4680 4715 4686
f 4686 4715 4717
f 4714 4716 4715
f 4715 4716 4717
f 4695 4714 4691
f 4716 4714 4695
f 4690 4694 4691
f 4691 4694 4695
f 4690 4705 4694
f 4694 4705 4709
f 4704 4708 4705
f 4705 4708 4709
f 4693 4704 4689
f 4708 4704 4693
f 4688 4692 4689
f 4689 4692 4693
f 4688 4719 4692
f 4692 4719 4721
f 4718 4720 4719
f 4719 4720 4721
f 4685 4720 4679
f 4720 4718 4679
f 4688 4689 4679
f 4679 4718 4688
f 4718 4719 4688
f 4689 4680 4679
f 4690 4680 4689
f 4690 4691 4680
f 4704 4705 4689
f 4689 4705 4690
f 4714 4715 4691
f 4691 4715 4680
f 4751 4779 4749
f 4749 4779 4777
f 4729 4751 4728
f 4728 4751 4749
f 4745 4728 4744
f 4729 4728 4745
f 4757 4745 4756
f 4756 4745 4744
f 4778 4757 4776
f 4776 4757 4756
f 4798 4778 4796
f 4796 4778 4776
f 4803 4798 4802
f 4802 4798 4796
f 4783 4803 4780
f 4780 4803 4802
f 4769 4780 4768
f 4783 4780 4769
f 4750 4769 4748
f 4748 4769 4768
f 4739 4750 4734
f 4734 4750 4748
f 4753 4739 4752
f 4752 4739 4734
f 4775 4753 4772
f 4772 4753 4752
f 4799 4775 4797
f 4797 4775 4772
f 4809 4799 4807
f 4807 4799 4797
f 4800 4801 4807
f 4807 4801 4809
f 4795 4801 4792
f 4792 4801 4800
f 4774 4795 4771
f 4771 4795 4792
f 4755 4774 4754
f 4754 4774 4771
f 4773 4755 4770
f 4770 4755 4754
f 4770 4790 4773
f 4773 4790 4791
f 4808 4791 4806
f 4806 4791 4790
f 4815 4808 4814
f 4814 4808 4806
f 4805 4815 4804
f 4804 4815 4814
f 4779 4805 4777
f 4777 4805 4804
f 4792 4807 4797
f 4792 4797 4772
f 4800 4807 4792
f 4771 4792 4772
f 4752 4771 4772
f 4754 4771 4752
f 4734 4754 4752
f 4780 4806 4790
f 4802 4814 4806
f 4802 4806 4780
f 4768 4790 4770
f 4768 4780 4790
f 4748 4770 4754
f 4748 4754 4734
f 4748 4768 4770
f 4804 4814 4802
f 4796 4804 4802
f 4777 4796 4776
f 4777 4804 4796
f 4756 4777 4776
f 4749 4756 4744
f 4749 4744 4728
f 4749 4777 4756
f 4880 4910 4876
f 4876 4910 4908
f 4859 4880 4858
f 4858 4880 4876
f 4872 4858 4869
f 4859 4858 4872
f 4890 4872 4887
f 4887 4872 4869
f 4909 4890 4907
f 4907 4890 4887
f 4925 4909 4921
f 4921 4909 4907
f 4938 4925 4937
f 4937 4925 4921
f 4912 4938 4911
f 4911 4938 4937
f 4896 4911 4895
f 4912 4911 4896
f 4879 4896 4875
f 4875 4896 4895
f 4868 4879 4865
f 4865 4879 4875
f 4882 4868 4881
f 4881 4868 4865
f 4904 4882 4900
f 4900 4882 4881
f 4926 4904 4922
f 4922 4904 4900
f 4944 4926 4942
f 4942 4926 4922
f 4927 4928 4942
f 4942 4928 4944
f 4918 4928 4917
f 4917 4928 4927
f 4903 4918 4899
f 4899 4918 4917
f 4886 4903 4883
f 4883 4903 4899
f 4902 4883 4898
f 4902 4886 4883
f 4898 4915 4902
f 4902 4915 4916
f 4943 4916 4941
f 4941 4916 4915
f 4960 4941 4955
f 4960 4943 4941
f 4940 4955 4939
f 4940 4960 4955
f 4910 4940 4908
f 4908 4940 4939
f 4917 4942 4922
f 4917 4922 4900
f 4927 4942 4917
f 4899 4917 4900
f 4881 4899 4900
f 4883 4899 4881
f 4865 4883 4881
f 4911 4941 4915
f 4937 4955 4941
f 4937 4941 4911
f 4895 4915 4898
f 4895 4911 4915
f 4875 4898 4883
f 4875 4883 4865
f 4875 4895 4898
f 4939 4955 4937
f 4921 4939 4937
f 4908 4921 4907
f 4908 4939 4921
f 4887 4908 4907
f 4876 4887 4869
f 4876 4869 4858
f 4876 4908 4887
f 4977 4972 4973
f 4976 4972 4977
f 4963 4973 4961
f 4977 4973 4963
f 4964 4961 4962
f 4963 4961 4964
f 4962 5005 4964
f 4964 5005 5007
f 5004 5006 5005
f 5005 5006 5007
f 4985 5004 4983
f 5006 5004 4985
f 4982 4984 4983
f 4983 4984 4985
f 4976 4984 4972
f 4984 4982 4972
f 4983 5004 5005
f 4962 4983 5005
f 4962 4973 4983
f 4961 4973 4962
f 4972 4982 4983
f 4972 4983 4973
f 5053 5060 5050
f 5050 5060 5059
f 5059 5054 5051
f 5060 5054 5059
f 5014 5039 5012
f 5012 5039 5037
f 5037 5053 5050
f 5039 5053 5037
f 5015 5009 5013
f 5013 5009 5008
f 5008 5014 5012
f 5009 5014 5008
f 5054 5040 5051
f 5051 5040 5038
f 5038 5015 5013
f 5040 5015 5038
f 5059 5051 5044
f 5038 5044 5051
f 5056 5059 5044
f 5020 5044 5038
f 5013 5020 5038
f 5043 5050 5059
f 5043 5059 5056
f 5037 5050 5043
f 5008 5010 5020
f 5008 5020 5013
f 5019 5010 5008
f 5019 5037 5043
f 5012 5037 5019
f 5012 5019 5008
f 5011 5024 5020
f 5011 5020 5010
f 5023 5010 5019
f 5023 5011 5010
f 5024 5046 5044
f 5024 5044 5020
f 5057 5045 5043
f 5057 5043 5056
f 5046 5056 5044
f 5046 5057 5056
f 5045 5023 5019
f 5045 5019 5043
f 5023 5045 5011
f 5045 5057 5011
f 5011 5046 5024
f 5057 5046 5011
f 5068 5065 5066
f 5067 5065 5068
f 5066 5084 5068
f 5068 5084 5087
f 5096 5087 5093
f 5093 5087 5084
f 5100 5093 5099
f 5100 5096 5093
f 5091 5099 5090
f 5091 5100 5099
f 5090 5101 5091
f 5091 5101 5102
f 5097 5101 5095
f 5102 5101 5097
f 5089 5095 5088
f 5097 5095 5089
f 5083 5089 5080
f 5080 5089 5088
f 5074 5080 5070
f 5083 5080 5074
f 5069 5073 5070
f 5070 5073 5074
f 5067 5069 5065
f 5073 5069 5067
f 5092 5099 5093
f 5082 5093 5084
f 5082 5092 5093
f 5072 5082 5084
f 5066 5072 5084
f 5090 5099 5092
f 5081 5090 5092
f 5088 5090 5081
f 5080 5088 5081
f 5071 5072 5066
f 5071 5080 5081
f 5095 5101 5090
f 5095 5090 5088
f 5070 5080 5071
f 5065 5069 5070
f 5065 5071 5066
f 5065 5070 5071
f 5094 5085 5081
f 5094 5081 5092
f 5081 5085 5075
f 5081 5075 5071
f 5071 5075 5076
f 5071 5076 5072
f 5082 5076 5086
f 5082 5072 5076
f 5086 5094 5092
f 5086 5092 5082
f 5085 5086 5075
f 5075 5086 5076
f 5085 5094 5086
f 4464 4492 4466
f 4466 4492 4500
f 4491 4499 4492
f 4492 4499 4500
f 4491 4929 4499
f 4499 4929 4933
f 4934 4929 4930
f 4933 4929 4934
f 4930 4950 4934
f 4934 4950 4957
f 4949 4956 4950
f 4950 4956 4957
f 4465 4949 4463
f 4956 4949 4465
f 4466 4463 4464
f 4465 4463 4466
f 4929 4950 4930
f 4949 4950 4929
f 4491 4492 4464
f 4463 4491 4464
f 4463 4949 4491
f 4491 4949 4929
f 6177 6159 6174
f 6174 6159 6155
f 6186 6177 6185
f 6185 6177 6174
f 6178 6186 6175
f 6175 6186 6185
f 6162 6175 6158
f 6162 6178 6175
f 6140 6162 6136
f 6136 6162 6158
f 6147 6148 6136
f 6136 6148 6140
f 6161 6148 6157
f 6157 6148 6147
f 6172 6157 6170
f 6172 6161 6157
f 6180 6172 6179
f 6179 6172 6170
f 6171 6180 6169
f 6169 6180 6179
f 6160 6171 6156
f 6156 6171 6169
f 6146 6156 6145
f 6146 6160 6156
f 6145 6134 6146
f 6146 6134 6135
f 6159 6135 6155
f 6155 6135 6134
f 6158 6147 6136
f 6157 6147 6158
f 6170 6157 6158
f 6175 6170 6158
f 6155 6134 6145
f 6155 6145 6156
f 6185 6179 6170
f 6185 6170 6175
f 6169 6179 6185
f 6169 6155 6156
f 6174 6169 6185
f 6174 6155 6169
f 6129 6106 6130
f 6106 6109 6130
f 6102 6105 6106
f 6106 6105 6109
f 6082 6105 6081
f 6081 6105 6102
f 6086 6087 6081
f 6081 6087 6082
f 6091 6086 6090
f 6087 6086 6091
f 6121 6122 6090
f 6090 6122 6091
f 6125 6126 6121
f 6121 6126 6122
f 6129 6130 6125
f 6125 6130 6126
f 6106 6103 6102
f 6103 6101 6102
f 6106 6108 6103
f 6101 6097 6102
f 6106 6111 6108
f 6097 6093 6102
f 6093 6081 6102
f 6090 6081 6093
f 6090 6086 6081
f 6093 6118 6090
f 6118 6121 6090
f 6121 6129 6125
f 6118 6129 6121
f 6106 6129 6111
f 6111 6129 6118
f 6119 6118 6093
f 6119 6093 6095
f 6112 6111 6118
f 6112 6118 6119
f 6112 6110 6108
f 6112 6108 6111
f 6107 6103 6108
f 6107 6108 6110
f 6107 6104 6101
f 6107 6101 6103
f 6104 6100 6097
f 6104 6097 6101
f 6100 6095 6093
f 6100 6093 6097
f 6110 6104 6107
f 6110 6112 6104
f 6112 6100 6104
f 6112 6119 6100
f 6119 6095 6100
f 6055 6050 6053
f 6053 6050 6049
f 6065 6053 6060
f 6065 6055 6053
f 6064 6065 6059
f 6059 6065 6060
f 6063 6064 6058
f 6058 6064 6059
f 6062 6063 6057
f 6057 6063 6058
f 6061 6062 6056
f 6056 6062 6057
f 6070 6073 6056
f 6056 6073 6061
f 6074 6070 6071
f 6073 6070 6074
f 6068 6069 6071
f 6071 6069 6074
f 6032 6069 6029
f 6029 6069 6068
f 6021 6032 6017
f 6017 6032 6029
f 6022 6017 6018
f 6021 6017 6022
f 6023 6022 6019
f 6019 6022 6018
f 6024 6019 6020
f 6023 6019 6024
f 6008 6010 6020
f 6020 6010 6024
f 6009 6010 6007
f 6007 6010 6008
f 6013 6014 6007
f 6007 6014 6009
f 6050 6013 6049
f 6014 6013 6050
f 6019 6008 6020
f 6060 6068 6071
f 6059 6060 6071
f 6058 6059 6071
f 6057 6058 6071
f 6007 6019 6018
f 6007 6018 6017
f 6007 6008 6019
f 6013 6007 6017
f 6070 6056 6057
f 6070 6057 6071
f 6049 6013 6017
f 6049 6017 6029
f 6029 6068 6060
f 6029 6060 6053
f 6029 6053 6049
f 4785 4781 4782
f 4784 4781 4785
f 4736 4741 4782
f 4782 4741 4785
f 4712 4741 4707
f 4707 4741 4736
f 4701 4707 4700
f 4701 4712 4707
f 4711 4701 4706
f 4706 4701 4700
f 4740 4711 4735
f 4735 4711 4706
f 4761 4765 4735
f 4735 4765 4740
f 4764 4765 4760
f 4760 4765 4761
f 4781 4784 4760
f 4760 4784 4764
f 4710 4700 4707
f 4738 4707 4736
f 4738 4710 4707
f 4763 4738 4736
f 4706 4700 4710
f 4782 4763 4736
f 4737 4706 4710
f 4735 4706 4737
f 4762 4763 4782
f 4761 4737 4762
f 4761 4735 4737
f 4781 4760 4761
f 4781 4762 4782
f 4781 4761 4762
f 4713 4742 4737
f 4713 4737 4710
f 4766 4762 4737
f 4766 4737 4742
f 4762 4766 4767
f 4762 4767 4763
f 4743 4738 4763
f 4743 4763 4767
f 4743 4713 4710
f 4743 4710 4738
f 4766 4742 4767
f 4767 4742 4743
f 4742 4713 4743
f 4699 4678 4698
f 4684 4678 4699
f 4696 4697 4698
f 4698 4697 4699
f 4687 4697 4681
f 4681 4697 4696
f 4676 4687 4671
f 4671 4687 4681
f 4670 4672 4671
f 4671 4672 4676
f 4669 4672 4666
f 4666 4672 4670
f 4646 4654 4666
f 4666 4654 4669
f 4638 4644 4646
f 4646 4644 4654
f 4612 4644 4608
f 4608 4644 4638
f 4606 4612 4602
f 4602 4612 4608
f 4600 4605 4602
f 4602 4605 4606
f 4603 4605 4599
f 4599 4605 4600
f 4597 4603 4596
f 4596 4603 4599
f 4578 4581 4596
f 4596 4581 4597
f 4564 4565 4578
f 4578 4565 4581
f 4598 4601 4564
f 4564 4601 4565
f 4604 4607 4598
f 4598 4607 4601
f 4635 4604 4634
f 4607 4604 4635
f 4643 4635 4637
f 4637 4635 4634
f 4650 4637 4641
f 4643 4637 4650
f 4647 4655 4641
f 4641 4655 4650
f 4657 4655 4656
f 4656 4655 4647
f 4675 4677 4656
f 4656 4677 4657
f 4678 4684 4675
f 4675 4684 4677
f 4641 4638 4646
f 4596 4564 4578
f 4600 4596 4599
f 4598 4600 4602
f 4598 4596 4600
f 4598 4564 4596
f 4604 4598 4602
f 4681 4696 4698
f 4678 4671 4681
f 4678 4681 4698
f 4678 4675 4671
f 4675 4656 4671
f 4671 4656 4670
f 4670 4656 4666
f 4634 4604 4602
f 4634 4602 4608
f 4608 4638 4641
f 4608 4641 4637
f 4608 4637 4634
f 4646 4666 4641
f 4641 4666 4647
f 4647 4666 4656
f 4549 4545 4546
f 4548 4545 4549
f 4543 4544 4546
f 4546 4544 4549
f 4482 4544 4479
f 4479 4544 4543
f 4410 4414 4479
f 4479 4414 4482
f 4404 4409 4410
f 4410 4409 4414
f 4408 4409 4403
f 4403 4409 4404
f 4431 4437 4403
f 4403 4437 4408
f 4438 4431 4432
f 4437 4431 4438
f 4436 4438 4430
f 4430 4438 4432
f 4427 4433 4430
f 4430 4433 4436
f 4439 4442 4427
f 4427 4442 4433
f 4452 4442 4449
f 4449 4442 4439
f 4477 4480 4449
f 4449 4480 4452
f 4483 4484 4477
f 4477 4484 4480
f 4532 4483 4531
f 4484 4483 4532
f 4534 4532 4533
f 4533 4532 4531
f 4542 4533 4538
f 4534 4533 4542
f 4541 4542 4537
f 4537 4542 4538
f 4540 4541 4536
f 4536 4541 4537
f 4539 4540 4535
f 4535 4540 4536
f 4545 4548 4535
f 4535 4548 4539
f 4427 4404 4410
f 4430 4404 4427
f 4432 4404 4430
f 4403 4404 4432
f 4538 4543 4546
f 4431 4403 4432
f 4537 4538 4546
f 4477 4449 4479
f 4536 4537 4546
f 4483 4477 4479
f 4483 4479 4531
f 4545 4535 4536
f 4545 4536 4546
f 4410 4479 4427
f 4427 4479 4439
f 4439 4479 4449
f 4479 4543 4538
f 4479 4538 4533
f 4479 4533 4531
f 5139 5109 5018
f 5139 5018 4878
f 5139 4878 4824
f 5139 4824 5174
f 2706 2707 2435
f 2435 2707 2436
f 2085 2043 2086
f 2086 2043 2044
f 2117 2113 2080
f 2080 2113 2078
f 2078 2107 2075
f 2113 2107 2078
f 2075 2103 2071
f 2107 2103 2075
f 2071 2097 2065
f 2103 2097 2071
f 2065 2092 2059
f 2097 2092 2065
f 2059 2091 2056
f 2092 2091 2059
f 2314 2300 2124
f 2124 2300 2118
f 2118 2260 2109
f 2300 2260 2118
f 2109 2216 2105
f 2105 2216 2101
f 2260 2216 2109
f 2216 2197 2101
f 2101 2176 2095
f 2095 2176 2094
f 2197 2176 2101
f 2176 2163 2094
f 2681 2673 2353
f 2353 2673 2331
f 2331 2651 2287
f 2673 2651 2331
f 2287 2603 2237
f 2651 2603 2287
f 2237 2533 2203
f 2203 2533 2184
f 2603 2533 2237
f 2184 2499 2182
f 2533 2499 2184
f 2499 2478 2182
f 2288 2332 2436
f 2436 2238 2288
f 2332 2353 2436
f 2353 2435 2436
f 2436 2204 2238
f 2353 2331 2435
f 2331 2287 2435
f 2287 2237 2435
f 2204 2110 2185
f 2436 2110 2204
f 2110 2119 2185
f 2436 2106 2110
f 2185 2124 2182
f 2119 2124 2185
f 2182 2118 2184
f 2124 2118 2182
f 2184 2109 2203
f 2118 2109 2184
f 2203 2105 2237
f 2109 2105 2203
f 2102 2079 2096
f 2076 2079 2102
f 2096 2080 2094
f 2079 2080 2096
f 2106 2044 2102
f 2076 2044 2072
f 2102 2044 2076
f 2044 2066 2072
f 2094 2078 2095
f 2080 2078 2094
f 2044 2060 2066
f 2095 2075 2101
f 2078 2075 2095
f 2044 2056 2060
f 2101 2071 2105
f 2075 2071 2101
f 2044 2043 2056
f 2065 2043 2071
f 2059 2043 2065
f 2056 2043 2059
f 2043 2435 2071
f 2071 2435 2105
f 2105 2435 2237
f 2436 2044 2106
f 2533 2478 2499
f 2533 2500 2478
f 2533 2534 2500
f 2673 2674 2652
f 2673 2681 2674
f 2651 2533 2603
f 2651 2604 2534
f 2651 2652 2604
f 2651 2673 2652
f 2651 2534 2533
f 2197 2163 2176
f 2197 2177 2163
f 2197 2196 2177
f 2314 2301 2261
f 2260 2197 2216
f 2260 2217 2196
f 2260 2196 2197
f 2300 2261 2217
f 2300 2314 2261
f 2300 2217 2260
f 2097 2091 2092
f 2097 2093 2091
f 2097 2098 2093
f 2113 2103 2107
f 2113 2097 2103
f 2113 2104 2098
f 2113 2108 2104
f 2113 2114 2108
f 2113 2117 2114
f 2113 2098 2097
f 2055 2051 2054
f 2054 2051 2050
f 2050 2053 2052
f 2051 2053 2050
f 2052 2058 2057
f 2053 2058 2052
f 2714 2724 2722
f 2682 2698 2716
f 2682 2716 2724
f 2682 2724 2714
f 2665 2682 2714
f 2063 2069 2067
f 2057 2714 2069
f 2057 2665 2714
f 2050 2063 2054
f 2052 2057 2069
f 2052 2069 2063
f 2052 2063 2050
f 2069 2714 2070
f 2070 2714 2715
f 2069 2068 2067
f 2070 2068 2069
f 2067 2064 2063
f 2068 2064 2067
f 2063 2055 2054
f 2064 2055 2063
f 2666 2665 2058
f 2058 2665 2057
f 2666 2683 2665
f 2665 2683 2682
f 2682 2699 2698
f 2683 2699 2682
f 2698 2717 2716
f 2699 2717 2698
f 2716 2725 2724
f 2717 2725 2716
f 2724 2723 2722
f 2725 2723 2724
f 2722 2715 2714
f 2723 2715 2722
f 2717 2699 2725
f 2725 2683 2723
f 2699 2683 2725
f 2723 2666 2715
f 2683 2666 2723
f 2715 2058 2070
f 2070 2058 2068
f 2068 2058 2064
f 2666 2058 2715
f 2064 2051 2055
f 2053 2051 2058
f 2058 2051 2064
f 5259 5279 5182
f 5182 5279 5212
f 5212 5294 5229
f 5279 5294 5212
f 5229 5296 5235
f 5294 5296 5229
f 5235 5295 5230
f 5230 5295 5213
f 5296 5295 5235
f 5295 5280 5213
f 5213 5260 5183
f 5280 5260 5213
f 3736 3775 3735
f 3735 3775 3774
f 3774 3772 3771
f 3775 3772 3774
f 3771 3732 3731
f 3772 3732 3771
f 3731 3694 3693
f 3732 3694 3731
f 3693 3625 3624
f 3694 3625 3693
f 3624 3587 3586
f 3625 3587 3624
f 1726 1767 1727
f 1727 1767 1768
f 1768 1833 1834
f 1767 1833 1768
f 1834 1876 1877
f 1833 1876 1834
f 1877 1896 1897
f 1876 1896 1877
f 1897 1898 1899
f 1896 1898 1897
f 1899 1878 1879
f 1898 1878 1899
f 2920 3015 2921
f 2921 3015 3016
f 3016 3061 3062
f 3015 3061 3016
f 3062 3148 3149
f 3061 3148 3062
f 3149 3159 3160
f 3148 3159 3149
f 3160 3163 3164
f 3159 3163 3160
f 3164 3151 3152
f 3163 3151 3164
f 3166 2461 2136
f 2136 2461 2037
f 3165 2461 3166
f 3165 2460 2461
f 2037 2036 2136
f 2136 2036 2135
f 5017 4237 4201
f 4201 4237 3613
f 6222 5822 5923
f 5923 5822 5135
f 1798 1799 2026
f 2026 1799 2027
f 1808 2028 1809
f 1809 2028 2029
f 2733 2734 2942
f 2942 2734 2943
f 3108 3109 3298
f 3298 3109 3299
f 5105 5114 4821
f 4821 5114 4849
f 4849 5137 4969
f 5114 5137 4849
f 4969 5252 5062
f 5062 5252 5121
f 5137 5252 4969
f 5252 5373 5121
f 5121 5576 5147
f 5373 5576 5121
f 5147 5623 5173
f 5576 5623 5147
f 4820 5104 4821
f 4821 5104 5105
f 3151 3067 3152
f 3152 3067 3068
f 3068 3018 3019
f 3067 3018 3068
f 3019 2923 2924
f 3018 2923 3019
f 2924 2906 2907
f 2923 2906 2924
f 2907 2902 2903
f 2906 2902 2907
f 2903 2920 2921
f 2902 2920 2903
f 1878 1836 1879
f 1879 1836 1837
f 1837 1772 1773
f 1836 1772 1837
f 1773 1728 1729
f 1772 1728 1773
f 1729 1708 1709
f 1728 1708 1729
f 1709 1706 1707
f 1708 1706 1709
f 1707 1726 1727
f 1706 1726 1707
f 3051 3109 3108
f 3051 3108 3050
f 3021 3050 3020
f 3021 3051 3050
f 2943 3020 2942
f 2943 3021 3020
f 2042 2029 2028
f 2042 2028 2041
f 2040 2041 2039
f 2040 2042 2041
f 2027 2039 2026
f 2027 2040 2039
f 5134 5922 5135
f 5135 5922 5923
f 6221 5822 6222
f 5821 5822 6221
f 5016 4237 5017
f 4236 4237 5016
f 3614 4200 3613
f 3613 4200 4201
f 3587 3564 3586
f 3586 3564 3563
f 3563 3567 3566
f 3564 3567 3563
f 3566 3594 3593
f 3567 3594 3566
f 3593 3628 3627
f 3594 3628 3593
f 3627 3698 3697
f 3628 3698 3627
f 3697 3736 3735
f 3698 3736 3697
f 3049 3289 3063
f 3310 3049 3039
f 3310 3039 3005
f 3310 3289 3049
f 3963 4001 4097
f 3963 4097 3324
f 3942 3963 3324
f 3929 3942 3324
f 2508 2289 2264
f 2508 2543 2289
f 2594 3005 2289
f 2594 3310 3005
f 2594 2289 2543
f 2471 2264 2227
f 2471 2508 2264
f 2626 3312 3310
f 2626 3310 2594
f 2498 2600 2548
f 2458 2227 2208
f 2458 2471 2227
f 2440 2458 2208
f 2628 2600 2498
f 2494 2498 2469
f 2695 2626 2640
f 2695 2640 2644
f 2695 3312 2626
f 2562 2628 2498
f 2562 2494 2524
f 2562 2498 2494
f 2642 2644 2628
f 2701 3320 3312
f 2701 3312 2695
f 2602 2628 2562
f 2602 2642 2628
f 2570 2602 2562
f 2676 2701 2680
f 2676 2680 2670
f 2676 2670 2668
f 2676 2668 2664
f 2586 2570 2520
f 2586 2602 2570
f 2685 2701 2676
f 2705 2701 2685
f 2705 2729 2701
f 2747 2701 2729
f 2747 3320 2701
f 2678 2713 2705
f 2678 2705 2685
f 2128 2440 2208
f 2741 2738 2713
f 2711 2713 2678
f 2711 2741 2713
f 2660 2678 2650
f 2658 2650 2612
f 2658 2660 2650
f 2757 2755 2751
f 2757 2784 2755
f 2344 2475 2465
f 2687 2691 2689
f 2305 2465 2440
f 2305 2440 2128
f 2305 2128 2148
f 2305 2344 2465
f 2693 2719 2697
f 2693 2697 2691
f 2693 2691 2687
f 2867 3324 3320
f 2867 2747 2755
f 2867 3320 2747
f 2867 2755 2784
f 2867 3929 3324
f 2385 2520 2475
f 2385 2475 2344
f 2385 2586 2520
f 2385 2612 2586
f 2112 2128 2208
f 2134 2146 2130
f 2134 2130 2123
f 2152 2148 2146
f 2126 2121 2116
f 2162 2305 2148
f 2162 2148 2152
f 2140 2146 2134
f 2140 2152 2146
f 2140 2134 2126
f 2409 2612 2385
f 2709 2719 2693
f 2736 2719 2709
f 2736 2751 2719
f 2736 2757 2751
f 2371 2369 2309
f 2132 2140 2126
f 2132 2126 2116
f 2346 2371 2309
f 2313 2346 2309
f 2231 2162 2175
f 2231 2305 2162
f 2229 2231 2175
f 2448 2409 2389
f 2731 2709 2703
f 2731 2736 2709
f 2270 2259 2257
f 2270 2272 2259
f 2189 2229 2175
f 2488 2612 2409
f 2488 2409 2448
f 2488 2658 2612
f 2142 2132 2116
f 2375 2389 2359
f 2375 2359 2320
f 2375 2448 2389
f 2202 2229 2189
f 2171 2175 2165
f 2171 2189 2175
f 2154 2171 2165
f 2179 2200 2187
f 2303 2320 2272
f 2303 2272 2270
f 2303 2375 2320
f 2512 2658 2488
f 2743 2731 2703
f 2160 2171 2154
f 2206 2200 2179
f 2211 2229 2202
f 2336 2303 2295
f 2336 2375 2303
f 2181 2179 2167
f 2173 2154 2142
f 2173 2160 2154
f 2193 2206 2179
f 2193 2179 2181
f 2193 2211 2206
f 2195 2211 2193
f 2598 2703 2658
f 2598 2658 2512
f 2598 2512 2480
f 2610 2703 2598
f 2610 2743 2703
f 2263 2295 2211
f 2263 2336 2295
f 2253 2263 2211
f 2047 2173 2142
f 2047 2116 2112
f 2047 2142 2116
f 2047 2112 2208
f 2284 2282 2280
f 2274 2280 2282
f 2274 2282 2276
f 2299 2367 2336
f 2215 2211 2195
f 2215 2253 2211
f 2215 2243 2253
f 2219 2243 2215
f 2219 2241 2243
f 2213 2215 2195
f 2213 2195 2173
f 2226 2241 2219
f 2226 2245 2241
f 2249 2245 2226
f 2221 2213 2173
f 2221 2173 2047
f 2234 2249 2226
f 3305 3929 2867
f 3305 2867 2914
f 3305 2914 2897
f 2377 2367 2299
f 2377 2419 2367
f 2377 2432 2419
f 2532 2484 2463
f 2383 2463 2432
f 2383 2432 2377
f 2307 2268 2251
f 2307 2297 2268
f 2291 2307 2251
f 2338 2330 2326
f 2338 2326 2322
f 3296 3305 2897
f 2522 2532 2463
f 2421 2463 2383
f 2278 2251 2236
f 2278 2291 2251
f 2355 2383 2338
f 2401 2421 2383
f 2401 2383 2355
f 2434 2522 2463
f 2434 2463 2421
f 2454 2522 2434
f 2293 2278 2236
f 2293 2236 2221
f 2293 2221 2047
f 3293 2897 2788
f 3293 3296 2897
f 2405 2438 2444
f 2405 2444 2428
f 2405 2428 2413
f 2397 2355 2340
f 2397 2401 2355
f 2342 2340 2318
f 2352 2340 2342
f 2352 2397 2340
f 2415 2438 2405
f 2403 2397 2352
f 2350 2403 2352
f 2334 2342 2318
f 2334 2318 2293
f 3291 3293 2788
f 3291 2788 2777
f 2506 2530 2522
f 2506 2522 2454
f 2506 2454 2452
f 2361 2403 2350
f 2514 2530 2506
f 2399 2403 2361
f 2357 2334 2293
f 2407 2438 2415
f 2407 2506 2452
f 2407 2452 2438
f 2379 2399 2361
f 2545 2530 2514
f 2424 2381 2357
f 2424 2407 2381
f 2587 2545 2557
f 2587 2530 2545
f 2526 2514 2446
f 2526 2557 2545
f 2526 2545 2514
f 2528 2587 2557
f 2528 2557 2526
f 2608 2610 2530
f 2608 2777 2743
f 2608 2743 2610
f 2608 2530 2587
f 2477 2526 2446
f 2486 2526 2477
f 2486 2477 2473
f 2518 2564 2536
f 2616 2614 2564
f 2584 2564 2518
f 2584 2616 2564
f 2638 2614 2616
f 2638 3291 2777
f 2638 2608 2614
f 2638 2777 2608
f 2422 2293 2047
f 2422 2473 2424
f 2422 2516 2490
f 2422 3291 2638
f 2422 2624 2584
f 2422 2584 2518
f 2422 2638 2624
f 2422 2518 2516
f 2422 2357 2293
f 2422 2490 2486
f 2422 2424 2357
f 2422 2486 2473
f 2295 2229 2211
f 2231 2313 2309
f 2231 2309 2305
f 2516 2587 2528
f 2516 2528 2490
f 2243 2274 2276
f 2243 2276 2253
f 2263 2299 2336
f 2297 2255 2268
f 2247 2268 2255
f 2432 2598 2419
f 2419 2598 2480
f 2642 2695 2644
f 2307 2377 2297
f 2297 2377 2299
f 2383 2330 2338
f 2424 2506 2407
f 2660 2711 2678
f 4185 4233 4257
f 4183 4185 4257
f 4229 4233 4185
f 3482 4257 4877
f 4725 5959 4877
f 4725 4877 4257
f 3506 3561 3457
f 3532 3561 3506
f 3965 3482 3589
f 3965 3589 3604
f 3965 4183 4257
f 3965 4257 3482
f 3539 3577 3561
f 3539 3561 3532
f 3553 3574 3577
f 3553 3577 3539
f 3478 3431 3405
f 3996 4183 3965
f 3636 3608 3610
f 3636 3610 3606
f 4811 5959 4725
f 3517 3545 3519
f 3472 3478 3405
f 3600 3606 3592
f 3600 3636 3606
f 3598 3600 3592
f 3598 3592 3580
f 4623 4388 4375
f 3508 3545 3517
f 3508 3598 3580
f 3508 3580 3545
f 3717 3608 3636
f 3717 3604 3608
f 3717 3965 3604
f 3318 3352 3428
f 3318 3457 3482
f 3318 3428 3457
f 3318 3482 4877
f 3726 3965 3717
f 3499 3598 3508
f 3319 3499 3472
f 3319 3405 3352
f 3319 3472 3405
f 3319 3352 3318
f 3596 3499 3319
f 3596 3598 3499
f 3796 3965 3726
f 4625 4659 4623
f 4530 4623 4375
f 3779 3796 3726
f 3612 3596 3319
f 3723 3779 3726
f 3752 3779 3723
f 3752 3723 3721
f 4813 5959 4811
f 4569 4625 4623
f 4569 4623 4530
f 3674 3612 3319
f 3674 3752 3721
f 3674 3664 3612
f 3674 3721 3664
f 3894 3965 3796
f 4146 4225 4187
f 4146 4187 4063
f 3868 3876 3779
f 3868 3779 3752
f 3880 3882 3876
f 3872 3876 3868
f 3872 3880 3876
f 3933 3908 3902
f 3933 3902 3896
f 4733 5959 4813
f 3878 3886 3884
f 3878 3884 3874
f 3892 3896 3886
f 3892 3933 3896
f 3890 3892 3886
f 3890 3886 3878
f 3870 3890 3878
f 4328 4344 4225
f 3952 3908 3933
f 3866 3890 3870
f 3961 4063 3952
f 4362 4344 4328
f 4522 4344 4362
f 3888 3866 3839
f 3888 3839 3794
f 3888 3890 3866
f 4219 4225 4146
f 3998 4063 3961
f 3959 3998 3961
f 3959 3994 3998
f 4023 4063 3998
f 3935 3937 3910
f 3976 3984 3986
f 3982 3984 3976
f 3980 3976 3969
f 3980 3982 3976
f 3974 3980 3969
f 4051 4023 4013
f 4051 4063 4023
f 4051 4146 4063
f 4027 4051 4013
f 4027 4013 4009
f 4027 4047 4051
f 4021 4027 4009
f 4021 4009 4005
f 4011 4021 4005
f 4007 4011 4005
f 3971 3969 3950
f 3971 3974 3969
f 4000 4007 4005
f 4059 4146 4051
f 3967 3971 3950
f 4038 4044 4040
f 4038 4040 4034
f 4038 4034 4025
f 4029 4038 4025
f 4029 4025 4019
f 4015 4029 4019
f 4015 4019 3990
f 4015 3990 3988
f 4015 3988 3978
f 4087 4146 4059
f 4087 4059 4055
f 4083 4085 4087
f 4081 4083 4087
f 4081 4087 4055
f 4036 4055 4031
f 4355 4522 4362
f 4355 4653 4522
f 4057 4061 4053
f 4075 4077 4061
f 4069 4075 4061
f 4069 4073 4075
f 4071 4073 4069
f 4118 4128 4100
f 4118 4100 4093
f 4144 4100 4128
f 4112 4118 4093
f 4079 4108 4112
f 4079 4112 4093
f 4126 4140 4132
f 4126 4132 4124
f 4239 4355 4249
f 4104 4108 4079
f 4089 4104 4079
f 4114 4108 4104
f 4163 4140 4126
f 4191 4239 4158
f 4199 4239 4191
f 4179 4199 4191
f 4179 4191 4175
f 4138 4150 4114
f 4171 4175 4163
f 4171 4179 4175
f 4142 4150 4138
f 4142 4152 4150
f 4167 4179 4171
f 4197 4179 4167
f 4165 4197 4167
f 4165 4167 4156
f 4165 4156 4148
f 4165 4148 4134
f 4165 4134 4116
f 4259 4239 4255
f 4259 4355 4239
f 4231 4255 4227
f 4209 4227 4205
f 4209 4205 4177
f 4209 4231 4227
f 4209 4235 4231
f 3625 3794 3781
f 3625 3781 3674
f 3625 3910 3888
f 3625 3888 3794
f 3694 3978 3967
f 3694 3950 3935
f 3694 3935 3910
f 3694 3967 3950
f 3694 3910 3625
f 4193 4209 4177
f 4193 4211 4209
f 3732 4015 3978
f 3732 3978 3694
f 3732 4057 4053
f 3732 4031 4015
f 3732 4053 4036
f 3732 4036 4031
f 3587 3625 3674
f 3587 3674 3319
f 3772 4057 3732
f 3772 4079 4057
f 3772 4116 4089
f 3772 4089 4079
f 3564 3587 3319
f 4346 4355 4259
f 4352 4355 4346
f 4326 4346 4295
f 4326 4352 4346
f 4303 4326 4295
f 3775 4177 4165
f 3775 4165 4116
f 3775 4116 3772
f 3775 4193 4177
f 4297 4303 4276
f 4297 4326 4303
f 4279 4297 4276
f 4267 4279 4253
f 4456 4355 4352
f 3736 4193 3775
f 4468 4653 4355
f 4468 4733 4653
f 4468 4355 4456
f 4488 4733 4468
f 4377 4426 4326
f 4390 4426 4377
f 4407 4426 4390
f 4407 4448 4426
f 4424 4448 4407
f 4424 4441 4448
f 4350 4301 4288
f 4497 4733 4488
f 4497 5959 4733
f 3381 3564 3319
f 3381 3567 3564
f 3381 3594 3567
f 4384 4416 4386
f 4342 4350 4288
f 4379 4416 4384
f 4379 4451 4416
f 3416 3594 3381
f 4368 4451 4379
f 4368 4460 4451
f 3447 3594 3416
f 3484 3594 3447
f 3484 3628 3594
f 3484 3698 3628
f 4283 4342 4288
f 4283 4253 4193
f 4283 4368 4342
f 4283 4288 4267
f 4283 3698 3484
f 4283 4267 4253
f 4283 3736 3698
f 4283 4193 3736
f 4304 4460 4368
f 4304 4368 4283
f 4304 4497 4470
f 4304 4470 4460
f 4304 5959 4497
f 4199 4255 4239
f 3428 3506 3457
f 4239 4146 4158
f 4158 4146 4144
f 4144 4146 4100
f 4100 4146 4087
f 4344 4187 4225
f 4063 3965 3952
f 3952 3965 3908
f 3908 3965 3894
f 4185 4530 4375
f 4185 4375 4229
f 3935 3994 3957
f 3957 3994 3959
f 3935 3957 3937
f 4077 4053 4061
f 4036 4081 4055
f 4104 4138 4114
f 4175 4140 4163
f 4295 4231 4235
f 4231 4259 4255
f 4235 4303 4295
f 4276 4209 4211
f 4211 4279 4276
f 4267 4297 4279
f 4297 4377 4326
f 3289 3043 3045
f 3289 3045 3063
f 3288 3043 3289
f 2732 3043 3288
f 2877 2732 3288
f 4098 4045 5041
f 4098 5041 5117
f 4097 4001 4032
f 4097 4032 4045
f 4097 4045 4098
f 4877 3273 3318
f 4094 4877 4159
f 4094 3273 4877
f 4119 4094 4159
f 6235 6242 6247
f 5959 4304 5293
f 5959 5293 6242
f 5959 6242 6235
f 2972 2461 2971
f 2971 2461 2460
f 2972 2422 2461
f 2461 2047 2037
f 2422 2047 2461
f 2037 1541 2036
f 2037 1542 1541
f 2047 1542 2037
f 4106 4161 4096
f 4136 4161 4106
f 4161 4200 4096
f 4200 3614 4096
f 5104 4820 5016
f 4820 4236 5016
f 5922 5172 5622
f 4820 5172 4236
f 5172 5134 4236
f 5922 5134 5172
f 6244 6241 6237
f 6246 6241 6244
f 6237 6241 6221
f 6241 5821 6221
f 4236 2135 3614
f 3614 2135 1799
f 3614 1536 4096
f 1799 1536 3614
f 1799 1564 1536
f 2135 2027 1799
f 2135 2040 2027
f 1564 1554 1536
f 2135 2042 2040
f 1554 1556 1536
f 2135 2029 2042
f 1531 1541 1534
f 1536 1541 1531
f 1556 1541 1536
f 1566 1541 1556
f 1566 1809 1541
f 5821 4816 5134
f 4236 4816 2135
f 5134 4816 4236
f 5821 4866 4816
f 6241 4866 5821
f 4816 4417 2135
f 2135 2036 2029
f 1809 2036 1541
f 2029 2036 1809
f 4417 3165 2135
f 4550 3165 4417
f 3051 3021 3165
f 3165 3109 3051
f 3165 2943 2460
f 3021 2943 3165
f 4550 3299 3165
f 3165 3299 3109
f 2943 2734 2460
f 3299 3135 3131
f 3131 3135 3058
f 2734 2971 2460
f 3028 2971 2966
f 3058 2971 3028
f 2966 2971 2734
f 3135 2971 3058
f 3065 3033 3135
f 3135 3033 2971
f 4550 3135 3299
f 1537 1913 1536
f 1913 2732 1536
f 3273 4096 2877
f 2877 4096 2732
f 2732 4096 1536
f 3273 4094 4096
f 5293 5295 6242
f 5280 5295 5293
f 5293 5260 5280
f 6242 5296 6241
f 5295 5296 6242
f 5296 5294 6241
f 5117 5247 5293
f 5293 5247 5260
f 5294 5279 6241
f 5117 5233 5247
f 5279 5259 6241
f 5041 4867 5117
f 5233 4867 5225
f 5117 4867 5233
f 5225 4866 5232
f 5232 4866 5246
f 5246 4866 5259
f 4867 4866 5225
f 5041 4551 4867
f 4551 3323 4550
f 5041 3323 4551
f 3136 3135 3323
f 3323 3135 4550
f 4866 6241 5259
f 6221 6222 6237
f 6237 6222 6235
f 5622 5623 5922
f 5923 5959 6222
f 6222 5959 6235
f 5922 5576 5923
f 5623 5576 5922
f 5923 5373 5959
f 5576 5373 5923
f 5373 5252 5959
f 5104 5016 5105
f 5016 5114 5105
f 5114 5017 5137
f 5137 5017 5252
f 5016 5017 5114
f 5252 4877 5959
f 5017 4877 5252
f 4161 4201 4200
f 4161 4159 4201
f 4201 4159 4877
f 5017 4201 4877
f 1537 1530 1542
f 2198 2047 2208
f 2183 2047 2198
f 1913 1542 2047
f 1913 1537 1542
f 1913 2047 2183
f 2972 3040 3136
f 3323 2972 3136
f 2422 2972 3323
f 3294 2422 3323
f 3292 2422 3294
f 3291 2422 3292
f 1809 1566 1808
f 1808 1566 1565
f 1563 1564 1798
f 1798 1564 1799
f 1833 1767 1800
f 1726 1800 1767
f 1876 1833 1800
f 1571 1800 1726
f 2020 1876 1800
f 1706 1571 1726
f 1896 1876 2020
f 1562 1561 1571
f 1898 1896 2020
f 1572 1706 1708
f 1572 1571 1706
f 1572 1562 1571
f 2021 2020 2030
f 2021 2030 2031
f 2021 1898 2020
f 1728 1572 1708
f 1878 1898 2021
f 1807 1836 1878
f 1807 1772 1836
f 1807 1728 1772
f 1807 1572 1728
f 1807 1878 2021
f 2966 2734 2965
f 2965 2734 2733
f 3131 3298 3299
f 3130 3298 3131
f 3044 2975 3025
f 3044 3087 2975
f 3087 3015 2975
f 3087 3061 3015
f 3015 2920 2975
f 3087 3148 3061
f 2902 2739 2920
f 2920 2739 2975
f 3148 3295 3159
f 3087 3295 3148
f 2902 2906 2739
f 3295 3163 3159
f 2906 2923 2739
f 3295 3151 3163
f 3067 2988 3018
f 3018 2988 2923
f 2923 2988 2739
f 3151 3099 3067
f 3295 3099 3151
f 3067 3099 2988
f 2988 3053 3034
f 3099 3053 2988
f 5622 5173 5623
f 5172 5173 5622
f 1534 1542 1530
f 1534 1541 1542
f 1531 1530 1537
f 1531 1534 1530
f 1536 1531 1537
f 3065 3136 3040
f 3065 3135 3136
f 3033 3040 2972
f 3033 3065 3040
f 2971 3033 2972
f 4106 4094 4119
f 4106 4096 4094
f 4136 4119 4159
f 4136 4106 4119
f 4161 4136 4159
f 6244 6235 6247
f 6244 6237 6235
f 6246 6247 6242
f 6246 6244 6247
f 6241 6246 6242
f 3028 2966 2965
f 3028 2965 3027
f 3058 3027 3057
f 3058 3028 3027
f 3131 3057 3130
f 3131 3058 3057
f 1554 1564 1563
f 1554 1563 1553
f 1556 1553 1555
f 1556 1554 1553
f 1566 1555 1565
f 1566 1556 1555
f 3315 3314 3290
f 3314 3100 3290
f 3325 3326 4122
f 4862 3325 4122
f 3297 3273 2877
f 3100 3297 2877
f 3347 3297 3100
f 3314 3349 3347
f 3314 3347 3100
f 3325 3314 3316
f 3325 3316 3321
f 3325 3479 3420
f 3325 3420 3349
f 3325 3349 3314
f 4862 5055 3479
f 4862 3479 3325
f 5117 5293 5055
f 5117 5055 4862
f 3347 3348 3313
f 3297 3347 3313
f 3480 3479 4274
f 3479 5055 4274
f 3308 3940 3309
f 3309 3940 3941
f 4547 4042 4041
f 3303 3311 3302
f 3962 4041 4003
f 3940 4041 3962
f 4547 4041 3940
f 3308 4547 3940
f 3302 3308 3306
f 3302 3306 3300
f 3311 4547 3308
f 3311 3308 3302
f 3323 5041 4547
f 3323 4547 3311
f 3009 2778 3008
f 2265 2266 2918
f 2918 2266 2919
f 2190 2077 2191
f 3008 2989 3012
f 2778 2918 3008
f 3008 2918 2989
f 2732 2077 2778
f 1913 2077 2732
f 2077 2265 2778
f 2778 2265 2918
f 2265 2190 2232
f 2077 2190 2265
f 2190 2209 2232
f 3941 3940 3953
f 3953 3962 3972
f 3940 3962 3953
f 3972 4003 4002
f 4002 4003 4042
f 3962 4003 3972
f 4003 4041 4042
f 3302 3300 3303
f 3303 3300 3301
f 3301 3300 3304
f 3304 3306 3307
f 3300 3306 3304
f 3307 3308 3309
f 3306 3308 3307
f 2266 2265 2239
f 2239 2232 2222
f 2265 2232 2239
f 2222 2209 2207
f 2207 2209 2191
f 2232 2209 2222
f 2209 2190 2191
f 3008 3012 3009
f 3009 3012 3004
f 2982 2989 2954
f 3004 2989 2982
f 3012 2989 3004
f 2954 2918 2919
f 2989 2918 2954
f 3350 3348 3347
f 3350 3347 3349
f 3421 3349 3420
f 3421 3350 3349
f 3480 3420 3479
f 3480 3421 3420
f 3325 3321 3326
f 3322 3321 3317
f 3326 3321 3322
f 3317 3316 3315
f 3321 3316 3317
f 3316 3314 3315
f 2077 2183 2191
f 1913 2183 2077
f 2198 2191 2183
f 2198 2207 2191
f 2198 2208 2207
f 2207 2227 2222
f 2208 2227 2207
f 2222 2264 2239
f 2227 2264 2222
f 2239 2289 2266
f 2264 2289 2239
f 2919 2266 2289
f 2919 2289 3005
f 2919 3005 2954
f 2954 3039 2982
f 3005 3039 2954
f 2982 3049 3004
f 3039 3049 2982
f 3049 3063 3004
f 3063 3045 3004
f 3045 3009 3004
f 3043 3009 3045
f 2778 3009 3043
f 2732 2778 3043
f 4045 4547 5041
f 4042 4547 4045
f 4032 4042 4045
f 4032 4002 4042
f 4032 4001 4002
f 4002 3963 3972
f 4001 3963 4002
f 3972 3942 3953
f 3963 3942 3972
f 3953 3929 3941
f 3942 3929 3953
f 3929 3305 3309
f 3929 3309 3941
f 3294 3311 3303
f 3294 3323 3311
f 3309 3305 3307
f 3307 3296 3304
f 3305 3296 3307
f 3304 3293 3301
f 3296 3293 3304
f 3293 3291 3301
f 3291 3292 3301
f 3292 3303 3301
f 3294 3303 3292
f 3100 3288 3290
f 2877 3288 3100
f 3289 3310 3315
f 3289 3315 3290
f 3288 3289 3290
f 3315 3312 3317
f 3310 3312 3315
f 3317 3320 3322
f 3312 3320 3317
f 3322 3324 3326
f 3320 3324 3322
f 4097 4098 4122
f 3326 4097 4122
f 3324 4097 3326
f 4098 4862 4122
f 4098 5117 4862
f 3318 3313 3319
f 3318 3297 3313
f 3318 3273 3297
f 3319 3313 3381
f 3381 3313 3348
f 3421 3480 3484
f 3421 3484 3447
f 3350 3447 3416
f 3350 3421 3447
f 3348 3416 3381
f 3348 3350 3416
f 4283 3484 4274
f 3484 3480 4274
f 4283 4274 4304
f 4304 4274 5055
f 5293 4304 5055
f 5260 5247 5183
f 5183 5247 5159
f 5159 5233 5152
f 5247 5233 5159
f 5152 5225 5149
f 5233 5225 5152
f 5149 5232 5151
f 5225 5232 5149
f 5151 5246 5158
f 5232 5246 5151
f 5158 5259 5182
f 5246 5259 5158
f 4417 4418 4550
f 4550 4418 4551
f 4867 4551 4817
f 4817 4551 4418
f 4866 4867 4816
f 4867 4817 4816
f 3295 3098 3104
f 3295 3087 3098
f 3298 3104 3108
f 3298 3295 3104
f 3113 3099 3295
f 3122 3295 3298
f 3122 3113 3295
f 3130 3122 3298
f 3046 3098 3087
f 3046 3087 3044
f 3048 3108 3104
f 3048 3104 3098
f 3048 3050 3108
f 3048 3098 3046
f 3024 3025 2975
f 3024 3044 3025
f 3024 2975 2962
f 3024 3046 3044
f 3022 2951 2942
f 3022 2962 2951
f 3022 3020 3050
f 3022 2942 3020
f 3022 3050 3048
f 3022 3048 3046
f 3022 3046 3024
f 3022 3024 2962
f 3031 2976 2988
f 3031 2988 3034
f 3029 3027 2965
f 3029 2968 2976
f 3029 2965 2968
f 3029 2976 3031
f 3054 3099 3113
f 3054 3053 3099
f 3054 3034 3053
f 3054 3031 3034
f 3056 3113 3122
f 3056 3122 3130
f 3056 3057 3027
f 3056 3130 3057
f 3056 3029 3031
f 3056 3031 3054
f 3056 3027 3029
f 3056 3054 3113
f 2962 2975 2739
f 2951 2739 2733
f 2951 2962 2739
f 2942 2951 2733
f 2739 2988 2976
f 2739 2976 2968
f 2733 2968 2965
f 2733 2739 2968
f 2025 2028 1808
f 2025 1808 1807
f 2023 2025 1807
f 2021 2023 1807
f 1808 1565 1568
f 1807 1570 1572
f 1807 1568 1570
f 1807 1808 1568
f 2034 2024 2026
f 2034 2026 2039
f 2032 2030 2020
f 2032 2022 2024
f 2032 2020 2022
f 2032 2024 2034
f 2035 2028 2025
f 2035 2041 2028
f 2035 2039 2041
f 2035 2034 2039
f 2033 2025 2023
f 2033 2023 2021
f 2033 2031 2030
f 2033 2021 2031
f 2033 2032 2034
f 2033 2034 2035
f 2033 2030 2032
f 2033 2035 2025
f 1558 1568 1565
f 1558 1565 1555
f 1560 1572 1570
f 1560 1570 1568
f 1560 1562 1572
f 1560 1568 1558
f 1557 1553 1563
f 1557 1555 1553
f 1557 1563 1567
f 1557 1558 1555
f 1559 1569 1571
f 1559 1567 1569
f 1559 1561 1562
f 1559 1571 1561
f 1559 1562 1560
f 1559 1560 1558
f 1559 1558 1557
f 1559 1557 1567
f 1798 2026 2024
f 1800 2024 2022
f 1800 2022 2020
f 1800 1798 2024
f 1567 1563 1798
f 1567 1798 1800
f 1569 1567 1800
f 1571 1569 1800
f 4343 4186 4344
f 4344 4186 4187
f 4062 4063 4186
f 4186 4063 4187
f 4062 3964 4063
f 4063 3964 3965
f 3996 3965 3995
f 3995 3965 3964
f 3995 4183 3996
f 3995 4182 4183
f 4182 4184 4183
f 4183 4184 4185
f 4530 4185 4529
f 4529 4185 4184
f 4625 4569 4624
f 4624 4569 4568
f 4568 4530 4529
f 4569 4530 4568
f 4623 4659 4622
f 4622 4659 4658
f 4658 4625 4624
f 4659 4625 4658
f 4622 4387 4623
f 4623 4387 4388
f 4375 4387 4374
f 4388 4387 4375
f 4374 4228 4375
f 4375 4228 4229
f 4233 4228 4232
f 4229 4228 4233
f 4257 4232 4256
f 4233 4232 4257
f 4725 4257 4724
f 4724 4257 4256
f 4733 4813 4732
f 4732 4813 4812
f 4812 4811 4810
f 4813 4811 4812
f 4811 4724 4810
f 4811 4725 4724
f 4344 4522 4343
f 4343 4522 4521
f 4521 4653 4652
f 4522 4653 4521
f 4652 4733 4732
f 4653 4733 4652
f 4387 4256 4232
f 4387 4232 4228
f 4724 4256 4387
f 4374 4387 4228
f 4186 4182 3995
f 4622 4810 4724
f 4622 4724 4387
f 4658 4810 4622
f 4812 4658 4624
f 4812 4810 4658
f 4062 3995 3964
f 4062 4186 3995
f 4732 4812 4624
f 4521 4568 4529
f 4521 4529 4343
f 4652 4624 4568
f 4652 4732 4624
f 4652 4568 4521
f 4529 4184 4182
f 4529 4182 4186
f 4529 4186 4343
f 4355 4361 4354
f 4362 4361 4355
f 4354 4248 4355
f 4355 4248 4249
f 4239 4248 4238
f 4249 4248 4239
f 4146 4238 4145
f 4239 4238 4146
f 4219 4146 4218
f 4218 4146 4145
f 4225 4219 4224
f 4219 4218 4224
f 4328 4225 4327
f 4327 4225 4224
f 4362 4327 4361
f 4362 4328 4327
f 4218 4361 4327
f 4218 4327 4224
f 4248 4218 4145
f 4248 4361 4218
f 4354 4361 4248
f 4238 4248 4145
f 3508 3517 3516
f 3508 3516 3507
f 3498 3499 3508
f 3498 3508 3507
f 3472 3499 3498
f 3472 3498 3471
f 3477 3478 3472
f 3477 3472 3471
f 3431 3478 3477
f 3431 3477 3430
f 3431 3404 3405
f 3430 3404 3431
f 3352 3405 3404
f 3352 3404 3351
f 3352 3351 3427
f 3352 3427 3428
f 3427 3506 3428
f 3427 3505 3506
f 3532 3506 3505
f 3532 3505 3531
f 3539 3532 3531
f 3539 3531 3538
f 3553 3539 3538
f 3553 3538 3552
f 3574 3553 3552
f 3574 3552 3573
f 3577 3574 3573
f 3577 3573 3576
f 3561 3577 3576
f 3561 3576 3560
f 3457 3561 3560
f 3457 3560 3456
f 3457 3456 3481
f 3457 3481 3482
f 3481 3589 3482
f 3481 3588 3589
f 3604 3589 3588
f 3604 3588 3603
f 3608 3604 3603
f 3608 3603 3607
f 3610 3608 3607
f 3610 3607 3609
f 3606 3610 3609
f 3606 3609 3605
f 3592 3606 3605
f 3592 3605 3591
f 3580 3592 3591
f 3580 3591 3579
f 3545 3580 3579
f 3545 3579 3544
f 3519 3545 3544
f 3519 3544 3518
f 3517 3519 3518
f 3517 3518 3516
f 3430 3427 3351
f 3560 3588 3481
f 3560 3481 3456
f 3404 3430 3351
f 3576 3607 3603
f 3576 3603 3588
f 3576 3588 3560
f 3477 3505 3430
f 3609 3576 3573
f 3609 3607 3576
f 3605 3609 3573
f 3518 3538 3531
f 3518 3531 3505
f 3518 3505 3477
f 3591 3605 3573
f 3544 3552 3538
f 3544 3538 3518
f 3579 3573 3552
f 3579 3591 3573
f 3579 3552 3544
f 3471 3516 3518
f 3471 3518 3477
f 3507 3516 3471
f 3498 3507 3471
f 3505 3427 3430
f 3720 3721 3722
f 3722 3721 3723
f 3612 3664 3611
f 3611 3664 3663
f 3663 3721 3720
f 3664 3721 3663
f 3611 3595 3612
f 3612 3595 3596
f 3598 3596 3597
f 3597 3596 3595
f 3597 3599 3598
f 3598 3599 3600
f 3717 3636 3716
f 3716 3636 3635
f 3635 3600 3599
f 3636 3600 3635
f 3726 3717 3725
f 3725 3717 3716
f 3713 3707 3706
f 3713 3706 3712
f 3669 3713 3712
f 3669 3712 3668
f 3622 3669 3668
f 3622 3668 3621
f 3621 3620 3622
f 3621 3619 3620
f 3618 3620 3619
f 3618 3619 3617
f 3617 3631 3618
f 3617 3630 3631
f 3703 3631 3630
f 3703 3630 3702
f 3703 3702 3706
f 3703 3706 3707
f 3723 3725 3722
f 3723 3726 3725
f 3621 3635 3599
f 3619 3599 3597
f 3619 3621 3599
f 3668 3716 3635
f 3668 3635 3621
f 3712 3725 3716
f 3712 3716 3668
f 3595 3617 3619
f 3595 3619 3597
f 3706 3725 3712
f 3611 3630 3617
f 3611 3617 3595
f 3722 3725 3706
f 3720 3706 3702
f 3720 3722 3706
f 3663 3702 3630
f 3663 3630 3611
f 3663 3720 3702
f 3618 3669 3622
f 3618 3622 3620
f 3631 3713 3669
f 3631 3669 3618
f 3703 3707 3713
f 3703 3713 3631
f 3874 3884 3883
f 3874 3883 3873
f 3878 3874 3873
f 3878 3873 3877
f 3870 3878 3877
f 3870 3877 3869
f 3866 3870 3869
f 3866 3869 3865
f 3839 3866 3865
f 3839 3865 3838
f 3794 3839 3838
f 3794 3838 3793
f 3781 3794 3793
f 3781 3793 3780
f 3674 3781 3780
f 3674 3780 3673
f 3674 3673 3751
f 3674 3751 3752
f 3751 3868 3752
f 3751 3867 3868
f 3872 3868 3867
f 3872 3867 3871
f 3880 3872 3871
f 3880 3871 3879
f 3882 3880 3879
f 3882 3879 3881
f 3876 3882 3881
f 3876 3881 3875
f 3779 3876 3875
f 3779 3875 3778
f 3779 3778 3795
f 3779 3795 3796
f 3795 3894 3796
f 3795 3893 3894
f 3908 3894 3893
f 3908 3893 3907
f 3902 3908 3907
f 3902 3907 3901
f 3896 3902 3901
f 3896 3901 3895
f 3886 3896 3895
f 3886 3895 3885
f 3836 3841 3840
f 3836 3840 3835
f 3763 3836 3835
f 3763 3835 3762
f 3762 3738 3763
f 3762 3737 3738
f 3737 3801 3738
f 3737 3800 3801
f 3819 3801 3800
f 3819 3800 3818
f 3841 3819 3818
f 3841 3818 3840
f 3884 3886 3885
f 3884 3885 3883
f 3737 3751 3673
f 3737 3762 3751
f 3875 3893 3795
f 3875 3795 3778
f 3881 3893 3875
f 3907 3893 3881
f 3879 3907 3881
f 3835 3871 3867
f 3835 3867 3762
f 3901 3907 3879
f 3840 3871 3835
f 3873 3879 3871
f 3873 3871 3840
f 3895 3901 3879
f 3883 3879 3873
f 3885 3895 3879
f 3885 3879 3883
f 3877 3873 3840
f 3780 3800 3737
f 3780 3737 3673
f 3869 3877 3840
f 3793 3818 3800
f 3793 3800 3780
f 3865 3840 3818
f 3865 3869 3840
f 3838 3865 3818
f 3838 3818 3793
f 3867 3751 3762
f 3801 3836 3763
f 3801 3763 3738
f 3819 3841 3836
f 3819 3836 3801
f 3947 3938 3948
f 3948 3938 3939
f 3928 3939 3927
f 3927 3939 3938
f 3925 3926 3927
f 3927 3926 3928
f 3920 3926 3919
f 3919 3926 3925
f 3931 3920 3930
f 3930 3920 3919
f 3944 3931 3943
f 3943 3931 3930
f 3943 3945 3944
f 3944 3945 3946
f 3956 3957 3958
f 3958 3957 3959
f 3910 3937 3909
f 3909 3937 3936
f 3936 3957 3956
f 3937 3957 3936
f 3909 3887 3910
f 3910 3887 3888
f 3890 3888 3889
f 3889 3888 3887
f 3889 3891 3890
f 3890 3891 3892
f 3952 3933 3951
f 3951 3933 3932
f 3932 3892 3891
f 3933 3892 3932
f 3961 3952 3960
f 3960 3952 3951
f 3959 3961 3958
f 3958 3961 3960
f 3948 3945 3947
f 3948 3946 3945
f 3927 3932 3891
f 3925 3891 3889
f 3925 3927 3891
f 3938 3951 3932
f 3938 3932 3927
f 3947 3960 3951
f 3947 3951 3938
f 3887 3919 3925
f 3887 3925 3889
f 3945 3960 3947
f 3909 3930 3919
f 3909 3919 3887
f 3958 3960 3945
f 3956 3945 3943
f 3956 3958 3945
f 3936 3943 3930
f 3936 3930 3909
f 3936 3956 3943
f 3920 3939 3928
f 3920 3928 3926
f 3931 3948 3939
f 3931 3939 3920
f 3944 3946 3948
f 3944 3948 3931
f 4044 4038 4043
f 4043 4038 4037
f 4040 4044 4039
f 4039 4044 4043
f 4034 4040 4033
f 4033 4040 4039
f 4025 4034 4024
f 4024 4034 4033
f 4019 4025 4018
f 4018 4025 4024
f 3989 3990 4018
f 4018 3990 4019
f 3988 3990 3987
f 3987 3990 3989
f 3977 3978 3987
f 3987 3978 3988
f 3977 3966 3978
f 3978 3966 3967
f 3971 3966 3970
f 3967 3966 3971
f 3974 3970 3973
f 3971 3970 3974
f 3980 3974 3979
f 3979 3974 3973
f 3982 3980 3981
f 3981 3980 3979
f 3984 3982 3983
f 3983 3982 3981
f 3986 3984 3985
f 3985 3984 3983
f 3976 3986 3975
f 3975 3986 3985
f 3969 3976 3968
f 3968 3976 3975
f 3949 3950 3968
f 3968 3950 3969
f 3949 3934 3950
f 3950 3934 3935
f 3934 3993 3935
f 3935 3993 3994
f 3998 3993 3997
f 3994 3993 3998
f 4023 3998 4022
f 4022 3998 3997
f 4013 4022 4012
f 4023 4022 4013
f 4009 4012 4008
f 4013 4012 4009
f 4005 4009 4004
f 4004 4009 4008
f 4000 4005 3999
f 3999 4005 4004
f 4007 4000 4006
f 4006 4000 3999
f 4011 4007 4010
f 4010 4007 4006
f 4021 4011 4020
f 4020 4011 4010
f 4027 4021 4026
f 4026 4021 4020
f 4026 4046 4027
f 4027 4046 4047
f 4051 4046 4050
f 4047 4046 4051
f 4059 4051 4058
f 4058 4051 4050
f 4055 4059 4054
f 4059 4058 4054
f 4031 4055 4030
f 4055 4054 4030
f 4030 4014 4031
f 4031 4014 4015
f 4029 4014 4028
f 4015 4014 4029
f 4038 4028 4037
f 4038 4029 4028
f 4022 3997 3993
f 3985 4022 3993
f 3975 3985 3993
f 3968 3993 3934
f 3968 3975 3993
f 4012 3985 3983
f 4012 4022 3985
f 4008 3983 3981
f 4008 3981 3979
f 4008 4012 3983
f 3949 3968 3934
f 4004 3979 3973
f 4004 4008 3979
f 3999 3973 3970
f 3999 4004 3973
f 4058 4050 4046
f 4043 4046 4026
f 4039 4043 4026
f 4033 4039 4026
f 4024 4026 4020
f 4024 4033 4026
f 4018 4020 4010
f 4018 4010 4006
f 4018 4024 4020
f 3989 4006 3999
f 3989 4018 4006
f 3987 3999 3970
f 3987 3989 3999
f 3977 3987 3970
f 3977 3970 3966
f 4054 4043 4037
f 4054 4058 4046
f 4054 4046 4043
f 4028 4054 4037
f 4030 4054 4028
f 4030 4028 4014
f 4071 4069 4070
f 4070 4069 4068
f 4073 4071 4072
f 4072 4071 4070
f 4075 4073 4074
f 4074 4073 4072
f 4077 4074 4076
f 4075 4074 4077
f 4076 4052 4077
f 4052 4053 4077
f 4052 4035 4053
f 4053 4035 4036
f 4035 4081 4036
f 4035 4080 4081
f 4083 4081 4082
f 4082 4081 4080
f 4082 4084 4083
f 4083 4084 4085
f 4087 4084 4086
f 4085 4084 4087
f 4100 4087 4099
f 4099 4087 4086
f 4093 4099 4092
f 4100 4099 4093
f 4079 4092 4078
f 4093 4092 4079
f 4078 4056 4079
f 4079 4056 4057
f 4056 4061 4057
f 4056 4060 4061
f 4069 4061 4068
f 4068 4061 4060
f 4099 4086 4084
f 4076 4084 4082
f 4076 4082 4080
f 4076 4099 4084
f 4052 4080 4035
f 4092 4099 4076
f 4074 4092 4076
f 4072 4092 4074
f 4068 4060 4056
f 4070 4092 4072
f 4078 4070 4068
f 4078 4068 4056
f 4078 4092 4070
f 4052 4076 4080
f 4126 4124 4123
f 4126 4123 4125
f 4125 4163 4126
f 4125 4162 4163
f 4171 4163 4162
f 4171 4162 4170
f 4167 4171 4170
f 4167 4170 4166
f 4156 4167 4166
f 4156 4166 4155
f 4148 4156 4155
f 4148 4155 4147
f 4134 4148 4147
f 4134 4147 4133
f 4116 4134 4133
f 4116 4133 4115
f 4089 4116 4115
f 4089 4115 4088
f 4089 4088 4103
f 4089 4103 4104
f 4103 4138 4104
f 4103 4137 4138
f 4142 4138 4137
f 4142 4137 4141
f 4152 4142 4141
f 4152 4141 4151
f 4150 4152 4151
f 4150 4151 4149
f 4114 4150 4149
f 4114 4149 4113
f 4108 4114 4113
f 4108 4113 4107
f 4112 4108 4107
f 4112 4107 4111
f 4118 4112 4111
f 4118 4111 4117
f 4128 4118 4117
f 4128 4117 4127
f 4144 4128 4127
f 4144 4127 4143
f 4158 4144 4143
f 4158 4143 4157
f 4157 4191 4158
f 4157 4190 4191
f 4190 4175 4191
f 4190 4174 4175
f 4140 4175 4174
f 4140 4174 4139
f 4132 4140 4139
f 4132 4139 4131
f 4124 4132 4131
f 4124 4131 4123
f 4131 4143 4127
f 4131 4127 4117
f 4123 4117 4111
f 4123 4111 4107
f 4123 4131 4117
f 4139 4157 4143
f 4139 4143 4131
f 4113 4125 4123
f 4113 4123 4107
f 4174 4190 4157
f 4149 4162 4125
f 4149 4125 4113
f 4151 4162 4149
f 4170 4162 4151
f 4115 4103 4088
f 4166 4170 4151
f 4133 4141 4137
f 4133 4137 4115
f 4155 4151 4141
f 4155 4166 4151
f 4147 4155 4141
f 4147 4141 4133
f 4139 4174 4157
f 4137 4103 4115
f 4198 4255 4199
f 4198 4254 4255
f 4254 4227 4255
f 4254 4226 4227
f 4205 4227 4226
f 4205 4226 4204
f 4205 4176 4177
f 4204 4176 4205
f 4165 4177 4176
f 4165 4176 4164
f 4165 4164 4196
f 4165 4196 4197
f 4179 4197 4196
f 4179 4196 4178
f 4179 4178 4198
f 4179 4198 4199
f 4196 4198 4178
f 4204 4198 4196
f 4254 4198 4204
f 4226 4254 4204
f 4176 4196 4164
f 4176 4204 4196
f 4294 4230 4295
f 4295 4230 4231
f 4230 4259 4231
f 4230 4258 4259
f 4346 4259 4345
f 4345 4259 4258
f 4294 4295 4345
f 4345 4295 4346
f 4294 4345 4258
f 4294 4258 4230
f 4303 4235 4302
f 4302 4235 4234
f 4302 4275 4303
f 4275 4276 4303
f 4275 4208 4276
f 4276 4208 4209
f 4208 4235 4209
f 4208 4234 4235
f 4275 4302 4234
f 4275 4234 4208
f 4279 4211 4278
f 4278 4211 4210
f 4278 4252 4279
f 4252 4253 4279
f 4252 4192 4253
f 4253 4192 4193
f 4192 4210 4193
f 4193 4210 4211
f 4252 4278 4210
f 4252 4210 4192
f 4379 4384 4383
f 4379 4383 4378
f 4367 4368 4379
f 4367 4379 4378
f 4342 4368 4367
f 4342 4367 4341
f 4349 4350 4342
f 4349 4342 4341
f 4301 4350 4349
f 4301 4349 4300
f 4300 4288 4301
f 4300 4287 4288
f 4267 4288 4287
f 4267 4287 4266
f 4267 4266 4296
f 4267 4296 4297
f 4296 4377 4297
f 4296 4376 4377
f 4390 4377 4376
f 4390 4376 4389
f 4407 4390 4389
f 4407 4389 4406
f 4424 4407 4406
f 4424 4406 4423
f 4441 4424 4423
f 4441 4423 4440
f 4448 4441 4440
f 4448 4440 4447
f 4426 4448 4447
f 4426 4447 4425
f 4326 4426 4425
f 4326 4425 4325
f 4326 4325 4351
f 4326 4351 4352
f 4351 4456 4352
f 4351 4455 4456
f 4468 4456 4455
f 4468 4455 4467
f 4488 4468 4467
f 4488 4467 4487
f 4497 4488 4487
f 4497 4487 4496
f 4470 4497 4496
f 4470 4496 4469
f 4460 4470 4469
f 4460 4469 4459
f 4451 4460 4459
f 4451 4459 4450
f 4416 4451 4450
f 4416 4450 4415
f 4386 4416 4415
f 4386 4415 4385
f 4384 4386 4385
f 4384 4385 4383
f 4300 4296 4266
f 4425 4455 4351
f 4425 4351 4325
f 4287 4300 4266
f 4447 4487 4467
f 4447 4467 4455
f 4447 4455 4425
f 4349 4376 4300
f 4496 4447 4440
f 4496 4487 4447
f 4469 4496 4440
f 4385 4406 4389
f 4385 4389 4376
f 4385 4376 4349
f 4459 4469 4440
f 4415 4423 4406
f 4415 4406 4385
f 4450 4440 4423
f 4450 4459 4440
f 4450 4423 4415
f 4341 4383 4385
f 4341 4385 4349
f 4378 4383 4341
f 4367 4378 4341
f 4376 4296 4300
f 2465 2475 2474
f 2465 2474 2464
f 2440 2464 2439
f 2440 2465 2464
f 2458 2440 2439
f 2458 2439 2457
f 2471 2457 2470
f 2471 2458 2457
f 2508 2471 2470
f 2508 2470 2507
f 2543 2507 2542
f 2543 2508 2507
f 2594 2543 2542
f 2594 2542 2593
f 2626 2593 2625
f 2626 2594 2593
f 2640 2626 2625
f 2640 2625 2639
f 2644 2639 2643
f 2644 2640 2639
f 2627 2644 2643
f 2628 2644 2627
f 2600 2628 2627
f 2600 2627 2599
f 2548 2600 2599
f 2548 2599 2547
f 2498 2548 2547
f 2498 2547 2497
f 2469 2498 2497
f 2469 2497 2468
f 2494 2469 2468
f 2494 2468 2493
f 2524 2494 2493
f 2524 2493 2523
f 2562 2524 2523
f 2562 2523 2561
f 2569 2570 2562
f 2569 2562 2561
f 2520 2570 2569
f 2520 2569 2519
f 2475 2519 2474
f 2475 2520 2519
f 2547 2593 2542
f 2547 2542 2507
f 2599 2625 2593
f 2599 2593 2547
f 2497 2507 2470
f 2497 2547 2507
f 2457 2497 2470
f 2639 2625 2599
f 2468 2457 2439
f 2468 2497 2457
f 2627 2639 2599
f 2643 2639 2627
f 2464 2468 2439
f 2493 2468 2464
f 2474 2523 2493
f 2474 2493 2464
f 2519 2523 2474
f 2569 2561 2523
f 2569 2523 2519
f 2586 2612 2611
f 2586 2611 2585
f 2602 2586 2585
f 2602 2585 2601
f 2642 2602 2601
f 2642 2601 2641
f 2641 2694 2695
f 2642 2641 2695
f 2694 2701 2695
f 2694 2700 2701
f 2700 2680 2701
f 2700 2679 2680
f 2670 2680 2679
f 2670 2679 2669
f 2668 2670 2669
f 2668 2669 2667
f 2664 2668 2667
f 2664 2667 2663
f 2676 2664 2663
f 2676 2663 2675
f 2685 2676 2675
f 2685 2675 2684
f 2678 2685 2684
f 2678 2684 2677
f 2650 2678 2677
f 2650 2677 2649
f 2672 2648 2647
f 2672 2647 2671
f 2646 2672 2671
f 2646 2671 2645
f 2618 2646 2645
f 2618 2645 2617
f 2648 2618 2617
f 2648 2617 2647
f 2612 2650 2649
f 2612 2649 2611
f 2679 2700 2694
f 2667 2641 2663
f 2669 2694 2641
f 2669 2679 2694
f 2669 2641 2667
f 2645 2641 2601
f 2645 2663 2641
f 2617 2601 2585
f 2617 2645 2601
f 2671 2675 2663
f 2671 2663 2645
f 2684 2675 2671
f 2611 2647 2617
f 2611 2617 2585
f 2677 2671 2647
f 2677 2684 2671
f 2649 2647 2611
f 2649 2677 2647
f 2648 2672 2646
f 2648 2646 2618
f 2736 2731 2730
f 2736 2730 2735
f 2757 2736 2735
f 2757 2735 2756
f 2784 2757 2756
f 2784 2756 2783
f 2867 2784 2783
f 2867 2783 2866
f 2914 2866 2913
f 2914 2867 2866
f 2897 2914 2913
f 2897 2913 2896
f 2788 2897 2896
f 2788 2896 2787
f 2777 2788 2787
f 2777 2787 2776
f 2806 2773 2772
f 2806 2772 2805
f 2862 2805 2861
f 2862 2806 2805
f 2850 2862 2861
f 2850 2861 2849
f 2786 2849 2785
f 2786 2850 2849
f 2753 2786 2785
f 2753 2785 2752
f 2745 2752 2744
f 2745 2753 2752
f 2749 2745 2744
f 2749 2744 2748
f 2773 2748 2772
f 2773 2749 2748
f 2743 2777 2776
f 2743 2776 2742
f 2731 2742 2730
f 2731 2743 2742
f 2785 2783 2756
f 2849 2866 2783
f 2849 2783 2785
f 2752 2785 2756
f 2735 2752 2756
f 2913 2849 2861
f 2913 2866 2849
f 2744 2735 2730
f 2744 2752 2735
f 2896 2913 2861
f 2805 2896 2861
f 2748 2744 2730
f 2742 2748 2730
f 2787 2805 2772
f 2787 2896 2805
f 2776 2772 2748
f 2776 2748 2742
f 2776 2787 2772
f 2862 2850 2786
f 2862 2786 2753
f 2806 2862 2753
f 2773 2745 2749
f 2773 2753 2745
f 2773 2806 2753
f 2375 2336 2335
f 2375 2335 2374
f 2448 2374 2447
f 2448 2375 2374
f 2488 2448 2447
f 2488 2447 2487
f 2512 2487 2511
f 2512 2488 2487
f 2480 2512 2511
f 2480 2511 2479
f 2419 2479 2418
f 2419 2480 2479
f 2467 2417 2416
f 2467 2416 2466
f 2492 2466 2491
f 2492 2467 2466
f 2482 2492 2491
f 2482 2491 2481
f 2450 2481 2449
f 2450 2482 2481
f 2391 2450 2449
f 2391 2449 2390
f 2365 2390 2364
f 2365 2391 2390
f 2373 2365 2364
f 2373 2364 2372
f 2417 2372 2416
f 2417 2373 2372
f 2367 2419 2418
f 2367 2418 2366
f 2336 2366 2335
f 2336 2367 2366
f 2481 2487 2447
f 2481 2447 2449
f 2374 2449 2447
f 2390 2449 2374
f 2511 2481 2491
f 2511 2487 2481
f 2364 2374 2335
f 2364 2390 2374
f 2479 2491 2466
f 2479 2511 2491
f 2372 2364 2335
f 2366 2372 2335
f 2416 2479 2466
f 2418 2416 2372
f 2418 2372 2366
f 2418 2479 2416
f 2492 2482 2450
f 2492 2450 2391
f 2467 2391 2365
f 2467 2492 2391
f 2417 2365 2373
f 2417 2467 2365
f 2432 2431 2597
f 2432 2597 2598
f 2598 2597 2609
f 2598 2609 2610
f 2529 2530 2610
f 2529 2610 2609
f 2522 2530 2529
f 2522 2529 2521
f 2532 2522 2521
f 2531 2532 2521
f 2484 2532 2531
f 2484 2531 2483
f 2484 2462 2463
f 2483 2462 2484
f 2566 2578 2577
f 2566 2577 2565
f 2565 2504 2566
f 2565 2503 2504
f 2503 2538 2504
f 2503 2537 2538
f 2575 2576 2538
f 2575 2538 2537
f 2580 2576 2575
f 2580 2575 2579
f 2582 2580 2579
f 2582 2579 2581
f 2581 2578 2582
f 2581 2577 2578
f 2432 2463 2462
f 2432 2462 2431
f 2581 2609 2597
f 2577 2581 2597
f 2579 2609 2581
f 2565 2577 2597
f 2575 2609 2579
f 2503 2565 2597
f 2431 2503 2597
f 2431 2483 2503
f 2462 2483 2431
f 2531 2537 2503
f 2531 2503 2483
f 2529 2531 2521
f 2529 2537 2531
f 2529 2609 2575
f 2529 2575 2537
f 2580 2582 2578
f 2566 2580 2578
f 2576 2580 2566
f 2504 2576 2566
f 2538 2576 2504
f 2128 2112 2111
f 2128 2111 2127
f 2127 2148 2128
f 2127 2147 2148
f 2147 2146 2148
f 2147 2145 2146
f 2130 2146 2145
f 2130 2145 2129
f 2122 2123 2130
f 2122 2130 2129
f 2122 2134 2123
f 2122 2133 2134
f 2133 2126 2134
f 2133 2125 2126
f 2121 2126 2125
f 2121 2125 2120
f 2115 2116 2121
f 2115 2121 2120
f 2112 2116 2115
f 2112 2115 2111
f 2122 2129 2127
f 2147 2127 2129
f 2145 2147 2129
f 2111 2122 2127
f 2111 2120 2122
f 2133 2122 2120
f 2115 2120 2111
f 2125 2133 2120
f 2140 2132 2131
f 2140 2131 2139
f 2152 2139 2151
f 2152 2140 2139
f 2162 2152 2151
f 2162 2151 2161
f 2175 2161 2174
f 2175 2162 2161
f 2165 2175 2174
f 2165 2174 2164
f 2154 2164 2153
f 2154 2165 2164
f 2158 2156 2155
f 2158 2155 2157
f 2169 2157 2168
f 2169 2158 2157
f 2150 2169 2168
f 2150 2168 2149
f 2144 2150 2149
f 2144 2149 2143
f 2138 2143 2137
f 2138 2144 2143
f 2156 2137 2155
f 2156 2138 2137
f 2142 2154 2153
f 2142 2153 2141
f 2132 2141 2131
f 2132 2142 2141
f 2161 2151 2149
f 2139 2149 2151
f 2143 2149 2139
f 2168 2174 2161
f 2168 2161 2149
f 2137 2143 2139
f 2131 2137 2139
f 2141 2137 2131
f 2164 2168 2157
f 2164 2174 2168
f 2155 2164 2157
f 2155 2137 2141
f 2153 2155 2141
f 2153 2164 2155
f 2158 2150 2144
f 2158 2144 2138
f 2158 2169 2150
f 2156 2158 2138
f 2160 2173 2172
f 2160 2172 2159
f 2171 2160 2159
f 2171 2159 2170
f 2189 2171 2170
f 2189 2170 2188
f 2202 2189 2188
f 2202 2188 2201
f 2211 2202 2201
f 2211 2201 2210
f 2206 2211 2210
f 2206 2210 2205
f 2200 2206 2205
f 2200 2205 2199
f 2187 2200 2199
f 2187 2199 2186
f 2179 2187 2186
f 2179 2186 2178
f 2167 2179 2178
f 2167 2178 2166
f 2181 2167 2166
f 2181 2166 2180
f 2193 2181 2180
f 2193 2180 2192
f 2194 2195 2193
f 2194 2193 2192
f 2173 2195 2194
f 2173 2194 2172
f 2170 2186 2188
f 2199 2201 2188
f 2199 2188 2186
f 2178 2186 2170
f 2166 2178 2170
f 2159 2166 2170
f 2205 2201 2199
f 2210 2201 2205
f 2180 2166 2159
f 2172 2180 2159
f 2192 2180 2172
f 2194 2192 2172
f 2213 2221 2220
f 2213 2220 2212
f 2215 2213 2212
f 2215 2212 2214
f 2215 2214 2218
f 2215 2218 2219
f 2226 2219 2218
f 2226 2218 2225
f 2234 2226 2225
f 2234 2225 2233
f 2249 2234 2233
f 2249 2233 2248
f 2245 2249 2248
f 2245 2248 2244
f 2241 2245 2244
f 2241 2244 2240
f 2242 2243 2241
f 2242 2241 2240
f 2242 2273 2274
f 2243 2242 2274
f 2280 2274 2273
f 2280 2273 2279
f 2280 2279 2283
f 2280 2283 2284
f 2282 2284 2283
f 2282 2283 2281
f 2276 2282 2281
f 2276 2281 2275
f 2253 2276 2275
f 2253 2275 2252
f 2263 2253 2252
f 2263 2252 2262
f 2262 2299 2263
f 2262 2298 2299
f 2296 2297 2299
f 2296 2299 2298
f 2297 2254 2255
f 2296 2254 2297
f 2254 2247 2255
f 2254 2246 2247
f 2268 2247 2246
f 2268 2246 2267
f 2251 2268 2267
f 2251 2267 2250
f 2236 2251 2250
f 2236 2250 2235
f 2221 2236 2235
f 2221 2235 2220
f 2275 2262 2252
f 2298 2275 2281
f 2298 2281 2283
f 2298 2262 2275
f 2296 2283 2279
f 2296 2298 2283
f 2246 2242 2240
f 2244 2246 2240
f 2212 2218 2214
f 2225 2218 2212
f 2248 2267 2244
f 2220 2225 2212
f 2250 2267 2248
f 2233 2225 2220
f 2235 2248 2233
f 2235 2233 2220
f 2235 2250 2248
f 2267 2246 2244
f 2254 2296 2279
f 2254 2279 2273
f 2273 2242 2246
f 2273 2246 2254
f 2278 2293 2292
f 2278 2292 2277
f 2291 2278 2277
f 2291 2277 2290
f 2307 2291 2290
f 2307 2290 2306
f 2307 2306 2376
f 2307 2376 2377
f 2377 2376 2382
f 2377 2382 2383
f 2382 2330 2383
f 2382 2329 2330
f 2326 2330 2329
f 2326 2329 2325
f 2325 2322 2326
f 2325 2321 2322
f 2338 2322 2321
f 2338 2321 2337
f 2355 2338 2337
f 2355 2337 2354
f 2340 2355 2354
f 2340 2354 2339
f 2318 2340 2339
f 2318 2339 2317
f 2348 2316 2315
f 2348 2315 2347
f 2311 2348 2347
f 2311 2347 2310
f 2286 2311 2310
f 2286 2310 2285
f 2316 2286 2285
f 2316 2285 2315
f 2293 2318 2317
f 2293 2317 2292
f 2329 2376 2306
f 2325 2329 2306
f 2321 2325 2306
f 2310 2321 2306
f 2290 2310 2306
f 2337 2321 2310
f 2285 2290 2277
f 2285 2310 2290
f 2347 2337 2310
f 2354 2337 2347
f 2292 2285 2277
f 2339 2354 2347
f 2315 2285 2292
f 2315 2339 2347
f 2317 2315 2292
f 2317 2339 2315
f 2329 2382 2376
f 2348 2311 2286
f 2316 2348 2286
f 2334 2357 2356
f 2334 2356 2333
f 2342 2334 2333
f 2342 2333 2341
f 2342 2341 2351
f 2342 2351 2352
f 2350 2352 2351
f 2350 2351 2349
f 2361 2350 2349
f 2361 2349 2360
f 2379 2361 2360
f 2379 2360 2378
f 2399 2379 2378
f 2399 2378 2398
f 2403 2399 2398
f 2403 2398 2402
f 2396 2397 2403
f 2396 2403 2402
f 2401 2397 2396
f 2401 2396 2400
f 2421 2401 2400
f 2421 2400 2420
f 2434 2421 2420
f 2434 2420 2433
f 2454 2434 2433
f 2454 2433 2453
f 2452 2454 2453
f 2452 2453 2451
f 2438 2452 2451
f 2438 2451 2437
f 2444 2438 2437
f 2444 2437 2443
f 2428 2444 2443
f 2428 2443 2427
f 2413 2428 2427
f 2413 2427 2412
f 2405 2413 2412
f 2405 2412 2404
f 2414 2415 2405
f 2414 2405 2404
f 2407 2415 2414
f 2407 2414 2406
f 2381 2407 2406
f 2381 2406 2380
f 2357 2381 2380
f 2357 2380 2356
f 2412 2420 2400
f 2427 2433 2420
f 2427 2420 2412
f 2443 2453 2433
f 2443 2433 2427
f 2451 2443 2437
f 2451 2453 2443
f 2396 2404 2412
f 2396 2412 2400
f 2414 2404 2396
f 2402 2414 2396
f 2333 2349 2351
f 2333 2351 2341
f 2398 2414 2402
f 2356 2360 2349
f 2356 2349 2333
f 2406 2414 2398
f 2378 2360 2356
f 2380 2398 2378
f 2380 2406 2398
f 2380 2378 2356
f 2506 2424 2423
f 2506 2423 2505
f 2506 2505 2513
f 2506 2513 2514
f 2445 2446 2514
f 2445 2514 2513
f 2446 2445 2476
f 2446 2476 2477
f 2472 2473 2477
f 2472 2477 2476
f 2424 2473 2472
f 2424 2472 2423
f 2445 2505 2423
f 2445 2513 2505
f 2472 2476 2445
f 2472 2445 2423
f 2526 2486 2485
f 2526 2485 2525
f 2526 2525 2527
f 2526 2527 2528
f 2489 2490 2528
f 2489 2528 2527
f 2486 2490 2489
f 2486 2489 2485
f 2489 2525 2485
f 2489 2527 2525
f 2545 2544 2551
f 2545 2551 2553
f 2545 2553 2555
f 2557 2555 2559
f 2557 2559 2560
f 2557 2560 2558
f 2557 2558 2556
f 2557 2545 2555
f 2557 2556 2554
f 2557 2554 2552
f 2557 2552 2546
f 2545 2546 2540
f 2545 2540 2539
f 2545 2539 2541
f 2545 2541 2544
f 2545 2557 2546
f 2555 2553 2551
f 2544 2555 2551
f 2540 2541 2539
f 2540 2544 2541
f 2558 2560 2559
f 2556 2559 2555
f 2556 2555 2544
f 2556 2558 2559
f 2546 2544 2540
f 2546 2556 2544
f 2554 2556 2546
f 2552 2554 2546
f 2564 2614 2613
f 2564 2613 2563
f 2536 2564 2563
f 2536 2563 2535
f 2517 2518 2536
f 2517 2536 2535
f 2516 2518 2517
f 2516 2517 2515
f 2587 2516 2515
f 2587 2515 2588
f 2588 2608 2587
f 2588 2607 2608
f 2596 2606 2605
f 2596 2605 2595
f 2590 2596 2595
f 2590 2595 2589
f 2549 2550 2590
f 2549 2590 2589
f 2549 2568 2550
f 2549 2567 2568
f 2606 2568 2567
f 2606 2567 2605
f 2614 2608 2607
f 2614 2607 2613
f 2607 2588 2589
f 2595 2607 2589
f 2549 2589 2588
f 2567 2549 2535
f 2605 2607 2595
f 2563 2605 2567
f 2563 2567 2535
f 2613 2605 2563
f 2613 2607 2605
f 2515 2549 2588
f 2515 2535 2549
f 2517 2535 2515
f 2568 2596 2590
f 2568 2590 2550
f 2606 2596 2568
f 2616 2584 2583
f 2616 2583 2615
f 2638 2615 2637
f 2638 2616 2615
f 2624 2638 2637
f 2624 2637 2623
f 2636 2622 2621
f 2636 2621 2635
f 2620 2636 2635
f 2620 2635 2619
f 2592 2620 2619
f 2592 2619 2591
f 2622 2592 2591
f 2622 2591 2621
f 2584 2624 2623
f 2584 2623 2583
f 2635 2615 2619
f 2583 2619 2615
f 2637 2615 2635
f 2591 2619 2583
f 2621 2637 2635
f 2621 2591 2583
f 2623 2637 2621
f 2623 2621 2583
f 2592 2636 2620
f 2622 2636 2592
f 2270 2257 2256
f 2270 2256 2269
f 2270 2269 2302
f 2270 2302 2303
f 2302 2295 2303
f 2302 2294 2295
f 2228 2229 2295
f 2228 2295 2294
f 2229 2228 2230
f 2229 2230 2231
f 2231 2230 2312
f 2231 2312 2313
f 2346 2313 2312
f 2346 2312 2345
f 2371 2346 2345
f 2371 2345 2370
f 2369 2371 2370
f 2369 2370 2368
f 2309 2369 2368
f 2309 2368 2308
f 2304 2305 2309
f 2304 2309 2308
f 2344 2305 2304
f 2344 2304 2343
f 2385 2344 2343
f 2385 2343 2384
f 2409 2385 2384
f 2409 2384 2408
f 2389 2409 2408
f 2389 2408 2388
f 2359 2389 2388
f 2359 2388 2358
f 2320 2359 2358
f 2320 2358 2319
f 2319 2272 2320
f 2319 2271 2272
f 2259 2272 2271
f 2259 2271 2258
f 2256 2257 2259
f 2256 2259 2258
f 2308 2343 2304
f 2368 2384 2343
f 2368 2343 2308
f 2408 2384 2368
f 2370 2408 2368
f 2388 2408 2370
f 2358 2370 2345
f 2358 2388 2370
f 2319 2345 2312
f 2319 2358 2345
f 2271 2319 2312
f 2256 2230 2228
f 2256 2258 2230
f 2269 2256 2228
f 2294 2302 2269
f 2294 2269 2228
f 2312 2230 2258
f 2312 2258 2271
f 2693 2687 2686
f 2693 2686 2692
f 2693 2692 2708
f 2693 2708 2709
f 2708 2703 2709
f 2708 2702 2703
f 2658 2703 2702
f 2658 2702 2657
f 2658 2657 2659
f 2658 2659 2660
f 2660 2659 2710
f 2660 2710 2711
f 2741 2711 2710
f 2741 2710 2740
f 2738 2741 2740
f 2738 2740 2737
f 2713 2738 2737
f 2713 2737 2712
f 2704 2705 2713
f 2704 2713 2712
f 2729 2705 2704
f 2729 2704 2728
f 2747 2729 2728
f 2747 2728 2746
f 2755 2747 2746
f 2755 2746 2754
f 2751 2755 2754
f 2751 2754 2750
f 2719 2751 2750
f 2719 2750 2718
f 2718 2697 2719
f 2718 2696 2697
f 2691 2697 2696
f 2691 2696 2690
f 2689 2691 2690
f 2689 2690 2688
f 2687 2688 2686
f 2689 2688 2687
f 2712 2728 2704
f 2737 2746 2728
f 2737 2728 2712
f 2754 2746 2737
f 2740 2754 2737
f 2750 2754 2740
f 2718 2740 2710
f 2718 2750 2740
f 2690 2710 2688
f 2696 2718 2710
f 2696 2710 2690
f 2686 2659 2657
f 2686 2688 2659
f 2702 2692 2686
f 2702 2708 2692
f 2702 2686 2657
f 2710 2659 2688
f 4417 4816 4418
f 4418 4816 4817
f 5152 5149 5159
f 5159 5213 5183
f 5151 5158 5149
f 5213 5235 5230
f 5149 5235 5159
f 5159 5235 5213
f 5158 5235 5149
f 5182 5212 5158
f 5158 5212 5235
f 5212 5229 5235
f 1834 1727 1768
f 1877 1897 1834
f 1727 1709 1707
f 1834 1709 1727
f 1899 1879 1897
f 1709 1773 1729
f 1897 1773 1834
f 1879 1773 1897
f 1834 1773 1709
f 1879 1837 1773
f 3062 2921 3016
f 3149 3160 3062
f 2921 2907 2903
f 3062 2907 2921
f 3164 3152 3160
f 2907 3019 2924
f 3160 3019 3062
f 3062 3019 2907
f 3160 3068 3019
f 3152 3068 3160
f 2136 2135 3165
f 2136 3165 3166
f 5121 5147 5173
f 5062 5121 5173
f 4821 5172 4820
f 4821 5173 5172
f 4821 5062 5173
f 4849 4969 5062
f 4849 5062 4821
f 3774 3771 3731
f 3735 3731 3693
f 3735 3693 3624
f 3735 3774 3731
f 3627 3586 3563
f 3627 3563 3566
f 3627 3566 3593
f 3627 3697 3735
f 3627 3624 3586
f 3627 3735 3624
f 3613 4237 4236
f 3613 4236 3614
f 5135 5822 5821
f 5135 5821 5134
f 2387 2386 2442
f 2441 2328 2387
f 2441 2387 2442
f 2223 2327 2328
f 2224 2328 2441
f 2224 2223 2328
f 2048 2045 2442
f 2048 2442 2386
f 2062 2061 2073
f 2074 2062 2073
f 2049 2045 2048
f 2046 2049 2062
f 2046 2045 2049
f 2046 2062 2074
f 2441 2046 2074
f 2441 2074 2224
f 2061 2327 2223
f 2061 2223 2073
f 2726 2727 2441
f 2726 2441 2442
f 2090 2726 2089
f 2090 2727 2726
f 2089 2045 2046
f 2089 2046 2090
f 2727 2090 2441
f 2441 2090 2046
f 2089 2726 2442
f 2089 2442 2045
f 2074 2099 2100
f 2073 2099 2074
f 2510 2224 2100
f 2100 2224 2074
f 2510 2509 2224
f 2224 2509 2223
f 2509 2099 2223
f 2223 2099 2073
f 2100 2099 2509
f 2100 2509 2510
f 2662 2661 2387
f 2387 2661 2386
f 2661 2081 2386
f 2386 2081 2048
f 2049 2081 2082
f 2048 2081 2049
f 2088 2062 2082
f 2082 2062 2049
f 2088 2087 2062
f 2062 2087 2061
f 2633 2327 2087
f 2087 2327 2061
f 2328 2633 2634
f 2327 2633 2328
f 2662 2387 2634
f 2634 2387 2328
f 2662 2633 2661
f 2634 2633 2662
f 2087 2081 2661
f 2087 2661 2633
f 2082 2087 2088
f 2082 2081 2087
f 4501 4562 4563
f 4281 4562 4501
f 4502 4281 4501
f 4282 4281 4502
f 4066 3954 4562
f 4066 4562 4281
f 3991 3954 4066
f 3955 3954 3991
f 3992 4066 4067
f 3992 4067 4282
f 3992 4282 4502
f 3992 3991 4066
f 4664 4563 4562
f 5002 4664 4562
f 4786 4665 4664
f 4786 4664 5002
f 5003 4787 4786
f 5003 4786 5002
f 4787 5003 4703
f 4703 4091 4502
f 4502 4091 3992
f 5003 4091 4703
f 4091 4195 4065
f 5003 4195 4091
f 4893 5002 4894
f 5003 5002 4893
f 4822 4851 4850
f 4823 4893 4851
f 4823 5003 4893
f 4823 4851 4822
f 4194 4269 4894
f 4194 4894 5002
f 4321 4822 4850
f 4363 4822 4321
f 4322 4363 4321
f 4270 4269 4194
f 4364 4322 4270
f 4364 4363 4322
f 4195 4364 4270
f 4195 4270 4194
f 4195 5003 4823
f 4195 4823 4364
f 4016 4017 4064
f 4195 4064 4065
f 3954 3955 4016
f 4194 4064 4195
f 4194 4016 4064
f 4194 3954 4016
f 4194 5002 4562
f 4194 4562 3954
f 4090 4091 4064
f 4064 4091 4065
f 4016 3991 4048
f 4016 3955 3991
f 4048 4049 4016
f 4016 4049 4017
f 4064 4017 4090
f 4090 4017 4049
f 3992 4091 4049
f 4091 4090 4049
f 4049 3991 3992
f 4049 4048 3991
f 4786 4703 4702
f 4787 4703 4786
f 4665 4786 4702
f 4665 4702 4592
f 4592 4593 4664
f 4665 4592 4664
f 4501 4664 4593
f 4563 4664 4501
f 4593 4592 4501
f 4501 4592 4502
f 4702 4703 4592
f 4592 4703 4502
f 4566 4850 4567
f 4567 4850 4851
f 4321 4850 4129
f 4129 4850 4566
f 4322 4321 4130
f 4130 4321 4129
f 4270 4130 4102
f 4322 4130 4270
f 4101 4269 4102
f 4102 4269 4270
f 4894 4269 4632
f 4632 4269 4101
f 4893 4894 4633
f 4633 4894 4632
f 4851 4633 4567
f 4893 4633 4851
f 4633 4632 4566
f 4567 4633 4566
f 4129 4632 4101
f 4129 4566 4632
f 4102 4130 4129
f 4102 4129 4101
f 4066 4363 4067
f 4067 4363 4364
f 4822 4363 4281
f 4281 4363 4066
f 4282 4823 4281
f 4281 4823 4822
f 4364 4282 4067
f 4823 4282 4364
f 5970 6044 5969
f 5982 5970 5961
f 5982 6044 5970
f 5996 6045 6044
f 5996 6044 5982
f 5983 5996 5982
f 5948 5982 5961
f 5893 5961 5960
f 5893 5960 5892
f 5997 6045 5996
f 5925 5948 5961
f 5925 5961 5893
f 5926 5949 5948
f 5926 5948 5925
f 5705 5880 5879
f 5858 5893 5880
f 5858 5880 5705
f 5858 5925 5893
f 5788 5859 5858
f 5788 5858 5705
f 5706 5789 5788
f 5706 5788 5705
f 5994 6012 5788
f 5788 6012 5859
f 5926 6115 5949
f 6076 6115 5926
f 5983 6167 5996
f 6150 6167 5983
f 6127 6047 5960
f 5960 6047 5892
f 5879 5962 5705
f 6034 5962 5879
f 6196 6143 6044
f 6044 6143 5969
f 5976 6001 6002
f 5897 6001 5976
f 5977 5897 5976
f 5898 5897 5977
f 5613 5329 6001
f 5613 6001 5897
f 5374 5329 5613
f 5330 5329 5374
f 5375 5613 5614
f 5375 5614 5898
f 5375 5898 5977
f 5375 5374 5613
f 6066 6002 6001
f 6218 6066 6001
f 6137 6067 6066
f 6137 6066 6218
f 6219 6138 6137
f 6219 6137 6218
f 6138 6219 6099
f 6099 5645 5977
f 5977 5645 5375
f 5645 5906 5605
f 6219 5906 6099
f 6099 5906 5645
f 6143 6196 6218
f 6127 6143 6218
f 6144 6143 6127
f 6128 6144 6127
f 6197 6218 6196
f 6114 6150 6149
f 6048 6047 6034
f 6219 6218 6197
f 6152 6168 6167
f 6152 6167 6150
f 6035 6048 6034
f 6115 6150 6114
f 6115 6152 6150
f 5907 5962 6034
f 5907 6047 6127
f 5907 6127 6218
f 5907 6034 6047
f 6153 6197 6168
f 6153 6219 6197
f 6153 6168 6152
f 6012 6076 6075
f 6012 6075 6011
f 6004 6012 5994
f 6004 6076 6012
f 5995 6004 5994
f 5963 5962 5907
f 6005 5995 5963
f 6005 6004 5995
f 5906 5963 5907
f 5906 6005 5963
f 5906 6219 6153
f 5906 6153 6005
f 6004 6152 6076
f 6076 6152 6115
f 5440 5441 5604
f 5906 5604 5605
f 5329 5330 5440
f 5907 5604 5906
f 5907 5440 5604
f 5907 5329 5440
f 5907 6218 6001
f 5907 6001 5329
f 5440 5330 5509
f 5509 5330 5374
f 5509 5508 5440
f 5440 5508 5441
f 5604 5441 5644
f 5644 5441 5508
f 5644 5645 5604
f 5604 5645 5605
f 5645 5508 5375
f 5644 5508 5645
f 5374 5375 5508
f 5509 5374 5508
f 6138 6099 6098
f 6138 6098 6137
f 6067 6137 6098
f 6067 6098 6027
f 6067 6027 6026
f 6067 6026 6066
f 6002 6066 6026
f 6002 6026 5976
f 6099 5977 6027
f 6098 6099 6027
f 5976 6027 5977
f 6026 6027 5976
f 6168 6045 5997
f 6197 6045 6168
f 5996 6167 5997
f 5997 6167 6168
f 5995 5994 5789
f 5789 5994 5788
f 5963 5789 5706
f 5995 5789 5963
f 5705 5962 5706
f 5706 5962 5963
f 6045 6197 6044
f 6044 6197 6196
f 6004 6005 5613
f 5613 6005 5614
f 6152 6004 5897
f 5897 6004 5613
f 5898 6153 5897
f 5897 6153 6152
f 6005 5898 5614
f 6153 5898 6005
f 5970 6143 6144
f 5969 6143 5970
f 6128 6127 5961
f 5961 6127 5960
f 6144 6128 5970
f 5970 6128 5961
f 5893 5892 6048
f 6048 5892 6047
f 6035 6034 5880
f 5880 6034 5879
f 6048 6035 5893
f 5893 6035 5880
f 6115 6114 5949
f 5949 6114 5948
f 5983 6149 6150
f 5982 6149 5983
f 6149 5982 6114
f 6114 5982 5948
f 6012 6011 5859
f 5859 6011 5858
f 5926 6075 6076
f 5925 6075 5926
f 6075 5925 6011
f 6011 5925 5858
f 4619 4618 4265
f 4265 4618 4264
f 4649 4619 4285
f 4285 4619 4265
f 4285 4648 4649
f 4284 4648 4285
f 4618 4648 4264
f 4264 4648 4284
f 4619 4649 4648
f 4619 4648 4618
f 4285 4265 4284
f 4284 4265 4264
f 4422 4421 4181
f 4181 4421 4180
f 4458 4422 4189
f 4189 4422 4181
f 4189 4457 4458
f 4188 4457 4189
f 4457 4188 4421
f 4421 4188 4180
f 4422 4458 4457
f 4422 4457 4421
f 4189 4181 4188
f 4188 4181 4180
f 4583 4582 4251
f 4251 4582 4250
f 4668 4583 4299
f 4299 4583 4251
f 4299 4667 4668
f 4298 4667 4299
f 4667 4298 4582
f 4582 4298 4250
f 4582 4583 4667
f 4667 4583 4668
f 4251 4250 4298
f 4251 4298 4299
f 4366 4365 4169
f 4169 4365 4168
f 4515 4366 4203
f 4203 4366 4169
f 4203 4514 4515
f 4202 4514 4203
f 4514 4202 4365
f 4365 4202 4168
f 4365 4366 4514
f 4514 4366 4515
f 4169 4168 4202
f 4169 4202 4203
f 4723 4722 4381
f 4381 4722 4380
f 4819 4723 4528
f 4528 4723 4381
f 4528 4818 4819
f 4527 4818 4528
f 4818 4527 4722
f 4722 4527 4380
f 4723 4819 4818
f 4723 4818 4722
f 4528 4381 4527
f 4527 4381 4380
f 4759 4758 4445
f 4445 4758 4444
f 4794 4759 4462
f 4462 4759 4445
f 4462 4793 4794
f 4461 4793 4462
f 4758 4793 4444
f 4444 4793 4461
f 4758 4759 4793
f 4793 4759 4794
f 4445 4444 4461
f 4445 4461 4462
f 5261 5130 5253
f 5253 5130 5126
f 5261 5254 5262
f 5253 5254 5261
f 5262 5127 5131
f 5254 5127 5262
f 5131 5127 5130
f 5130 5127 5126
f 5262 5130 5261
f 5262 5131 5130
f 5126 5254 5253
f 5127 5254 5126
f 4905 4788 4746
f 4746 4788 4594
f 4746 4747 4905
f 4905 4747 4906
f 4906 4747 4789
f 4789 4747 4595
f 4789 4595 4788
f 4788 4595 4594
f 4788 4905 4789
f 4789 4905 4906
f 4594 4747 4746
f 4595 4747 4594
f 1719 1839 1722
f 1995 1884 1993
f 1995 1887 1884
f 1997 1999 1892
f 1997 1890 1887
f 1997 1892 1890
f 1997 1887 1995
f 2011 1993 2009
f 2011 1995 1993
f 2017 2019 1999
f 2017 1997 1995
f 2017 1995 2011
f 2017 1999 1997
f 2003 2009 2001
f 2003 2011 2009
f 2005 2007 2019
f 2005 2017 2011
f 2005 2019 2017
f 2005 2011 2003
f 1955 2001 1946
f 1955 2003 2001
f 1961 1965 2007
f 1961 1847 1965
f 1961 2003 1955
f 1961 2005 2003
f 1961 2007 2005
f 1843 1946 1839
f 1843 1955 1946
f 1843 1839 1719
f 1846 1719 1716
f 1846 1716 1714
f 1846 1714 1847
f 1846 1961 1955
f 1846 1847 1961
f 1846 1843 1719
f 1846 1955 1843
f 1796 1790 1802
f 1813 1803 1817
f 1814 1811 1815
f 1814 1806 1811
f 1816 1819 1821
f 1816 1815 1819
f 1816 1821 1820
f 1816 1814 1815
f 1804 1802 1806
f 1804 1806 1814
f 1804 1796 1802
f 1810 1820 1817
f 1810 1803 1796
f 1810 1816 1820
f 1810 1814 1816
f 1810 1804 1814
f 1810 1796 1804
f 1810 1817 1803
f 1629 1634 1651
f 1660 1669 1667
f 1660 1664 1669
f 1648 1651 1664
f 1648 1664 1660
f 1648 1629 1651
f 1671 1673 1684
f 1671 1667 1673
f 1671 1684 1682
f 1671 1660 1667
f 1659 1682 1679
f 1659 1679 1676
f 1659 1642 1629
f 1659 1676 1642
f 1659 1648 1660
f 1659 1629 1648
f 1659 1660 1671
f 1659 1671 1682
f 1842 1721 1838
f 1842 1718 1721
f 1845 1848 1713
f 1845 1715 1718
f 1845 1713 1715
f 1845 1718 1842
f 1954 1838 1945
f 1954 1842 1838
f 1960 1964 1848
f 1960 1845 1842
f 1960 1842 1954
f 1960 1848 1845
f 2002 1945 2000
f 2002 1954 1945
f 2004 2006 1964
f 2004 1960 1954
f 2004 1964 1960
f 2004 1954 2002
f 2010 2000 2008
f 2010 2002 2000
f 2016 2018 2006
f 2016 2002 2010
f 2016 2004 2002
f 2016 2006 2004
f 1994 1992 1883
f 1994 2008 1992
f 1994 1883 1886
f 1994 2010 2008
f 1996 1886 1889
f 1996 1889 1891
f 1996 1998 2018
f 1996 1891 1998
f 1996 2016 2010
f 1996 2018 2016
f 1996 1994 1886
f 1996 2010 1994
f 1739 1823 1742
f 1923 1863 1914
f 1923 1866 1863
f 1926 1927 1871
f 1926 1869 1866
f 1926 1871 1869
f 1926 1866 1923
f 1979 1914 1959
f 1979 1923 1914
f 1983 1986 1927
f 1983 1926 1923
f 1983 1923 1979
f 1983 1927 1926
f 1958 1959 1939
f 1958 1979 1959
f 1967 1973 1986
f 1967 1983 1979
f 1967 1986 1983
f 1967 1979 1958
f 1888 1939 1882
f 1888 1958 1939
f 1893 1894 1973
f 1893 1958 1888
f 1893 1967 1958
f 1893 1973 1967
f 1824 1882 1823
f 1824 1739 1736
f 1824 1888 1882
f 1824 1823 1739
f 1825 1736 1734
f 1825 1828 1894
f 1825 1734 1828
f 1825 1893 1888
f 1825 1894 1893
f 1825 1824 1736
f 1825 1888 1824
f 1785 1788 1786
f 1786 1788 1789
f 1789 1792 1793
f 1788 1792 1789
f 1793 1794 1795
f 1792 1794 1793
f 1921 1928 1922
f 1922 1928 1929
f 1929 1936 1937
f 1928 1936 1929
f 1937 1934 1935
f 1936 1934 1937
f 1998 1892 1999
f 1998 1891 1892
f 2018 1999 2019
f 2018 1998 1999
f 2006 2019 2007
f 2006 2018 2019
f 1964 2007 1965
f 1964 1965 1847
f 1964 2006 2007
f 1848 1964 1847
f 1713 1847 1714
f 1713 1848 1847
f 1930 1871 1927
f 1930 1870 1871
f 1985 1927 1986
f 1985 1930 1927
f 1974 1986 1973
f 1974 1985 1986
f 1895 1973 1894
f 1895 1894 1828
f 1895 1974 1973
f 1827 1895 1828
f 1735 1828 1734
f 1735 1827 1828
f 1939 1823 1882
f 1823 1692 1742
f 1959 1692 1939
f 1914 1692 1959
f 1863 1692 1914
f 1782 1692 1863
f 1723 1692 1782
f 1661 1692 1723
f 1641 1692 1661
f 1939 1692 1823
f 1674 1735 1734
f 1674 1734 1675
f 1614 1675 1615
f 1614 1615 1627
f 1614 1674 1675
f 1626 1614 1627
f 1710 1627 1711
f 1710 1626 1627
f 1779 1711 1776
f 1779 1710 1711
f 1870 1776 1871
f 1870 1779 1776
f 1993 1930 2009
f 2009 1930 1985
f 2009 1974 2001
f 1985 1974 2009
f 1884 1870 1993
f 1993 1870 1930
f 2001 1895 1946
f 1974 1895 2001
f 1766 1779 1884
f 1884 1779 1870
f 1766 1710 1779
f 1766 1656 1710
f 1827 1839 1895
f 1895 1839 1946
f 1827 1735 1839
f 1735 1722 1839
f 1710 1596 1626
f 1656 1596 1710
f 1674 1604 1735
f 1735 1604 1722
f 1614 1588 1674
f 1626 1588 1614
f 1596 1588 1626
f 1674 1588 1604
f 1597 1713 1714
f 1597 1714 1598
f 1577 1598 1578
f 1577 1597 1598
f 1589 1578 1590
f 1589 1577 1578
f 1635 1590 1636
f 1635 1589 1590
f 1756 1636 1757
f 1756 1757 1892
f 1756 1635 1636
f 1891 1756 1892
f 1765 1787 1755
f 1765 1745 1655
f 1755 1745 1765
f 1883 1818 1765
f 1765 1818 1787
f 1655 1652 1595
f 1652 1619 1595
f 1745 1730 1655
f 1655 1720 1652
f 1730 1720 1655
f 1619 1613 1595
f 1883 1856 1818
f 1613 1616 1595
f 1883 1872 1856
f 1883 1906 1872
f 1883 1992 1906
f 1616 1587 1595
f 1992 1940 1906
f 1616 1672 1587
f 1992 1970 1940
f 1672 1678 1587
f 1992 1966 1970
f 1678 1634 1587
f 1634 1629 1587
f 1992 2008 1966
f 1966 2008 1925
f 1925 2008 1932
f 1629 1603 1587
f 1642 1603 1629
f 1642 1676 1603
f 1676 1681 1603
f 2008 1984 1932
f 2008 2000 1984
f 1981 2000 1949
f 1987 2000 1981
f 1984 2000 1987
f 1681 1721 1603
f 1796 1721 1790
f 1803 1721 1796
f 1790 1721 1749
f 1749 1721 1733
f 1733 1721 1699
f 1688 1721 1681
f 1699 1721 1688
f 1803 1838 1721
f 1831 1838 1813
f 1855 1838 1831
f 1813 1838 1803
f 1885 1945 1875
f 1875 1945 1860
f 1860 1945 1855
f 2000 1945 1949
f 1855 1945 1838
f 1949 1945 1885
f 1911 1912 1904
f 1904 1912 1905
f 1935 1904 1905
f 1934 1904 1935
f 1909 1915 1910
f 1910 1915 1916
f 1916 1918 1917
f 1915 1918 1916
f 1917 1921 1922
f 1918 1921 1917
f 1868 1867 1910
f 1910 1867 1909
f 1841 1867 1868
f 1840 1867 1841
f 1840 1841 1794
f 1794 1841 1795
f 1753 1769 1754
f 1754 1769 1770
f 1770 1777 1778
f 1769 1777 1770
f 1778 1785 1786
f 1777 1785 1778
f 1744 1753 1754
f 1743 1753 1744
f 1725 1724 1744
f 1744 1724 1743
f 1658 1657 1725
f 1725 1657 1724
f 1632 1624 1625
f 1631 1624 1632
f 1625 1637 1638
f 1624 1637 1625
f 1638 1657 1658
f 1637 1657 1638
f 1694 1631 1632
f 1693 1631 1694
f 1701 1693 1694
f 1700 1693 1701
f 1670 1669 1701
f 1701 1669 1700
f 1695 1691 1696
f 1696 1687 1680
f 1691 1687 1696
f 1687 1684 1680
f 1680 1673 1668
f 1684 1673 1680
f 1668 1667 1670
f 1673 1667 1668
f 1667 1669 1670
f 1695 1696 1737
f 1737 1696 1738
f 1737 1738 1763
f 1763 1738 1764
f 1812 1763 1764
f 1811 1763 1812
f 1851 1835 1832
f 1850 1835 1851
f 1832 1826 1822
f 1835 1826 1832
f 1826 1821 1822
f 1822 1819 1812
f 1821 1819 1822
f 1819 1815 1812
f 1815 1811 1812
f 1851 1862 1850
f 1850 1862 1861
f 1861 1862 1880
f 1880 1862 1881
f 1880 1881 1943
f 1943 1881 1944
f 1969 1975 1976
f 1968 1975 1969
f 1976 1962 1963
f 1975 1962 1976
f 1963 1943 1944
f 1962 1943 1963
f 1968 1969 1911
f 1911 1969 1912
f 1910 1916 1917
f 1910 1917 1922
f 1910 1922 1929
f 1910 1929 1937
f 1910 1937 1935
f 1944 1969 1976
f 1944 1976 1963
f 1868 1905 1912
f 1868 1935 1905
f 1868 1910 1935
f 1786 1789 1793
f 1881 1912 1969
f 1881 1969 1944
f 1778 1786 1793
f 1754 1770 1778
f 1754 1793 1795
f 1754 1778 1793
f 1744 1795 1841
f 1744 1754 1795
f 1725 1841 1868
f 1725 1868 1912
f 1725 1744 1841
f 1822 1851 1832
f 1812 1851 1822
f 1812 1862 1851
f 1764 1862 1812
f 1738 1862 1764
f 1738 1881 1862
f 1694 1881 1738
f 1694 1658 1725
f 1694 1725 1912
f 1694 1912 1881
f 1701 1694 1738
f 1632 1658 1694
f 1632 1625 1638
f 1632 1638 1658
f 1670 1738 1696
f 1670 1701 1738
f 1668 1696 1680
f 1668 1670 1696
f 1683 1739 1742
f 1683 1742 1692
f 1677 1736 1739
f 1677 1734 1736
f 1677 1675 1734
f 1677 1739 1683
f 1621 1692 1641
f 1621 1683 1692
f 1617 1615 1675
f 1617 1683 1621
f 1617 1675 1677
f 1617 1677 1683
f 1643 1641 1661
f 1643 1621 1641
f 1633 1627 1615
f 1633 1617 1621
f 1633 1621 1643
f 1633 1615 1617
f 1717 1723 1782
f 1717 1661 1723
f 1717 1643 1661
f 1712 1711 1627
f 1712 1633 1643
f 1712 1643 1717
f 1712 1627 1633
f 1781 1782 1863
f 1781 1863 1866
f 1781 1866 1869
f 1781 1717 1782
f 1780 1869 1871
f 1780 1776 1711
f 1780 1871 1776
f 1780 1711 1712
f 1780 1712 1717
f 1780 1781 1869
f 1780 1717 1781
f 1761 1886 1883
f 1761 1883 1765
f 1758 1889 1886
f 1758 1891 1889
f 1758 1756 1891
f 1758 1886 1761
f 1646 1765 1655
f 1646 1761 1765
f 1639 1635 1756
f 1639 1761 1646
f 1639 1756 1758
f 1639 1758 1761
f 1593 1655 1595
f 1593 1646 1655
f 1591 1589 1635
f 1591 1639 1646
f 1591 1646 1593
f 1591 1635 1639
f 1585 1595 1587
f 1585 1593 1595
f 1579 1577 1589
f 1579 1591 1593
f 1579 1593 1585
f 1579 1589 1591
f 1601 1603 1721
f 1601 1587 1603
f 1601 1721 1718
f 1601 1585 1587
f 1601 1579 1585
f 1599 1718 1715
f 1599 1715 1713
f 1599 1597 1577
f 1599 1713 1597
f 1599 1577 1579
f 1599 1601 1718
f 1599 1579 1601
f 1637 1654 1657
f 1619 1652 1653
f 1616 1613 1620
f 1630 1654 1637
f 1623 1653 1654
f 1623 1619 1653
f 1623 1654 1630
f 1622 1631 1628
f 1622 1624 1631
f 1622 1637 1624
f 1622 1630 1637
f 1618 1628 1620
f 1618 1613 1619
f 1618 1623 1630
f 1618 1619 1623
f 1618 1622 1628
f 1618 1630 1622
f 1618 1620 1613
f 1724 1657 1654
f 1720 1654 1653
f 1720 1653 1652
f 1720 1724 1654
f 1628 1631 1693
f 1628 1693 1672
f 1620 1628 1672
f 1616 1620 1672
f 1720 1743 1724
f 1730 1743 1720
f 1672 1693 1700
f 1672 1700 1678
f 1752 1743 1730
f 1752 1753 1743
f 1746 1752 1730
f 1745 1746 1730
f 1700 1669 1664
f 1678 1651 1634
f 1678 1664 1651
f 1678 1700 1664
f 1801 1794 1792
f 1752 1769 1753
f 1745 1755 1746
f 1791 1788 1785
f 1791 1792 1788
f 1791 1801 1792
f 1783 1785 1777
f 1783 1791 1785
f 1797 1787 1818
f 1797 1805 1801
f 1797 1818 1805
f 1797 1801 1791
f 1775 1783 1777
f 1784 1787 1797
f 1784 1791 1783
f 1784 1797 1791
f 1771 1777 1769
f 1771 1769 1752
f 1771 1775 1777
f 1774 1755 1787
f 1774 1787 1784
f 1774 1783 1775
f 1774 1784 1783
f 1760 1752 1746
f 1760 1771 1752
f 1760 1775 1771
f 1760 1755 1774
f 1760 1774 1775
f 1760 1746 1755
f 1681 1676 1679
f 1699 1688 1698
f 1686 1682 1684
f 1686 1684 1687
f 1690 1691 1695
f 1690 1687 1691
f 1690 1695 1697
f 1690 1686 1687
f 1685 1679 1682
f 1685 1682 1686
f 1685 1681 1679
f 1689 1697 1698
f 1689 1688 1681
f 1689 1690 1697
f 1689 1685 1686
f 1689 1686 1690
f 1689 1698 1688
f 1689 1681 1685
f 1840 1794 1801
f 1856 1801 1805
f 1856 1805 1818
f 1856 1840 1801
f 1697 1695 1737
f 1697 1737 1733
f 1698 1697 1733
f 1699 1698 1733
f 1872 1840 1856
f 1872 1867 1840
f 1749 1737 1763
f 1733 1737 1749
f 1908 1867 1872
f 1908 1909 1867
f 1907 1908 1872
f 1906 1907 1872
f 1763 1811 1806
f 1749 1802 1790
f 1749 1806 1802
f 1749 1763 1806
f 1908 1915 1909
f 1941 1938 1934
f 1941 1934 1936
f 1953 1970 1966
f 1953 1950 1938
f 1953 1966 1950
f 1953 1938 1941
f 1933 1936 1928
f 1933 1941 1936
f 1924 1928 1921
f 1924 1933 1928
f 1942 1940 1970
f 1942 1953 1941
f 1942 1970 1953
f 1942 1941 1933
f 1919 1918 1915
f 1919 1921 1918
f 1919 1924 1921
f 1919 1915 1908
f 1931 1940 1942
f 1931 1942 1933
f 1931 1933 1924
f 1920 1908 1907
f 1920 1907 1906
f 1920 1906 1940
f 1920 1919 1908
f 1920 1931 1924
f 1920 1940 1931
f 1920 1924 1919
f 1860 1855 1859
f 1829 1820 1821
f 1829 1821 1826
f 1830 1817 1820
f 1830 1813 1817
f 1830 1831 1813
f 1830 1820 1829
f 1844 1835 1850
f 1844 1826 1835
f 1844 1850 1852
f 1844 1829 1826
f 1849 1852 1859
f 1849 1855 1831
f 1849 1831 1830
f 1849 1830 1829
f 1849 1829 1844
f 1849 1859 1855
f 1849 1844 1852
f 1904 1934 1938
f 1925 1938 1950
f 1925 1950 1966
f 1925 1904 1938
f 1852 1850 1861
f 1852 1861 1875
f 1859 1852 1875
f 1860 1859 1875
f 1925 1911 1904
f 1932 1911 1925
f 1875 1861 1880
f 1875 1880 1885
f 1972 1911 1932
f 1972 1968 1911
f 1980 1972 1932
f 1984 1980 1932
f 1880 1943 1947
f 1885 1948 1949
f 1885 1947 1948
f 1885 1880 1947
f 1981 1949 1948
f 1971 1947 1943
f 1971 1943 1962
f 1977 1948 1947
f 1977 1981 1948
f 1977 1947 1971
f 1978 1968 1972
f 1978 1975 1968
f 1978 1962 1975
f 1978 1971 1962
f 1982 1972 1980
f 1982 1980 1984
f 1982 1987 1981
f 1982 1984 1987
f 1982 1977 1971
f 1982 1981 1977
f 1982 1978 1972
f 1982 1971 1978
f 1602 1719 1722
f 1602 1722 1604
f 1600 1716 1719
f 1600 1714 1716
f 1600 1598 1714
f 1600 1719 1602
f 1586 1604 1588
f 1586 1602 1604
f 1580 1578 1598
f 1580 1602 1586
f 1580 1598 1600
f 1580 1600 1602
f 1594 1588 1596
f 1594 1586 1588
f 1592 1590 1578
f 1592 1580 1586
f 1592 1586 1594
f 1592 1578 1580
f 1647 1596 1656
f 1647 1594 1596
f 1640 1636 1590
f 1640 1592 1594
f 1640 1594 1647
f 1640 1590 1592
f 1762 1766 1884
f 1762 1656 1766
f 1762 1884 1887
f 1762 1647 1656
f 1759 1887 1890
f 1759 1890 1892
f 1759 1757 1636
f 1759 1892 1757
f 1759 1636 1640
f 1759 1640 1647
f 1759 1762 1887
f 1759 1647 1762
f 2804 2780 2813
f 3139 3245 3133
f 3139 3253 3245
f 3141 3144 3265
f 3141 3261 3253
f 3141 3265 3261
f 3141 3253 3139
f 2952 3133 2959
f 2952 3139 3133
f 2949 2946 3144
f 2949 3141 3139
f 2949 3139 2952
f 2949 3144 3141
f 2811 2959 2820
f 2811 2952 2959
f 2802 2799 2946
f 2802 2949 2952
f 2802 2946 2949
f 2802 2952 2811
f 2775 2820 2782
f 2775 2811 2820
f 2769 2764 2799
f 2769 2760 2764
f 2769 2811 2775
f 2769 2802 2811
f 2769 2799 2802
f 2771 2782 2780
f 2771 2775 2782
f 2771 2780 2804
f 2767 2804 2796
f 2767 2796 2791
f 2767 2791 2760
f 2767 2769 2775
f 2767 2760 2769
f 2767 2771 2804
f 2767 2775 2771
f 2830 2842 2847
f 2809 2815 2818
f 2843 2851 2845
f 2843 2848 2851
f 2839 2841 2836
f 2839 2845 2841
f 2839 2836 2833
f 2839 2843 2845
f 2840 2847 2848
f 2840 2848 2843
f 2840 2830 2847
f 2829 2833 2818
f 2829 2815 2830
f 2829 2839 2833
f 2829 2843 2839
f 2829 2840 2843
f 2829 2830 2840
f 2829 2818 2815
f 3011 3030 3023
f 3007 3013 3006
f 3007 3017 3013
f 3010 3023 3017
f 3010 3017 3007
f 3010 3011 3023
f 2983 2985 2973
f 2983 3006 2985
f 2983 2973 2969
f 2983 3007 3006
f 2978 2969 2956
f 2978 2956 2938
f 2978 2977 3011
f 2978 2938 2977
f 2978 3010 3007
f 2978 3011 3010
f 2978 3007 2983
f 2978 2983 2969
f 2770 2814 2779
f 2770 2803 2814
f 2766 2759 2790
f 2766 2795 2803
f 2766 2790 2795
f 2766 2803 2770
f 2774 2779 2781
f 2774 2770 2779
f 2768 2763 2759
f 2768 2766 2770
f 2768 2770 2774
f 2768 2759 2766
f 2810 2781 2819
f 2810 2774 2781
f 2801 2798 2763
f 2801 2768 2774
f 2801 2763 2768
f 2801 2774 2810
f 2953 2819 2958
f 2953 2810 2819
f 2948 2945 2798
f 2948 2810 2953
f 2948 2801 2810
f 2948 2798 2801
f 3138 3132 3244
f 3138 2958 3132
f 3138 3244 3252
f 3138 2953 2958
f 3140 3252 3260
f 3140 3260 3264
f 3140 3143 2945
f 3140 3264 3143
f 3140 2948 2953
f 3140 2945 2948
f 3140 3138 3252
f 3140 2953 3138
f 2886 2855 2892
f 3086 3175 3080
f 3086 3180 3175
f 3088 3092 3189
f 3088 3187 3180
f 3088 3189 3187
f 3088 3180 3086
f 3000 3080 3002
f 3000 3086 3080
f 2993 2992 3092
f 2993 3088 3086
f 2993 3086 3000
f 2993 3092 3088
f 2890 3002 2899
f 2890 3000 3002
f 2885 2882 2992
f 2885 2993 3000
f 2885 2992 2993
f 2885 3000 2890
f 2846 2899 2856
f 2846 2890 2899
f 2835 2828 2882
f 2835 2890 2846
f 2835 2885 2890
f 2835 2882 2885
f 2844 2856 2855
f 2844 2886 2879
f 2844 2846 2856
f 2844 2855 2886
f 2831 2879 2876
f 2831 2825 2828
f 2831 2876 2825
f 2831 2835 2846
f 2831 2828 2835
f 2831 2844 2879
f 2831 2846 2844
f 3223 3218 3224
f 3224 3218 3219
f 3219 3214 3215
f 3218 3214 3219
f 3215 3210 3209
f 3214 3210 3215
f 3102 3089 3103
f 3103 3089 3090
f 3090 3073 3074
f 3089 3073 3090
f 3074 3069 3070
f 3073 3069 3074
f 3143 3265 3144
f 3143 3264 3265
f 2945 3144 2946
f 2945 3143 3144
f 2798 2946 2799
f 2798 2945 2946
f 2763 2799 2764
f 2763 2764 2760
f 2763 2798 2799
f 2759 2763 2760
f 2790 2760 2791
f 2790 2759 2760
f 3091 3189 3092
f 3091 3190 3189
f 2991 3092 2992
f 2991 3091 3092
f 2883 2992 2882
f 2883 2991 2992
f 2827 2882 2828
f 2827 2828 2825
f 2827 2883 2882
f 2824 2827 2825
f 2875 2825 2876
f 2875 2824 2825
f 2899 2855 2856
f 2855 2996 2892
f 3002 2996 2899
f 3080 2996 3002
f 3175 2996 3080
f 3208 2996 3175
f 3203 2996 3208
f 3169 2996 3203
f 3077 2996 3169
f 2899 2996 2855
f 2986 2875 2876
f 2986 2876 2984
f 3085 2984 3084
f 3085 3084 3184
f 3085 2986 2984
f 3183 3085 3184
f 3229 3184 3230
f 3229 3183 3184
f 3237 3230 3234
f 3237 3229 3230
f 3190 3234 3189
f 3190 3237 3234
f 3133 3091 2959
f 2959 3091 2991
f 2959 2883 2820
f 2991 2883 2959
f 3245 3190 3133
f 3133 3190 3091
f 2820 2827 2782
f 2883 2827 2820
f 3270 3237 3245
f 3245 3237 3190
f 3270 3229 3237
f 3270 3268 3229
f 2824 2780 2827
f 2827 2780 2782
f 2824 2875 2780
f 2875 2813 2780
f 3229 3240 3183
f 3268 3240 3229
f 2986 2941 2875
f 2875 2941 2813
f 3085 3117 2986
f 3183 3117 3085
f 3240 3117 3183
f 2986 3117 2941
f 2930 2790 2791
f 2930 2791 2931
f 3127 2931 3128
f 3127 2930 2931
f 3257 3128 3258
f 3257 3127 3128
f 3281 3258 3282
f 3281 3257 3258
f 3285 3282 3286
f 3285 3286 3265
f 3285 3281 3282
f 3264 3285 3265
f 3269 3251 3262
f 3269 3246 3267
f 3262 3246 3269
f 3244 3217 3269
f 3269 3217 3251
f 3267 3202 3239
f 3202 3201 3239
f 3246 3200 3267
f 3267 3197 3202
f 3200 3197 3267
f 3201 3188 3239
f 3244 3170 3217
f 3188 3154 3239
f 3244 3153 3170
f 3244 3150 3153
f 3244 3132 3150
f 3154 3116 3239
f 3132 3121 3150
f 3154 3094 3116
f 3132 3078 3121
f 3094 3052 3116
f 3132 3047 3078
f 3052 3030 3116
f 3030 3011 3116
f 3132 2958 3047
f 3047 2958 3026
f 3026 2958 2981
f 3011 2940 3116
f 2977 2940 3011
f 2977 2938 2940
f 2938 2928 2940
f 2958 2912 2981
f 2958 2819 2912
f 2860 2819 2859
f 2878 2819 2860
f 2912 2819 2878
f 2928 2814 2940
f 2830 2814 2842
f 2815 2814 2830
f 2842 2814 2898
f 2898 2814 2915
f 2915 2814 2922
f 2925 2814 2928
f 2922 2814 2925
f 2815 2779 2814
f 2793 2779 2809
f 2794 2779 2793
f 2809 2779 2815
f 2868 2781 2863
f 2863 2781 2812
f 2812 2781 2794
f 2819 2781 2859
f 2794 2781 2779
f 2859 2781 2868
f 2979 2980 3035
f 3035 2980 3036
f 3070 3035 3036
f 3069 3035 3070
f 3114 3110 3115
f 3115 3110 3111
f 3111 3105 3106
f 3110 3105 3111
f 3106 3102 3103
f 3105 3102 3106
f 3147 3146 3115
f 3115 3146 3114
f 3156 3146 3147
f 3155 3146 3156
f 3155 3156 3210
f 3210 3156 3209
f 3221 3233 3222
f 3222 3233 3232
f 3232 3235 3236
f 3233 3235 3232
f 3236 3223 3224
f 3235 3223 3236
f 3186 3221 3222
f 3185 3221 3186
f 3172 3171 3186
f 3186 3171 3185
f 3194 3193 3172
f 3172 3193 3171
f 3162 3177 3178
f 3161 3177 3162
f 3178 3191 3192
f 3177 3191 3178
f 3192 3193 3194
f 3191 3193 3192
f 3096 3161 3162
f 3095 3161 3096
f 3042 3095 3096
f 3041 3095 3042
f 3014 3013 3042
f 3042 3013 3041
f 2960 2964 2961
f 2961 2967 2974
f 2964 2967 2961
f 2967 2973 2974
f 2974 2985 2999
f 2973 2985 2974
f 2999 3006 3014
f 2985 3006 2999
f 3006 3013 3014
f 2960 2961 2926
f 2926 2961 2927
f 2926 2927 2910
f 2910 2927 2911
f 2852 2910 2911
f 2851 2910 2852
f 2838 2826 2822
f 2837 2826 2838
f 2822 2823 2832
f 2826 2823 2822
f 2823 2836 2832
f 2832 2841 2852
f 2836 2841 2832
f 2841 2845 2852
f 2845 2851 2852
f 2838 2881 2837
f 2837 2881 2880
f 2880 2881 2894
f 2894 2881 2895
f 2894 2895 2871
f 2871 2895 2872
f 2905 2888 2889
f 2904 2888 2905
f 2889 2874 2873
f 2888 2874 2889
f 2873 2871 2872
f 2874 2871 2873
f 2904 2905 2979
f 2979 2905 2980
f 3115 3111 3106
f 3115 3106 3103
f 3115 3103 3090
f 3115 3090 3074
f 3115 3074 3070
f 2872 2905 2889
f 2872 2889 2873
f 3147 3036 2980
f 3147 3070 3036
f 3147 3115 3070
f 3224 3219 3215
f 2895 2980 2905
f 2895 2905 2872
f 3236 3224 3215
f 3222 3232 3236
f 3222 3215 3209
f 3222 3236 3215
f 3186 3209 3156
f 3186 3222 3209
f 3172 3156 3147
f 3172 3147 2980
f 3172 3186 3156
f 2832 2838 2822
f 2852 2838 2832
f 2852 2881 2838
f 2911 2881 2852
f 2927 2881 2911
f 2927 2895 2881
f 3096 2895 2927
f 3096 3194 3172
f 3096 3172 2980
f 3096 2980 2895
f 3042 3096 2927
f 3162 3194 3096
f 3162 3178 3192
f 3162 3192 3194
f 3014 2927 2961
f 3014 3042 2927
f 2999 2961 2974
f 2999 3014 2961
f 2990 2886 2892
f 2990 2892 2996
f 2987 2879 2886
f 2987 2876 2879
f 2987 2984 2876
f 2987 2886 2990
f 3079 2996 3077
f 3079 2990 2996
f 3083 3084 2984
f 3083 2990 3079
f 3083 2984 2987
f 3083 2987 2990
f 3176 3077 3169
f 3176 3079 3077
f 3181 3184 3084
f 3181 3083 3079
f 3181 3079 3176
f 3181 3084 3083
f 3213 3203 3208
f 3213 3169 3203
f 3213 3176 3169
f 3225 3230 3184
f 3225 3181 3176
f 3225 3176 3213
f 3225 3184 3181
f 3216 3208 3175
f 3216 3175 3180
f 3216 3180 3187
f 3216 3213 3208
f 3227 3187 3189
f 3227 3234 3230
f 3227 3189 3234
f 3227 3230 3225
f 3227 3225 3213
f 3227 3216 3187
f 3227 3213 3216
f 3274 3252 3244
f 3274 3244 3269
f 3278 3260 3252
f 3278 3264 3260
f 3278 3285 3264
f 3278 3252 3274
f 3271 3269 3267
f 3271 3274 3269
f 3276 3281 3285
f 3276 3274 3271
f 3276 3285 3278
f 3276 3278 3274
f 3247 3267 3239
f 3247 3271 3267
f 3254 3257 3281
f 3254 3276 3271
f 3254 3271 3247
f 3254 3281 3276
f 3119 3239 3116
f 3119 3247 3239
f 3124 3127 3257
f 3124 3254 3247
f 3124 3247 3119
f 3124 3257 3254
f 2936 2940 2814
f 2936 3116 2940
f 2936 2814 2803
f 2936 3119 3116
f 2936 3124 3119
f 2933 2803 2795
f 2933 2795 2790
f 2933 2930 3127
f 2933 2790 2930
f 2933 3127 3124
f 2933 2936 2803
f 2933 3124 2936
f 3191 3196 3193
f 3201 3202 3199
f 3154 3188 3157
f 3195 3196 3191
f 3198 3199 3196
f 3198 3201 3199
f 3198 3196 3195
f 3179 3161 3158
f 3179 3177 3161
f 3179 3191 3177
f 3179 3195 3191
f 3182 3158 3157
f 3182 3188 3201
f 3182 3198 3195
f 3182 3201 3198
f 3182 3179 3158
f 3182 3195 3179
f 3182 3157 3188
f 3171 3193 3196
f 3197 3196 3199
f 3197 3199 3202
f 3197 3171 3196
f 3158 3161 3095
f 3158 3095 3094
f 3157 3158 3094
f 3154 3157 3094
f 3197 3185 3171
f 3200 3185 3197
f 3094 3095 3041
f 3094 3041 3052
f 3226 3185 3200
f 3226 3221 3185
f 3238 3226 3200
f 3246 3238 3200
f 3041 3013 3017
f 3052 3023 3030
f 3052 3017 3023
f 3052 3041 3017
f 3211 3210 3214
f 3226 3233 3221
f 3246 3262 3238
f 3220 3218 3223
f 3220 3214 3218
f 3220 3211 3214
f 3231 3223 3235
f 3231 3220 3223
f 3228 3251 3217
f 3228 3212 3211
f 3228 3217 3212
f 3228 3211 3220
f 3241 3231 3235
f 3243 3251 3228
f 3243 3220 3231
f 3243 3228 3220
f 3242 3235 3233
f 3242 3233 3226
f 3242 3241 3235
f 3249 3262 3251
f 3249 3251 3243
f 3249 3231 3241
f 3249 3243 3231
f 3250 3226 3238
f 3250 3242 3226
f 3250 3241 3242
f 3250 3262 3249
f 3250 3249 3241
f 3250 3238 3262
f 2928 2938 2956
f 2922 2925 2937
f 2963 2969 2973
f 2963 2973 2967
f 2957 2964 2960
f 2957 2967 2964
f 2957 2960 2955
f 2957 2963 2967
f 2950 2956 2969
f 2950 2969 2963
f 2950 2928 2956
f 2939 2955 2937
f 2939 2925 2928
f 2939 2957 2955
f 2939 2950 2963
f 2939 2963 2957
f 2939 2937 2925
f 2939 2928 2950
f 3155 3210 3211
f 3170 3211 3212
f 3170 3212 3217
f 3170 3155 3211
f 2955 2960 2926
f 2955 2926 2915
f 2937 2955 2915
f 2922 2937 2915
f 3153 3155 3170
f 3153 3146 3155
f 2898 2926 2910
f 2915 2926 2898
f 3118 3146 3153
f 3118 3114 3146
f 3137 3118 3153
f 3150 3137 3153
f 2910 2851 2848
f 2898 2847 2842
f 2898 2848 2847
f 2898 2910 2848
f 3118 3110 3114
f 3072 3066 3069
f 3072 3069 3073
f 3071 3078 3047
f 3071 3055 3066
f 3071 3047 3055
f 3071 3066 3072
f 3093 3073 3089
f 3093 3072 3073
f 3101 3089 3102
f 3101 3093 3089
f 3097 3121 3078
f 3097 3071 3072
f 3097 3078 3071
f 3097 3072 3093
f 3112 3105 3110
f 3112 3102 3105
f 3112 3101 3102
f 3112 3110 3118
f 3107 3121 3097
f 3107 3097 3093
f 3107 3093 3101
f 3123 3118 3137
f 3123 3137 3150
f 3123 3150 3121
f 3123 3112 3118
f 3123 3107 3101
f 3123 3121 3107
f 3123 3101 3112
f 2812 2794 2821
f 2816 2833 2836
f 2816 2836 2823
f 2807 2818 2833
f 2807 2809 2818
f 2807 2793 2809
f 2807 2833 2816
f 2817 2826 2837
f 2817 2823 2826
f 2817 2837 2834
f 2817 2816 2823
f 2808 2834 2821
f 2808 2794 2793
f 2808 2793 2807
f 2808 2807 2816
f 2808 2816 2817
f 2808 2821 2794
f 2808 2817 2834
f 3035 3069 3066
f 3026 3066 3055
f 3026 3055 3047
f 3026 3035 3066
f 2834 2837 2880
f 2834 2880 2863
f 2821 2834 2863
f 2812 2821 2863
f 3026 2979 3035
f 2981 2979 3026
f 2863 2880 2894
f 2863 2894 2868
f 2908 2979 2981
f 2908 2904 2979
f 2909 2908 2981
f 2912 2909 2981
f 2894 2871 2869
f 2868 2864 2859
f 2868 2869 2864
f 2868 2894 2869
f 2860 2859 2864
f 2870 2869 2871
f 2870 2871 2874
f 2865 2864 2869
f 2865 2860 2864
f 2865 2869 2870
f 2887 2904 2908
f 2887 2888 2904
f 2887 2874 2888
f 2887 2870 2874
f 2884 2908 2909
f 2884 2909 2912
f 2884 2878 2860
f 2884 2912 2878
f 2884 2865 2870
f 2884 2860 2865
f 2884 2887 2908
f 2884 2870 2887
f 2935 2804 2813
f 2935 2813 2941
f 2934 2796 2804
f 2934 2791 2796
f 2934 2931 2791
f 2934 2804 2935
f 3120 2941 3117
f 3120 2935 2941
f 3125 3128 2931
f 3125 2935 3120
f 3125 2931 2934
f 3125 2934 2935
f 3248 3117 3240
f 3248 3120 3117
f 3255 3258 3128
f 3255 3125 3120
f 3255 3120 3248
f 3255 3128 3125
f 3272 3240 3268
f 3272 3248 3240
f 3277 3282 3258
f 3277 3255 3248
f 3277 3248 3272
f 3277 3258 3255
f 3275 3270 3245
f 3275 3268 3270
f 3275 3245 3253
f 3275 3272 3268
f 3279 3253 3261
f 3279 3261 3265
f 3279 3286 3282
f 3279 3265 3286
f 3279 3282 3277
f 3279 3277 3272
f 3279 3275 3253
f 3279 3272 3275
f 5385 5339 5396
f 5710 5845 5708
f 5710 5855 5845
f 5714 5717 5871
f 5714 5867 5855
f 5714 5871 5867
f 5714 5855 5710
f 5549 5708 5557
f 5549 5710 5708
f 5544 5541 5717
f 5544 5714 5710
f 5544 5710 5549
f 5544 5717 5714
f 5393 5557 5403
f 5393 5549 5557
f 5383 5378 5541
f 5383 5544 5549
f 5383 5541 5544
f 5383 5549 5393
f 5336 5403 5343
f 5336 5393 5403
f 5328 5322 5378
f 5328 5318 5322
f 5328 5393 5336
f 5328 5383 5393
f 5328 5378 5383
f 5334 5343 5339
f 5334 5336 5343
f 5334 5339 5385
f 5325 5385 5372
f 5325 5372 5365
f 5325 5365 5318
f 5325 5328 5336
f 5325 5318 5328
f 5325 5334 5385
f 5325 5336 5334
f 5415 5428 5434
f 5391 5398 5401
f 5430 5437 5432
f 5430 5435 5437
f 5425 5427 5421
f 5425 5432 5427
f 5425 5421 5418
f 5425 5430 5432
f 5426 5434 5435
f 5426 5435 5430
f 5426 5415 5434
f 5414 5418 5401
f 5414 5398 5415
f 5414 5425 5418
f 5414 5430 5425
f 5414 5426 5430
f 5414 5415 5426
f 5414 5401 5398
f 5600 5612 5607
f 5597 5601 5596
f 5597 5603 5601
f 5598 5607 5603
f 5598 5603 5597
f 5598 5600 5607
f 5577 5578 5568
f 5577 5596 5578
f 5577 5568 5567
f 5577 5597 5596
f 5572 5567 5554
f 5572 5554 5534
f 5572 5570 5600
f 5572 5534 5570
f 5572 5598 5597
f 5572 5600 5598
f 5572 5597 5577
f 5572 5577 5567
f 5333 5395 5338
f 5333 5384 5395
f 5324 5317 5364
f 5324 5371 5384
f 5324 5364 5371
f 5324 5384 5333
f 5335 5338 5342
f 5335 5333 5338
f 5327 5321 5317
f 5327 5324 5333
f 5327 5333 5335
f 5327 5317 5324
f 5392 5342 5402
f 5392 5335 5342
f 5382 5377 5321
f 5382 5327 5335
f 5382 5321 5327
f 5382 5335 5392
f 5548 5402 5556
f 5548 5392 5402
f 5543 5540 5377
f 5543 5392 5548
f 5543 5382 5392
f 5543 5377 5382
f 5711 5707 5846
f 5711 5556 5707
f 5711 5846 5854
f 5711 5548 5556
f 5713 5854 5866
f 5713 5866 5870
f 5713 5716 5540
f 5713 5870 5716
f 5713 5543 5548
f 5713 5540 5543
f 5713 5711 5854
f 5713 5548 5711
f 5483 5443 5491
f 5662 5752 5658
f 5662 5758 5752
f 5664 5668 5771
f 5664 5766 5758
f 5664 5771 5766
f 5664 5758 5662
f 5591 5658 5595
f 5591 5662 5658
f 5586 5585 5668
f 5586 5664 5662
f 5586 5662 5591
f 5586 5668 5664
f 5487 5595 5497
f 5487 5591 5595
f 5481 5478 5585
f 5481 5586 5591
f 5481 5585 5586
f 5481 5591 5487
f 5433 5497 5447
f 5433 5487 5497
f 5420 5413 5478
f 5420 5487 5433
f 5420 5481 5487
f 5420 5478 5481
f 5431 5447 5443
f 5431 5483 5474
f 5431 5433 5447
f 5431 5443 5483
f 5416 5474 5472
f 5416 5408 5413
f 5416 5472 5408
f 5416 5420 5433
f 5416 5413 5420
f 5416 5431 5474
f 5416 5433 5431
f 5819 5814 5820
f 5820 5814 5815
f 5815 5810 5811
f 5814 5810 5815
f 5811 5805 5806
f 5810 5805 5811
f 5676 5665 5677
f 5677 5665 5666
f 5666 5648 5649
f 5665 5648 5666
f 5649 5641 5642
f 5648 5641 5649
f 5716 5871 5717
f 5716 5870 5871
f 5540 5717 5541
f 5540 5716 5717
f 5377 5541 5378
f 5377 5540 5541
f 5321 5378 5322
f 5321 5322 5318
f 5321 5377 5378
f 5317 5321 5318
f 5364 5318 5365
f 5364 5317 5318
f 5667 5771 5668
f 5667 5770 5771
f 5584 5668 5585
f 5584 5667 5668
f 5477 5585 5478
f 5477 5584 5585
f 5412 5478 5413
f 5412 5413 5408
f 5412 5477 5478
f 5407 5412 5408
f 5471 5408 5472
f 5471 5407 5408
f 5497 5443 5447
f 5443 5589 5491
f 5595 5589 5497
f 5658 5589 5595
f 5752 5589 5658
f 5801 5589 5752
f 5799 5589 5801
f 5744 5589 5799
f 5653 5589 5744
f 5497 5589 5443
f 5579 5471 5472
f 5579 5472 5580
f 5660 5580 5661
f 5660 5661 5763
f 5660 5579 5580
f 5762 5660 5763
f 5829 5763 5830
f 5829 5762 5763
f 5836 5830 5837
f 5836 5829 5830
f 5770 5837 5771
f 5770 5836 5837
f 5708 5667 5557
f 5557 5667 5584
f 5557 5477 5403
f 5584 5477 5557
f 5845 5770 5708
f 5708 5770 5667
f 5403 5412 5343
f 5477 5412 5403
f 5900 5836 5845
f 5845 5836 5770
f 5900 5829 5836
f 5900 5896 5829
f 5407 5339 5412
f 5412 5339 5343
f 5407 5471 5339
f 5471 5396 5339
f 5829 5840 5762
f 5896 5840 5829
f 5579 5538 5471
f 5471 5538 5396
f 5660 5689 5579
f 5762 5689 5660
f 5840 5689 5762
f 5579 5689 5538
f 5525 5364 5365
f 5525 5365 5526
f 5702 5526 5703
f 5702 5525 5526
f 5861 5703 5862
f 5861 5702 5703
f 5914 5862 5915
f 5914 5861 5862
f 5919 5915 5920
f 5919 5920 5871
f 5919 5914 5915
f 5870 5919 5871
f 5899 5853 5868
f 5899 5847 5895
f 5868 5847 5899
f 5846 5813 5899
f 5899 5813 5853
f 5895 5787 5839
f 5787 5784 5839
f 5847 5782 5895
f 5895 5778 5787
f 5782 5778 5895
f 5784 5769 5839
f 5846 5746 5813
f 5769 5732 5839
f 5846 5726 5746
f 5846 5723 5726
f 5846 5707 5723
f 5732 5688 5839
f 5707 5697 5723
f 5732 5671 5688
f 5707 5654 5697
f 5671 5633 5688
f 5707 5632 5654
f 5633 5612 5688
f 5612 5600 5688
f 5707 5556 5632
f 5632 5556 5611
f 5611 5556 5575
f 5600 5537 5688
f 5570 5537 5600
f 5570 5534 5537
f 5534 5523 5537
f 5556 5506 5575
f 5556 5402 5506
f 5456 5402 5453
f 5473 5402 5456
f 5506 5402 5473
f 5523 5395 5537
f 5415 5395 5428
f 5398 5395 5415
f 5428 5395 5494
f 5494 5395 5512
f 5512 5395 5517
f 5519 5395 5523
f 5517 5395 5519
f 5398 5338 5395
f 5368 5338 5391
f 5369 5338 5368
f 5391 5338 5398
f 5460 5342 5457
f 5457 5342 5394
f 5394 5342 5369
f 5402 5342 5453
f 5369 5342 5338
f 5453 5342 5460
f 5573 5574 5616
f 5616 5574 5617
f 5642 5616 5617
f 5641 5616 5642
f 5684 5681 5685
f 5685 5681 5682
f 5682 5678 5679
f 5681 5678 5682
f 5679 5676 5677
f 5678 5676 5679
f 5722 5721 5685
f 5685 5721 5684
f 5734 5721 5722
f 5733 5721 5734
f 5733 5734 5805
f 5805 5734 5806
f 5817 5832 5818
f 5818 5832 5833
f 5833 5834 5835
f 5832 5834 5833
f 5835 5819 5820
f 5834 5819 5835
f 5765 5817 5818
f 5764 5817 5765
f 5749 5748 5765
f 5765 5748 5764
f 5775 5774 5749
f 5749 5774 5748
f 5739 5754 5755
f 5738 5754 5739
f 5755 5772 5773
f 5754 5772 5755
f 5773 5774 5775
f 5772 5774 5773
f 5673 5738 5739
f 5672 5738 5673
f 5628 5672 5673
f 5627 5672 5628
f 5602 5601 5628
f 5628 5601 5627
f 5558 5561 5559
f 5559 5566 5569
f 5561 5566 5559
f 5566 5568 5569
f 5569 5578 5590
f 5568 5578 5569
f 5590 5596 5602
f 5578 5596 5590
f 5596 5601 5602
f 5558 5559 5520
f 5520 5559 5521
f 5520 5521 5504
f 5504 5521 5505
f 5436 5504 5505
f 5437 5504 5436
f 5423 5409 5405
f 5422 5409 5423
f 5405 5406 5417
f 5409 5406 5405
f 5406 5421 5417
f 5417 5427 5436
f 5421 5427 5417
f 5427 5432 5436
f 5432 5437 5436
f 5423 5476 5422
f 5422 5476 5475
f 5475 5476 5492
f 5492 5476 5493
f 5492 5493 5465
f 5465 5493 5466
f 5500 5485 5486
f 5499 5485 5500
f 5486 5467 5468
f 5485 5467 5486
f 5468 5465 5466
f 5467 5465 5468
f 5499 5500 5573
f 5573 5500 5574
f 5685 5682 5679
f 5685 5679 5677
f 5685 5677 5666
f 5685 5666 5649
f 5685 5649 5642
f 5466 5500 5486
f 5466 5486 5468
f 5722 5617 5574
f 5722 5642 5617
f 5722 5685 5642
f 5820 5815 5811
f 5493 5574 5500
f 5493 5500 5466
f 5835 5820 5811
f 5818 5833 5835
f 5818 5811 5806
f 5818 5835 5811
f 5765 5806 5734
f 5765 5818 5806
f 5749 5734 5722
f 5749 5722 5574
f 5749 5765 5734
f 5417 5423 5405
f 5436 5423 5417
f 5436 5476 5423
f 5505 5476 5436
f 5521 5476 5505
f 5521 5493 5476
f 5673 5493 5521
f 5673 5775 5749
f 5673 5749 5574
f 5673 5574 5493
f 5628 5673 5521
f 5739 5775 5673
f 5739 5755 5773
f 5739 5773 5775
f 5602 5521 5559
f 5602 5628 5521
f 5590 5559 5569
f 5590 5602 5559
f 5583 5483 5491
f 5583 5491 5589
f 5582 5474 5483
f 5582 5472 5474
f 5582 5580 5472
f 5582 5483 5583
f 5655 5589 5653
f 5655 5583 5589
f 5659 5661 5580
f 5659 5583 5655
f 5659 5580 5582
f 5659 5582 5583
f 5753 5653 5744
f 5753 5655 5653
f 5760 5763 5661
f 5760 5659 5655
f 5760 5655 5753
f 5760 5661 5659
f 5809 5799 5801
f 5809 5744 5799
f 5809 5753 5744
f 5823 5830 5763
f 5823 5760 5753
f 5823 5753 5809
f 5823 5763 5760
f 5812 5801 5752
f 5812 5752 5758
f 5812 5758 5766
f 5812 5809 5801
f 5825 5766 5771
f 5825 5837 5830
f 5825 5771 5837
f 5825 5830 5823
f 5825 5823 5809
f 5825 5812 5766
f 5825 5809 5812
f 5903 5854 5846
f 5903 5846 5899
f 5910 5866 5854
f 5910 5870 5866
f 5910 5919 5870
f 5910 5854 5903
f 5901 5899 5895
f 5901 5903 5899
f 5908 5914 5919
f 5908 5903 5901
f 5908 5919 5910
f 5908 5910 5903
f 5848 5895 5839
f 5848 5901 5895
f 5856 5861 5914
f 5856 5908 5901
f 5856 5901 5848
f 5856 5914 5908
f 5695 5839 5688
f 5695 5848 5839
f 5699 5702 5861
f 5699 5856 5848
f 5699 5848 5695
f 5699 5861 5856
f 5531 5537 5395
f 5531 5688 5537
f 5531 5395 5384
f 5531 5695 5688
f 5531 5699 5695
f 5529 5384 5371
f 5529 5371 5364
f 5529 5525 5702
f 5529 5364 5525
f 5529 5702 5699
f 5529 5531 5384
f 5529 5699 5531
f 5772 5777 5774
f 5784 5787 5780
f 5732 5769 5735
f 5776 5777 5772
f 5779 5780 5777
f 5779 5784 5780
f 5779 5777 5776
f 5756 5738 5736
f 5756 5754 5738
f 5756 5772 5754
f 5756 5776 5772
f 5761 5736 5735
f 5761 5769 5784
f 5761 5779 5776
f 5761 5784 5779
f 5761 5756 5736
f 5761 5776 5756
f 5761 5735 5769
f 5748 5774 5777
f 5778 5777 5780
f 5778 5780 5787
f 5778 5748 5777
f 5736 5738 5672
f 5736 5672 5671
f 5735 5736 5671
f 5732 5735 5671
f 5778 5764 5748
f 5782 5764 5778
f 5671 5672 5627
f 5671 5627 5633
f 5824 5764 5782
f 5824 5817 5764
f 5838 5824 5782
f 5847 5838 5782
f 5627 5601 5603
f 5633 5607 5612
f 5633 5603 5607
f 5633 5627 5603
f 5807 5805 5810
f 5824 5832 5817
f 5847 5868 5838
f 5816 5814 5819
f 5816 5810 5814
f 5816 5807 5810
f 5831 5819 5834
f 5831 5816 5819
f 5828 5853 5813
f 5828 5808 5807
f 5828 5813 5808
f 5828 5807 5816
f 5841 5831 5834
f 5844 5853 5828
f 5844 5816 5831
f 5844 5828 5816
f 5842 5834 5832
f 5842 5832 5824
f 5842 5841 5834
f 5850 5868 5853
f 5850 5853 5844
f 5850 5831 5841
f 5850 5844 5831
f 5851 5824 5838
f 5851 5842 5824
f 5851 5841 5842
f 5851 5868 5850
f 5851 5850 5841
f 5851 5838 5868
f 5523 5534 5554
f 5517 5519 5533
f 5560 5567 5568
f 5560 5568 5566
f 5555 5561 5558
f 5555 5566 5561
f 5555 5558 5552
f 5555 5560 5566
f 5545 5554 5567
f 5545 5567 5560
f 5545 5523 5554
f 5536 5552 5533
f 5536 5519 5523
f 5536 5555 5552
f 5536 5545 5560
f 5536 5560 5555
f 5536 5533 5519
f 5536 5523 5545
f 5733 5805 5807
f 5746 5807 5808
f 5746 5808 5813
f 5746 5733 5807
f 5552 5558 5520
f 5552 5520 5512
f 5533 5552 5512
f 5517 5533 5512
f 5726 5733 5746
f 5726 5721 5733
f 5494 5520 5504
f 5512 5520 5494
f 5692 5721 5726
f 5692 5684 5721
f 5709 5692 5726
f 5723 5709 5726
f 5504 5437 5435
f 5494 5434 5428
f 5494 5435 5434
f 5494 5504 5435
f 5692 5681 5684
f 5647 5639 5641
f 5647 5641 5648
f 5646 5654 5632
f 5646 5637 5639
f 5646 5632 5637
f 5646 5639 5647
f 5669 5648 5665
f 5669 5647 5648
f 5675 5665 5676
f 5675 5669 5665
f 5674 5697 5654
f 5674 5646 5647
f 5674 5654 5646
f 5674 5647 5669
f 5683 5678 5681
f 5683 5676 5678
f 5683 5675 5676
f 5683 5681 5692
f 5680 5697 5674
f 5680 5674 5669
f 5680 5669 5675
f 5698 5692 5709
f 5698 5709 5723
f 5698 5723 5697
f 5698 5683 5692
f 5698 5680 5675
f 5698 5697 5680
f 5698 5675 5683
f 5394 5369 5404
f 5399 5418 5421
f 5399 5421 5406
f 5389 5401 5418
f 5389 5391 5401
f 5389 5368 5391
f 5389 5418 5399
f 5400 5409 5422
f 5400 5406 5409
f 5400 5422 5419
f 5400 5399 5406
f 5390 5419 5404
f 5390 5369 5368
f 5390 5368 5389
f 5390 5389 5399
f 5390 5399 5400
f 5390 5404 5369
f 5390 5400 5419
f 5616 5641 5639
f 5611 5639 5637
f 5611 5637 5632
f 5611 5616 5639
f 5419 5422 5475
f 5419 5475 5457
f 5404 5419 5457
f 5394 5404 5457
f 5611 5573 5616
f 5575 5573 5611
f 5457 5475 5492
f 5457 5492 5460
f 5501 5573 5575
f 5501 5499 5573
f 5502 5501 5575
f 5506 5502 5575
f 5492 5465 5461
f 5460 5458 5453
f 5460 5461 5458
f 5460 5492 5461
f 5456 5453 5458
f 5464 5461 5465
f 5464 5465 5467
f 5459 5458 5461
f 5459 5456 5458
f 5459 5461 5464
f 5484 5499 5501
f 5484 5485 5499
f 5484 5467 5485
f 5484 5464 5467
f 5480 5501 5502
f 5480 5502 5506
f 5480 5473 5456
f 5480 5506 5473
f 5480 5459 5464
f 5480 5456 5459
f 5480 5484 5501
f 5480 5464 5484
f 5532 5385 5396
f 5532 5396 5538
f 5530 5372 5385
f 5530 5365 5372
f 5530 5526 5365
f 5530 5385 5532
f 5694 5538 5689
f 5694 5532 5538
f 5700 5703 5526
f 5700 5532 5694
f 5700 5526 5530
f 5700 5530 5532
f 5849 5689 5840
f 5849 5694 5689
f 5857 5862 5703
f 5857 5700 5694
f 5857 5694 5849
f 5857 5703 5700
f 5902 5840 5896
f 5902 5849 5840
f 5909 5915 5862
f 5909 5857 5849
f 5909 5849 5902
f 5909 5862 5857
f 5904 5900 5845
f 5904 5896 5900
f 5904 5845 5855
f 5904 5902 5896
f 5911 5855 5867
f 5911 5867 5871
f 5911 5920 5915
f 5911 5871 5920
f 5911 5915 5909
f 5911 5909 5902
f 5911 5904 5855
f 5911 5902 5904
f 3368 3344 3376
f 3701 3843 3696
f 3701 3851 3843
f 3705 3710 3863
f 3705 3859 3851
f 3705 3863 3859
f 3705 3851 3701
f 3521 3696 3526
f 3521 3701 3696
f 3514 3511 3710
f 3514 3705 3701
f 3514 3701 3521
f 3514 3710 3705
f 3373 3526 3383
f 3373 3521 3526
f 3366 3363 3511
f 3366 3514 3521
f 3366 3511 3514
f 3366 3521 3373
f 3342 3383 3346
f 3342 3373 3383
f 3338 3333 3363
f 3338 3329 3333
f 3338 3373 3342
f 3338 3366 3373
f 3338 3363 3366
f 3340 3346 3344
f 3340 3342 3346
f 3340 3344 3368
f 3336 3368 3360
f 3336 3360 3355
f 3336 3355 3329
f 3336 3338 3342
f 3336 3329 3338
f 3336 3340 3368
f 3336 3342 3340
f 3393 3407 3412
f 3371 3377 3380
f 3408 3414 3410
f 3408 3413 3414
f 3402 3406 3399
f 3402 3410 3406
f 3402 3399 3396
f 3402 3408 3410
f 3403 3412 3413
f 3403 3413 3408
f 3403 3393 3412
f 3392 3396 3380
f 3392 3377 3393
f 3392 3402 3396
f 3392 3408 3402
f 3392 3403 3408
f 3392 3393 3403
f 3392 3380 3377
f 3578 3590 3584
f 3572 3581 3571
f 3572 3583 3581
f 3575 3584 3583
f 3575 3583 3572
f 3575 3578 3584
f 3546 3548 3535
f 3546 3571 3548
f 3546 3535 3534
f 3546 3572 3571
f 3540 3534 3523
f 3540 3523 3501
f 3540 3537 3578
f 3540 3501 3537
f 3540 3575 3572
f 3540 3578 3575
f 3540 3572 3546
f 3540 3546 3534
f 3339 3375 3343
f 3339 3367 3375
f 3335 3328 3354
f 3335 3359 3367
f 3335 3354 3359
f 3335 3367 3339
f 3341 3343 3345
f 3341 3339 3343
f 3337 3332 3328
f 3337 3335 3339
f 3337 3339 3341
f 3337 3328 3335
f 3372 3345 3382
f 3372 3341 3345
f 3365 3362 3332
f 3365 3337 3341
f 3365 3332 3337
f 3365 3341 3372
f 3520 3382 3525
f 3520 3372 3382
f 3513 3510 3362
f 3513 3372 3520
f 3513 3365 3372
f 3513 3362 3365
f 3700 3695 3842
f 3700 3525 3695
f 3700 3842 3850
f 3700 3520 3525
f 3704 3850 3858
f 3704 3858 3862
f 3704 3709 3510
f 3704 3862 3709
f 3704 3513 3520
f 3704 3510 3513
f 3704 3700 3850
f 3704 3520 3700
f 3452 3419 3461
f 3652 3747 3647
f 3652 3754 3747
f 3653 3654 3765
f 3653 3761 3754
f 3653 3765 3761
f 3653 3754 3652
f 3565 3647 3570
f 3565 3652 3647
f 3556 3555 3654
f 3556 3653 3652
f 3556 3652 3565
f 3556 3654 3653
f 3458 3570 3465
f 3458 3565 3570
f 3451 3448 3555
f 3451 3556 3565
f 3451 3555 3556
f 3451 3565 3458
f 3411 3465 3422
f 3411 3458 3465
f 3398 3390 3448
f 3398 3458 3411
f 3398 3451 3458
f 3398 3448 3451
f 3409 3422 3419
f 3409 3452 3444
f 3409 3411 3422
f 3409 3419 3452
f 3394 3444 3441
f 3394 3388 3390
f 3394 3441 3388
f 3394 3398 3411
f 3394 3390 3398
f 3394 3409 3444
f 3394 3411 3409
f 3813 3808 3814
f 3814 3808 3809
f 3809 3804 3805
f 3808 3804 3809
f 3805 3797 3798
f 3804 3797 3805
f 3666 3655 3667
f 3667 3655 3656
f 3656 3639 3640
f 3655 3639 3656
f 3640 3634 3633
f 3639 3634 3640
f 3709 3863 3710
f 3709 3862 3863
f 3510 3710 3511
f 3510 3709 3710
f 3362 3511 3363
f 3362 3510 3511
f 3332 3363 3333
f 3332 3333 3329
f 3332 3362 3363
f 3328 3332 3329
f 3354 3329 3355
f 3354 3328 3329
f 3657 3765 3654
f 3657 3766 3765
f 3554 3654 3555
f 3554 3657 3654
f 3449 3555 3448
f 3449 3554 3555
f 3391 3448 3390
f 3391 3390 3388
f 3391 3449 3448
f 3387 3391 3388
f 3442 3388 3441
f 3442 3387 3388
f 3465 3419 3422
f 3419 3557 3461
f 3570 3557 3465
f 3647 3557 3570
f 3747 3557 3647
f 3792 3557 3747
f 3789 3557 3792
f 3739 3557 3789
f 3643 3557 3739
f 3465 3557 3419
f 3549 3442 3441
f 3549 3441 3547
f 3651 3547 3650
f 3651 3650 3758
f 3651 3549 3547
f 3757 3651 3758
f 3821 3758 3822
f 3821 3757 3758
f 3829 3822 3826
f 3829 3821 3822
f 3766 3826 3765
f 3766 3829 3826
f 3696 3657 3526
f 3526 3657 3554
f 3526 3449 3383
f 3554 3449 3526
f 3843 3766 3696
f 3696 3766 3657
f 3383 3391 3346
f 3449 3391 3383
f 3900 3829 3843
f 3843 3829 3766
f 3900 3821 3829
f 3900 3898 3821
f 3387 3344 3391
f 3391 3344 3346
f 3387 3442 3344
f 3442 3376 3344
f 3821 3832 3757
f 3898 3832 3821
f 3549 3504 3442
f 3442 3504 3376
f 3651 3681 3549
f 3757 3681 3651
f 3832 3681 3757
f 3549 3681 3504
f 3491 3354 3355
f 3491 3355 3492
f 3690 3492 3691
f 3690 3491 3492
f 3855 3691 3856
f 3855 3690 3691
f 3916 3856 3917
f 3916 3855 3856
f 3922 3917 3923
f 3922 3923 3863
f 3922 3916 3917
f 3862 3922 3863
f 3899 3849 3860
f 3899 3844 3897
f 3860 3844 3899
f 3842 3807 3899
f 3899 3807 3849
f 3897 3786 3831
f 3786 3785 3831
f 3844 3784 3897
f 3897 3777 3786
f 3784 3777 3897
f 3785 3764 3831
f 3842 3742 3807
f 3764 3724 3831
f 3842 3719 3742
f 3842 3718 3719
f 3842 3695 3718
f 3724 3680 3831
f 3695 3685 3718
f 3724 3659 3680
f 3695 3644 3685
f 3659 3626 3680
f 3695 3623 3644
f 3626 3590 3680
f 3590 3578 3680
f 3695 3525 3623
f 3623 3525 3585
f 3585 3525 3543
f 3578 3503 3680
f 3537 3503 3578
f 3537 3501 3503
f 3501 3489 3503
f 3525 3476 3543
f 3525 3382 3476
f 3426 3382 3425
f 3443 3382 3426
f 3476 3382 3443
f 3489 3375 3503
f 3393 3375 3407
f 3377 3375 3393
f 3407 3375 3464
f 3464 3375 3483
f 3483 3375 3485
f 3486 3375 3489
f 3485 3375 3486
f 3377 3343 3375
f 3357 3343 3371
f 3358 3343 3357
f 3371 3343 3377
f 3434 3345 3429
f 3429 3345 3374
f 3374 3345 3358
f 3382 3345 3425
f 3358 3345 3343
f 3425 3345 3434
f 3541 3542 3601
f 3601 3542 3602
f 3633 3601 3602
f 3634 3601 3633
f 3678 3675 3679
f 3679 3675 3676
f 3676 3670 3671
f 3675 3670 3676
f 3671 3666 3667
f 3670 3666 3671
f 3715 3714 3679
f 3679 3714 3678
f 3728 3714 3715
f 3727 3714 3728
f 3727 3728 3797
f 3797 3728 3798
f 3811 3824 3812
f 3812 3824 3825
f 3825 3827 3828
f 3824 3827 3825
f 3828 3813 3814
f 3827 3813 3828
f 3760 3811 3812
f 3759 3811 3760
f 3744 3743 3760
f 3760 3743 3759
f 3770 3769 3744
f 3744 3769 3743
f 3734 3749 3750
f 3733 3749 3734
f 3750 3767 3768
f 3749 3767 3750
f 3768 3769 3770
f 3767 3769 3768
f 3661 3733 3734
f 3660 3733 3661
f 3616 3660 3661
f 3615 3660 3616
f 3582 3581 3616
f 3616 3581 3615
f 3527 3530 3528
f 3528 3533 3536
f 3530 3533 3528
f 3533 3535 3536
f 3536 3548 3562
f 3535 3548 3536
f 3562 3571 3582
f 3548 3571 3562
f 3571 3581 3582
f 3527 3528 3487
f 3487 3528 3488
f 3487 3488 3474
f 3474 3488 3475
f 3415 3474 3475
f 3414 3474 3415
f 3401 3389 3385
f 3400 3389 3401
f 3385 3386 3395
f 3389 3386 3385
f 3386 3399 3395
f 3395 3406 3415
f 3399 3406 3395
f 3406 3410 3415
f 3410 3414 3415
f 3401 3446 3400
f 3400 3446 3445
f 3445 3446 3462
f 3462 3446 3463
f 3462 3463 3438
f 3438 3463 3437
f 3469 3454 3455
f 3468 3454 3469
f 3455 3439 3440
f 3454 3439 3455
f 3440 3438 3437
f 3439 3438 3440
f 3468 3469 3541
f 3541 3469 3542
f 3679 3676 3671
f 3679 3671 3667
f 3679 3667 3656
f 3679 3656 3640
f 3679 3640 3633
f 3437 3469 3455
f 3437 3455 3440
f 3715 3602 3542
f 3715 3633 3602
f 3715 3679 3633
f 3814 3809 3805
f 3463 3542 3469
f 3463 3469 3437
f 3828 3814 3805
f 3812 3825 3828
f 3812 3805 3798
f 3812 3828 3805
f 3760 3798 3728
f 3760 3812 3798
f 3744 3728 3715
f 3744 3715 3542
f 3744 3760 3728
f 3395 3401 3385
f 3415 3401 3395
f 3415 3446 3401
f 3475 3446 3415
f 3488 3446 3475
f 3488 3463 3446
f 3661 3463 3488
f 3661 3770 3744
f 3661 3744 3542
f 3661 3542 3463
f 3616 3661 3488
f 3734 3770 3661
f 3734 3750 3768
f 3734 3768 3770
f 3582 3488 3528
f 3582 3616 3488
f 3562 3528 3536
f 3562 3582 3528
f 3551 3452 3461
f 3551 3461 3557
f 3550 3444 3452
f 3550 3441 3444
f 3550 3547 3441
f 3550 3452 3551
f 3645 3557 3643
f 3645 3551 3557
f 3649 3650 3547
f 3649 3551 3645
f 3649 3547 3550
f 3649 3550 3551
f 3748 3643 3739
f 3748 3645 3643
f 3755 3758 3650
f 3755 3649 3645
f 3755 3645 3748
f 3755 3650 3649
f 3803 3789 3792
f 3803 3739 3789
f 3803 3748 3739
f 3815 3822 3758
f 3815 3755 3748
f 3815 3748 3803
f 3815 3758 3755
f 3806 3792 3747
f 3806 3747 3754
f 3806 3754 3761
f 3806 3803 3792
f 3817 3761 3765
f 3817 3826 3822
f 3817 3765 3826
f 3817 3822 3815
f 3817 3815 3803
f 3817 3806 3761
f 3817 3803 3806
f 3906 3850 3842
f 3906 3842 3899
f 3913 3858 3850
f 3913 3862 3858
f 3913 3922 3862
f 3913 3850 3906
f 3903 3899 3897
f 3903 3906 3899
f 3911 3916 3922
f 3911 3906 3903
f 3911 3922 3913
f 3911 3913 3906
f 3845 3897 3831
f 3845 3903 3897
f 3852 3855 3916
f 3852 3911 3903
f 3852 3903 3845
f 3852 3916 3911
f 3683 3831 3680
f 3683 3845 3831
f 3687 3690 3855
f 3687 3852 3845
f 3687 3845 3683
f 3687 3855 3852
f 3496 3503 3375
f 3496 3680 3503
f 3496 3375 3367
f 3496 3683 3680
f 3496 3687 3683
f 3494 3367 3359
f 3494 3359 3354
f 3494 3491 3690
f 3494 3354 3491
f 3494 3690 3687
f 3494 3496 3367
f 3494 3687 3496
f 3767 3776 3769
f 3785 3786 3783
f 3724 3764 3729
f 3773 3776 3767
f 3782 3783 3776
f 3782 3785 3783
f 3782 3776 3773
f 3753 3733 3730
f 3753 3749 3733
f 3753 3767 3749
f 3753 3773 3767
f 3756 3730 3729
f 3756 3764 3785
f 3756 3782 3773
f 3756 3785 3782
f 3756 3753 3730
f 3756 3773 3753
f 3756 3729 3764
f 3743 3769 3776
f 3777 3776 3783
f 3777 3783 3786
f 3777 3743 3776
f 3730 3733 3660
f 3730 3660 3659
f 3729 3730 3659
f 3724 3729 3659
f 3777 3759 3743
f 3784 3759 3777
f 3659 3660 3615
f 3659 3615 3626
f 3816 3759 3784
f 3816 3811 3759
f 3830 3816 3784
f 3844 3830 3784
f 3615 3581 3583
f 3626 3584 3590
f 3626 3583 3584
f 3626 3615 3583
f 3799 3797 3804
f 3816 3824 3811
f 3844 3860 3830
f 3810 3808 3813
f 3810 3804 3808
f 3810 3799 3804
f 3823 3813 3827
f 3823 3810 3813
f 3820 3849 3807
f 3820 3802 3799
f 3820 3807 3802
f 3820 3799 3810
f 3833 3823 3827
f 3837 3849 3820
f 3837 3810 3823
f 3837 3820 3810
f 3834 3827 3824
f 3834 3824 3816
f 3834 3833 3827
f 3847 3860 3849
f 3847 3849 3837
f 3847 3823 3833
f 3847 3837 3823
f 3848 3816 3830
f 3848 3834 3816
f 3848 3833 3834
f 3848 3860 3847
f 3848 3847 3833
f 3848 3830 3860
f 3489 3501 3523
f 3485 3486 3500
f 3529 3534 3535
f 3529 3535 3533
f 3524 3530 3527
f 3524 3533 3530
f 3524 3527 3522
f 3524 3529 3533
f 3515 3523 3534
f 3515 3534 3529
f 3515 3489 3523
f 3502 3522 3500
f 3502 3486 3489
f 3502 3524 3522
f 3502 3515 3529
f 3502 3529 3524
f 3502 3500 3486
f 3502 3489 3515
f 3727 3797 3799
f 3742 3799 3802
f 3742 3802 3807
f 3742 3727 3799
f 3522 3527 3487
f 3522 3487 3483
f 3500 3522 3483
f 3485 3500 3483
f 3719 3727 3742
f 3719 3714 3727
f 3464 3487 3474
f 3483 3487 3464
f 3682 3714 3719
f 3682 3678 3714
f 3699 3682 3719
f 3718 3699 3719
f 3474 3414 3413
f 3464 3412 3407
f 3464 3413 3412
f 3464 3474 3413
f 3682 3675 3678
f 3638 3632 3634
f 3638 3634 3639
f 3637 3644 3623
f 3637 3629 3632
f 3637 3623 3629
f 3637 3632 3638
f 3658 3639 3655
f 3658 3638 3639
f 3665 3655 3666
f 3665 3658 3655
f 3662 3685 3644
f 3662 3637 3638
f 3662 3644 3637
f 3662 3638 3658
f 3677 3670 3675
f 3677 3666 3670
f 3677 3665 3666
f 3677 3675 3682
f 3672 3685 3662
f 3672 3662 3658
f 3672 3658 3665
f 3686 3682 3699
f 3686 3699 3718
f 3686 3718 3685
f 3686 3677 3682
f 3686 3672 3665
f 3686 3685 3672
f 3686 3665 3677
f 3374 3358 3384
f 3378 3396 3399
f 3378 3399 3386
f 3369 3380 3396
f 3369 3371 3380
f 3369 3357 3371
f 3369 3396 3378
f 3379 3389 3400
f 3379 3386 3389
f 3379 3400 3397
f 3379 3378 3386
f 3370 3397 3384
f 3370 3358 3357
f 3370 3357 3369
f 3370 3369 3378
f 3370 3378 3379
f 3370 3384 3358
f 3370 3379 3397
f 3601 3634 3632
f 3585 3632 3629
f 3585 3629 3623
f 3585 3601 3632
f 3397 3400 3445
f 3397 3445 3429
f 3384 3397 3429
f 3374 3384 3429
f 3585 3541 3601
f 3543 3541 3585
f 3429 3445 3462
f 3429 3462 3434
f 3470 3541 3543
f 3470 3468 3541
f 3473 3470 3543
f 3476 3473 3543
f 3462 3438 3435
f 3434 3432 3425
f 3434 3435 3432
f 3434 3462 3435
f 3426 3425 3432
f 3436 3435 3438
f 3436 3438 3439
f 3433 3432 3435
f 3433 3426 3432
f 3433 3435 3436
f 3453 3468 3470
f 3453 3454 3468
f 3453 3439 3454
f 3453 3436 3439
f 3450 3470 3473
f 3450 3473 3476
f 3450 3443 3426
f 3450 3476 3443
f 3450 3433 3436
f 3450 3426 3433
f 3450 3453 3470
f 3450 3436 3453
f 3497 3368 3376
f 3497 3376 3504
f 3495 3360 3368
f 3495 3355 3360
f 3495 3492 3355
f 3495 3368 3497
f 3684 3504 3681
f 3684 3497 3504
f 3688 3691 3492
f 3688 3497 3684
f 3688 3492 3495
f 3688 3495 3497
f 3846 3681 3832
f 3846 3684 3681
f 3853 3856 3691
f 3853 3688 3684
f 3853 3684 3846
f 3853 3691 3688
f 3904 3832 3898
f 3904 3846 3832
f 3912 3917 3856
f 3912 3853 3846
f 3912 3846 3904
f 3912 3856 3853
f 3905 3900 3843
f 3905 3898 3900
f 3905 3843 3851
f 3905 3904 3898
f 3914 3851 3859
f 3914 3859 3863
f 3914 3923 3917
f 3914 3863 3923
f 3914 3917 3912
f 3914 3912 3904
f 3914 3905 3851
f 3914 3904 3905
